{
"type": "FeatureCollection",
"name": "clinics",
"crs": { "type": "name", "properties": { "name": "urn:ogc:def:crs:OGC:1.3:CRS84" } },
"features": [
{ "type": "Feature", "properties": { "addr:street": "Noble Street", "amenity": "clinic", "building": "yes", "healthcare": "clinic", "name": "Tanana Valley Clinc", "opening_hours": "Mo-Fr 08:00-17:00", "lon": -147.7134107, "lat": 64.8391017, "addr:city": null, "website": null, "addr:country": null, "addr:province": null, "building:levels": null, "healthcare:speciality": null, "historic": null, "owner": null, "source": null, "wikidata": null, "alt_name": null, "shop": null, "contact:phone": null, "contact:website": null, "postal_code": null, "healthcare:for": null, "description": null, "gnis:feature_id": null, "image": null, "note": null, "operator": null, "operator:type": null, "source:date": null, "source_ref": null, "brand": null, "brand:wikidata": null, "ele": null, "height": null, "name:tli": null, "dispensing": null, "operator:wikidata": null, "operator:wikipedia": null, "addr:unit": null, "amenity_1": null, "healthcare:counselling": null, "wikipedia": null, "office": null, "health_facility_type": null, "health_person:type": null, "old_name": null, "fax": null, "contact:facebook": null, "contact:instagram": null, "email": null, "start_date": null, "payment:cash": null, "payment:credit_cards": null, "payment:debit_cards": null, "landuse": null, "addr:housename": null, "wheelchair": null, "addr:full": null, "level": null, "urgent_care": null, "name:en": null, "health_facility": null, "drive_through": null, "payment:apple_pay": null, "contact:twitter": null, "not:brand:wikidata": null, "check_date:opening_hours": null, "payment:american_express": null, "payment:cheque": null, "payment:discover_card": null, "payment:mastercard": null, "payment:visa": null, "brand:website": null, "short_name": null, "branch": null, "facebook": null, "check_date": null, "fixme": null, "operator:short": null }, "geometry": { "type": "Point", "coordinates": [ -147.7134107, 64.8391017 ] } },
{ "type": "Feature", "properties": { "addr:street": "Meals Avenue", "amenity": "hospital", "building": "yes", "healthcare": "hospital", "name": "Providence Valdez Medical Center", "opening_hours": null, "lon": -146.3466371, "lat": 61.1365444, "addr:city": "Valdez", "website": "https://alaska.providence.org/locations/p/pvmc", "addr:country": null, "addr:province": null, "building:levels": null, "healthcare:speciality": null, "historic": null, "owner": null, "source": null, "wikidata": null, "alt_name": null, "shop": null, "contact:phone": null, "contact:website": null, "postal_code": null, "healthcare:for": null, "description": null, "gnis:feature_id": null, "image": null, "note": null, "operator": null, "operator:type": null, "source:date": null, "source_ref": null, "brand": null, "brand:wikidata": null, "ele": null, "height": null, "name:tli": null, "dispensing": null, "operator:wikidata": null, "operator:wikipedia": null, "addr:unit": null, "amenity_1": null, "healthcare:counselling": null, "wikipedia": null, "office": null, "health_facility_type": null, "health_person:type": null, "old_name": null, "fax": null, "contact:facebook": null, "contact:instagram": null, "email": null, "start_date": null, "payment:cash": null, "payment:credit_cards": null, "payment:debit_cards": null, "landuse": null, "addr:housename": null, "wheelchair": null, "addr:full": null, "level": null, "urgent_care": null, "name:en": null, "health_facility": null, "drive_through": null, "payment:apple_pay": null, "contact:twitter": null, "not:brand:wikidata": null, "check_date:opening_hours": null, "payment:american_express": null, "payment:cheque": null, "payment:discover_card": null, "payment:mastercard": null, "payment:visa": null, "brand:website": null, "short_name": null, "branch": null, "facebook": null, "check_date": null, "fixme": null, "operator:short": null }, "geometry": { "type": "Point", "coordinates": [ -146.3466371, 61.1365444 ] } },
{ "type": "Feature", "properties": { "addr:street": null, "amenity": "doctors", "building": "yes", "healthcare": "doctor", "name": "Bartlett Regional Hospital", "opening_hours": null, "lon": -134.4651892, "lat": 58.3288757, "addr:city": null, "website": null, "addr:country": null, "addr:province": null, "building:levels": null, "healthcare:speciality": null, "historic": null, "owner": null, "source": null, "wikidata": null, "alt_name": null, "shop": null, "contact:phone": null, "contact:website": null, "postal_code": null, "healthcare:for": null, "description": null, "gnis:feature_id": null, "image": null, "note": null, "operator": null, "operator:type": null, "source:date": null, "source_ref": null, "brand": null, "brand:wikidata": null, "ele": null, "height": null, "name:tli": null, "dispensing": null, "operator:wikidata": null, "operator:wikipedia": null, "addr:unit": null, "amenity_1": null, "healthcare:counselling": null, "wikipedia": null, "office": null, "health_facility_type": null, "health_person:type": null, "old_name": null, "fax": null, "contact:facebook": null, "contact:instagram": null, "email": null, "start_date": null, "payment:cash": null, "payment:credit_cards": null, "payment:debit_cards": null, "landuse": null, "addr:housename": null, "wheelchair": null, "addr:full": null, "level": null, "urgent_care": null, "name:en": null, "health_facility": null, "drive_through": null, "payment:apple_pay": null, "contact:twitter": null, "not:brand:wikidata": null, "check_date:opening_hours": null, "payment:american_express": null, "payment:cheque": null, "payment:discover_card": null, "payment:mastercard": null, "payment:visa": null, "brand:website": null, "short_name": null, "branch": null, "facebook": null, "check_date": null, "fixme": null, "operator:short": null }, "geometry": { "type": "Point", "coordinates": [ -134.4651892, 58.3288757 ] } },
{ "type": "Feature", "properties": { "addr:street": "West Pioneer Avenue", "amenity": "clinic", "building": "yes", "healthcare": "clinic", "name": "Clinic of Chiropractic Health", "opening_hours": null, "lon": -151.5456646, "lat": 59.644649, "addr:city": "Homer", "website": null, "addr:country": "US", "addr:province": "Kenai Peninsula Borough", "building:levels": 1.0, "healthcare:speciality": "chiropractic", "historic": "Homer Public Library", "owner": "James E. Heston", "source": null, "wikidata": null, "alt_name": null, "shop": null, "contact:phone": null, "contact:website": null, "postal_code": null, "healthcare:for": null, "description": null, "gnis:feature_id": null, "image": null, "note": null, "operator": null, "operator:type": null, "source:date": null, "source_ref": null, "brand": null, "brand:wikidata": null, "ele": null, "height": null, "name:tli": null, "dispensing": null, "operator:wikidata": null, "operator:wikipedia": null, "addr:unit": null, "amenity_1": null, "healthcare:counselling": null, "wikipedia": null, "office": null, "health_facility_type": null, "health_person:type": null, "old_name": null, "fax": null, "contact:facebook": null, "contact:instagram": null, "email": null, "start_date": null, "payment:cash": null, "payment:credit_cards": null, "payment:debit_cards": null, "landuse": null, "addr:housename": null, "wheelchair": null, "addr:full": null, "level": null, "urgent_care": null, "name:en": null, "health_facility": null, "drive_through": null, "payment:apple_pay": null, "contact:twitter": null, "not:brand:wikidata": null, "check_date:opening_hours": null, "payment:american_express": null, "payment:cheque": null, "payment:discover_card": null, "payment:mastercard": null, "payment:visa": null, "brand:website": null, "short_name": null, "branch": null, "facebook": null, "check_date": null, "fixme": null, "operator:short": null }, "geometry": { "type": "Point", "coordinates": [ -151.5456646, 59.644649 ] } },
{ "type": "Feature", "properties": { "addr:street": null, "amenity": "clinic", "building": "yes", "healthcare": "clinic", "name": null, "opening_hours": null, "lon": -165.5789054, "lat": 61.842427, "addr:city": null, "website": null, "addr:country": null, "addr:province": null, "building:levels": null, "healthcare:speciality": null, "historic": null, "owner": null, "source": "survey", "wikidata": null, "alt_name": null, "shop": null, "contact:phone": null, "contact:website": null, "postal_code": null, "healthcare:for": null, "description": null, "gnis:feature_id": null, "image": null, "note": null, "operator": null, "operator:type": null, "source:date": null, "source_ref": null, "brand": null, "brand:wikidata": null, "ele": null, "height": null, "name:tli": null, "dispensing": null, "operator:wikidata": null, "operator:wikipedia": null, "addr:unit": null, "amenity_1": null, "healthcare:counselling": null, "wikipedia": null, "office": null, "health_facility_type": null, "health_person:type": null, "old_name": null, "fax": null, "contact:facebook": null, "contact:instagram": null, "email": null, "start_date": null, "payment:cash": null, "payment:credit_cards": null, "payment:debit_cards": null, "landuse": null, "addr:housename": null, "wheelchair": null, "addr:full": null, "level": null, "urgent_care": null, "name:en": null, "health_facility": null, "drive_through": null, "payment:apple_pay": null, "contact:twitter": null, "not:brand:wikidata": null, "check_date:opening_hours": null, "payment:american_express": null, "payment:cheque": null, "payment:discover_card": null, "payment:mastercard": null, "payment:visa": null, "brand:website": null, "short_name": null, "branch": null, "facebook": null, "check_date": null, "fixme": null, "operator:short": null }, "geometry": { "type": "Point", "coordinates": [ -165.5789054, 61.842427 ] } },
{ "type": "Feature", "properties": { "addr:street": null, "amenity": "clinic", "building": "yes", "healthcare": "clinic", "name": "Hooper Bay Sub Regional Clinic", "opening_hours": null, "lon": -166.1125454, "lat": 61.5269859, "addr:city": null, "website": null, "addr:country": null, "addr:province": null, "building:levels": null, "healthcare:speciality": null, "historic": null, "owner": null, "source": null, "wikidata": null, "alt_name": null, "shop": null, "contact:phone": null, "contact:website": null, "postal_code": null, "healthcare:for": null, "description": null, "gnis:feature_id": null, "image": null, "note": null, "operator": null, "operator:type": null, "source:date": null, "source_ref": null, "brand": null, "brand:wikidata": null, "ele": null, "height": null, "name:tli": null, "dispensing": null, "operator:wikidata": null, "operator:wikipedia": null, "addr:unit": null, "amenity_1": null, "healthcare:counselling": null, "wikipedia": null, "office": null, "health_facility_type": null, "health_person:type": null, "old_name": null, "fax": null, "contact:facebook": null, "contact:instagram": null, "email": null, "start_date": null, "payment:cash": null, "payment:credit_cards": null, "payment:debit_cards": null, "landuse": null, "addr:housename": null, "wheelchair": null, "addr:full": null, "level": null, "urgent_care": null, "name:en": null, "health_facility": null, "drive_through": null, "payment:apple_pay": null, "contact:twitter": null, "not:brand:wikidata": null, "check_date:opening_hours": null, "payment:american_express": null, "payment:cheque": null, "payment:discover_card": null, "payment:mastercard": null, "payment:visa": null, "brand:website": null, "short_name": null, "branch": null, "facebook": null, "check_date": null, "fixme": null, "operator:short": null }, "geometry": { "type": "Point", "coordinates": [ -166.112545399999988, 61.5269859 ] } },
{ "type": "Feature", "properties": { "addr:street": null, "amenity": "clinic", "building": "yes", "healthcare": "clinic", "name": "Medical Dental Arts Building", "opening_hours": null, "lon": -147.7432824, "lat": 64.8300325, "addr:city": null, "website": null, "addr:country": null, "addr:province": null, "building:levels": null, "healthcare:speciality": null, "historic": null, "owner": null, "source": "Bing", "wikidata": null, "alt_name": null, "shop": null, "contact:phone": null, "contact:website": null, "postal_code": null, "healthcare:for": null, "description": null, "gnis:feature_id": null, "image": null, "note": null, "operator": null, "operator:type": null, "source:date": null, "source_ref": null, "brand": null, "brand:wikidata": null, "ele": null, "height": null, "name:tli": null, "dispensing": null, "operator:wikidata": null, "operator:wikipedia": null, "addr:unit": null, "amenity_1": null, "healthcare:counselling": null, "wikipedia": null, "office": null, "health_facility_type": null, "health_person:type": null, "old_name": null, "fax": null, "contact:facebook": null, "contact:instagram": null, "email": null, "start_date": null, "payment:cash": null, "payment:credit_cards": null, "payment:debit_cards": null, "landuse": null, "addr:housename": null, "wheelchair": null, "addr:full": null, "level": null, "urgent_care": null, "name:en": null, "health_facility": null, "drive_through": null, "payment:apple_pay": null, "contact:twitter": null, "not:brand:wikidata": null, "check_date:opening_hours": null, "payment:american_express": null, "payment:cheque": null, "payment:discover_card": null, "payment:mastercard": null, "payment:visa": null, "brand:website": null, "short_name": null, "branch": null, "facebook": null, "check_date": null, "fixme": null, "operator:short": null }, "geometry": { "type": "Point", "coordinates": [ -147.7432824, 64.8300325 ] } },
{ "type": "Feature", "properties": { "addr:street": null, "amenity": "clinic", "building": "yes", "healthcare": "clinic", "name": "Fairbanks Imaging Center", "opening_hours": null, "lon": -147.7390011, "lat": 64.8299353, "addr:city": null, "website": null, "addr:country": null, "addr:province": null, "building:levels": null, "healthcare:speciality": null, "historic": null, "owner": null, "source": "Bing", "wikidata": null, "alt_name": null, "shop": null, "contact:phone": null, "contact:website": null, "postal_code": null, "healthcare:for": null, "description": null, "gnis:feature_id": null, "image": null, "note": null, "operator": null, "operator:type": null, "source:date": null, "source_ref": null, "brand": null, "brand:wikidata": null, "ele": null, "height": null, "name:tli": null, "dispensing": null, "operator:wikidata": null, "operator:wikipedia": null, "addr:unit": null, "amenity_1": null, "healthcare:counselling": null, "wikipedia": null, "office": null, "health_facility_type": null, "health_person:type": null, "old_name": null, "fax": null, "contact:facebook": null, "contact:instagram": null, "email": null, "start_date": null, "payment:cash": null, "payment:credit_cards": null, "payment:debit_cards": null, "landuse": null, "addr:housename": null, "wheelchair": null, "addr:full": null, "level": null, "urgent_care": null, "name:en": null, "health_facility": null, "drive_through": null, "payment:apple_pay": null, "contact:twitter": null, "not:brand:wikidata": null, "check_date:opening_hours": null, "payment:american_express": null, "payment:cheque": null, "payment:discover_card": null, "payment:mastercard": null, "payment:visa": null, "brand:website": null, "short_name": null, "branch": null, "facebook": null, "check_date": null, "fixme": null, "operator:short": null }, "geometry": { "type": "Point", "coordinates": [ -147.7390011, 64.8299353 ] } },
{ "type": "Feature", "properties": { "addr:street": "Cowles Street", "amenity": "hospital", "building": "hospital", "healthcare": "hospital", "name": "Fairbanks Memorial Hospital", "opening_hours": null, "lon": -147.7405837, "lat": 64.8317381, "addr:city": "Fairbanks", "website": "http://www.fmhdc.com/", "addr:country": null, "addr:province": null, "building:levels": null, "healthcare:speciality": null, "historic": null, "owner": null, "source": "Bing", "wikidata": "Q50036850", "alt_name": null, "shop": null, "contact:phone": null, "contact:website": null, "postal_code": null, "healthcare:for": null, "description": null, "gnis:feature_id": null, "image": null, "note": null, "operator": null, "operator:type": null, "source:date": null, "source_ref": null, "brand": null, "brand:wikidata": null, "ele": null, "height": null, "name:tli": null, "dispensing": null, "operator:wikidata": null, "operator:wikipedia": null, "addr:unit": null, "amenity_1": null, "healthcare:counselling": null, "wikipedia": null, "office": null, "health_facility_type": null, "health_person:type": null, "old_name": null, "fax": null, "contact:facebook": null, "contact:instagram": null, "email": null, "start_date": null, "payment:cash": null, "payment:credit_cards": null, "payment:debit_cards": null, "landuse": null, "addr:housename": null, "wheelchair": null, "addr:full": null, "level": null, "urgent_care": null, "name:en": null, "health_facility": null, "drive_through": null, "payment:apple_pay": null, "contact:twitter": null, "not:brand:wikidata": null, "check_date:opening_hours": null, "payment:american_express": null, "payment:cheque": null, "payment:discover_card": null, "payment:mastercard": null, "payment:visa": null, "brand:website": null, "short_name": null, "branch": null, "facebook": null, "check_date": null, "fixme": null, "operator:short": null }, "geometry": { "type": "Point", "coordinates": [ -147.7405837, 64.8317381 ] } },
{ "type": "Feature", "properties": { "addr:street": "East End Road", "amenity": "doctors", "building": "yes", "healthcare": null, "name": "Seldovia Village Tribe Health Center", "opening_hours": null, "lon": -151.5222133, "lat": 59.650357, "addr:city": "Homer", "website": null, "addr:country": null, "addr:province": null, "building:levels": null, "healthcare:speciality": null, "historic": null, "owner": null, "source": "Bing", "wikidata": null, "alt_name": "SVT Health Center", "shop": null, "contact:phone": null, "contact:website": null, "postal_code": null, "healthcare:for": null, "description": null, "gnis:feature_id": null, "image": null, "note": null, "operator": null, "operator:type": null, "source:date": null, "source_ref": null, "brand": null, "brand:wikidata": null, "ele": null, "height": null, "name:tli": null, "dispensing": null, "operator:wikidata": null, "operator:wikipedia": null, "addr:unit": null, "amenity_1": null, "healthcare:counselling": null, "wikipedia": null, "office": null, "health_facility_type": null, "health_person:type": null, "old_name": null, "fax": null, "contact:facebook": null, "contact:instagram": null, "email": null, "start_date": null, "payment:cash": null, "payment:credit_cards": null, "payment:debit_cards": null, "landuse": null, "addr:housename": null, "wheelchair": null, "addr:full": null, "level": null, "urgent_care": null, "name:en": null, "health_facility": null, "drive_through": null, "payment:apple_pay": null, "contact:twitter": null, "not:brand:wikidata": null, "check_date:opening_hours": null, "payment:american_express": null, "payment:cheque": null, "payment:discover_card": null, "payment:mastercard": null, "payment:visa": null, "brand:website": null, "short_name": null, "branch": null, "facebook": null, "check_date": null, "fixme": null, "operator:short": null }, "geometry": { "type": "Point", "coordinates": [ -151.5222133, 59.650357 ] } },
{ "type": "Feature", "properties": { "addr:street": null, "amenity": "doctors", "building": "yes", "healthcare": "doctor", "name": "Lamendola Sitenga Clinic", "opening_hours": null, "lon": -151.5079374, "lat": 59.6535986, "addr:city": null, "website": null, "addr:country": null, "addr:province": null, "building:levels": null, "healthcare:speciality": null, "historic": null, "owner": null, "source": "survey", "wikidata": null, "alt_name": null, "shop": "optician", "contact:phone": null, "contact:website": null, "postal_code": null, "healthcare:for": null, "description": null, "gnis:feature_id": null, "image": null, "note": null, "operator": null, "operator:type": null, "source:date": null, "source_ref": null, "brand": null, "brand:wikidata": null, "ele": null, "height": null, "name:tli": null, "dispensing": null, "operator:wikidata": null, "operator:wikipedia": null, "addr:unit": null, "amenity_1": null, "healthcare:counselling": null, "wikipedia": null, "office": null, "health_facility_type": null, "health_person:type": null, "old_name": null, "fax": null, "contact:facebook": null, "contact:instagram": null, "email": null, "start_date": null, "payment:cash": null, "payment:credit_cards": null, "payment:debit_cards": null, "landuse": null, "addr:housename": null, "wheelchair": null, "addr:full": null, "level": null, "urgent_care": null, "name:en": null, "health_facility": null, "drive_through": null, "payment:apple_pay": null, "contact:twitter": null, "not:brand:wikidata": null, "check_date:opening_hours": null, "payment:american_express": null, "payment:cheque": null, "payment:discover_card": null, "payment:mastercard": null, "payment:visa": null, "brand:website": null, "short_name": null, "branch": null, "facebook": null, "check_date": null, "fixme": null, "operator:short": null }, "geometry": { "type": "Point", "coordinates": [ -151.5079374, 59.6535986 ] } },
{ "type": "Feature", "properties": { "addr:street": "Pennock Street", "amenity": "clinic", "building": "office", "healthcare": "physiotherapist", "name": "Homer Physical Therapy", "opening_hours": "Mo-Fr 09:00-18:00", "lon": -151.518943, "lat": 59.6499611, "addr:city": "Homer", "website": null, "addr:country": null, "addr:province": null, "building:levels": null, "healthcare:speciality": "physiatry", "historic": null, "owner": null, "source": null, "wikidata": null, "alt_name": null, "shop": null, "contact:phone": "+1 907-235-3410", "contact:website": "homerphysicaltherapy.com", "postal_code": 99603.0, "healthcare:for": null, "description": null, "gnis:feature_id": null, "image": null, "note": null, "operator": null, "operator:type": null, "source:date": null, "source_ref": null, "brand": null, "brand:wikidata": null, "ele": null, "height": null, "name:tli": null, "dispensing": null, "operator:wikidata": null, "operator:wikipedia": null, "addr:unit": null, "amenity_1": null, "healthcare:counselling": null, "wikipedia": null, "office": null, "health_facility_type": null, "health_person:type": null, "old_name": null, "fax": null, "contact:facebook": null, "contact:instagram": null, "email": null, "start_date": null, "payment:cash": null, "payment:credit_cards": null, "payment:debit_cards": null, "landuse": null, "addr:housename": null, "wheelchair": null, "addr:full": null, "level": null, "urgent_care": null, "name:en": null, "health_facility": null, "drive_through": null, "payment:apple_pay": null, "contact:twitter": null, "not:brand:wikidata": null, "check_date:opening_hours": null, "payment:american_express": null, "payment:cheque": null, "payment:discover_card": null, "payment:mastercard": null, "payment:visa": null, "brand:website": null, "short_name": null, "branch": null, "facebook": null, "check_date": null, "fixme": null, "operator:short": null }, "geometry": { "type": "Point", "coordinates": [ -151.518943, 59.6499611 ] } },
{ "type": "Feature", "properties": { "addr:street": null, "amenity": "doctors", "building": "yes", "healthcare": "centre", "name": "Homer Medical Center", "opening_hours": "Mo-Fr 08:30-17:00, Sa 10:00-17:00", "lon": -151.5495249, "lat": 59.6499858, "addr:city": null, "website": "https://www.homermedical.org/index.htm", "addr:country": null, "addr:province": null, "building:levels": null, "healthcare:speciality": null, "historic": null, "owner": null, "source": "Bing", "wikidata": null, "alt_name": null, "shop": null, "contact:phone": null, "contact:website": null, "postal_code": null, "healthcare:for": null, "description": null, "gnis:feature_id": null, "image": null, "note": null, "operator": null, "operator:type": null, "source:date": null, "source_ref": null, "brand": null, "brand:wikidata": null, "ele": null, "height": null, "name:tli": null, "dispensing": null, "operator:wikidata": null, "operator:wikipedia": null, "addr:unit": null, "amenity_1": null, "healthcare:counselling": null, "wikipedia": null, "office": null, "health_facility_type": null, "health_person:type": null, "old_name": null, "fax": null, "contact:facebook": null, "contact:instagram": null, "email": null, "start_date": null, "payment:cash": null, "payment:credit_cards": null, "payment:debit_cards": null, "landuse": null, "addr:housename": null, "wheelchair": null, "addr:full": null, "level": null, "urgent_care": null, "name:en": null, "health_facility": null, "drive_through": null, "payment:apple_pay": null, "contact:twitter": null, "not:brand:wikidata": null, "check_date:opening_hours": null, "payment:american_express": null, "payment:cheque": null, "payment:discover_card": null, "payment:mastercard": null, "payment:visa": null, "brand:website": null, "short_name": null, "branch": null, "facebook": null, "check_date": null, "fixme": null, "operator:short": null }, "geometry": { "type": "Point", "coordinates": [ -151.5495249, 59.6499858 ] } },
{ "type": "Feature", "properties": { "addr:street": "Main Street", "amenity": "clinic", "building": "office", "healthcare": "clinic", "name": "Women Infants Children (WIC)", "opening_hours": null, "lon": -151.5438807, "lat": 59.6401717, "addr:city": "Homer", "website": null, "addr:country": "US", "addr:province": "Kenai Peninsula Borough", "building:levels": null, "healthcare:speciality": "paediatrics", "historic": null, "owner": null, "source": "Bing", "wikidata": null, "alt_name": null, "shop": null, "contact:phone": null, "contact:website": null, "postal_code": null, "healthcare:for": "child;women", "description": null, "gnis:feature_id": null, "image": null, "note": null, "operator": null, "operator:type": null, "source:date": null, "source_ref": null, "brand": null, "brand:wikidata": null, "ele": null, "height": null, "name:tli": null, "dispensing": null, "operator:wikidata": null, "operator:wikipedia": null, "addr:unit": null, "amenity_1": null, "healthcare:counselling": null, "wikipedia": null, "office": null, "health_facility_type": null, "health_person:type": null, "old_name": null, "fax": null, "contact:facebook": null, "contact:instagram": null, "email": null, "start_date": null, "payment:cash": null, "payment:credit_cards": null, "payment:debit_cards": null, "landuse": null, "addr:housename": null, "wheelchair": null, "addr:full": null, "level": null, "urgent_care": null, "name:en": null, "health_facility": null, "drive_through": null, "payment:apple_pay": null, "contact:twitter": null, "not:brand:wikidata": null, "check_date:opening_hours": null, "payment:american_express": null, "payment:cheque": null, "payment:discover_card": null, "payment:mastercard": null, "payment:visa": null, "brand:website": null, "short_name": null, "branch": null, "facebook": null, "check_date": null, "fixme": null, "operator:short": null }, "geometry": { "type": "Point", "coordinates": [ -151.543880699999988, 59.6401717 ] } },
{ "type": "Feature", "properties": { "addr:street": null, "amenity": "clinic", "building": "yes", "healthcare": "clinic", "name": "Adak Hospital & Clinic", "opening_hours": null, "lon": -176.6383368, "lat": 51.873266, "addr:city": null, "website": null, "addr:country": null, "addr:province": null, "building:levels": 2.0, "healthcare:speciality": null, "historic": null, "owner": null, "source": "Bing", "wikidata": null, "alt_name": null, "shop": null, "contact:phone": null, "contact:website": null, "postal_code": null, "healthcare:for": null, "description": null, "gnis:feature_id": null, "image": null, "note": null, "operator": null, "operator:type": null, "source:date": null, "source_ref": null, "brand": null, "brand:wikidata": null, "ele": null, "height": null, "name:tli": null, "dispensing": null, "operator:wikidata": null, "operator:wikipedia": null, "addr:unit": null, "amenity_1": null, "healthcare:counselling": null, "wikipedia": null, "office": null, "health_facility_type": null, "health_person:type": null, "old_name": null, "fax": null, "contact:facebook": null, "contact:instagram": null, "email": null, "start_date": null, "payment:cash": null, "payment:credit_cards": null, "payment:debit_cards": null, "landuse": null, "addr:housename": null, "wheelchair": null, "addr:full": null, "level": null, "urgent_care": null, "name:en": null, "health_facility": null, "drive_through": null, "payment:apple_pay": null, "contact:twitter": null, "not:brand:wikidata": null, "check_date:opening_hours": null, "payment:american_express": null, "payment:cheque": null, "payment:discover_card": null, "payment:mastercard": null, "payment:visa": null, "brand:website": null, "short_name": null, "branch": null, "facebook": null, "check_date": null, "fixme": null, "operator:short": null }, "geometry": { "type": "Point", "coordinates": [ -176.6383368, 51.873266 ] } },
{ "type": "Feature", "properties": { "addr:street": null, "amenity": "doctors", "building": "yes", "healthcare": null, "name": "Kachemak Professional Building", "opening_hours": null, "lon": -151.550774, "lat": 59.6510325, "addr:city": null, "website": null, "addr:country": null, "addr:province": null, "building:levels": null, "healthcare:speciality": null, "historic": null, "owner": null, "source": "Bing", "wikidata": null, "alt_name": null, "shop": null, "contact:phone": null, "contact:website": null, "postal_code": null, "healthcare:for": null, "description": null, "gnis:feature_id": null, "image": null, "note": null, "operator": null, "operator:type": null, "source:date": null, "source_ref": null, "brand": null, "brand:wikidata": null, "ele": null, "height": null, "name:tli": null, "dispensing": null, "operator:wikidata": null, "operator:wikipedia": null, "addr:unit": null, "amenity_1": null, "healthcare:counselling": null, "wikipedia": null, "office": null, "health_facility_type": null, "health_person:type": null, "old_name": null, "fax": null, "contact:facebook": null, "contact:instagram": null, "email": null, "start_date": null, "payment:cash": null, "payment:credit_cards": null, "payment:debit_cards": null, "landuse": null, "addr:housename": null, "wheelchair": null, "addr:full": null, "level": null, "urgent_care": null, "name:en": null, "health_facility": null, "drive_through": null, "payment:apple_pay": null, "contact:twitter": null, "not:brand:wikidata": null, "check_date:opening_hours": null, "payment:american_express": null, "payment:cheque": null, "payment:discover_card": null, "payment:mastercard": null, "payment:visa": null, "brand:website": null, "short_name": null, "branch": null, "facebook": null, "check_date": null, "fixme": null, "operator:short": null }, "geometry": { "type": "Point", "coordinates": [ -151.550774, 59.6510325 ] } },
{ "type": "Feature", "properties": { "addr:street": null, "amenity": "clinic", "building": "yes", "healthcare": null, "name": "Clinic", "opening_hours": null, "lon": -156.8814541, "lat": 66.9074238, "addr:city": null, "website": null, "addr:country": null, "addr:province": null, "building:levels": null, "healthcare:speciality": null, "historic": null, "owner": null, "source": "DCRA", "wikidata": null, "alt_name": null, "shop": null, "contact:phone": null, "contact:website": null, "postal_code": null, "healthcare:for": null, "description": null, "gnis:feature_id": null, "image": null, "note": null, "operator": null, "operator:type": null, "source:date": null, "source_ref": null, "brand": null, "brand:wikidata": null, "ele": null, "height": null, "name:tli": null, "dispensing": null, "operator:wikidata": null, "operator:wikipedia": null, "addr:unit": null, "amenity_1": null, "healthcare:counselling": null, "wikipedia": null, "office": null, "health_facility_type": null, "health_person:type": null, "old_name": null, "fax": null, "contact:facebook": null, "contact:instagram": null, "email": null, "start_date": null, "payment:cash": null, "payment:credit_cards": null, "payment:debit_cards": null, "landuse": null, "addr:housename": null, "wheelchair": null, "addr:full": null, "level": null, "urgent_care": null, "name:en": null, "health_facility": null, "drive_through": null, "payment:apple_pay": null, "contact:twitter": null, "not:brand:wikidata": null, "check_date:opening_hours": null, "payment:american_express": null, "payment:cheque": null, "payment:discover_card": null, "payment:mastercard": null, "payment:visa": null, "brand:website": null, "short_name": null, "branch": null, "facebook": null, "check_date": null, "fixme": null, "operator:short": null }, "geometry": { "type": "Point", "coordinates": [ -156.881454100000013, 66.9074238 ] } },
{ "type": "Feature", "properties": { "addr:street": null, "amenity": "clinic", "building": "yes", "healthcare": "clinic", "name": "Rockmore King Clinic", "opening_hours": null, "lon": -152.5032262, "lat": 57.7414468, "addr:city": null, "website": "https://www.dcms.uscg.mil/Our-Organization/Director-of-Operational-Logistics-DOL/Bases/Base-Kodiak/Departments-Staffs/Rockmore-King-Clinic/", "addr:country": null, "addr:province": null, "building:levels": null, "healthcare:speciality": null, "historic": null, "owner": null, "source": "https://www.facebook.com/uscoastguardbasekodiak/photos/a.653414968054654/1724877354241738/?type=3&theater", "wikidata": null, "alt_name": "N46", "shop": null, "contact:phone": null, "contact:website": null, "postal_code": null, "healthcare:for": null, "description": "Named in memoriam for a USPHS Flight Surgeon, CDR David M. Rockmore and HS3 Ralph D. King, USCG who tragically perished with four other Coast Guardsmen on 02 November 1986, while respoding to an urgent MEDEVAC in the village of Akhiok.", "gnis:feature_id": 2700646.0, "image": "https://www.facebook.com/uscoastguardbasekodiak/photos/a.653414968054654/1685694861493321/?type=3&theater", "note": "Not historically significant", "operator": "U.S. Coast Guard", "operator:type": "military", "source:date": "31-01-2018", "source_ref": "https://catalog.archives.gov/id/75325308", "brand": null, "brand:wikidata": null, "ele": null, "height": null, "name:tli": null, "dispensing": null, "operator:wikidata": null, "operator:wikipedia": null, "addr:unit": null, "amenity_1": null, "healthcare:counselling": null, "wikipedia": null, "office": null, "health_facility_type": null, "health_person:type": null, "old_name": null, "fax": null, "contact:facebook": null, "contact:instagram": null, "email": null, "start_date": null, "payment:cash": null, "payment:credit_cards": null, "payment:debit_cards": null, "landuse": null, "addr:housename": null, "wheelchair": null, "addr:full": null, "level": null, "urgent_care": null, "name:en": null, "health_facility": null, "drive_through": null, "payment:apple_pay": null, "contact:twitter": null, "not:brand:wikidata": null, "check_date:opening_hours": null, "payment:american_express": null, "payment:cheque": null, "payment:discover_card": null, "payment:mastercard": null, "payment:visa": null, "brand:website": null, "short_name": null, "branch": null, "facebook": null, "check_date": null, "fixme": null, "operator:short": null }, "geometry": { "type": "Point", "coordinates": [ -152.5032262, 57.7414468 ] } },
{ "type": "Feature", "properties": { "addr:street": "Nigliq Street", "amenity": "clinic", "building": "yes", "healthcare": "clinic", "name": "North Slope Borough Village Health Clinic - Nuiqsut", "opening_hours": null, "lon": -151.0002937, "lat": 70.2155013, "addr:city": "Nuiqsut", "website": "http://www.north-slope.org/departments/health-social-services/community-health-services/community-health-aide-program-chap", "addr:country": null, "addr:province": null, "building:levels": null, "healthcare:speciality": null, "historic": null, "owner": null, "source": null, "wikidata": null, "alt_name": null, "shop": null, "contact:phone": null, "contact:website": null, "postal_code": null, "healthcare:for": null, "description": null, "gnis:feature_id": null, "image": null, "note": null, "operator": "North Slope Borough", "operator:type": null, "source:date": null, "source_ref": null, "brand": null, "brand:wikidata": null, "ele": null, "height": null, "name:tli": null, "dispensing": null, "operator:wikidata": null, "operator:wikipedia": null, "addr:unit": null, "amenity_1": null, "healthcare:counselling": null, "wikipedia": null, "office": null, "health_facility_type": null, "health_person:type": null, "old_name": null, "fax": null, "contact:facebook": null, "contact:instagram": null, "email": null, "start_date": null, "payment:cash": null, "payment:credit_cards": null, "payment:debit_cards": null, "landuse": null, "addr:housename": null, "wheelchair": null, "addr:full": null, "level": null, "urgent_care": null, "name:en": null, "health_facility": null, "drive_through": null, "payment:apple_pay": null, "contact:twitter": null, "not:brand:wikidata": null, "check_date:opening_hours": null, "payment:american_express": null, "payment:cheque": null, "payment:discover_card": null, "payment:mastercard": null, "payment:visa": null, "brand:website": null, "short_name": null, "branch": null, "facebook": null, "check_date": null, "fixme": null, "operator:short": null }, "geometry": { "type": "Point", "coordinates": [ -151.000293699999986, 70.2155013 ] } },
{ "type": "Feature", "properties": { "addr:street": null, "amenity": "clinic", "building": "yes", "healthcare": null, "name": "Shungnak Clinic", "opening_hours": null, "lon": -157.1389395, "lat": 66.8879649, "addr:city": null, "website": null, "addr:country": null, "addr:province": null, "building:levels": null, "healthcare:speciality": null, "historic": null, "owner": null, "source": "DCRA", "wikidata": null, "alt_name": null, "shop": null, "contact:phone": null, "contact:website": null, "postal_code": null, "healthcare:for": null, "description": null, "gnis:feature_id": null, "image": null, "note": null, "operator": null, "operator:type": null, "source:date": null, "source_ref": null, "brand": null, "brand:wikidata": null, "ele": null, "height": null, "name:tli": null, "dispensing": null, "operator:wikidata": null, "operator:wikipedia": null, "addr:unit": null, "amenity_1": null, "healthcare:counselling": null, "wikipedia": null, "office": null, "health_facility_type": null, "health_person:type": null, "old_name": null, "fax": null, "contact:facebook": null, "contact:instagram": null, "email": null, "start_date": null, "payment:cash": null, "payment:credit_cards": null, "payment:debit_cards": null, "landuse": null, "addr:housename": null, "wheelchair": null, "addr:full": null, "level": null, "urgent_care": null, "name:en": null, "health_facility": null, "drive_through": null, "payment:apple_pay": null, "contact:twitter": null, "not:brand:wikidata": null, "check_date:opening_hours": null, "payment:american_express": null, "payment:cheque": null, "payment:discover_card": null, "payment:mastercard": null, "payment:visa": null, "brand:website": null, "short_name": null, "branch": null, "facebook": null, "check_date": null, "fixme": null, "operator:short": null }, "geometry": { "type": "Point", "coordinates": [ -157.1389395, 66.8879649 ] } },
{ "type": "Feature", "properties": { "addr:street": null, "amenity": "clinic", "building": "yes", "healthcare": null, "name": "Health Clinic", "opening_hours": null, "lon": -157.8564524, "lat": 67.0869612, "addr:city": null, "website": null, "addr:country": null, "addr:province": null, "building:levels": null, "healthcare:speciality": null, "historic": null, "owner": null, "source": "DCRA", "wikidata": null, "alt_name": null, "shop": null, "contact:phone": null, "contact:website": null, "postal_code": null, "healthcare:for": null, "description": null, "gnis:feature_id": null, "image": null, "note": null, "operator": null, "operator:type": null, "source:date": null, "source_ref": null, "brand": null, "brand:wikidata": null, "ele": null, "height": null, "name:tli": null, "dispensing": null, "operator:wikidata": null, "operator:wikipedia": null, "addr:unit": null, "amenity_1": null, "healthcare:counselling": null, "wikipedia": null, "office": null, "health_facility_type": null, "health_person:type": null, "old_name": null, "fax": null, "contact:facebook": null, "contact:instagram": null, "email": null, "start_date": null, "payment:cash": null, "payment:credit_cards": null, "payment:debit_cards": null, "landuse": null, "addr:housename": null, "wheelchair": null, "addr:full": null, "level": null, "urgent_care": null, "name:en": null, "health_facility": null, "drive_through": null, "payment:apple_pay": null, "contact:twitter": null, "not:brand:wikidata": null, "check_date:opening_hours": null, "payment:american_express": null, "payment:cheque": null, "payment:discover_card": null, "payment:mastercard": null, "payment:visa": null, "brand:website": null, "short_name": null, "branch": null, "facebook": null, "check_date": null, "fixme": null, "operator:short": null }, "geometry": { "type": "Point", "coordinates": [ -157.8564524, 67.0869612 ] } },
{ "type": "Feature", "properties": { "addr:street": null, "amenity": "clinic", "building": "public", "healthcare": "clinic", "name": "Noorvik Clinic", "opening_hours": null, "lon": -161.0422165, "lat": 66.8352372, "addr:city": null, "website": null, "addr:country": null, "addr:province": null, "building:levels": null, "healthcare:speciality": null, "historic": null, "owner": null, "source": "DCRA", "wikidata": null, "alt_name": null, "shop": null, "contact:phone": null, "contact:website": null, "postal_code": null, "healthcare:for": null, "description": null, "gnis:feature_id": null, "image": null, "note": null, "operator": null, "operator:type": null, "source:date": null, "source_ref": null, "brand": null, "brand:wikidata": null, "ele": null, "height": null, "name:tli": null, "dispensing": null, "operator:wikidata": null, "operator:wikipedia": null, "addr:unit": null, "amenity_1": null, "healthcare:counselling": null, "wikipedia": null, "office": null, "health_facility_type": null, "health_person:type": null, "old_name": null, "fax": null, "contact:facebook": null, "contact:instagram": null, "email": null, "start_date": null, "payment:cash": null, "payment:credit_cards": null, "payment:debit_cards": null, "landuse": null, "addr:housename": null, "wheelchair": null, "addr:full": null, "level": null, "urgent_care": null, "name:en": null, "health_facility": null, "drive_through": null, "payment:apple_pay": null, "contact:twitter": null, "not:brand:wikidata": null, "check_date:opening_hours": null, "payment:american_express": null, "payment:cheque": null, "payment:discover_card": null, "payment:mastercard": null, "payment:visa": null, "brand:website": null, "short_name": null, "branch": null, "facebook": null, "check_date": null, "fixme": null, "operator:short": null }, "geometry": { "type": "Point", "coordinates": [ -161.0422165, 66.8352372 ] } },
{ "type": "Feature", "properties": { "addr:street": null, "amenity": "clinic", "building": "public", "healthcare": "clinic", "name": "New Noorvik Clinic", "opening_hours": null, "lon": -161.0465588, "lat": 66.8299791, "addr:city": null, "website": null, "addr:country": null, "addr:province": null, "building:levels": null, "healthcare:speciality": null, "historic": null, "owner": null, "source": "DCRA", "wikidata": null, "alt_name": null, "shop": null, "contact:phone": null, "contact:website": null, "postal_code": null, "healthcare:for": null, "description": null, "gnis:feature_id": null, "image": null, "note": null, "operator": null, "operator:type": null, "source:date": null, "source_ref": null, "brand": null, "brand:wikidata": null, "ele": null, "height": null, "name:tli": null, "dispensing": null, "operator:wikidata": null, "operator:wikipedia": null, "addr:unit": null, "amenity_1": null, "healthcare:counselling": null, "wikipedia": null, "office": null, "health_facility_type": null, "health_person:type": null, "old_name": null, "fax": null, "contact:facebook": null, "contact:instagram": null, "email": null, "start_date": null, "payment:cash": null, "payment:credit_cards": null, "payment:debit_cards": null, "landuse": null, "addr:housename": null, "wheelchair": null, "addr:full": null, "level": null, "urgent_care": null, "name:en": null, "health_facility": null, "drive_through": null, "payment:apple_pay": null, "contact:twitter": null, "not:brand:wikidata": null, "check_date:opening_hours": null, "payment:american_express": null, "payment:cheque": null, "payment:discover_card": null, "payment:mastercard": null, "payment:visa": null, "brand:website": null, "short_name": null, "branch": null, "facebook": null, "check_date": null, "fixme": null, "operator:short": null }, "geometry": { "type": "Point", "coordinates": [ -161.046558800000014, 66.8299791 ] } },
{ "type": "Feature", "properties": { "addr:street": null, "amenity": "clinic", "building": "yes", "healthcare": "clinic", "name": "USFS/ Public Health Clinic", "opening_hours": null, "lon": -139.7293242, "lat": 59.5450094, "addr:city": null, "website": null, "addr:country": null, "addr:province": null, "building:levels": null, "healthcare:speciality": null, "historic": null, "owner": null, "source": "DCRA", "wikidata": null, "alt_name": null, "shop": null, "contact:phone": null, "contact:website": null, "postal_code": null, "healthcare:for": null, "description": null, "gnis:feature_id": null, "image": null, "note": null, "operator": null, "operator:type": null, "source:date": null, "source_ref": null, "brand": null, "brand:wikidata": null, "ele": null, "height": null, "name:tli": null, "dispensing": null, "operator:wikidata": null, "operator:wikipedia": null, "addr:unit": null, "amenity_1": null, "healthcare:counselling": null, "wikipedia": null, "office": null, "health_facility_type": null, "health_person:type": null, "old_name": null, "fax": null, "contact:facebook": null, "contact:instagram": null, "email": null, "start_date": null, "payment:cash": null, "payment:credit_cards": null, "payment:debit_cards": null, "landuse": null, "addr:housename": null, "wheelchair": null, "addr:full": null, "level": null, "urgent_care": null, "name:en": null, "health_facility": null, "drive_through": null, "payment:apple_pay": null, "contact:twitter": null, "not:brand:wikidata": null, "check_date:opening_hours": null, "payment:american_express": null, "payment:cheque": null, "payment:discover_card": null, "payment:mastercard": null, "payment:visa": null, "brand:website": null, "short_name": null, "branch": null, "facebook": null, "check_date": null, "fixme": null, "operator:short": null }, "geometry": { "type": "Point", "coordinates": [ -139.7293242, 59.5450094 ] } },
{ "type": "Feature", "properties": { "addr:street": "Red Cove Road", "amenity": "clinic", "building": "yes", "healthcare": "clinic", "name": "Sand Point Clinic", "opening_hours": null, "lon": -160.4859176, "lat": 55.3475459, "addr:city": "Sand Point", "website": null, "addr:country": null, "addr:province": null, "building:levels": null, "healthcare:speciality": null, "historic": null, "owner": null, "source": null, "wikidata": null, "alt_name": null, "shop": null, "contact:phone": null, "contact:website": null, "postal_code": null, "healthcare:for": null, "description": null, "gnis:feature_id": null, "image": null, "note": null, "operator": null, "operator:type": null, "source:date": null, "source_ref": null, "brand": null, "brand:wikidata": null, "ele": null, "height": null, "name:tli": null, "dispensing": null, "operator:wikidata": null, "operator:wikipedia": null, "addr:unit": null, "amenity_1": null, "healthcare:counselling": null, "wikipedia": null, "office": null, "health_facility_type": null, "health_person:type": null, "old_name": null, "fax": null, "contact:facebook": null, "contact:instagram": null, "email": null, "start_date": null, "payment:cash": null, "payment:credit_cards": null, "payment:debit_cards": null, "landuse": null, "addr:housename": null, "wheelchair": null, "addr:full": null, "level": null, "urgent_care": null, "name:en": null, "health_facility": null, "drive_through": null, "payment:apple_pay": null, "contact:twitter": null, "not:brand:wikidata": null, "check_date:opening_hours": null, "payment:american_express": null, "payment:cheque": null, "payment:discover_card": null, "payment:mastercard": null, "payment:visa": null, "brand:website": null, "short_name": null, "branch": null, "facebook": null, "check_date": null, "fixme": null, "operator:short": null }, "geometry": { "type": "Point", "coordinates": [ -160.4859176, 55.3475459 ] } },
{ "type": "Feature", "properties": { "addr:street": null, "amenity": "pharmacy", "building": "yes", "healthcare": "pharmacy", "name": "Walgreens", "opening_hours": null, "lon": -151.0561705, "lat": 60.4856244, "addr:city": null, "website": null, "addr:country": null, "addr:province": null, "building:levels": null, "healthcare:speciality": null, "historic": null, "owner": null, "source": "Bing", "wikidata": null, "alt_name": null, "shop": null, "contact:phone": null, "contact:website": null, "postal_code": null, "healthcare:for": null, "description": null, "gnis:feature_id": null, "image": null, "note": null, "operator": null, "operator:type": null, "source:date": null, "source_ref": null, "brand": "Walgreens", "brand:wikidata": "Q1591889", "ele": null, "height": null, "name:tli": null, "dispensing": null, "operator:wikidata": null, "operator:wikipedia": null, "addr:unit": null, "amenity_1": null, "healthcare:counselling": null, "wikipedia": null, "office": null, "health_facility_type": null, "health_person:type": null, "old_name": null, "fax": null, "contact:facebook": null, "contact:instagram": null, "email": null, "start_date": null, "payment:cash": null, "payment:credit_cards": null, "payment:debit_cards": null, "landuse": null, "addr:housename": null, "wheelchair": null, "addr:full": null, "level": null, "urgent_care": null, "name:en": null, "health_facility": null, "drive_through": null, "payment:apple_pay": null, "contact:twitter": null, "not:brand:wikidata": null, "check_date:opening_hours": null, "payment:american_express": null, "payment:cheque": null, "payment:discover_card": null, "payment:mastercard": null, "payment:visa": null, "brand:website": null, "short_name": null, "branch": null, "facebook": null, "check_date": null, "fixme": null, "operator:short": null }, "geometry": { "type": "Point", "coordinates": [ -151.0561705, 60.4856244 ] } },
{ "type": "Feature", "properties": { "addr:street": "Tongass Drive", "amenity": "hospital", "building": "hospital", "healthcare": "hospital", "name": "Mt. Edgecumbe Hospital", "opening_hours": null, "lon": -135.355111, "lat": 57.0516902, "addr:city": "Sitka", "website": "https://searhc.org/service/mt-edgecumbe-hospital-saxt-hit/", "addr:country": null, "addr:province": null, "building:levels": null, "healthcare:speciality": null, "historic": null, "owner": null, "source": null, "wikidata": null, "alt_name": null, "shop": null, "contact:phone": null, "contact:website": null, "postal_code": null, "healthcare:for": null, "description": null, "gnis:feature_id": null, "image": null, "note": null, "operator": "SouthEast Alaska Regional Health Consortium", "operator:type": null, "source:date": null, "source_ref": null, "brand": null, "brand:wikidata": null, "ele": 18.0, "height": 9.2, "name:tli": "S’áxt’ Hít", "dispensing": null, "operator:wikidata": null, "operator:wikipedia": null, "addr:unit": null, "amenity_1": null, "healthcare:counselling": null, "wikipedia": null, "office": null, "health_facility_type": null, "health_person:type": null, "old_name": null, "fax": null, "contact:facebook": null, "contact:instagram": null, "email": null, "start_date": null, "payment:cash": null, "payment:credit_cards": null, "payment:debit_cards": null, "landuse": null, "addr:housename": null, "wheelchair": null, "addr:full": null, "level": null, "urgent_care": null, "name:en": null, "health_facility": null, "drive_through": null, "payment:apple_pay": null, "contact:twitter": null, "not:brand:wikidata": null, "check_date:opening_hours": null, "payment:american_express": null, "payment:cheque": null, "payment:discover_card": null, "payment:mastercard": null, "payment:visa": null, "brand:website": null, "short_name": null, "branch": null, "facebook": null, "check_date": null, "fixme": null, "operator:short": null }, "geometry": { "type": "Point", "coordinates": [ -135.355111, 57.0516902 ] } },
{ "type": "Feature", "properties": { "addr:street": null, "amenity": "pharmacy", "building": "retail", "healthcare": "pharmacy", "name": "Walgreens", "opening_hours": null, "lon": -149.4070744, "lat": 61.577402, "addr:city": null, "website": null, "addr:country": null, "addr:province": null, "building:levels": 1.0, "healthcare:speciality": null, "historic": null, "owner": null, "source": "EsriWorldImagery", "wikidata": null, "alt_name": null, "shop": null, "contact:phone": null, "contact:website": null, "postal_code": null, "healthcare:for": null, "description": null, "gnis:feature_id": null, "image": null, "note": null, "operator": null, "operator:type": null, "source:date": null, "source_ref": null, "brand": "Walgreens", "brand:wikidata": "Q1591889", "ele": null, "height": null, "name:tli": null, "dispensing": "yes", "operator:wikidata": null, "operator:wikipedia": null, "addr:unit": null, "amenity_1": null, "healthcare:counselling": null, "wikipedia": null, "office": null, "health_facility_type": null, "health_person:type": null, "old_name": null, "fax": null, "contact:facebook": null, "contact:instagram": null, "email": null, "start_date": null, "payment:cash": null, "payment:credit_cards": null, "payment:debit_cards": null, "landuse": null, "addr:housename": null, "wheelchair": null, "addr:full": null, "level": null, "urgent_care": null, "name:en": null, "health_facility": null, "drive_through": null, "payment:apple_pay": null, "contact:twitter": null, "not:brand:wikidata": null, "check_date:opening_hours": null, "payment:american_express": null, "payment:cheque": null, "payment:discover_card": null, "payment:mastercard": null, "payment:visa": null, "brand:website": null, "short_name": null, "branch": null, "facebook": null, "check_date": null, "fixme": null, "operator:short": null }, "geometry": { "type": "Point", "coordinates": [ -149.4070744, 61.577402 ] } },
{ "type": "Feature", "properties": { "addr:street": "Zapadni Road", "amenity": "clinic", "building": "yes", "healthcare": "clinic", "name": "St. George Clinic", "opening_hours": null, "lon": -169.5483277, "lat": 56.6012645, "addr:city": null, "website": null, "addr:country": null, "addr:province": null, "building:levels": null, "healthcare:speciality": null, "historic": null, "owner": null, "source": null, "wikidata": null, "alt_name": null, "shop": null, "contact:phone": null, "contact:website": null, "postal_code": null, "healthcare:for": null, "description": null, "gnis:feature_id": null, "image": null, "note": null, "operator": "APIA", "operator:type": null, "source:date": null, "source_ref": null, "brand": null, "brand:wikidata": null, "ele": null, "height": null, "name:tli": null, "dispensing": null, "operator:wikidata": null, "operator:wikipedia": null, "addr:unit": null, "amenity_1": null, "healthcare:counselling": null, "wikipedia": null, "office": null, "health_facility_type": null, "health_person:type": null, "old_name": null, "fax": null, "contact:facebook": null, "contact:instagram": null, "email": null, "start_date": null, "payment:cash": null, "payment:credit_cards": null, "payment:debit_cards": null, "landuse": null, "addr:housename": null, "wheelchair": null, "addr:full": null, "level": null, "urgent_care": null, "name:en": null, "health_facility": null, "drive_through": null, "payment:apple_pay": null, "contact:twitter": null, "not:brand:wikidata": null, "check_date:opening_hours": null, "payment:american_express": null, "payment:cheque": null, "payment:discover_card": null, "payment:mastercard": null, "payment:visa": null, "brand:website": null, "short_name": null, "branch": null, "facebook": null, "check_date": null, "fixme": null, "operator:short": null }, "geometry": { "type": "Point", "coordinates": [ -169.548327699999987, 56.6012645 ] } },
{ "type": "Feature", "properties": { "addr:street": null, "amenity": "clinic", "building": "yes", "healthcare": "clinic", "name": "IRA Building", "opening_hours": null, "lon": -168.9521473, "lat": 65.7573505, "addr:city": "Diomede", "website": null, "addr:country": null, "addr:province": null, "building:levels": 1.0, "healthcare:speciality": "community", "historic": null, "owner": null, "source": null, "wikidata": null, "alt_name": null, "shop": null, "contact:phone": null, "contact:website": null, "postal_code": null, "healthcare:for": null, "description": null, "gnis:feature_id": null, "image": null, "note": null, "operator": null, "operator:type": null, "source:date": null, "source_ref": null, "brand": null, "brand:wikidata": null, "ele": null, "height": null, "name:tli": null, "dispensing": null, "operator:wikidata": null, "operator:wikipedia": null, "addr:unit": null, "amenity_1": null, "healthcare:counselling": null, "wikipedia": null, "office": null, "health_facility_type": null, "health_person:type": null, "old_name": null, "fax": null, "contact:facebook": null, "contact:instagram": null, "email": null, "start_date": null, "payment:cash": null, "payment:credit_cards": null, "payment:debit_cards": null, "landuse": null, "addr:housename": null, "wheelchair": null, "addr:full": null, "level": null, "urgent_care": null, "name:en": null, "health_facility": null, "drive_through": null, "payment:apple_pay": null, "contact:twitter": null, "not:brand:wikidata": null, "check_date:opening_hours": null, "payment:american_express": null, "payment:cheque": null, "payment:discover_card": null, "payment:mastercard": null, "payment:visa": null, "brand:website": null, "short_name": null, "branch": null, "facebook": null, "check_date": null, "fixme": null, "operator:short": null }, "geometry": { "type": "Point", "coordinates": [ -168.9521473, 65.7573505 ] } },
{ "type": "Feature", "properties": { "addr:street": null, "amenity": "doctors", "building": "yes", "healthcare": "doctor", "name": "Juneau Urgent Care", "opening_hours": null, "lon": -134.5728725, "lat": 58.3619595, "addr:city": null, "website": null, "addr:country": null, "addr:province": null, "building:levels": null, "healthcare:speciality": null, "historic": null, "owner": null, "source": null, "wikidata": null, "alt_name": null, "shop": null, "contact:phone": null, "contact:website": null, "postal_code": null, "healthcare:for": null, "description": null, "gnis:feature_id": null, "image": null, "note": null, "operator": null, "operator:type": null, "source:date": null, "source_ref": null, "brand": null, "brand:wikidata": null, "ele": null, "height": null, "name:tli": null, "dispensing": null, "operator:wikidata": null, "operator:wikipedia": null, "addr:unit": null, "amenity_1": null, "healthcare:counselling": null, "wikipedia": null, "office": null, "health_facility_type": null, "health_person:type": null, "old_name": null, "fax": null, "contact:facebook": null, "contact:instagram": null, "email": null, "start_date": null, "payment:cash": null, "payment:credit_cards": null, "payment:debit_cards": null, "landuse": null, "addr:housename": null, "wheelchair": null, "addr:full": null, "level": null, "urgent_care": null, "name:en": null, "health_facility": null, "drive_through": null, "payment:apple_pay": null, "contact:twitter": null, "not:brand:wikidata": null, "check_date:opening_hours": null, "payment:american_express": null, "payment:cheque": null, "payment:discover_card": null, "payment:mastercard": null, "payment:visa": null, "brand:website": null, "short_name": null, "branch": null, "facebook": null, "check_date": null, "fixme": null, "operator:short": null }, "geometry": { "type": "Point", "coordinates": [ -134.572872499999988, 58.3619595 ] } },
{ "type": "Feature", "properties": { "addr:street": "East Road", "amenity": "doctors", "building": "yes", "healthcare": "naturopath", "name": "Frontier Natural Health", "opening_hours": null, "lon": -151.5177589, "lat": 59.6510244, "addr:city": "Homer", "website": null, "addr:country": null, "addr:province": null, "building:levels": null, "healthcare:speciality": null, "historic": null, "owner": null, "source": null, "wikidata": null, "alt_name": null, "shop": null, "contact:phone": null, "contact:website": null, "postal_code": null, "healthcare:for": null, "description": null, "gnis:feature_id": null, "image": null, "note": null, "operator": "Dr. Patrick C. Huffman", "operator:type": null, "source:date": null, "source_ref": null, "brand": null, "brand:wikidata": null, "ele": null, "height": null, "name:tli": null, "dispensing": null, "operator:wikidata": null, "operator:wikipedia": null, "addr:unit": null, "amenity_1": null, "healthcare:counselling": null, "wikipedia": null, "office": null, "health_facility_type": null, "health_person:type": null, "old_name": null, "fax": null, "contact:facebook": null, "contact:instagram": null, "email": null, "start_date": null, "payment:cash": null, "payment:credit_cards": null, "payment:debit_cards": null, "landuse": null, "addr:housename": null, "wheelchair": null, "addr:full": null, "level": null, "urgent_care": null, "name:en": null, "health_facility": null, "drive_through": null, "payment:apple_pay": null, "contact:twitter": null, "not:brand:wikidata": null, "check_date:opening_hours": null, "payment:american_express": null, "payment:cheque": null, "payment:discover_card": null, "payment:mastercard": null, "payment:visa": null, "brand:website": null, "short_name": null, "branch": null, "facebook": null, "check_date": null, "fixme": null, "operator:short": null }, "geometry": { "type": "Point", "coordinates": [ -151.5177589, 59.6510244 ] } },
{ "type": "Feature", "properties": { "addr:street": "West Evergreen Avenue", "amenity": "clinic", "building": "yes", "healthcare": "clinic", "name": "Mat Su Urgent Care", "opening_hours": null, "lon": -149.1170021, "lat": 61.6001123, "addr:city": "Palmer", "website": null, "addr:country": null, "addr:province": null, "building:levels": null, "healthcare:speciality": null, "historic": null, "owner": null, "source": "esri/USA_NAD_Addresses", "wikidata": null, "alt_name": null, "shop": null, "contact:phone": null, "contact:website": null, "postal_code": null, "healthcare:for": null, "description": null, "gnis:feature_id": null, "image": null, "note": null, "operator": null, "operator:type": null, "source:date": null, "source_ref": null, "brand": null, "brand:wikidata": null, "ele": null, "height": null, "name:tli": null, "dispensing": null, "operator:wikidata": null, "operator:wikipedia": null, "addr:unit": null, "amenity_1": null, "healthcare:counselling": null, "wikipedia": null, "office": null, "health_facility_type": null, "health_person:type": null, "old_name": null, "fax": null, "contact:facebook": null, "contact:instagram": null, "email": null, "start_date": null, "payment:cash": null, "payment:credit_cards": null, "payment:debit_cards": null, "landuse": null, "addr:housename": null, "wheelchair": null, "addr:full": null, "level": null, "urgent_care": null, "name:en": null, "health_facility": null, "drive_through": null, "payment:apple_pay": null, "contact:twitter": null, "not:brand:wikidata": null, "check_date:opening_hours": null, "payment:american_express": null, "payment:cheque": null, "payment:discover_card": null, "payment:mastercard": null, "payment:visa": null, "brand:website": null, "short_name": null, "branch": null, "facebook": null, "check_date": null, "fixme": null, "operator:short": null }, "geometry": { "type": "Point", "coordinates": [ -149.1170021, 61.6001123 ] } },
{ "type": "Feature", "properties": { "addr:street": null, "amenity": "hospital", "building": "hospital", "healthcare": "hospital", "name": "Alaska Heart Institute", "opening_hours": null, "lon": -149.2561634, "lat": 61.5629261, "addr:city": null, "website": null, "addr:country": null, "addr:province": null, "building:levels": 4.0, "healthcare:speciality": null, "historic": null, "owner": null, "source": null, "wikidata": null, "alt_name": null, "shop": null, "contact:phone": null, "contact:website": null, "postal_code": null, "healthcare:for": null, "description": null, "gnis:feature_id": null, "image": null, "note": null, "operator": null, "operator:type": null, "source:date": null, "source_ref": null, "brand": null, "brand:wikidata": null, "ele": null, "height": null, "name:tli": null, "dispensing": null, "operator:wikidata": null, "operator:wikipedia": null, "addr:unit": null, "amenity_1": null, "healthcare:counselling": null, "wikipedia": null, "office": null, "health_facility_type": null, "health_person:type": null, "old_name": null, "fax": null, "contact:facebook": null, "contact:instagram": null, "email": null, "start_date": null, "payment:cash": null, "payment:credit_cards": null, "payment:debit_cards": null, "landuse": null, "addr:housename": null, "wheelchair": null, "addr:full": null, "level": null, "urgent_care": null, "name:en": null, "health_facility": null, "drive_through": null, "payment:apple_pay": null, "contact:twitter": null, "not:brand:wikidata": null, "check_date:opening_hours": null, "payment:american_express": null, "payment:cheque": null, "payment:discover_card": null, "payment:mastercard": null, "payment:visa": null, "brand:website": null, "short_name": null, "branch": null, "facebook": null, "check_date": null, "fixme": null, "operator:short": null }, "geometry": { "type": "Point", "coordinates": [ -149.2561634, 61.5629261 ] } },
{ "type": "Feature", "properties": { "addr:street": null, "amenity": "hospital", "building": "hospital", "healthcare": "hospital", "name": "Providence Health & Services Alaska", "opening_hours": null, "lon": -149.2518829, "lat": 61.5596919, "addr:city": null, "website": null, "addr:country": null, "addr:province": null, "building:levels": 2.0, "healthcare:speciality": null, "historic": null, "owner": null, "source": null, "wikidata": null, "alt_name": "Providence Matanuska Health Care", "shop": null, "contact:phone": null, "contact:website": null, "postal_code": null, "healthcare:for": null, "description": null, "gnis:feature_id": null, "image": null, "note": null, "operator": "Providence Health & Services", "operator:type": null, "source:date": null, "source_ref": null, "brand": null, "brand:wikidata": null, "ele": null, "height": null, "name:tli": null, "dispensing": null, "operator:wikidata": "Q7252430", "operator:wikipedia": "en:Providence Health & Services", "addr:unit": null, "amenity_1": null, "healthcare:counselling": null, "wikipedia": null, "office": null, "health_facility_type": null, "health_person:type": null, "old_name": null, "fax": null, "contact:facebook": null, "contact:instagram": null, "email": null, "start_date": null, "payment:cash": null, "payment:credit_cards": null, "payment:debit_cards": null, "landuse": null, "addr:housename": null, "wheelchair": null, "addr:full": null, "level": null, "urgent_care": null, "name:en": null, "health_facility": null, "drive_through": null, "payment:apple_pay": null, "contact:twitter": null, "not:brand:wikidata": null, "check_date:opening_hours": null, "payment:american_express": null, "payment:cheque": null, "payment:discover_card": null, "payment:mastercard": null, "payment:visa": null, "brand:website": null, "short_name": null, "branch": null, "facebook": null, "check_date": null, "fixme": null, "operator:short": null }, "geometry": { "type": "Point", "coordinates": [ -149.2518829, 61.5596919 ] } },
{ "type": "Feature", "properties": { "addr:street": null, "amenity": "clinic", "building": "yes", "healthcare": "clinic", "name": "Imaging Associates of Providence", "opening_hours": null, "lon": -149.2533469, "lat": 61.5598808, "addr:city": null, "website": null, "addr:country": null, "addr:province": null, "building:levels": 1.0, "healthcare:speciality": null, "historic": null, "owner": null, "source": null, "wikidata": null, "alt_name": null, "shop": null, "contact:phone": null, "contact:website": null, "postal_code": null, "healthcare:for": null, "description": null, "gnis:feature_id": null, "image": null, "note": null, "operator": null, "operator:type": null, "source:date": null, "source_ref": null, "brand": null, "brand:wikidata": null, "ele": null, "height": null, "name:tli": null, "dispensing": null, "operator:wikidata": null, "operator:wikipedia": null, "addr:unit": null, "amenity_1": null, "healthcare:counselling": null, "wikipedia": null, "office": null, "health_facility_type": null, "health_person:type": null, "old_name": null, "fax": null, "contact:facebook": null, "contact:instagram": null, "email": null, "start_date": null, "payment:cash": null, "payment:credit_cards": null, "payment:debit_cards": null, "landuse": null, "addr:housename": null, "wheelchair": null, "addr:full": null, "level": null, "urgent_care": null, "name:en": null, "health_facility": null, "drive_through": null, "payment:apple_pay": null, "contact:twitter": null, "not:brand:wikidata": null, "check_date:opening_hours": null, "payment:american_express": null, "payment:cheque": null, "payment:discover_card": null, "payment:mastercard": null, "payment:visa": null, "brand:website": null, "short_name": null, "branch": null, "facebook": null, "check_date": null, "fixme": null, "operator:short": null }, "geometry": { "type": "Point", "coordinates": [ -149.2533469, 61.5598808 ] } },
{ "type": "Feature", "properties": { "addr:street": "South Woodworth Loop", "amenity": "hospital", "building": null, "healthcare": "hospital", "name": "Mat-Su Regional Medical Center", "opening_hours": null, "lon": -149.2579536, "lat": 61.5627757, "addr:city": "Palmer", "website": "https://www.matsuregional.com/", "addr:country": null, "addr:province": null, "building:levels": null, "healthcare:speciality": null, "historic": null, "owner": null, "source": null, "wikidata": "Q6785802", "alt_name": null, "shop": null, "contact:phone": null, "contact:website": null, "postal_code": null, "healthcare:for": null, "description": null, "gnis:feature_id": null, "image": null, "note": null, "operator": null, "operator:type": null, "source:date": null, "source_ref": null, "brand": null, "brand:wikidata": null, "ele": null, "height": null, "name:tli": null, "dispensing": null, "operator:wikidata": null, "operator:wikipedia": null, "addr:unit": null, "amenity_1": null, "healthcare:counselling": null, "wikipedia": null, "office": null, "health_facility_type": null, "health_person:type": null, "old_name": null, "fax": null, "contact:facebook": null, "contact:instagram": null, "email": null, "start_date": null, "payment:cash": null, "payment:credit_cards": null, "payment:debit_cards": null, "landuse": null, "addr:housename": null, "wheelchair": null, "addr:full": null, "level": null, "urgent_care": null, "name:en": null, "health_facility": null, "drive_through": null, "payment:apple_pay": null, "contact:twitter": null, "not:brand:wikidata": null, "check_date:opening_hours": null, "payment:american_express": null, "payment:cheque": null, "payment:discover_card": null, "payment:mastercard": null, "payment:visa": null, "brand:website": null, "short_name": null, "branch": null, "facebook": null, "check_date": null, "fixme": null, "operator:short": null }, "geometry": { "type": "Point", "coordinates": [ -149.2579536, 61.5627757 ] } },
{ "type": "Feature", "properties": { "addr:street": "Sadler Way", "amenity": "clinic", "building": "yes", "healthcare": "clinic", "name": "Steese Immediate Care", "opening_hours": "Mo-Fr 8:30-17:00; Sa 10:00-15:00", "lon": -147.6802765, "lat": 64.8548351, "addr:city": "Fairbanks", "website": "https://www.steeseimmediatecare.com/", "addr:country": null, "addr:province": null, "building:levels": null, "healthcare:speciality": null, "historic": null, "owner": null, "source": null, "wikidata": null, "alt_name": null, "shop": null, "contact:phone": "-3748817", "contact:website": null, "postal_code": null, "healthcare:for": null, "description": null, "gnis:feature_id": null, "image": null, "note": null, "operator": null, "operator:type": null, "source:date": null, "source_ref": null, "brand": null, "brand:wikidata": null, "ele": null, "height": null, "name:tli": null, "dispensing": null, "operator:wikidata": null, "operator:wikipedia": null, "addr:unit": "101", "amenity_1": null, "healthcare:counselling": null, "wikipedia": null, "office": null, "health_facility_type": null, "health_person:type": null, "old_name": null, "fax": null, "contact:facebook": null, "contact:instagram": null, "email": null, "start_date": null, "payment:cash": null, "payment:credit_cards": null, "payment:debit_cards": null, "landuse": null, "addr:housename": null, "wheelchair": null, "addr:full": null, "level": null, "urgent_care": null, "name:en": null, "health_facility": null, "drive_through": null, "payment:apple_pay": null, "contact:twitter": null, "not:brand:wikidata": null, "check_date:opening_hours": null, "payment:american_express": null, "payment:cheque": null, "payment:discover_card": null, "payment:mastercard": null, "payment:visa": null, "brand:website": null, "short_name": null, "branch": null, "facebook": null, "check_date": null, "fixme": null, "operator:short": null }, "geometry": { "type": "Point", "coordinates": [ -147.6802765, 64.8548351 ] } },
{ "type": "Feature", "properties": { "addr:street": "West Cowles Street", "amenity": "clinic", "building": "yes", "healthcare": "clinic", "name": "Chief Andrew Isaac Health Center", "opening_hours": "Mo-Fr 08:00-17:00", "lon": -147.7462342, "lat": 64.8322528, "addr:city": "Fairbanks", "website": "https://www.tananachiefs.org/services/health/chief-andrew-isaac-health-center/", "addr:country": null, "addr:province": null, "building:levels": null, "healthcare:speciality": null, "historic": null, "owner": null, "source": null, "wikidata": null, "alt_name": null, "shop": null, "contact:phone": null, "contact:website": null, "postal_code": null, "healthcare:for": null, "description": null, "gnis:feature_id": null, "image": null, "note": null, "operator": null, "operator:type": null, "source:date": null, "source_ref": null, "brand": null, "brand:wikidata": null, "ele": null, "height": null, "name:tli": null, "dispensing": null, "operator:wikidata": null, "operator:wikipedia": null, "addr:unit": null, "amenity_1": null, "healthcare:counselling": null, "wikipedia": null, "office": null, "health_facility_type": null, "health_person:type": null, "old_name": null, "fax": null, "contact:facebook": null, "contact:instagram": null, "email": null, "start_date": null, "payment:cash": null, "payment:credit_cards": null, "payment:debit_cards": null, "landuse": null, "addr:housename": null, "wheelchair": null, "addr:full": null, "level": null, "urgent_care": null, "name:en": null, "health_facility": null, "drive_through": null, "payment:apple_pay": null, "contact:twitter": null, "not:brand:wikidata": null, "check_date:opening_hours": null, "payment:american_express": null, "payment:cheque": null, "payment:discover_card": null, "payment:mastercard": null, "payment:visa": null, "brand:website": null, "short_name": null, "branch": null, "facebook": null, "check_date": null, "fixme": null, "operator:short": null }, "geometry": { "type": "Point", "coordinates": [ -147.7462342, 64.8322528 ] } },
{ "type": "Feature", "properties": { "addr:street": null, "amenity": "doctors", "building": "yes", "healthcare": null, "name": "Juneau Family Birth Center", "opening_hours": null, "lon": -134.4657685, "lat": 58.3318565, "addr:city": null, "website": null, "addr:country": null, "addr:province": null, "building:levels": null, "healthcare:speciality": null, "historic": null, "owner": null, "source": null, "wikidata": null, "alt_name": null, "shop": null, "contact:phone": null, "contact:website": null, "postal_code": null, "healthcare:for": null, "description": null, "gnis:feature_id": null, "image": null, "note": null, "operator": null, "operator:type": null, "source:date": null, "source_ref": null, "brand": null, "brand:wikidata": null, "ele": null, "height": null, "name:tli": null, "dispensing": null, "operator:wikidata": null, "operator:wikipedia": null, "addr:unit": null, "amenity_1": "midwife", "healthcare:counselling": null, "wikipedia": null, "office": null, "health_facility_type": null, "health_person:type": null, "old_name": null, "fax": null, "contact:facebook": null, "contact:instagram": null, "email": null, "start_date": null, "payment:cash": null, "payment:credit_cards": null, "payment:debit_cards": null, "landuse": null, "addr:housename": null, "wheelchair": null, "addr:full": null, "level": null, "urgent_care": null, "name:en": null, "health_facility": null, "drive_through": null, "payment:apple_pay": null, "contact:twitter": null, "not:brand:wikidata": null, "check_date:opening_hours": null, "payment:american_express": null, "payment:cheque": null, "payment:discover_card": null, "payment:mastercard": null, "payment:visa": null, "brand:website": null, "short_name": null, "branch": null, "facebook": null, "check_date": null, "fixme": null, "operator:short": null }, "geometry": { "type": "Point", "coordinates": [ -134.4657685, 58.3318565 ] } },
{ "type": "Feature", "properties": { "addr:street": null, "amenity": "doctors", "building": "yes", "healthcare": null, "name": "SEARHC", "opening_hours": null, "lon": -134.4671501, "lat": 58.3312605, "addr:city": null, "website": null, "addr:country": null, "addr:province": null, "building:levels": null, "healthcare:speciality": null, "historic": null, "owner": null, "source": null, "wikidata": null, "alt_name": null, "shop": null, "contact:phone": null, "contact:website": null, "postal_code": null, "healthcare:for": null, "description": null, "gnis:feature_id": null, "image": null, "note": null, "operator": null, "operator:type": null, "source:date": null, "source_ref": null, "brand": null, "brand:wikidata": null, "ele": null, "height": null, "name:tli": null, "dispensing": null, "operator:wikidata": null, "operator:wikipedia": null, "addr:unit": null, "amenity_1": null, "healthcare:counselling": null, "wikipedia": null, "office": null, "health_facility_type": null, "health_person:type": null, "old_name": null, "fax": null, "contact:facebook": null, "contact:instagram": null, "email": null, "start_date": null, "payment:cash": null, "payment:credit_cards": null, "payment:debit_cards": null, "landuse": null, "addr:housename": null, "wheelchair": null, "addr:full": null, "level": null, "urgent_care": null, "name:en": null, "health_facility": null, "drive_through": null, "payment:apple_pay": null, "contact:twitter": null, "not:brand:wikidata": null, "check_date:opening_hours": null, "payment:american_express": null, "payment:cheque": null, "payment:discover_card": null, "payment:mastercard": null, "payment:visa": null, "brand:website": null, "short_name": null, "branch": null, "facebook": null, "check_date": null, "fixme": null, "operator:short": null }, "geometry": { "type": "Point", "coordinates": [ -134.4671501, 58.3312605 ] } },
{ "type": "Feature", "properties": { "addr:street": null, "amenity": "doctors", "building": "yes", "healthcare": "doctor", "name": "SERHC", "opening_hours": null, "lon": -134.4692311, "lat": 58.329731, "addr:city": null, "website": null, "addr:country": null, "addr:province": null, "building:levels": null, "healthcare:speciality": null, "historic": null, "owner": null, "source": null, "wikidata": null, "alt_name": null, "shop": null, "contact:phone": null, "contact:website": null, "postal_code": null, "healthcare:for": null, "description": null, "gnis:feature_id": null, "image": null, "note": null, "operator": null, "operator:type": null, "source:date": null, "source_ref": null, "brand": null, "brand:wikidata": null, "ele": null, "height": null, "name:tli": null, "dispensing": null, "operator:wikidata": null, "operator:wikipedia": null, "addr:unit": null, "amenity_1": null, "healthcare:counselling": null, "wikipedia": null, "office": null, "health_facility_type": null, "health_person:type": null, "old_name": null, "fax": null, "contact:facebook": null, "contact:instagram": null, "email": null, "start_date": null, "payment:cash": null, "payment:credit_cards": null, "payment:debit_cards": null, "landuse": null, "addr:housename": null, "wheelchair": null, "addr:full": null, "level": null, "urgent_care": null, "name:en": null, "health_facility": null, "drive_through": null, "payment:apple_pay": null, "contact:twitter": null, "not:brand:wikidata": null, "check_date:opening_hours": null, "payment:american_express": null, "payment:cheque": null, "payment:discover_card": null, "payment:mastercard": null, "payment:visa": null, "brand:website": null, "short_name": null, "branch": null, "facebook": null, "check_date": null, "fixme": null, "operator:short": null }, "geometry": { "type": "Point", "coordinates": [ -134.4692311, 58.329731 ] } },
{ "type": "Feature", "properties": { "addr:street": null, "amenity": "clinic", "building": "yes", "healthcare": "counselling", "name": "Planned Parenthood", "opening_hours": null, "lon": -134.4727866, "lat": 58.3302742, "addr:city": null, "website": null, "addr:country": null, "addr:province": null, "building:levels": null, "healthcare:speciality": null, "historic": null, "owner": null, "source": null, "wikidata": null, "alt_name": null, "shop": null, "contact:phone": null, "contact:website": null, "postal_code": null, "healthcare:for": null, "description": null, "gnis:feature_id": null, "image": null, "note": null, "operator": "Planned Parenthood", "operator:type": null, "source:date": null, "source_ref": null, "brand": null, "brand:wikidata": null, "ele": null, "height": null, "name:tli": null, "dispensing": null, "operator:wikidata": "Q2553262", "operator:wikipedia": null, "addr:unit": null, "amenity_1": null, "healthcare:counselling": "antenatal;sexual", "wikipedia": null, "office": null, "health_facility_type": null, "health_person:type": null, "old_name": null, "fax": null, "contact:facebook": null, "contact:instagram": null, "email": null, "start_date": null, "payment:cash": null, "payment:credit_cards": null, "payment:debit_cards": null, "landuse": null, "addr:housename": null, "wheelchair": null, "addr:full": null, "level": null, "urgent_care": null, "name:en": null, "health_facility": null, "drive_through": null, "payment:apple_pay": null, "contact:twitter": null, "not:brand:wikidata": null, "check_date:opening_hours": null, "payment:american_express": null, "payment:cheque": null, "payment:discover_card": null, "payment:mastercard": null, "payment:visa": null, "brand:website": null, "short_name": null, "branch": null, "facebook": null, "check_date": null, "fixme": null, "operator:short": null }, "geometry": { "type": "Point", "coordinates": [ -134.4727866, 58.3302742 ] } },
{ "type": "Feature", "properties": { "addr:street": "Hospital Drive", "amenity": "hospital", "building": null, "healthcare": "hospital", "name": "Bartlett Regional Hospital", "opening_hours": null, "lon": -134.4649065, "lat": 58.3291017, "addr:city": "Juneau", "website": "https://www.bartletthospital.org/", "addr:country": null, "addr:province": null, "building:levels": null, "healthcare:speciality": null, "historic": null, "owner": null, "source": null, "wikidata": "Q20712149", "alt_name": null, "shop": null, "contact:phone": null, "contact:website": null, "postal_code": null, "healthcare:for": null, "description": null, "gnis:feature_id": null, "image": null, "note": null, "operator": null, "operator:type": null, "source:date": null, "source_ref": null, "brand": null, "brand:wikidata": null, "ele": null, "height": null, "name:tli": null, "dispensing": null, "operator:wikidata": null, "operator:wikipedia": null, "addr:unit": null, "amenity_1": null, "healthcare:counselling": null, "wikipedia": "en:Bartlett Regional Hospital", "office": null, "health_facility_type": null, "health_person:type": null, "old_name": null, "fax": null, "contact:facebook": null, "contact:instagram": null, "email": null, "start_date": null, "payment:cash": null, "payment:credit_cards": null, "payment:debit_cards": null, "landuse": null, "addr:housename": null, "wheelchair": null, "addr:full": null, "level": null, "urgent_care": null, "name:en": null, "health_facility": null, "drive_through": null, "payment:apple_pay": null, "contact:twitter": null, "not:brand:wikidata": null, "check_date:opening_hours": null, "payment:american_express": null, "payment:cheque": null, "payment:discover_card": null, "payment:mastercard": null, "payment:visa": null, "brand:website": null, "short_name": null, "branch": null, "facebook": null, "check_date": null, "fixme": null, "operator:short": null }, "geometry": { "type": "Point", "coordinates": [ -134.464906500000012, 58.3291017 ] } },
{ "type": "Feature", "properties": { "addr:street": null, "amenity": "doctors", "building": "office", "healthcare": "doctor", "name": "Dr. Rene Alvarez, General Surgeon", "opening_hours": null, "lon": -151.5435767, "lat": 59.6497155, "addr:city": null, "website": null, "addr:country": null, "addr:province": null, "building:levels": null, "healthcare:speciality": null, "historic": null, "owner": null, "source": "Bing;survey", "wikidata": null, "alt_name": null, "shop": null, "contact:phone": null, "contact:website": null, "postal_code": null, "healthcare:for": null, "description": null, "gnis:feature_id": null, "image": null, "note": null, "operator": null, "operator:type": null, "source:date": null, "source_ref": null, "brand": null, "brand:wikidata": null, "ele": null, "height": null, "name:tli": null, "dispensing": null, "operator:wikidata": null, "operator:wikipedia": null, "addr:unit": null, "amenity_1": null, "healthcare:counselling": null, "wikipedia": null, "office": null, "health_facility_type": null, "health_person:type": null, "old_name": null, "fax": null, "contact:facebook": null, "contact:instagram": null, "email": null, "start_date": null, "payment:cash": null, "payment:credit_cards": null, "payment:debit_cards": null, "landuse": null, "addr:housename": null, "wheelchair": null, "addr:full": null, "level": null, "urgent_care": null, "name:en": null, "health_facility": null, "drive_through": null, "payment:apple_pay": null, "contact:twitter": null, "not:brand:wikidata": null, "check_date:opening_hours": null, "payment:american_express": null, "payment:cheque": null, "payment:discover_card": null, "payment:mastercard": null, "payment:visa": null, "brand:website": null, "short_name": null, "branch": null, "facebook": null, "check_date": null, "fixme": null, "operator:short": null }, "geometry": { "type": "Point", "coordinates": [ -151.543576699999988, 59.6497155 ] } },
{ "type": "Feature", "properties": { "addr:street": null, "amenity": "clinic", "building": "yes", "healthcare": "clinic", "name": "Peninsula Allergy & Asthma Center", "opening_hours": null, "lon": -151.0704605, "lat": 60.481965, "addr:city": null, "website": null, "addr:country": null, "addr:province": null, "building:levels": null, "healthcare:speciality": null, "historic": null, "owner": null, "source": "Bing", "wikidata": null, "alt_name": null, "shop": null, "contact:phone": null, "contact:website": null, "postal_code": null, "healthcare:for": null, "description": null, "gnis:feature_id": null, "image": null, "note": null, "operator": null, "operator:type": null, "source:date": null, "source_ref": null, "brand": null, "brand:wikidata": null, "ele": null, "height": null, "name:tli": null, "dispensing": null, "operator:wikidata": null, "operator:wikipedia": null, "addr:unit": null, "amenity_1": null, "healthcare:counselling": null, "wikipedia": null, "office": null, "health_facility_type": null, "health_person:type": null, "old_name": null, "fax": null, "contact:facebook": null, "contact:instagram": null, "email": null, "start_date": null, "payment:cash": null, "payment:credit_cards": null, "payment:debit_cards": null, "landuse": null, "addr:housename": null, "wheelchair": null, "addr:full": null, "level": null, "urgent_care": null, "name:en": null, "health_facility": null, "drive_through": null, "payment:apple_pay": null, "contact:twitter": null, "not:brand:wikidata": null, "check_date:opening_hours": null, "payment:american_express": null, "payment:cheque": null, "payment:discover_card": null, "payment:mastercard": null, "payment:visa": null, "brand:website": null, "short_name": null, "branch": null, "facebook": null, "check_date": null, "fixme": null, "operator:short": null }, "geometry": { "type": "Point", "coordinates": [ -151.0704605, 60.481965 ] } },
{ "type": "Feature", "properties": { "addr:street": null, "amenity": "clinic", "building": "yes", "healthcare": "clinic", "name": null, "opening_hours": null, "lon": -131.624342, "lat": 55.3336297, "addr:city": null, "website": null, "addr:country": null, "addr:province": null, "building:levels": null, "healthcare:speciality": null, "historic": null, "owner": null, "source": null, "wikidata": null, "alt_name": null, "shop": null, "contact:phone": null, "contact:website": null, "postal_code": null, "healthcare:for": null, "description": null, "gnis:feature_id": null, "image": "https://www.facebook.com/USCoastGuardBaseKetchikan/photos/a.1321832891166130/2557122997637107/?type=3&theater", "note": "Street level imagery shows road sign at intersection of Stedman St. and Upper Coast Guard Base Access giving directions to this building. Name of Coast Guard Base Ketchikan website.", "operator": null, "operator:type": null, "source:date": null, "source_ref": null, "brand": null, "brand:wikidata": null, "ele": null, "height": null, "name:tli": null, "dispensing": null, "operator:wikidata": null, "operator:wikipedia": null, "addr:unit": null, "amenity_1": null, "healthcare:counselling": null, "wikipedia": null, "office": null, "health_facility_type": null, "health_person:type": null, "old_name": null, "fax": null, "contact:facebook": null, "contact:instagram": null, "email": null, "start_date": null, "payment:cash": null, "payment:credit_cards": null, "payment:debit_cards": null, "landuse": null, "addr:housename": null, "wheelchair": null, "addr:full": null, "level": null, "urgent_care": null, "name:en": null, "health_facility": null, "drive_through": null, "payment:apple_pay": null, "contact:twitter": null, "not:brand:wikidata": null, "check_date:opening_hours": null, "payment:american_express": null, "payment:cheque": null, "payment:discover_card": null, "payment:mastercard": null, "payment:visa": null, "brand:website": null, "short_name": null, "branch": null, "facebook": null, "check_date": null, "fixme": null, "operator:short": null }, "geometry": { "type": "Point", "coordinates": [ -131.624342, 55.3336297 ] } },
{ "type": "Feature", "properties": { "addr:street": null, "amenity": "clinic", "building": "yes", "healthcare": "clinic", "name": "SEARHC Health Clinic", "opening_hours": null, "lon": -133.9424599, "lat": 56.9752378, "addr:city": null, "website": null, "addr:country": null, "addr:province": null, "building:levels": null, "healthcare:speciality": null, "historic": null, "owner": null, "source": null, "wikidata": null, "alt_name": null, "shop": null, "contact:phone": null, "contact:website": null, "postal_code": null, "healthcare:for": null, "description": null, "gnis:feature_id": null, "image": null, "note": null, "operator": null, "operator:type": null, "source:date": null, "source_ref": null, "brand": null, "brand:wikidata": null, "ele": null, "height": null, "name:tli": null, "dispensing": null, "operator:wikidata": null, "operator:wikipedia": null, "addr:unit": null, "amenity_1": null, "healthcare:counselling": null, "wikipedia": null, "office": null, "health_facility_type": null, "health_person:type": null, "old_name": null, "fax": null, "contact:facebook": null, "contact:instagram": null, "email": null, "start_date": null, "payment:cash": null, "payment:credit_cards": null, "payment:debit_cards": null, "landuse": null, "addr:housename": null, "wheelchair": null, "addr:full": null, "level": null, "urgent_care": null, "name:en": null, "health_facility": null, "drive_through": null, "payment:apple_pay": null, "contact:twitter": null, "not:brand:wikidata": null, "check_date:opening_hours": null, "payment:american_express": null, "payment:cheque": null, "payment:discover_card": null, "payment:mastercard": null, "payment:visa": null, "brand:website": null, "short_name": null, "branch": null, "facebook": null, "check_date": null, "fixme": null, "operator:short": null }, "geometry": { "type": "Point", "coordinates": [ -133.942459899999989, 56.9752378 ] } },
{ "type": "Feature", "properties": { "addr:street": null, "amenity": "pharmacy", "building": "yes", "healthcare": "pharmacy", "name": null, "opening_hours": null, "lon": -131.6924384, "lat": 55.3559949, "addr:city": null, "website": null, "addr:country": null, "addr:province": null, "building:levels": null, "healthcare:speciality": null, "historic": null, "owner": null, "source": null, "wikidata": null, "alt_name": null, "shop": null, "contact:phone": null, "contact:website": null, "postal_code": null, "healthcare:for": null, "description": null, "gnis:feature_id": null, "image": null, "note": null, "operator": null, "operator:type": null, "source:date": null, "source_ref": null, "brand": null, "brand:wikidata": null, "ele": null, "height": null, "name:tli": null, "dispensing": null, "operator:wikidata": null, "operator:wikipedia": null, "addr:unit": null, "amenity_1": null, "healthcare:counselling": null, "wikipedia": null, "office": null, "health_facility_type": null, "health_person:type": null, "old_name": null, "fax": null, "contact:facebook": null, "contact:instagram": null, "email": null, "start_date": null, "payment:cash": null, "payment:credit_cards": null, "payment:debit_cards": null, "landuse": null, "addr:housename": null, "wheelchair": null, "addr:full": null, "level": null, "urgent_care": null, "name:en": null, "health_facility": null, "drive_through": null, "payment:apple_pay": null, "contact:twitter": null, "not:brand:wikidata": null, "check_date:opening_hours": null, "payment:american_express": null, "payment:cheque": null, "payment:discover_card": null, "payment:mastercard": null, "payment:visa": null, "brand:website": null, "short_name": null, "branch": null, "facebook": null, "check_date": null, "fixme": null, "operator:short": null }, "geometry": { "type": "Point", "coordinates": [ -131.692438399999986, 55.3559949 ] } },
{ "type": "Feature", "properties": { "addr:street": "Greg Kruschek Avenue", "amenity": "hospital", "building": null, "healthcare": "hospital", "name": "Norton Sound Regional Hospital", "opening_hours": null, "lon": -165.3783294, "lat": 64.4989394, "addr:city": "Nome", "website": "https://www.nortonsoundhealth.org/Locations/Norton-Sound-Regional-Hospital", "addr:country": null, "addr:province": null, "building:levels": null, "healthcare:speciality": null, "historic": null, "owner": null, "source": null, "wikidata": null, "alt_name": null, "shop": null, "contact:phone": null, "contact:website": null, "postal_code": null, "healthcare:for": null, "description": null, "gnis:feature_id": null, "image": null, "note": null, "operator": null, "operator:type": null, "source:date": null, "source_ref": null, "brand": null, "brand:wikidata": null, "ele": null, "height": null, "name:tli": null, "dispensing": null, "operator:wikidata": null, "operator:wikipedia": null, "addr:unit": null, "amenity_1": null, "healthcare:counselling": null, "wikipedia": null, "office": null, "health_facility_type": null, "health_person:type": null, "old_name": null, "fax": null, "contact:facebook": null, "contact:instagram": null, "email": null, "start_date": null, "payment:cash": null, "payment:credit_cards": null, "payment:debit_cards": null, "landuse": null, "addr:housename": null, "wheelchair": null, "addr:full": null, "level": null, "urgent_care": null, "name:en": null, "health_facility": null, "drive_through": null, "payment:apple_pay": null, "contact:twitter": null, "not:brand:wikidata": null, "check_date:opening_hours": null, "payment:american_express": null, "payment:cheque": null, "payment:discover_card": null, "payment:mastercard": null, "payment:visa": null, "brand:website": null, "short_name": null, "branch": null, "facebook": null, "check_date": null, "fixme": null, "operator:short": null }, "geometry": { "type": "Point", "coordinates": [ -165.378329400000013, 64.4989394 ] } },
{ "type": "Feature", "properties": { "addr:street": "Providence Drive", "amenity": "hospital", "building": null, "healthcare": "hospital", "name": "Providence Alaska Medical Center", "opening_hours": "24-Jul", "lon": -149.8200356, "lat": 61.1871232, "addr:city": "Anchorage", "website": "https://alaska.providence.org/locations/p/pamc", "addr:country": null, "addr:province": null, "building:levels": null, "healthcare:speciality": null, "historic": null, "owner": null, "source": null, "wikidata": "Q7252388", "alt_name": null, "shop": null, "contact:phone": null, "contact:website": null, "postal_code": null, "healthcare:for": null, "description": null, "gnis:feature_id": null, "image": null, "note": null, "operator": null, "operator:type": null, "source:date": null, "source_ref": null, "brand": null, "brand:wikidata": null, "ele": null, "height": null, "name:tli": null, "dispensing": null, "operator:wikidata": null, "operator:wikipedia": null, "addr:unit": null, "amenity_1": null, "healthcare:counselling": null, "wikipedia": "en:Providence Alaska Medical Center", "office": null, "health_facility_type": null, "health_person:type": null, "old_name": null, "fax": null, "contact:facebook": null, "contact:instagram": null, "email": null, "start_date": null, "payment:cash": null, "payment:credit_cards": null, "payment:debit_cards": null, "landuse": null, "addr:housename": null, "wheelchair": null, "addr:full": null, "level": null, "urgent_care": null, "name:en": null, "health_facility": null, "drive_through": null, "payment:apple_pay": null, "contact:twitter": null, "not:brand:wikidata": null, "check_date:opening_hours": null, "payment:american_express": null, "payment:cheque": null, "payment:discover_card": null, "payment:mastercard": null, "payment:visa": null, "brand:website": null, "short_name": null, "branch": null, "facebook": null, "check_date": null, "fixme": null, "operator:short": null }, "geometry": { "type": "Point", "coordinates": [ -149.820035600000011, 61.1871232 ] } },
{ "type": "Feature", "properties": { "addr:street": "Debarr Road", "amenity": "hospital", "building": null, "healthcare": "hospital", "name": "Alaska Regional Hospital", "opening_hours": null, "lon": -149.8307617, "lat": 61.2102248, "addr:city": "Anchorage", "website": "https://alaskaregional.com/", "addr:country": null, "addr:province": null, "building:levels": null, "healthcare:speciality": null, "historic": null, "owner": null, "source": "Bing", "wikidata": null, "alt_name": null, "shop": null, "contact:phone": null, "contact:website": null, "postal_code": null, "healthcare:for": null, "description": null, "gnis:feature_id": null, "image": null, "note": null, "operator": null, "operator:type": null, "source:date": null, "source_ref": null, "brand": null, "brand:wikidata": null, "ele": null, "height": null, "name:tli": null, "dispensing": null, "operator:wikidata": null, "operator:wikipedia": null, "addr:unit": null, "amenity_1": null, "healthcare:counselling": null, "wikipedia": null, "office": null, "health_facility_type": null, "health_person:type": null, "old_name": null, "fax": null, "contact:facebook": null, "contact:instagram": null, "email": null, "start_date": null, "payment:cash": null, "payment:credit_cards": null, "payment:debit_cards": null, "landuse": null, "addr:housename": null, "wheelchair": null, "addr:full": null, "level": null, "urgent_care": null, "name:en": null, "health_facility": null, "drive_through": null, "payment:apple_pay": null, "contact:twitter": null, "not:brand:wikidata": null, "check_date:opening_hours": null, "payment:american_express": null, "payment:cheque": null, "payment:discover_card": null, "payment:mastercard": null, "payment:visa": null, "brand:website": null, "short_name": null, "branch": null, "facebook": null, "check_date": null, "fixme": null, "operator:short": null }, "geometry": { "type": "Point", "coordinates": [ -149.830761700000011, 61.2102248 ] } },
{ "type": "Feature", "properties": { "addr:street": null, "amenity": "doctors", "building": "yes", "healthcare": null, "name": null, "opening_hours": null, "lon": -134.4674796, "lat": 58.3298538, "addr:city": null, "website": null, "addr:country": null, "addr:province": null, "building:levels": null, "healthcare:speciality": null, "historic": null, "owner": null, "source": null, "wikidata": null, "alt_name": null, "shop": null, "contact:phone": null, "contact:website": null, "postal_code": null, "healthcare:for": null, "description": null, "gnis:feature_id": null, "image": null, "note": null, "operator": null, "operator:type": null, "source:date": null, "source_ref": null, "brand": null, "brand:wikidata": null, "ele": null, "height": null, "name:tli": null, "dispensing": null, "operator:wikidata": null, "operator:wikipedia": null, "addr:unit": null, "amenity_1": null, "healthcare:counselling": null, "wikipedia": null, "office": null, "health_facility_type": null, "health_person:type": null, "old_name": null, "fax": null, "contact:facebook": null, "contact:instagram": null, "email": null, "start_date": null, "payment:cash": null, "payment:credit_cards": null, "payment:debit_cards": null, "landuse": null, "addr:housename": null, "wheelchair": null, "addr:full": null, "level": null, "urgent_care": null, "name:en": null, "health_facility": null, "drive_through": null, "payment:apple_pay": null, "contact:twitter": null, "not:brand:wikidata": null, "check_date:opening_hours": null, "payment:american_express": null, "payment:cheque": null, "payment:discover_card": null, "payment:mastercard": null, "payment:visa": null, "brand:website": null, "short_name": null, "branch": null, "facebook": null, "check_date": null, "fixme": null, "operator:short": null }, "geometry": { "type": "Point", "coordinates": [ -134.4674796, 58.3298538 ] } },
{ "type": "Feature", "properties": { "addr:street": null, "amenity": "doctors", "building": "yes", "healthcare": null, "name": null, "opening_hours": null, "lon": -134.4677896, "lat": 58.3295366, "addr:city": null, "website": null, "addr:country": null, "addr:province": null, "building:levels": null, "healthcare:speciality": null, "historic": null, "owner": null, "source": null, "wikidata": null, "alt_name": null, "shop": null, "contact:phone": null, "contact:website": null, "postal_code": null, "healthcare:for": null, "description": null, "gnis:feature_id": null, "image": null, "note": null, "operator": null, "operator:type": null, "source:date": null, "source_ref": null, "brand": null, "brand:wikidata": null, "ele": null, "height": null, "name:tli": null, "dispensing": null, "operator:wikidata": null, "operator:wikipedia": null, "addr:unit": null, "amenity_1": null, "healthcare:counselling": null, "wikipedia": null, "office": null, "health_facility_type": null, "health_person:type": null, "old_name": null, "fax": null, "contact:facebook": null, "contact:instagram": null, "email": null, "start_date": null, "payment:cash": null, "payment:credit_cards": null, "payment:debit_cards": null, "landuse": null, "addr:housename": null, "wheelchair": null, "addr:full": null, "level": null, "urgent_care": null, "name:en": null, "health_facility": null, "drive_through": null, "payment:apple_pay": null, "contact:twitter": null, "not:brand:wikidata": null, "check_date:opening_hours": null, "payment:american_express": null, "payment:cheque": null, "payment:discover_card": null, "payment:mastercard": null, "payment:visa": null, "brand:website": null, "short_name": null, "branch": null, "facebook": null, "check_date": null, "fixme": null, "operator:short": null }, "geometry": { "type": "Point", "coordinates": [ -134.4677896, 58.3295366 ] } },
{ "type": "Feature", "properties": { "addr:street": null, "amenity": "clinic", "building": "yes", "healthcare": "clinic", "name": null, "opening_hours": null, "lon": -134.4649914, "lat": 58.3309747, "addr:city": null, "website": null, "addr:country": null, "addr:province": null, "building:levels": null, "healthcare:speciality": null, "historic": null, "owner": null, "source": null, "wikidata": null, "alt_name": null, "shop": null, "contact:phone": null, "contact:website": null, "postal_code": null, "healthcare:for": null, "description": null, "gnis:feature_id": null, "image": null, "note": null, "operator": null, "operator:type": null, "source:date": null, "source_ref": null, "brand": null, "brand:wikidata": null, "ele": null, "height": null, "name:tli": null, "dispensing": null, "operator:wikidata": null, "operator:wikipedia": null, "addr:unit": null, "amenity_1": null, "healthcare:counselling": null, "wikipedia": null, "office": null, "health_facility_type": null, "health_person:type": null, "old_name": null, "fax": null, "contact:facebook": null, "contact:instagram": null, "email": null, "start_date": null, "payment:cash": null, "payment:credit_cards": null, "payment:debit_cards": null, "landuse": null, "addr:housename": null, "wheelchair": null, "addr:full": null, "level": null, "urgent_care": null, "name:en": null, "health_facility": null, "drive_through": null, "payment:apple_pay": null, "contact:twitter": null, "not:brand:wikidata": null, "check_date:opening_hours": null, "payment:american_express": null, "payment:cheque": null, "payment:discover_card": null, "payment:mastercard": null, "payment:visa": null, "brand:website": null, "short_name": null, "branch": null, "facebook": null, "check_date": null, "fixme": null, "operator:short": null }, "geometry": { "type": "Point", "coordinates": [ -134.4649914, 58.3309747 ] } },
{ "type": "Feature", "properties": { "addr:street": null, "amenity": "clinic", "building": "yes", "healthcare": "clinic", "name": "Atka Medical Clinic", "opening_hours": null, "lon": -174.1978573, "lat": 52.2006793, "addr:city": null, "website": null, "addr:country": null, "addr:province": null, "building:levels": null, "healthcare:speciality": null, "historic": null, "owner": null, "source": null, "wikidata": null, "alt_name": null, "shop": null, "contact:phone": null, "contact:website": null, "postal_code": null, "healthcare:for": null, "description": null, "gnis:feature_id": null, "image": null, "note": null, "operator": null, "operator:type": null, "source:date": null, "source_ref": null, "brand": null, "brand:wikidata": null, "ele": null, "height": null, "name:tli": null, "dispensing": null, "operator:wikidata": null, "operator:wikipedia": null, "addr:unit": null, "amenity_1": null, "healthcare:counselling": null, "wikipedia": null, "office": null, "health_facility_type": null, "health_person:type": null, "old_name": null, "fax": null, "contact:facebook": null, "contact:instagram": null, "email": null, "start_date": null, "payment:cash": null, "payment:credit_cards": null, "payment:debit_cards": null, "landuse": null, "addr:housename": null, "wheelchair": null, "addr:full": null, "level": null, "urgent_care": null, "name:en": null, "health_facility": null, "drive_through": null, "payment:apple_pay": null, "contact:twitter": null, "not:brand:wikidata": null, "check_date:opening_hours": null, "payment:american_express": null, "payment:cheque": null, "payment:discover_card": null, "payment:mastercard": null, "payment:visa": null, "brand:website": null, "short_name": null, "branch": null, "facebook": null, "check_date": null, "fixme": null, "operator:short": null }, "geometry": { "type": "Point", "coordinates": [ -174.19785730000001, 52.2006793 ] } },
{ "type": "Feature", "properties": { "addr:street": null, "amenity": "clinic", "building": "yes", "healthcare": "clinic", "name": null, "opening_hours": null, "lon": -149.3697476, "lat": 61.5862972, "addr:city": null, "website": null, "addr:country": null, "addr:province": null, "building:levels": null, "healthcare:speciality": null, "historic": null, "owner": null, "source": null, "wikidata": null, "alt_name": null, "shop": null, "contact:phone": null, "contact:website": null, "postal_code": null, "healthcare:for": null, "description": null, "gnis:feature_id": null, "image": null, "note": null, "operator": null, "operator:type": null, "source:date": null, "source_ref": null, "brand": null, "brand:wikidata": null, "ele": null, "height": null, "name:tli": null, "dispensing": null, "operator:wikidata": null, "operator:wikipedia": null, "addr:unit": null, "amenity_1": null, "healthcare:counselling": null, "wikipedia": null, "office": null, "health_facility_type": null, "health_person:type": null, "old_name": null, "fax": null, "contact:facebook": null, "contact:instagram": null, "email": null, "start_date": null, "payment:cash": null, "payment:credit_cards": null, "payment:debit_cards": null, "landuse": null, "addr:housename": null, "wheelchair": null, "addr:full": null, "level": null, "urgent_care": null, "name:en": null, "health_facility": null, "drive_through": null, "payment:apple_pay": null, "contact:twitter": null, "not:brand:wikidata": null, "check_date:opening_hours": null, "payment:american_express": null, "payment:cheque": null, "payment:discover_card": null, "payment:mastercard": null, "payment:visa": null, "brand:website": null, "short_name": null, "branch": null, "facebook": null, "check_date": null, "fixme": null, "operator:short": null }, "geometry": { "type": "Point", "coordinates": [ -149.369747600000011, 61.5862972 ] } },
{ "type": "Feature", "properties": { "addr:street": null, "amenity": "clinic", "building": "yes", "healthcare": "clinic", "name": "Cornerstone Health Alaska", "opening_hours": null, "lon": -149.8422303, "lat": 61.1380119, "addr:city": null, "website": null, "addr:country": null, "addr:province": null, "building:levels": null, "healthcare:speciality": null, "historic": null, "owner": null, "source": null, "wikidata": null, "alt_name": null, "shop": null, "contact:phone": null, "contact:website": null, "postal_code": null, "healthcare:for": null, "description": null, "gnis:feature_id": null, "image": null, "note": null, "operator": null, "operator:type": null, "source:date": null, "source_ref": null, "brand": null, "brand:wikidata": null, "ele": null, "height": null, "name:tli": null, "dispensing": null, "operator:wikidata": null, "operator:wikipedia": null, "addr:unit": null, "amenity_1": null, "healthcare:counselling": null, "wikipedia": null, "office": null, "health_facility_type": null, "health_person:type": null, "old_name": null, "fax": null, "contact:facebook": null, "contact:instagram": null, "email": null, "start_date": null, "payment:cash": null, "payment:credit_cards": null, "payment:debit_cards": null, "landuse": null, "addr:housename": null, "wheelchair": null, "addr:full": null, "level": null, "urgent_care": null, "name:en": null, "health_facility": null, "drive_through": null, "payment:apple_pay": null, "contact:twitter": null, "not:brand:wikidata": null, "check_date:opening_hours": null, "payment:american_express": null, "payment:cheque": null, "payment:discover_card": null, "payment:mastercard": null, "payment:visa": null, "brand:website": null, "short_name": null, "branch": null, "facebook": null, "check_date": null, "fixme": null, "operator:short": null }, "geometry": { "type": "Point", "coordinates": [ -149.842230300000011, 61.1380119 ] } },
{ "type": "Feature", "properties": { "addr:street": null, "amenity": "clinic", "building": "yes", "healthcare": null, "name": "Health Clinic", "opening_hours": null, "lon": -163.0122489, "lat": 69.7410331, "addr:city": null, "website": null, "addr:country": null, "addr:province": null, "building:levels": null, "healthcare:speciality": null, "historic": null, "owner": null, "source": null, "wikidata": null, "alt_name": null, "shop": null, "contact:phone": null, "contact:website": null, "postal_code": null, "healthcare:for": null, "description": null, "gnis:feature_id": null, "image": null, "note": null, "operator": null, "operator:type": null, "source:date": null, "source_ref": null, "brand": null, "brand:wikidata": null, "ele": null, "height": null, "name:tli": null, "dispensing": null, "operator:wikidata": null, "operator:wikipedia": null, "addr:unit": null, "amenity_1": null, "healthcare:counselling": null, "wikipedia": null, "office": null, "health_facility_type": null, "health_person:type": null, "old_name": null, "fax": null, "contact:facebook": null, "contact:instagram": null, "email": null, "start_date": null, "payment:cash": null, "payment:credit_cards": null, "payment:debit_cards": null, "landuse": null, "addr:housename": null, "wheelchair": null, "addr:full": null, "level": null, "urgent_care": null, "name:en": null, "health_facility": null, "drive_through": null, "payment:apple_pay": null, "contact:twitter": null, "not:brand:wikidata": null, "check_date:opening_hours": null, "payment:american_express": null, "payment:cheque": null, "payment:discover_card": null, "payment:mastercard": null, "payment:visa": null, "brand:website": null, "short_name": null, "branch": null, "facebook": null, "check_date": null, "fixme": null, "operator:short": null }, "geometry": { "type": "Point", "coordinates": [ -163.0122489, 69.7410331 ] } },
{ "type": "Feature", "properties": { "addr:street": "Qalgi Avenue", "amenity": "clinic", "building": "yes", "healthcare": "clinic", "name": "Point Hope Health Clinic", "opening_hours": null, "lon": -166.7363244, "lat": 68.3482553, "addr:city": "Point Hope", "website": null, "addr:country": null, "addr:province": null, "building:levels": null, "healthcare:speciality": null, "historic": null, "owner": null, "source": null, "wikidata": null, "alt_name": null, "shop": null, "contact:phone": null, "contact:website": null, "postal_code": null, "healthcare:for": null, "description": null, "gnis:feature_id": null, "image": null, "note": null, "operator": null, "operator:type": null, "source:date": null, "source_ref": null, "brand": null, "brand:wikidata": null, "ele": null, "height": null, "name:tli": null, "dispensing": null, "operator:wikidata": null, "operator:wikipedia": null, "addr:unit": null, "amenity_1": null, "healthcare:counselling": null, "wikipedia": null, "office": null, "health_facility_type": null, "health_person:type": null, "old_name": null, "fax": null, "contact:facebook": null, "contact:instagram": null, "email": null, "start_date": null, "payment:cash": null, "payment:credit_cards": null, "payment:debit_cards": null, "landuse": null, "addr:housename": null, "wheelchair": null, "addr:full": null, "level": null, "urgent_care": null, "name:en": null, "health_facility": null, "drive_through": null, "payment:apple_pay": null, "contact:twitter": null, "not:brand:wikidata": null, "check_date:opening_hours": null, "payment:american_express": null, "payment:cheque": null, "payment:discover_card": null, "payment:mastercard": null, "payment:visa": null, "brand:website": null, "short_name": null, "branch": null, "facebook": null, "check_date": null, "fixme": null, "operator:short": null }, "geometry": { "type": "Point", "coordinates": [ -166.7363244, 68.3482553 ] } },
{ "type": "Feature", "properties": { "addr:street": null, "amenity": "hospital", "building": "yes", "healthcare": null, "name": null, "opening_hours": null, "lon": -157.4239735, "lat": 70.4817231, "addr:city": null, "website": null, "addr:country": null, "addr:province": null, "building:levels": null, "healthcare:speciality": null, "historic": null, "owner": null, "source": null, "wikidata": null, "alt_name": null, "shop": null, "contact:phone": null, "contact:website": null, "postal_code": null, "healthcare:for": null, "description": null, "gnis:feature_id": null, "image": null, "note": null, "operator": null, "operator:type": null, "source:date": null, "source_ref": null, "brand": null, "brand:wikidata": null, "ele": null, "height": null, "name:tli": null, "dispensing": null, "operator:wikidata": null, "operator:wikipedia": null, "addr:unit": null, "amenity_1": null, "healthcare:counselling": null, "wikipedia": null, "office": null, "health_facility_type": null, "health_person:type": null, "old_name": null, "fax": null, "contact:facebook": null, "contact:instagram": null, "email": null, "start_date": null, "payment:cash": null, "payment:credit_cards": null, "payment:debit_cards": null, "landuse": null, "addr:housename": null, "wheelchair": null, "addr:full": null, "level": null, "urgent_care": null, "name:en": null, "health_facility": null, "drive_through": null, "payment:apple_pay": null, "contact:twitter": null, "not:brand:wikidata": null, "check_date:opening_hours": null, "payment:american_express": null, "payment:cheque": null, "payment:discover_card": null, "payment:mastercard": null, "payment:visa": null, "brand:website": null, "short_name": null, "branch": null, "facebook": null, "check_date": null, "fixme": null, "operator:short": null }, "geometry": { "type": "Point", "coordinates": [ -157.423973499999988, 70.4817231 ] } },
{ "type": "Feature", "properties": { "addr:street": null, "amenity": "clinic", "building": "yes", "healthcare": "clinic", "name": null, "opening_hours": null, "lon": -168.859824, "lat": 52.9384958, "addr:city": null, "website": null, "addr:country": null, "addr:province": null, "building:levels": null, "healthcare:speciality": null, "historic": null, "owner": null, "source": null, "wikidata": null, "alt_name": null, "shop": null, "contact:phone": null, "contact:website": null, "postal_code": null, "healthcare:for": null, "description": null, "gnis:feature_id": null, "image": null, "note": null, "operator": null, "operator:type": null, "source:date": null, "source_ref": null, "brand": null, "brand:wikidata": null, "ele": null, "height": null, "name:tli": null, "dispensing": null, "operator:wikidata": null, "operator:wikipedia": null, "addr:unit": null, "amenity_1": null, "healthcare:counselling": null, "wikipedia": null, "office": null, "health_facility_type": null, "health_person:type": null, "old_name": null, "fax": null, "contact:facebook": null, "contact:instagram": null, "email": null, "start_date": null, "payment:cash": null, "payment:credit_cards": null, "payment:debit_cards": null, "landuse": null, "addr:housename": null, "wheelchair": null, "addr:full": null, "level": null, "urgent_care": null, "name:en": null, "health_facility": null, "drive_through": null, "payment:apple_pay": null, "contact:twitter": null, "not:brand:wikidata": null, "check_date:opening_hours": null, "payment:american_express": null, "payment:cheque": null, "payment:discover_card": null, "payment:mastercard": null, "payment:visa": null, "brand:website": null, "short_name": null, "branch": null, "facebook": null, "check_date": null, "fixme": null, "operator:short": null }, "geometry": { "type": "Point", "coordinates": [ -168.859824, 52.9384958 ] } },
{ "type": "Feature", "properties": { "addr:street": "Uula Street", "amenity": "hospital", "building": null, "healthcare": "hospital", "name": "Samuel Simmonds Memorial Hospital", "opening_hours": "24-Jul", "lon": -156.7296258, "lat": 71.2973925, "addr:city": "Utkiagvik", "website": "https://www.arcticslope.org/services/hospital-services/", "addr:country": null, "addr:province": null, "building:levels": null, "healthcare:speciality": null, "historic": null, "owner": null, "source": null, "wikidata": null, "alt_name": null, "shop": null, "contact:phone": null, "contact:website": null, "postal_code": null, "healthcare:for": null, "description": null, "gnis:feature_id": null, "image": null, "note": null, "operator": "Arctic Slope Native Association", "operator:type": null, "source:date": null, "source_ref": null, "brand": null, "brand:wikidata": null, "ele": null, "height": null, "name:tli": null, "dispensing": null, "operator:wikidata": null, "operator:wikipedia": null, "addr:unit": null, "amenity_1": null, "healthcare:counselling": null, "wikipedia": null, "office": null, "health_facility_type": null, "health_person:type": null, "old_name": null, "fax": null, "contact:facebook": null, "contact:instagram": null, "email": null, "start_date": null, "payment:cash": null, "payment:credit_cards": null, "payment:debit_cards": null, "landuse": null, "addr:housename": null, "wheelchair": null, "addr:full": null, "level": null, "urgent_care": null, "name:en": null, "health_facility": null, "drive_through": null, "payment:apple_pay": null, "contact:twitter": null, "not:brand:wikidata": null, "check_date:opening_hours": null, "payment:american_express": null, "payment:cheque": null, "payment:discover_card": null, "payment:mastercard": null, "payment:visa": null, "brand:website": null, "short_name": null, "branch": null, "facebook": null, "check_date": null, "fixme": null, "operator:short": null }, "geometry": { "type": "Point", "coordinates": [ -156.7296258, 71.2973925 ] } },
{ "type": "Feature", "properties": { "addr:street": "North Fireweed Street", "amenity": "clinic", "building": "office", "healthcare": "clinic", "name": "Advanced Biomechanics, Inc.", "opening_hours": null, "lon": -151.080292, "lat": 60.4918293, "addr:city": "Soldotna", "website": "https://akbiomech.com/", "addr:country": null, "addr:province": null, "building:levels": null, "healthcare:speciality": null, "historic": null, "owner": null, "source": "personal_knowledge", "wikidata": null, "alt_name": null, "shop": null, "contact:phone": null, "contact:website": null, "postal_code": 99669.0, "healthcare:for": null, "description": null, "gnis:feature_id": null, "image": null, "note": null, "operator": "Eric O'Guinn", "operator:type": null, "source:date": null, "source_ref": null, "brand": null, "brand:wikidata": null, "ele": null, "height": null, "name:tli": null, "dispensing": null, "operator:wikidata": null, "operator:wikipedia": null, "addr:unit": null, "amenity_1": null, "healthcare:counselling": null, "wikipedia": null, "office": "yes", "health_facility_type": null, "health_person:type": null, "old_name": null, "fax": null, "contact:facebook": null, "contact:instagram": null, "email": null, "start_date": null, "payment:cash": null, "payment:credit_cards": null, "payment:debit_cards": null, "landuse": null, "addr:housename": null, "wheelchair": null, "addr:full": null, "level": null, "urgent_care": null, "name:en": null, "health_facility": null, "drive_through": null, "payment:apple_pay": null, "contact:twitter": null, "not:brand:wikidata": null, "check_date:opening_hours": null, "payment:american_express": null, "payment:cheque": null, "payment:discover_card": null, "payment:mastercard": null, "payment:visa": null, "brand:website": null, "short_name": null, "branch": null, "facebook": null, "check_date": null, "fixme": null, "operator:short": null }, "geometry": { "type": "Point", "coordinates": [ -151.080292, 60.4918293 ] } },
{ "type": "Feature", "properties": { "addr:street": null, "amenity": "clinic", "building": "yes", "healthcare": "clinic", "name": "Homer Birth & Wellness Center", "opening_hours": null, "lon": -151.5420119, "lat": 59.646851, "addr:city": null, "website": null, "addr:country": null, "addr:province": null, "building:levels": null, "healthcare:speciality": null, "historic": null, "owner": "Sarah Robertson", "source": "geolocated photo;survey", "wikidata": null, "alt_name": null, "shop": null, "contact:phone": null, "contact:website": null, "postal_code": null, "healthcare:for": null, "description": null, "gnis:feature_id": null, "image": null, "note": null, "operator": null, "operator:type": null, "source:date": null, "source_ref": null, "brand": null, "brand:wikidata": null, "ele": null, "height": null, "name:tli": null, "dispensing": null, "operator:wikidata": null, "operator:wikipedia": null, "addr:unit": null, "amenity_1": null, "healthcare:counselling": null, "wikipedia": null, "office": null, "health_facility_type": "clinic", "health_person:type": "midwife", "old_name": null, "fax": null, "contact:facebook": null, "contact:instagram": null, "email": null, "start_date": null, "payment:cash": null, "payment:credit_cards": null, "payment:debit_cards": null, "landuse": null, "addr:housename": null, "wheelchair": null, "addr:full": null, "level": null, "urgent_care": null, "name:en": null, "health_facility": null, "drive_through": null, "payment:apple_pay": null, "contact:twitter": null, "not:brand:wikidata": null, "check_date:opening_hours": null, "payment:american_express": null, "payment:cheque": null, "payment:discover_card": null, "payment:mastercard": null, "payment:visa": null, "brand:website": null, "short_name": null, "branch": null, "facebook": null, "check_date": null, "fixme": null, "operator:short": null }, "geometry": { "type": "Point", "coordinates": [ -151.5420119, 59.646851 ] } },
{ "type": "Feature", "properties": { "addr:street": "Tongass Avenue", "amenity": "hospital", "building": "yes", "healthcare": "hospital", "name": "Peace Health Ketchikan Medical Ceneter", "opening_hours": null, "lon": -131.6869084, "lat": 55.3535059, "addr:city": "Ketchikan", "website": null, "addr:country": null, "addr:province": null, "building:levels": null, "healthcare:speciality": null, "historic": null, "owner": null, "source": "Employee", "wikidata": null, "alt_name": null, "shop": null, "contact:phone": null, "contact:website": null, "postal_code": null, "healthcare:for": null, "description": null, "gnis:feature_id": null, "image": null, "note": null, "operator": "PeaceHealth", "operator:type": null, "source:date": null, "source_ref": null, "brand": null, "brand:wikidata": null, "ele": null, "height": null, "name:tli": null, "dispensing": null, "operator:wikidata": "Q16966652", "operator:wikipedia": "en:PeaceHealth", "addr:unit": null, "amenity_1": null, "healthcare:counselling": null, "wikipedia": null, "office": null, "health_facility_type": null, "health_person:type": null, "old_name": null, "fax": null, "contact:facebook": null, "contact:instagram": null, "email": null, "start_date": null, "payment:cash": null, "payment:credit_cards": null, "payment:debit_cards": null, "landuse": null, "addr:housename": null, "wheelchair": null, "addr:full": null, "level": null, "urgent_care": null, "name:en": null, "health_facility": null, "drive_through": null, "payment:apple_pay": null, "contact:twitter": null, "not:brand:wikidata": null, "check_date:opening_hours": null, "payment:american_express": null, "payment:cheque": null, "payment:discover_card": null, "payment:mastercard": null, "payment:visa": null, "brand:website": null, "short_name": null, "branch": null, "facebook": null, "check_date": null, "fixme": null, "operator:short": null }, "geometry": { "type": "Point", "coordinates": [ -131.6869084, 55.3535059 ] } },
{ "type": "Feature", "properties": { "addr:street": null, "amenity": "clinic", "building": "yes", "healthcare": "clinic", "name": "Anna Livingston Medical Clinic", "opening_hours": null, "lon": -162.718147, "lat": 55.2010383, "addr:city": null, "website": null, "addr:country": null, "addr:province": null, "building:levels": 1.0, "healthcare:speciality": null, "historic": null, "owner": null, "source": null, "wikidata": null, "alt_name": null, "shop": null, "contact:phone": null, "contact:website": null, "postal_code": null, "healthcare:for": null, "description": null, "gnis:feature_id": null, "image": null, "note": null, "operator": "Eastern Aleutian Tribes", "operator:type": null, "source:date": null, "source_ref": null, "brand": null, "brand:wikidata": null, "ele": null, "height": null, "name:tli": null, "dispensing": null, "operator:wikidata": null, "operator:wikipedia": null, "addr:unit": null, "amenity_1": null, "healthcare:counselling": null, "wikipedia": null, "office": null, "health_facility_type": null, "health_person:type": null, "old_name": null, "fax": null, "contact:facebook": null, "contact:instagram": null, "email": null, "start_date": null, "payment:cash": null, "payment:credit_cards": null, "payment:debit_cards": null, "landuse": null, "addr:housename": null, "wheelchair": null, "addr:full": null, "level": null, "urgent_care": null, "name:en": null, "health_facility": null, "drive_through": null, "payment:apple_pay": null, "contact:twitter": null, "not:brand:wikidata": null, "check_date:opening_hours": null, "payment:american_express": null, "payment:cheque": null, "payment:discover_card": null, "payment:mastercard": null, "payment:visa": null, "brand:website": null, "short_name": null, "branch": null, "facebook": null, "check_date": null, "fixme": null, "operator:short": null }, "geometry": { "type": "Point", "coordinates": [ -162.718147, 55.2010383 ] } },
{ "type": "Feature", "properties": { "addr:street": null, "amenity": "pharmacy", "building": "yes", "healthcare": "pharmacy", "name": "Walgreens", "opening_hours": null, "lon": -149.7393349, "lat": 61.2092421, "addr:city": null, "website": null, "addr:country": null, "addr:province": null, "building:levels": null, "healthcare:speciality": null, "historic": null, "owner": null, "source": null, "wikidata": null, "alt_name": null, "shop": null, "contact:phone": null, "contact:website": null, "postal_code": null, "healthcare:for": null, "description": null, "gnis:feature_id": null, "image": null, "note": null, "operator": null, "operator:type": null, "source:date": null, "source_ref": null, "brand": "Walgreens", "brand:wikidata": "Q1591889", "ele": null, "height": null, "name:tli": null, "dispensing": null, "operator:wikidata": null, "operator:wikipedia": null, "addr:unit": null, "amenity_1": null, "healthcare:counselling": null, "wikipedia": null, "office": null, "health_facility_type": null, "health_person:type": null, "old_name": null, "fax": null, "contact:facebook": null, "contact:instagram": null, "email": null, "start_date": null, "payment:cash": null, "payment:credit_cards": null, "payment:debit_cards": null, "landuse": null, "addr:housename": null, "wheelchair": null, "addr:full": null, "level": null, "urgent_care": null, "name:en": null, "health_facility": null, "drive_through": null, "payment:apple_pay": null, "contact:twitter": null, "not:brand:wikidata": null, "check_date:opening_hours": null, "payment:american_express": null, "payment:cheque": null, "payment:discover_card": null, "payment:mastercard": null, "payment:visa": null, "brand:website": null, "short_name": null, "branch": null, "facebook": null, "check_date": null, "fixme": null, "operator:short": null }, "geometry": { "type": "Point", "coordinates": [ -149.739334899999989, 61.2092421 ] } },
{ "type": "Feature", "properties": { "addr:street": null, "amenity": "hospital", "building": "hospital", "healthcare": "hospital", "name": "North Star Behavorial Hospital", "opening_hours": null, "lon": -149.8335677, "lat": 61.2078072, "addr:city": null, "website": null, "addr:country": null, "addr:province": null, "building:levels": null, "healthcare:speciality": null, "historic": null, "owner": null, "source": null, "wikidata": null, "alt_name": null, "shop": null, "contact:phone": null, "contact:website": null, "postal_code": null, "healthcare:for": null, "description": null, "gnis:feature_id": null, "image": null, "note": null, "operator": null, "operator:type": null, "source:date": null, "source_ref": null, "brand": null, "brand:wikidata": null, "ele": null, "height": null, "name:tli": null, "dispensing": null, "operator:wikidata": null, "operator:wikipedia": null, "addr:unit": null, "amenity_1": null, "healthcare:counselling": null, "wikipedia": null, "office": null, "health_facility_type": null, "health_person:type": null, "old_name": null, "fax": null, "contact:facebook": null, "contact:instagram": null, "email": null, "start_date": null, "payment:cash": null, "payment:credit_cards": null, "payment:debit_cards": null, "landuse": null, "addr:housename": null, "wheelchair": null, "addr:full": null, "level": null, "urgent_care": null, "name:en": null, "health_facility": null, "drive_through": null, "payment:apple_pay": null, "contact:twitter": null, "not:brand:wikidata": null, "check_date:opening_hours": null, "payment:american_express": null, "payment:cheque": null, "payment:discover_card": null, "payment:mastercard": null, "payment:visa": null, "brand:website": null, "short_name": null, "branch": null, "facebook": null, "check_date": null, "fixme": null, "operator:short": null }, "geometry": { "type": "Point", "coordinates": [ -149.8335677, 61.2078072 ] } },
{ "type": "Feature", "properties": { "addr:street": "Industry Way", "amenity": "doctors", "building": null, "healthcare": "doctor", "name": "Primary Care Associates", "opening_hours": "08:00-21:00; PH \"Call ahead\"", "lon": -149.8625692, "lat": 61.1091108, "addr:city": "Anchorage", "website": "https://www.primarycareak.com/centers/south-anchorage.html", "addr:country": "US", "addr:province": null, "building:levels": null, "healthcare:speciality": null, "historic": null, "owner": null, "source": null, "wikidata": null, "alt_name": null, "shop": null, "contact:phone": null, "contact:website": null, "postal_code": null, "healthcare:for": null, "description": null, "gnis:feature_id": null, "image": null, "note": null, "operator": null, "operator:type": null, "source:date": null, "source_ref": null, "brand": null, "brand:wikidata": null, "ele": null, "height": null, "name:tli": null, "dispensing": null, "operator:wikidata": null, "operator:wikipedia": null, "addr:unit": null, "amenity_1": null, "healthcare:counselling": null, "wikipedia": null, "office": null, "health_facility_type": null, "health_person:type": null, "old_name": null, "fax": null, "contact:facebook": null, "contact:instagram": null, "email": null, "start_date": null, "payment:cash": null, "payment:credit_cards": null, "payment:debit_cards": null, "landuse": null, "addr:housename": null, "wheelchair": null, "addr:full": null, "level": null, "urgent_care": null, "name:en": null, "health_facility": null, "drive_through": null, "payment:apple_pay": null, "contact:twitter": null, "not:brand:wikidata": null, "check_date:opening_hours": null, "payment:american_express": null, "payment:cheque": null, "payment:discover_card": null, "payment:mastercard": null, "payment:visa": null, "brand:website": null, "short_name": null, "branch": null, "facebook": null, "check_date": null, "fixme": null, "operator:short": null }, "geometry": { "type": "Point", "coordinates": [ -149.8625692, 61.1091108 ] } },
{ "type": "Feature", "properties": { "addr:street": "Bartlett Street", "amenity": "hospital", "building": null, "healthcare": "hospital", "name": "South Peninsula Hospital", "opening_hours": "24-Jul", "lon": -151.5500971, "lat": 59.6523767, "addr:city": "Homer", "website": "https://www.sphosp.org/", "addr:country": null, "addr:province": null, "building:levels": null, "healthcare:speciality": null, "historic": null, "owner": null, "source": null, "wikidata": null, "alt_name": null, "shop": null, "contact:phone": null, "contact:website": null, "postal_code": null, "healthcare:for": null, "description": null, "gnis:feature_id": null, "image": null, "note": null, "operator": null, "operator:type": null, "source:date": null, "source_ref": null, "brand": null, "brand:wikidata": null, "ele": null, "height": null, "name:tli": null, "dispensing": null, "operator:wikidata": null, "operator:wikipedia": null, "addr:unit": null, "amenity_1": null, "healthcare:counselling": null, "wikipedia": null, "office": null, "health_facility_type": null, "health_person:type": null, "old_name": null, "fax": null, "contact:facebook": null, "contact:instagram": null, "email": null, "start_date": null, "payment:cash": null, "payment:credit_cards": null, "payment:debit_cards": null, "landuse": null, "addr:housename": null, "wheelchair": null, "addr:full": null, "level": null, "urgent_care": null, "name:en": null, "health_facility": null, "drive_through": null, "payment:apple_pay": null, "contact:twitter": null, "not:brand:wikidata": null, "check_date:opening_hours": null, "payment:american_express": null, "payment:cheque": null, "payment:discover_card": null, "payment:mastercard": null, "payment:visa": null, "brand:website": null, "short_name": null, "branch": null, "facebook": null, "check_date": null, "fixme": null, "operator:short": null }, "geometry": { "type": "Point", "coordinates": [ -151.550097099999988, 59.6523767 ] } },
{ "type": "Feature", "properties": { "addr:street": "Chase Avenue", "amenity": "hospital", "building": null, "healthcare": "hospital", "name": "Cordova Community Medical Center", "opening_hours": "24-Jul", "lon": -145.7512387, "lat": 60.540944, "addr:city": "Cordova", "website": "https://www.cdvcmc.com/", "addr:country": null, "addr:province": null, "building:levels": null, "healthcare:speciality": null, "historic": null, "owner": null, "source": null, "wikidata": null, "alt_name": null, "shop": null, "contact:phone": null, "contact:website": null, "postal_code": null, "healthcare:for": null, "description": null, "gnis:feature_id": null, "image": null, "note": null, "operator": null, "operator:type": null, "source:date": null, "source_ref": null, "brand": null, "brand:wikidata": null, "ele": null, "height": null, "name:tli": null, "dispensing": null, "operator:wikidata": null, "operator:wikipedia": null, "addr:unit": null, "amenity_1": null, "healthcare:counselling": null, "wikipedia": null, "office": null, "health_facility_type": null, "health_person:type": null, "old_name": null, "fax": null, "contact:facebook": null, "contact:instagram": null, "email": null, "start_date": null, "payment:cash": null, "payment:credit_cards": null, "payment:debit_cards": null, "landuse": null, "addr:housename": null, "wheelchair": null, "addr:full": null, "level": null, "urgent_care": null, "name:en": null, "health_facility": null, "drive_through": null, "payment:apple_pay": null, "contact:twitter": null, "not:brand:wikidata": null, "check_date:opening_hours": null, "payment:american_express": null, "payment:cheque": null, "payment:discover_card": null, "payment:mastercard": null, "payment:visa": null, "brand:website": null, "short_name": null, "branch": null, "facebook": null, "check_date": null, "fixme": null, "operator:short": null }, "geometry": { "type": "Point", "coordinates": [ -145.751238699999988, 60.540944 ] } },
{ "type": "Feature", "properties": { "addr:street": null, "amenity": "clinic", "building": "yes", "healthcare": "clinic", "name": "Katherine Miksruaq Olanna Memorial Clinic", "opening_hours": null, "lon": -166.0700993, "lat": 66.2548525, "addr:city": null, "website": null, "addr:country": null, "addr:province": null, "building:levels": null, "healthcare:speciality": null, "historic": null, "owner": null, "source": null, "wikidata": null, "alt_name": null, "shop": null, "contact:phone": null, "contact:website": null, "postal_code": null, "healthcare:for": null, "description": null, "gnis:feature_id": null, "image": null, "note": null, "operator": "Norton Sound Health Corporation", "operator:type": null, "source:date": null, "source_ref": null, "brand": null, "brand:wikidata": null, "ele": null, "height": null, "name:tli": null, "dispensing": null, "operator:wikidata": null, "operator:wikipedia": null, "addr:unit": null, "amenity_1": null, "healthcare:counselling": null, "wikipedia": null, "office": null, "health_facility_type": null, "health_person:type": null, "old_name": null, "fax": null, "contact:facebook": null, "contact:instagram": null, "email": null, "start_date": null, "payment:cash": null, "payment:credit_cards": null, "payment:debit_cards": null, "landuse": null, "addr:housename": null, "wheelchair": null, "addr:full": null, "level": null, "urgent_care": null, "name:en": null, "health_facility": null, "drive_through": null, "payment:apple_pay": null, "contact:twitter": null, "not:brand:wikidata": null, "check_date:opening_hours": null, "payment:american_express": null, "payment:cheque": null, "payment:discover_card": null, "payment:mastercard": null, "payment:visa": null, "brand:website": null, "short_name": null, "branch": null, "facebook": null, "check_date": null, "fixme": null, "operator:short": null }, "geometry": { "type": "Point", "coordinates": [ -166.07009930000001, 66.2548525 ] } },
{ "type": "Feature", "properties": { "addr:street": "1st Avenue", "amenity": "hospital", "building": null, "healthcare": "hospital", "name": "Providence Seward Medical Center", "opening_hours": "24-Jul", "lon": -149.4462618, "lat": 60.1052786, "addr:city": "Seward", "website": "https://alaska.providence.org/locations/p/psmcc", "addr:country": null, "addr:province": null, "building:levels": null, "healthcare:speciality": null, "historic": null, "owner": null, "source": null, "wikidata": null, "alt_name": null, "shop": null, "contact:phone": null, "contact:website": null, "postal_code": null, "healthcare:for": null, "description": null, "gnis:feature_id": null, "image": null, "note": null, "operator": "Providence Health & Services", "operator:type": null, "source:date": null, "source_ref": null, "brand": null, "brand:wikidata": null, "ele": null, "height": null, "name:tli": null, "dispensing": null, "operator:wikidata": "Q7252430", "operator:wikipedia": "en:Providence Health & Services", "addr:unit": null, "amenity_1": null, "healthcare:counselling": null, "wikipedia": null, "office": null, "health_facility_type": null, "health_person:type": null, "old_name": null, "fax": null, "contact:facebook": null, "contact:instagram": null, "email": null, "start_date": null, "payment:cash": null, "payment:credit_cards": null, "payment:debit_cards": null, "landuse": null, "addr:housename": null, "wheelchair": null, "addr:full": null, "level": null, "urgent_care": null, "name:en": null, "health_facility": null, "drive_through": null, "payment:apple_pay": null, "contact:twitter": null, "not:brand:wikidata": null, "check_date:opening_hours": null, "payment:american_express": null, "payment:cheque": null, "payment:discover_card": null, "payment:mastercard": null, "payment:visa": null, "brand:website": null, "short_name": null, "branch": null, "facebook": null, "check_date": null, "fixme": null, "operator:short": null }, "geometry": { "type": "Point", "coordinates": [ -149.4462618, 60.1052786 ] } },
{ "type": "Feature", "properties": { "addr:street": "Kanakanak Road", "amenity": "hospital", "building": null, "healthcare": "hospital", "name": "Kanakanak Hospital", "opening_hours": "24-Jul", "lon": -158.5363291, "lat": 59.0004725, "addr:city": "Dillingham", "website": "http://www.bbahc.org/", "addr:country": null, "addr:province": null, "building:levels": null, "healthcare:speciality": null, "historic": null, "owner": null, "source": null, "wikidata": null, "alt_name": null, "shop": null, "contact:phone": null, "contact:website": null, "postal_code": null, "healthcare:for": null, "description": null, "gnis:feature_id": null, "image": null, "note": null, "operator": "Bristol Bay Area Health Corporation", "operator:type": null, "source:date": null, "source_ref": null, "brand": null, "brand:wikidata": null, "ele": null, "height": null, "name:tli": null, "dispensing": null, "operator:wikidata": null, "operator:wikipedia": null, "addr:unit": null, "amenity_1": null, "healthcare:counselling": null, "wikipedia": null, "office": null, "health_facility_type": null, "health_person:type": null, "old_name": "Ans Hospital", "fax": null, "contact:facebook": null, "contact:instagram": null, "email": null, "start_date": null, "payment:cash": null, "payment:credit_cards": null, "payment:debit_cards": null, "landuse": null, "addr:housename": null, "wheelchair": null, "addr:full": null, "level": null, "urgent_care": null, "name:en": null, "health_facility": null, "drive_through": null, "payment:apple_pay": null, "contact:twitter": null, "not:brand:wikidata": null, "check_date:opening_hours": null, "payment:american_express": null, "payment:cheque": null, "payment:discover_card": null, "payment:mastercard": null, "payment:visa": null, "brand:website": null, "short_name": null, "branch": null, "facebook": null, "check_date": null, "fixme": null, "operator:short": null }, "geometry": { "type": "Point", "coordinates": [ -158.536329099999989, 59.0004725 ] } },
{ "type": "Feature", "properties": { "addr:street": null, "amenity": "clinic", "building": "yes", "healthcare": "clinic", "name": "Akhiok Health Clinic", "opening_hours": "Mo-Fr 08:00-16:30", "lon": -154.1741991, "lat": 56.9454303, "addr:city": null, "website": "https://kodiakhealthcare.org/", "addr:country": null, "addr:province": null, "building:levels": null, "healthcare:speciality": null, "historic": null, "owner": null, "source": null, "wikidata": null, "alt_name": null, "shop": null, "contact:phone": null, "contact:website": null, "postal_code": null, "healthcare:for": null, "description": null, "gnis:feature_id": null, "image": null, "note": null, "operator": "Kodiak Area Native Association", "operator:type": null, "source:date": null, "source_ref": null, "brand": null, "brand:wikidata": null, "ele": null, "height": null, "name:tli": null, "dispensing": null, "operator:wikidata": null, "operator:wikipedia": null, "addr:unit": null, "amenity_1": null, "healthcare:counselling": null, "wikipedia": null, "office": null, "health_facility_type": null, "health_person:type": null, "old_name": null, "fax": -3966.0, "contact:facebook": null, "contact:instagram": null, "email": null, "start_date": null, "payment:cash": null, "payment:credit_cards": null, "payment:debit_cards": null, "landuse": null, "addr:housename": null, "wheelchair": null, "addr:full": null, "level": null, "urgent_care": null, "name:en": null, "health_facility": null, "drive_through": null, "payment:apple_pay": null, "contact:twitter": null, "not:brand:wikidata": null, "check_date:opening_hours": null, "payment:american_express": null, "payment:cheque": null, "payment:discover_card": null, "payment:mastercard": null, "payment:visa": null, "brand:website": null, "short_name": null, "branch": null, "facebook": null, "check_date": null, "fixme": null, "operator:short": null }, "geometry": { "type": "Point", "coordinates": [ -154.17419910000001, 56.9454303 ] } },
{ "type": "Feature", "properties": { "addr:street": "South Knik Goose Bay Road", "amenity": "clinic", "building": "yes", "healthcare": "clinic", "name": "Mat-Su Urgent Care", "opening_hours": null, "lon": -149.6254235, "lat": 61.5151873, "addr:city": "Wasilla", "website": null, "addr:country": null, "addr:province": null, "building:levels": 1.0, "healthcare:speciality": null, "historic": null, "owner": null, "source": null, "wikidata": null, "alt_name": null, "shop": null, "contact:phone": null, "contact:website": null, "postal_code": null, "healthcare:for": null, "description": null, "gnis:feature_id": null, "image": null, "note": null, "operator": null, "operator:type": null, "source:date": null, "source_ref": null, "brand": null, "brand:wikidata": null, "ele": null, "height": null, "name:tli": null, "dispensing": null, "operator:wikidata": null, "operator:wikipedia": null, "addr:unit": null, "amenity_1": null, "healthcare:counselling": null, "wikipedia": null, "office": null, "health_facility_type": null, "health_person:type": null, "old_name": null, "fax": null, "contact:facebook": null, "contact:instagram": null, "email": null, "start_date": null, "payment:cash": null, "payment:credit_cards": null, "payment:debit_cards": null, "landuse": null, "addr:housename": null, "wheelchair": null, "addr:full": null, "level": null, "urgent_care": null, "name:en": null, "health_facility": null, "drive_through": null, "payment:apple_pay": null, "contact:twitter": null, "not:brand:wikidata": null, "check_date:opening_hours": null, "payment:american_express": null, "payment:cheque": null, "payment:discover_card": null, "payment:mastercard": null, "payment:visa": null, "brand:website": null, "short_name": null, "branch": null, "facebook": null, "check_date": null, "fixme": null, "operator:short": null }, "geometry": { "type": "Point", "coordinates": [ -149.625423500000011, 61.5151873 ] } },
{ "type": "Feature", "properties": { "addr:street": null, "amenity": "hospital", "building": null, "healthcare": "hospital", "name": "Joint Base Elmendorf-Richardson Hospital", "opening_hours": null, "lon": -149.7449722, "lat": 61.2349473, "addr:city": null, "website": null, "addr:country": null, "addr:province": null, "building:levels": null, "healthcare:speciality": null, "historic": null, "owner": null, "source": null, "wikidata": null, "alt_name": null, "shop": null, "contact:phone": null, "contact:website": null, "postal_code": null, "healthcare:for": null, "description": null, "gnis:feature_id": null, "image": null, "note": null, "operator": null, "operator:type": null, "source:date": null, "source_ref": null, "brand": null, "brand:wikidata": null, "ele": null, "height": null, "name:tli": null, "dispensing": null, "operator:wikidata": null, "operator:wikipedia": null, "addr:unit": null, "amenity_1": null, "healthcare:counselling": null, "wikipedia": null, "office": null, "health_facility_type": null, "health_person:type": null, "old_name": null, "fax": null, "contact:facebook": null, "contact:instagram": null, "email": null, "start_date": null, "payment:cash": null, "payment:credit_cards": null, "payment:debit_cards": null, "landuse": null, "addr:housename": null, "wheelchair": null, "addr:full": null, "level": null, "urgent_care": null, "name:en": null, "health_facility": null, "drive_through": null, "payment:apple_pay": null, "contact:twitter": null, "not:brand:wikidata": null, "check_date:opening_hours": null, "payment:american_express": null, "payment:cheque": null, "payment:discover_card": null, "payment:mastercard": null, "payment:visa": null, "brand:website": null, "short_name": null, "branch": null, "facebook": null, "check_date": null, "fixme": null, "operator:short": null }, "geometry": { "type": "Point", "coordinates": [ -149.7449722, 61.2349473 ] } },
{ "type": "Feature", "properties": { "addr:street": null, "amenity": "hospital", "building": null, "healthcare": "hospital", "name": "Alaska Native Medical Center Health Campus", "opening_hours": null, "lon": -149.8007464, "lat": 61.1826756, "addr:city": null, "website": null, "addr:country": null, "addr:province": null, "building:levels": null, "healthcare:speciality": null, "historic": null, "owner": null, "source": null, "wikidata": null, "alt_name": null, "shop": null, "contact:phone": "+1 907-729-1729", "contact:website": null, "postal_code": null, "healthcare:for": null, "description": null, "gnis:feature_id": null, "image": null, "note": null, "operator": "Alaska Native Medical Center", "operator:type": null, "source:date": null, "source_ref": null, "brand": null, "brand:wikidata": null, "ele": null, "height": null, "name:tli": null, "dispensing": null, "operator:wikidata": null, "operator:wikipedia": null, "addr:unit": null, "amenity_1": null, "healthcare:counselling": null, "wikipedia": null, "office": null, "health_facility_type": null, "health_person:type": null, "old_name": null, "fax": null, "contact:facebook": null, "contact:instagram": null, "email": null, "start_date": null, "payment:cash": null, "payment:credit_cards": null, "payment:debit_cards": null, "landuse": null, "addr:housename": null, "wheelchair": null, "addr:full": null, "level": null, "urgent_care": null, "name:en": null, "health_facility": null, "drive_through": null, "payment:apple_pay": null, "contact:twitter": null, "not:brand:wikidata": null, "check_date:opening_hours": null, "payment:american_express": null, "payment:cheque": null, "payment:discover_card": null, "payment:mastercard": null, "payment:visa": null, "brand:website": null, "short_name": null, "branch": null, "facebook": null, "check_date": null, "fixme": null, "operator:short": null }, "geometry": { "type": "Point", "coordinates": [ -149.8007464, 61.1826756 ] } },
{ "type": "Feature", "properties": { "addr:street": "Remington Road", "amenity": "clinic", "building": "commercial", "healthcare": "clinic", "name": "Family Medical Center", "opening_hours": "Mo-Th 08:00-17:00; Fr 08:00-12:00", "lon": -145.7309977, "lat": 64.0553161, "addr:city": "Delta Junction", "website": "https://www.fmcak.com/", "addr:country": null, "addr:province": null, "building:levels": 2.0, "healthcare:speciality": null, "historic": null, "owner": null, "source": null, "wikidata": null, "alt_name": null, "shop": null, "contact:phone": null, "contact:website": null, "postal_code": null, "healthcare:for": null, "description": null, "gnis:feature_id": null, "image": null, "note": null, "operator": null, "operator:type": null, "source:date": null, "source_ref": null, "brand": null, "brand:wikidata": null, "ele": null, "height": null, "name:tli": null, "dispensing": null, "operator:wikidata": null, "operator:wikipedia": null, "addr:unit": null, "amenity_1": null, "healthcare:counselling": null, "wikipedia": null, "office": null, "health_facility_type": null, "health_person:type": null, "old_name": null, "fax": null, "contact:facebook": "pages/Family-Med-Center/181383371892667", "contact:instagram": null, "email": null, "start_date": null, "payment:cash": null, "payment:credit_cards": null, "payment:debit_cards": null, "landuse": null, "addr:housename": null, "wheelchair": null, "addr:full": null, "level": null, "urgent_care": null, "name:en": null, "health_facility": null, "drive_through": null, "payment:apple_pay": null, "contact:twitter": null, "not:brand:wikidata": null, "check_date:opening_hours": null, "payment:american_express": null, "payment:cheque": null, "payment:discover_card": null, "payment:mastercard": null, "payment:visa": null, "brand:website": null, "short_name": null, "branch": null, "facebook": null, "check_date": null, "fixme": null, "operator:short": null }, "geometry": { "type": "Point", "coordinates": [ -145.730997699999989, 64.0553161 ] } },
{ "type": "Feature", "properties": { "addr:street": "West Spruce Avenue", "amenity": "clinic", "building": "public", "healthcare": null, "name": "Mat-Su Health Services Medical Clinic", "opening_hours": "Mo-Fr 07:00-17:00, Sa-Su closed", "lon": -149.485685, "lat": 61.6013735, "addr:city": "Wasilla", "website": "https://www.mshsak.org/", "addr:country": null, "addr:province": null, "building:levels": null, "healthcare:speciality": null, "historic": null, "owner": null, "source": "EsriWorldImagery;esri_USDOT_MatanuskaSusitnaAK", "wikidata": null, "alt_name": null, "shop": null, "contact:phone": null, "contact:website": null, "postal_code": null, "healthcare:for": null, "description": null, "gnis:feature_id": null, "image": null, "note": null, "operator": "Mat-Su Health Services Inc.", "operator:type": null, "source:date": null, "source_ref": null, "brand": null, "brand:wikidata": null, "ele": null, "height": null, "name:tli": null, "dispensing": null, "operator:wikidata": null, "operator:wikipedia": null, "addr:unit": null, "amenity_1": null, "healthcare:counselling": null, "wikipedia": null, "office": null, "health_facility_type": null, "health_person:type": null, "old_name": null, "fax": null, "contact:facebook": null, "contact:instagram": null, "email": null, "start_date": null, "payment:cash": null, "payment:credit_cards": null, "payment:debit_cards": null, "landuse": null, "addr:housename": null, "wheelchair": null, "addr:full": null, "level": null, "urgent_care": null, "name:en": null, "health_facility": null, "drive_through": null, "payment:apple_pay": null, "contact:twitter": null, "not:brand:wikidata": null, "check_date:opening_hours": null, "payment:american_express": null, "payment:cheque": null, "payment:discover_card": null, "payment:mastercard": null, "payment:visa": null, "brand:website": null, "short_name": null, "branch": null, "facebook": null, "check_date": null, "fixme": null, "operator:short": null }, "geometry": { "type": "Point", "coordinates": [ -149.485685, 61.6013735 ] } },
{ "type": "Feature", "properties": { "addr:street": null, "amenity": "clinic", "building": "yes", "healthcare": "clinic", "name": null, "opening_hours": null, "lon": -134.6172977, "lat": 58.3722821, "addr:city": null, "website": null, "addr:country": null, "addr:province": null, "building:levels": null, "healthcare:speciality": null, "historic": null, "owner": null, "source": null, "wikidata": null, "alt_name": null, "shop": null, "contact:phone": null, "contact:website": null, "postal_code": null, "healthcare:for": null, "description": null, "gnis:feature_id": null, "image": null, "note": null, "operator": null, "operator:type": null, "source:date": null, "source_ref": null, "brand": null, "brand:wikidata": null, "ele": null, "height": null, "name:tli": null, "dispensing": null, "operator:wikidata": null, "operator:wikipedia": null, "addr:unit": null, "amenity_1": null, "healthcare:counselling": null, "wikipedia": null, "office": null, "health_facility_type": null, "health_person:type": null, "old_name": null, "fax": null, "contact:facebook": null, "contact:instagram": null, "email": null, "start_date": null, "payment:cash": null, "payment:credit_cards": null, "payment:debit_cards": null, "landuse": null, "addr:housename": null, "wheelchair": null, "addr:full": null, "level": null, "urgent_care": null, "name:en": null, "health_facility": null, "drive_through": null, "payment:apple_pay": null, "contact:twitter": null, "not:brand:wikidata": null, "check_date:opening_hours": null, "payment:american_express": null, "payment:cheque": null, "payment:discover_card": null, "payment:mastercard": null, "payment:visa": null, "brand:website": null, "short_name": null, "branch": null, "facebook": null, "check_date": null, "fixme": null, "operator:short": null }, "geometry": { "type": "Point", "coordinates": [ -134.6172977, 58.3722821 ] } },
{ "type": "Feature", "properties": { "addr:street": null, "amenity": "clinic", "building": "yes", "healthcare": "clinic", "name": null, "opening_hours": null, "lon": -134.4709459, "lat": 58.3297762, "addr:city": null, "website": null, "addr:country": null, "addr:province": null, "building:levels": null, "healthcare:speciality": null, "historic": null, "owner": null, "source": null, "wikidata": null, "alt_name": null, "shop": null, "contact:phone": null, "contact:website": null, "postal_code": null, "healthcare:for": null, "description": null, "gnis:feature_id": null, "image": null, "note": null, "operator": null, "operator:type": null, "source:date": null, "source_ref": null, "brand": null, "brand:wikidata": null, "ele": null, "height": null, "name:tli": null, "dispensing": null, "operator:wikidata": null, "operator:wikipedia": null, "addr:unit": null, "amenity_1": null, "healthcare:counselling": null, "wikipedia": null, "office": null, "health_facility_type": null, "health_person:type": null, "old_name": null, "fax": null, "contact:facebook": null, "contact:instagram": null, "email": null, "start_date": null, "payment:cash": null, "payment:credit_cards": null, "payment:debit_cards": null, "landuse": null, "addr:housename": null, "wheelchair": null, "addr:full": null, "level": null, "urgent_care": null, "name:en": null, "health_facility": null, "drive_through": null, "payment:apple_pay": null, "contact:twitter": null, "not:brand:wikidata": null, "check_date:opening_hours": null, "payment:american_express": null, "payment:cheque": null, "payment:discover_card": null, "payment:mastercard": null, "payment:visa": null, "brand:website": null, "short_name": null, "branch": null, "facebook": null, "check_date": null, "fixme": null, "operator:short": null }, "geometry": { "type": "Point", "coordinates": [ -134.4709459, 58.3297762 ] } },
{ "type": "Feature", "properties": { "addr:street": null, "amenity": "clinic", "building": "yes", "healthcare": "clinic", "name": "Hughes Clinic", "opening_hours": null, "lon": -154.2554933, "lat": 66.0439394, "addr:city": null, "website": null, "addr:country": null, "addr:province": null, "building:levels": null, "healthcare:speciality": null, "historic": null, "owner": null, "source": null, "wikidata": null, "alt_name": null, "shop": null, "contact:phone": null, "contact:website": null, "postal_code": null, "healthcare:for": null, "description": null, "gnis:feature_id": null, "image": null, "note": null, "operator": null, "operator:type": null, "source:date": null, "source_ref": null, "brand": null, "brand:wikidata": null, "ele": null, "height": null, "name:tli": null, "dispensing": null, "operator:wikidata": null, "operator:wikipedia": null, "addr:unit": null, "amenity_1": null, "healthcare:counselling": null, "wikipedia": null, "office": null, "health_facility_type": null, "health_person:type": null, "old_name": null, "fax": null, "contact:facebook": null, "contact:instagram": null, "email": null, "start_date": null, "payment:cash": null, "payment:credit_cards": null, "payment:debit_cards": null, "landuse": null, "addr:housename": null, "wheelchair": null, "addr:full": null, "level": null, "urgent_care": null, "name:en": null, "health_facility": null, "drive_through": null, "payment:apple_pay": null, "contact:twitter": null, "not:brand:wikidata": null, "check_date:opening_hours": null, "payment:american_express": null, "payment:cheque": null, "payment:discover_card": null, "payment:mastercard": null, "payment:visa": null, "brand:website": null, "short_name": null, "branch": null, "facebook": null, "check_date": null, "fixme": null, "operator:short": null }, "geometry": { "type": "Point", "coordinates": [ -154.255493300000012, 66.0439394 ] } },
{ "type": "Feature", "properties": { "addr:street": null, "amenity": "clinic", "building": "yes", "healthcare": "clinic", "name": "Frank Tobuk Sr. Clinic", "opening_hours": null, "lon": -151.5055322, "lat": 66.9244423, "addr:city": null, "website": null, "addr:country": null, "addr:province": null, "building:levels": null, "healthcare:speciality": null, "historic": null, "owner": null, "source": null, "wikidata": null, "alt_name": null, "shop": null, "contact:phone": null, "contact:website": null, "postal_code": null, "healthcare:for": null, "description": null, "gnis:feature_id": null, "image": null, "note": null, "operator": null, "operator:type": null, "source:date": null, "source_ref": null, "brand": null, "brand:wikidata": null, "ele": null, "height": null, "name:tli": null, "dispensing": null, "operator:wikidata": null, "operator:wikipedia": null, "addr:unit": null, "amenity_1": null, "healthcare:counselling": null, "wikipedia": null, "office": null, "health_facility_type": null, "health_person:type": null, "old_name": null, "fax": null, "contact:facebook": null, "contact:instagram": null, "email": null, "start_date": null, "payment:cash": null, "payment:credit_cards": null, "payment:debit_cards": null, "landuse": null, "addr:housename": null, "wheelchair": null, "addr:full": null, "level": null, "urgent_care": null, "name:en": null, "health_facility": null, "drive_through": null, "payment:apple_pay": null, "contact:twitter": null, "not:brand:wikidata": null, "check_date:opening_hours": null, "payment:american_express": null, "payment:cheque": null, "payment:discover_card": null, "payment:mastercard": null, "payment:visa": null, "brand:website": null, "short_name": null, "branch": null, "facebook": null, "check_date": null, "fixme": null, "operator:short": null }, "geometry": { "type": "Point", "coordinates": [ -151.5055322, 66.9244423 ] } },
{ "type": "Feature", "properties": { "addr:street": null, "amenity": "clinic", "building": "yes", "healthcare": "clinic", "name": "Alatna Clinic & Washeteria", "opening_hours": null, "lon": -152.7013514, "lat": 66.5545195, "addr:city": null, "website": null, "addr:country": null, "addr:province": null, "building:levels": null, "healthcare:speciality": null, "historic": null, "owner": null, "source": null, "wikidata": null, "alt_name": null, "shop": null, "contact:phone": null, "contact:website": null, "postal_code": null, "healthcare:for": null, "description": null, "gnis:feature_id": null, "image": null, "note": null, "operator": null, "operator:type": null, "source:date": null, "source_ref": null, "brand": null, "brand:wikidata": null, "ele": null, "height": null, "name:tli": null, "dispensing": null, "operator:wikidata": null, "operator:wikipedia": null, "addr:unit": null, "amenity_1": null, "healthcare:counselling": null, "wikipedia": null, "office": null, "health_facility_type": null, "health_person:type": null, "old_name": null, "fax": null, "contact:facebook": null, "contact:instagram": null, "email": null, "start_date": null, "payment:cash": null, "payment:credit_cards": null, "payment:debit_cards": null, "landuse": null, "addr:housename": null, "wheelchair": null, "addr:full": null, "level": null, "urgent_care": null, "name:en": null, "health_facility": null, "drive_through": null, "payment:apple_pay": null, "contact:twitter": null, "not:brand:wikidata": null, "check_date:opening_hours": null, "payment:american_express": null, "payment:cheque": null, "payment:discover_card": null, "payment:mastercard": null, "payment:visa": null, "brand:website": null, "short_name": null, "branch": null, "facebook": null, "check_date": null, "fixme": null, "operator:short": null }, "geometry": { "type": "Point", "coordinates": [ -152.7013514, 66.5545195 ] } },
{ "type": "Feature", "properties": { "addr:street": null, "amenity": "clinic", "building": "yes", "healthcare": "clinic", "name": "Allakaket Clinic", "opening_hours": null, "lon": -152.645301, "lat": 66.5467697, "addr:city": null, "website": null, "addr:country": null, "addr:province": null, "building:levels": null, "healthcare:speciality": null, "historic": null, "owner": null, "source": null, "wikidata": null, "alt_name": null, "shop": null, "contact:phone": null, "contact:website": null, "postal_code": null, "healthcare:for": null, "description": null, "gnis:feature_id": null, "image": null, "note": null, "operator": null, "operator:type": null, "source:date": null, "source_ref": null, "brand": null, "brand:wikidata": null, "ele": null, "height": null, "name:tli": null, "dispensing": null, "operator:wikidata": null, "operator:wikipedia": null, "addr:unit": null, "amenity_1": null, "healthcare:counselling": null, "wikipedia": null, "office": null, "health_facility_type": null, "health_person:type": null, "old_name": null, "fax": null, "contact:facebook": null, "contact:instagram": null, "email": null, "start_date": null, "payment:cash": null, "payment:credit_cards": null, "payment:debit_cards": null, "landuse": null, "addr:housename": null, "wheelchair": null, "addr:full": null, "level": null, "urgent_care": null, "name:en": null, "health_facility": null, "drive_through": null, "payment:apple_pay": null, "contact:twitter": null, "not:brand:wikidata": null, "check_date:opening_hours": null, "payment:american_express": null, "payment:cheque": null, "payment:discover_card": null, "payment:mastercard": null, "payment:visa": null, "brand:website": null, "short_name": null, "branch": null, "facebook": null, "check_date": null, "fixme": null, "operator:short": null }, "geometry": { "type": "Point", "coordinates": [ -152.645301, 66.5467697 ] } },
{ "type": "Feature", "properties": { "addr:street": null, "amenity": "clinic", "building": "office", "healthcare": "clinic", "name": "Anaktuvuk Pass Health Clinic", "opening_hours": null, "lon": -151.7331954, "lat": 68.1426882, "addr:city": null, "website": null, "addr:country": null, "addr:province": null, "building:levels": null, "healthcare:speciality": null, "historic": null, "owner": null, "source": null, "wikidata": null, "alt_name": null, "shop": null, "contact:phone": null, "contact:website": null, "postal_code": null, "healthcare:for": null, "description": null, "gnis:feature_id": null, "image": null, "note": null, "operator": null, "operator:type": null, "source:date": null, "source_ref": null, "brand": null, "brand:wikidata": null, "ele": null, "height": null, "name:tli": null, "dispensing": null, "operator:wikidata": null, "operator:wikipedia": null, "addr:unit": null, "amenity_1": null, "healthcare:counselling": null, "wikipedia": null, "office": null, "health_facility_type": null, "health_person:type": null, "old_name": null, "fax": null, "contact:facebook": null, "contact:instagram": null, "email": null, "start_date": null, "payment:cash": null, "payment:credit_cards": null, "payment:debit_cards": null, "landuse": null, "addr:housename": null, "wheelchair": null, "addr:full": null, "level": null, "urgent_care": null, "name:en": null, "health_facility": null, "drive_through": null, "payment:apple_pay": null, "contact:twitter": null, "not:brand:wikidata": null, "check_date:opening_hours": null, "payment:american_express": null, "payment:cheque": null, "payment:discover_card": null, "payment:mastercard": null, "payment:visa": null, "brand:website": null, "short_name": null, "branch": null, "facebook": null, "check_date": null, "fixme": null, "operator:short": null }, "geometry": { "type": "Point", "coordinates": [ -151.7331954, 68.1426882 ] } },
{ "type": "Feature", "properties": { "addr:street": "Second Street", "amenity": "clinic", "building": "hospital", "healthcare": "clinic", "name": "Ilanka Community Health Center", "opening_hours": null, "lon": -145.757481, "lat": 60.5426725, "addr:city": "Cordova", "website": "http://nveyak.com/ilanka-community-health-center/", "addr:country": null, "addr:province": null, "building:levels": null, "healthcare:speciality": null, "historic": null, "owner": null, "source": null, "wikidata": null, "alt_name": null, "shop": null, "contact:phone": "+1 907 4243622", "contact:website": null, "postal_code": null, "healthcare:for": null, "description": null, "gnis:feature_id": null, "image": null, "note": null, "operator": null, "operator:type": null, "source:date": null, "source_ref": null, "brand": null, "brand:wikidata": null, "ele": null, "height": null, "name:tli": null, "dispensing": null, "operator:wikidata": null, "operator:wikipedia": null, "addr:unit": null, "amenity_1": null, "healthcare:counselling": null, "wikipedia": null, "office": null, "health_facility_type": null, "health_person:type": null, "old_name": null, "fax": null, "contact:facebook": null, "contact:instagram": null, "email": null, "start_date": null, "payment:cash": null, "payment:credit_cards": null, "payment:debit_cards": null, "landuse": null, "addr:housename": null, "wheelchair": null, "addr:full": null, "level": null, "urgent_care": null, "name:en": null, "health_facility": null, "drive_through": null, "payment:apple_pay": null, "contact:twitter": null, "not:brand:wikidata": null, "check_date:opening_hours": null, "payment:american_express": null, "payment:cheque": null, "payment:discover_card": null, "payment:mastercard": null, "payment:visa": null, "brand:website": null, "short_name": null, "branch": null, "facebook": null, "check_date": null, "fixme": null, "operator:short": null }, "geometry": { "type": "Point", "coordinates": [ -145.757481, 60.5426725 ] } },
{ "type": "Feature", "properties": { "addr:street": "South Bragaw Street", "amenity": "hospital", "building": null, "healthcare": "hospital", "name": "Chris Kyle Patriots Hospital", "opening_hours": null, "lon": -149.8094269, "lat": 61.2056383, "addr:city": "Anchorage", "website": "https://chriskylepatriotshospital.com/", "addr:country": null, "addr:province": null, "building:levels": null, "healthcare:speciality": "psychiatry", "historic": null, "owner": null, "source": null, "wikidata": null, "alt_name": null, "shop": null, "contact:phone": null, "contact:website": null, "postal_code": null, "healthcare:for": null, "description": null, "gnis:feature_id": null, "image": null, "note": null, "operator": "North Star Behavioral Health System", "operator:type": null, "source:date": null, "source_ref": null, "brand": null, "brand:wikidata": null, "ele": null, "height": null, "name:tli": null, "dispensing": null, "operator:wikidata": null, "operator:wikipedia": null, "addr:unit": null, "amenity_1": null, "healthcare:counselling": null, "wikipedia": null, "office": null, "health_facility_type": null, "health_person:type": null, "old_name": null, "fax": null, "contact:facebook": null, "contact:instagram": null, "email": null, "start_date": null, "payment:cash": null, "payment:credit_cards": null, "payment:debit_cards": null, "landuse": null, "addr:housename": null, "wheelchair": null, "addr:full": null, "level": null, "urgent_care": null, "name:en": null, "health_facility": null, "drive_through": null, "payment:apple_pay": null, "contact:twitter": null, "not:brand:wikidata": null, "check_date:opening_hours": null, "payment:american_express": null, "payment:cheque": null, "payment:discover_card": null, "payment:mastercard": null, "payment:visa": null, "brand:website": null, "short_name": null, "branch": null, "facebook": null, "check_date": null, "fixme": null, "operator:short": null }, "geometry": { "type": "Point", "coordinates": [ -149.8094269, 61.2056383 ] } },
{ "type": "Feature", "properties": { "addr:street": null, "amenity": "hospital", "building": null, "healthcare": "hospital", "name": "North Star Palmer Residential Treatment Center", "opening_hours": null, "lon": -149.0677145, "lat": 61.623972, "addr:city": null, "website": null, "addr:country": null, "addr:province": null, "building:levels": null, "healthcare:speciality": null, "historic": null, "owner": null, "source": null, "wikidata": null, "alt_name": null, "shop": null, "contact:phone": null, "contact:website": null, "postal_code": null, "healthcare:for": null, "description": null, "gnis:feature_id": null, "image": null, "note": null, "operator": null, "operator:type": null, "source:date": null, "source_ref": null, "brand": null, "brand:wikidata": null, "ele": null, "height": null, "name:tli": null, "dispensing": null, "operator:wikidata": null, "operator:wikipedia": null, "addr:unit": null, "amenity_1": null, "healthcare:counselling": null, "wikipedia": null, "office": null, "health_facility_type": null, "health_person:type": null, "old_name": null, "fax": null, "contact:facebook": null, "contact:instagram": null, "email": null, "start_date": null, "payment:cash": null, "payment:credit_cards": null, "payment:debit_cards": null, "landuse": null, "addr:housename": null, "wheelchair": null, "addr:full": null, "level": null, "urgent_care": null, "name:en": null, "health_facility": null, "drive_through": null, "payment:apple_pay": null, "contact:twitter": null, "not:brand:wikidata": null, "check_date:opening_hours": null, "payment:american_express": null, "payment:cheque": null, "payment:discover_card": null, "payment:mastercard": null, "payment:visa": null, "brand:website": null, "short_name": null, "branch": null, "facebook": null, "check_date": null, "fixme": null, "operator:short": null }, "geometry": { "type": "Point", "coordinates": [ -149.0677145, 61.623972 ] } },
{ "type": "Feature", "properties": { "addr:street": null, "amenity": "clinic", "building": "yes", "healthcare": "clinic", "name": "Wasilla Medical Clinic", "opening_hours": null, "lon": -149.4086638, "lat": 61.5755684, "addr:city": null, "website": null, "addr:country": null, "addr:province": null, "building:levels": null, "healthcare:speciality": null, "historic": null, "owner": null, "source": null, "wikidata": null, "alt_name": null, "shop": null, "contact:phone": null, "contact:website": null, "postal_code": null, "healthcare:for": null, "description": null, "gnis:feature_id": null, "image": null, "note": null, "operator": null, "operator:type": null, "source:date": null, "source_ref": null, "brand": null, "brand:wikidata": null, "ele": null, "height": null, "name:tli": null, "dispensing": null, "operator:wikidata": null, "operator:wikipedia": null, "addr:unit": null, "amenity_1": null, "healthcare:counselling": null, "wikipedia": null, "office": null, "health_facility_type": null, "health_person:type": null, "old_name": null, "fax": null, "contact:facebook": null, "contact:instagram": null, "email": null, "start_date": null, "payment:cash": null, "payment:credit_cards": null, "payment:debit_cards": null, "landuse": null, "addr:housename": null, "wheelchair": null, "addr:full": null, "level": null, "urgent_care": null, "name:en": null, "health_facility": null, "drive_through": null, "payment:apple_pay": null, "contact:twitter": null, "not:brand:wikidata": null, "check_date:opening_hours": null, "payment:american_express": null, "payment:cheque": null, "payment:discover_card": null, "payment:mastercard": null, "payment:visa": null, "brand:website": null, "short_name": null, "branch": null, "facebook": null, "check_date": null, "fixme": null, "operator:short": null }, "geometry": { "type": "Point", "coordinates": [ -149.4086638, 61.5755684 ] } },
{ "type": "Feature", "properties": { "addr:street": null, "amenity": "clinic", "building": "yes", "healthcare": null, "name": "Clinic", "opening_hours": null, "lon": -164.039705, "lat": 59.9343852, "addr:city": null, "website": null, "addr:country": null, "addr:province": null, "building:levels": null, "healthcare:speciality": null, "historic": null, "owner": null, "source": null, "wikidata": null, "alt_name": null, "shop": null, "contact:phone": null, "contact:website": null, "postal_code": null, "healthcare:for": null, "description": null, "gnis:feature_id": null, "image": null, "note": null, "operator": null, "operator:type": null, "source:date": null, "source_ref": null, "brand": null, "brand:wikidata": null, "ele": null, "height": null, "name:tli": null, "dispensing": null, "operator:wikidata": null, "operator:wikipedia": null, "addr:unit": null, "amenity_1": null, "healthcare:counselling": null, "wikipedia": null, "office": null, "health_facility_type": null, "health_person:type": null, "old_name": null, "fax": null, "contact:facebook": null, "contact:instagram": null, "email": null, "start_date": null, "payment:cash": null, "payment:credit_cards": null, "payment:debit_cards": null, "landuse": null, "addr:housename": null, "wheelchair": null, "addr:full": null, "level": null, "urgent_care": null, "name:en": null, "health_facility": null, "drive_through": null, "payment:apple_pay": null, "contact:twitter": null, "not:brand:wikidata": null, "check_date:opening_hours": null, "payment:american_express": null, "payment:cheque": null, "payment:discover_card": null, "payment:mastercard": null, "payment:visa": null, "brand:website": null, "short_name": null, "branch": null, "facebook": null, "check_date": null, "fixme": null, "operator:short": null }, "geometry": { "type": "Point", "coordinates": [ -164.039705, 59.9343852 ] } },
{ "type": "Feature", "properties": { "addr:street": "1st Avenue", "amenity": "doctors", "building": "yes", "healthcare": null, "name": "Haines Health Center", "opening_hours": "Mo,Tu,Th,Fr 08:00-17:00; We 10:00-17:00", "lon": -135.4446561, "lat": 59.2333833, "addr:city": "Haines", "website": "https://searhc.org/location/haines/", "addr:country": null, "addr:province": null, "building:levels": null, "healthcare:speciality": null, "historic": null, "owner": null, "source": null, "wikidata": null, "alt_name": null, "shop": null, "contact:phone": null, "contact:website": null, "postal_code": null, "healthcare:for": null, "description": null, "gnis:feature_id": null, "image": null, "note": null, "operator": null, "operator:type": null, "source:date": null, "source_ref": null, "brand": null, "brand:wikidata": null, "ele": null, "height": null, "name:tli": null, "dispensing": null, "operator:wikidata": null, "operator:wikipedia": null, "addr:unit": null, "amenity_1": null, "healthcare:counselling": null, "wikipedia": null, "office": null, "health_facility_type": null, "health_person:type": null, "old_name": null, "fax": null, "contact:facebook": null, "contact:instagram": null, "email": null, "start_date": null, "payment:cash": null, "payment:credit_cards": null, "payment:debit_cards": null, "landuse": null, "addr:housename": null, "wheelchair": null, "addr:full": null, "level": null, "urgent_care": null, "name:en": null, "health_facility": null, "drive_through": null, "payment:apple_pay": null, "contact:twitter": null, "not:brand:wikidata": null, "check_date:opening_hours": null, "payment:american_express": null, "payment:cheque": null, "payment:discover_card": null, "payment:mastercard": null, "payment:visa": null, "brand:website": null, "short_name": null, "branch": null, "facebook": null, "check_date": null, "fixme": null, "operator:short": null }, "geometry": { "type": "Point", "coordinates": [ -135.4446561, 59.2333833 ] } },
{ "type": "Feature", "properties": { "addr:street": null, "amenity": "doctors", "building": "yes", "healthcare": "doctor", "name": "Thomas P. Senter M.D. Dermatology", "opening_hours": null, "lon": -149.8815553, "lat": 61.2157564, "addr:city": null, "website": null, "addr:country": null, "addr:province": null, "building:levels": null, "healthcare:speciality": null, "historic": null, "owner": null, "source": null, "wikidata": null, "alt_name": null, "shop": null, "contact:phone": null, "contact:website": null, "postal_code": null, "healthcare:for": null, "description": null, "gnis:feature_id": null, "image": null, "note": null, "operator": null, "operator:type": null, "source:date": null, "source_ref": null, "brand": null, "brand:wikidata": null, "ele": null, "height": null, "name:tli": null, "dispensing": null, "operator:wikidata": null, "operator:wikipedia": null, "addr:unit": null, "amenity_1": null, "healthcare:counselling": null, "wikipedia": null, "office": null, "health_facility_type": null, "health_person:type": null, "old_name": null, "fax": null, "contact:facebook": null, "contact:instagram": null, "email": null, "start_date": null, "payment:cash": null, "payment:credit_cards": null, "payment:debit_cards": null, "landuse": null, "addr:housename": null, "wheelchair": null, "addr:full": null, "level": null, "urgent_care": null, "name:en": null, "health_facility": null, "drive_through": null, "payment:apple_pay": null, "contact:twitter": null, "not:brand:wikidata": null, "check_date:opening_hours": null, "payment:american_express": null, "payment:cheque": null, "payment:discover_card": null, "payment:mastercard": null, "payment:visa": null, "brand:website": null, "short_name": null, "branch": null, "facebook": null, "check_date": null, "fixme": null, "operator:short": null }, "geometry": { "type": "Point", "coordinates": [ -149.8815553, 61.2157564 ] } },
{ "type": "Feature", "properties": { "addr:street": "Eagle Street", "amenity": "doctors", "building": "yes", "healthcare": "doctor", "name": "Natural Health Center, LLC", "opening_hours": "M: 8:00-17:00 | T: 8:00-17:00 | W: 8:00-17:00 | Th: 8:00-17:00 | F: 8:00-17:00 | Sat: 9:00-15:00 | Sun: closed", "lon": -149.8744914, "lat": 61.189802, "addr:city": "Anchorage", "website": "https://www.nhcak.com", "addr:country": null, "addr:province": null, "building:levels": null, "healthcare:speciality": null, "historic": null, "owner": null, "source": null, "wikidata": null, "alt_name": null, "shop": null, "contact:phone": null, "contact:website": null, "postal_code": null, "healthcare:for": null, "description": null, "gnis:feature_id": null, "image": null, "note": null, "operator": "Sy Cloud", "operator:type": null, "source:date": null, "source_ref": null, "brand": null, "brand:wikidata": null, "ele": null, "height": null, "name:tli": null, "dispensing": null, "operator:wikidata": null, "operator:wikipedia": null, "addr:unit": null, "amenity_1": null, "healthcare:counselling": null, "wikipedia": null, "office": null, "health_facility_type": null, "health_person:type": null, "old_name": null, "fax": -2749.0, "contact:facebook": "NaturalHealthCenterLLC", "contact:instagram": "naturalhealthcenterllc", "email": "nhc@gci.net", "start_date": 1988.0, "payment:cash": null, "payment:credit_cards": null, "payment:debit_cards": null, "landuse": null, "addr:housename": null, "wheelchair": null, "addr:full": null, "level": null, "urgent_care": null, "name:en": null, "health_facility": null, "drive_through": null, "payment:apple_pay": null, "contact:twitter": null, "not:brand:wikidata": null, "check_date:opening_hours": null, "payment:american_express": null, "payment:cheque": null, "payment:discover_card": null, "payment:mastercard": null, "payment:visa": null, "brand:website": null, "short_name": null, "branch": null, "facebook": null, "check_date": null, "fixme": null, "operator:short": null }, "geometry": { "type": "Point", "coordinates": [ -149.874491400000011, 61.189802 ] } },
{ "type": "Feature", "properties": { "addr:street": null, "amenity": "pharmacy", "building": "yes", "healthcare": "pharmacy", "name": "Walgreens", "opening_hours": null, "lon": -149.8688345, "lat": 61.1961495, "addr:city": null, "website": null, "addr:country": null, "addr:province": null, "building:levels": null, "healthcare:speciality": null, "historic": null, "owner": null, "source": null, "wikidata": null, "alt_name": null, "shop": null, "contact:phone": null, "contact:website": null, "postal_code": null, "healthcare:for": null, "description": null, "gnis:feature_id": null, "image": null, "note": null, "operator": null, "operator:type": null, "source:date": null, "source_ref": null, "brand": "Walgreens", "brand:wikidata": "Q1591889", "ele": null, "height": null, "name:tli": null, "dispensing": null, "operator:wikidata": null, "operator:wikipedia": null, "addr:unit": null, "amenity_1": null, "healthcare:counselling": null, "wikipedia": null, "office": null, "health_facility_type": null, "health_person:type": null, "old_name": null, "fax": null, "contact:facebook": null, "contact:instagram": null, "email": null, "start_date": null, "payment:cash": "yes", "payment:credit_cards": "yes", "payment:debit_cards": "yes", "landuse": null, "addr:housename": null, "wheelchair": null, "addr:full": null, "level": null, "urgent_care": null, "name:en": null, "health_facility": null, "drive_through": null, "payment:apple_pay": null, "contact:twitter": null, "not:brand:wikidata": null, "check_date:opening_hours": null, "payment:american_express": null, "payment:cheque": null, "payment:discover_card": null, "payment:mastercard": null, "payment:visa": null, "brand:website": null, "short_name": null, "branch": null, "facebook": null, "check_date": null, "fixme": null, "operator:short": null }, "geometry": { "type": "Point", "coordinates": [ -149.8688345, 61.1961495 ] } },
{ "type": "Feature", "properties": { "addr:street": null, "amenity": "hospital", "building": null, "healthcare": "hospital", "name": "Providence Extended Stay", "opening_hours": null, "lon": -149.7750269, "lat": 61.2118126, "addr:city": null, "website": null, "addr:country": null, "addr:province": null, "building:levels": null, "healthcare:speciality": null, "historic": null, "owner": null, "source": null, "wikidata": null, "alt_name": null, "shop": null, "contact:phone": null, "contact:website": null, "postal_code": null, "healthcare:for": null, "description": null, "gnis:feature_id": null, "image": null, "note": null, "operator": null, "operator:type": null, "source:date": null, "source_ref": null, "brand": null, "brand:wikidata": null, "ele": null, "height": null, "name:tli": null, "dispensing": null, "operator:wikidata": null, "operator:wikipedia": null, "addr:unit": null, "amenity_1": null, "healthcare:counselling": null, "wikipedia": null, "office": null, "health_facility_type": null, "health_person:type": null, "old_name": null, "fax": null, "contact:facebook": null, "contact:instagram": null, "email": null, "start_date": null, "payment:cash": null, "payment:credit_cards": null, "payment:debit_cards": null, "landuse": null, "addr:housename": null, "wheelchair": null, "addr:full": null, "level": null, "urgent_care": null, "name:en": null, "health_facility": null, "drive_through": null, "payment:apple_pay": null, "contact:twitter": null, "not:brand:wikidata": null, "check_date:opening_hours": null, "payment:american_express": null, "payment:cheque": null, "payment:discover_card": null, "payment:mastercard": null, "payment:visa": null, "brand:website": null, "short_name": null, "branch": null, "facebook": null, "check_date": null, "fixme": null, "operator:short": null }, "geometry": { "type": "Point", "coordinates": [ -149.7750269, 61.2118126 ] } },
{ "type": "Feature", "properties": { "addr:street": null, "amenity": "hospital", "building": null, "healthcare": "hospital", "name": "Providence Extended Care", "opening_hours": null, "lon": -149.8772754, "lat": 61.176434, "addr:city": null, "website": null, "addr:country": null, "addr:province": null, "building:levels": null, "healthcare:speciality": null, "historic": null, "owner": null, "source": null, "wikidata": null, "alt_name": null, "shop": null, "contact:phone": null, "contact:website": null, "postal_code": null, "healthcare:for": null, "description": null, "gnis:feature_id": null, "image": null, "note": null, "operator": "Providence", "operator:type": null, "source:date": null, "source_ref": null, "brand": null, "brand:wikidata": null, "ele": null, "height": null, "name:tli": null, "dispensing": null, "operator:wikidata": null, "operator:wikipedia": null, "addr:unit": null, "amenity_1": null, "healthcare:counselling": null, "wikipedia": null, "office": null, "health_facility_type": null, "health_person:type": null, "old_name": null, "fax": null, "contact:facebook": null, "contact:instagram": null, "email": null, "start_date": null, "payment:cash": null, "payment:credit_cards": null, "payment:debit_cards": null, "landuse": "commercial", "addr:housename": null, "wheelchair": null, "addr:full": null, "level": null, "urgent_care": null, "name:en": null, "health_facility": null, "drive_through": null, "payment:apple_pay": null, "contact:twitter": null, "not:brand:wikidata": null, "check_date:opening_hours": null, "payment:american_express": null, "payment:cheque": null, "payment:discover_card": null, "payment:mastercard": null, "payment:visa": null, "brand:website": null, "short_name": null, "branch": null, "facebook": null, "check_date": null, "fixme": null, "operator:short": null }, "geometry": { "type": "Point", "coordinates": [ -149.8772754, 61.176434 ] } },
{ "type": "Feature", "properties": { "addr:street": "Cordova Street", "amenity": "hospital", "building": null, "healthcare": "hospital", "name": "St. Elias", "opening_hours": null, "lon": -149.880981, "lat": 61.1763602, "addr:city": "Anchorage", "website": null, "addr:country": null, "addr:province": null, "building:levels": null, "healthcare:speciality": null, "historic": null, "owner": null, "source": null, "wikidata": null, "alt_name": null, "shop": null, "contact:phone": null, "contact:website": null, "postal_code": null, "healthcare:for": null, "description": null, "gnis:feature_id": null, "image": null, "note": null, "operator": "Providence", "operator:type": null, "source:date": null, "source_ref": null, "brand": null, "brand:wikidata": null, "ele": null, "height": null, "name:tli": null, "dispensing": null, "operator:wikidata": null, "operator:wikipedia": null, "addr:unit": null, "amenity_1": null, "healthcare:counselling": null, "wikipedia": null, "office": null, "health_facility_type": null, "health_person:type": null, "old_name": null, "fax": null, "contact:facebook": null, "contact:instagram": null, "email": null, "start_date": null, "payment:cash": null, "payment:credit_cards": null, "payment:debit_cards": null, "landuse": "commercial", "addr:housename": null, "wheelchair": null, "addr:full": null, "level": null, "urgent_care": null, "name:en": null, "health_facility": null, "drive_through": null, "payment:apple_pay": null, "contact:twitter": null, "not:brand:wikidata": null, "check_date:opening_hours": null, "payment:american_express": null, "payment:cheque": null, "payment:discover_card": null, "payment:mastercard": null, "payment:visa": null, "brand:website": null, "short_name": null, "branch": null, "facebook": null, "check_date": null, "fixme": null, "operator:short": null }, "geometry": { "type": "Point", "coordinates": [ -149.880981, 61.1763602 ] } },
{ "type": "Feature", "properties": { "addr:street": null, "amenity": "clinic", "building": "yes", "healthcare": "clinic", "name": null, "opening_hours": null, "lon": -149.814507, "lat": 61.199372, "addr:city": null, "website": null, "addr:country": null, "addr:province": null, "building:levels": null, "healthcare:speciality": null, "historic": null, "owner": null, "source": "microsoft/BuildingFootprints", "wikidata": null, "alt_name": null, "shop": null, "contact:phone": null, "contact:website": null, "postal_code": null, "healthcare:for": null, "description": null, "gnis:feature_id": null, "image": null, "note": null, "operator": null, "operator:type": null, "source:date": null, "source_ref": null, "brand": null, "brand:wikidata": null, "ele": null, "height": null, "name:tli": null, "dispensing": null, "operator:wikidata": null, "operator:wikipedia": null, "addr:unit": null, "amenity_1": null, "healthcare:counselling": null, "wikipedia": null, "office": null, "health_facility_type": null, "health_person:type": null, "old_name": null, "fax": null, "contact:facebook": null, "contact:instagram": null, "email": null, "start_date": null, "payment:cash": null, "payment:credit_cards": null, "payment:debit_cards": null, "landuse": null, "addr:housename": null, "wheelchair": null, "addr:full": null, "level": null, "urgent_care": null, "name:en": null, "health_facility": null, "drive_through": null, "payment:apple_pay": null, "contact:twitter": null, "not:brand:wikidata": null, "check_date:opening_hours": null, "payment:american_express": null, "payment:cheque": null, "payment:discover_card": null, "payment:mastercard": null, "payment:visa": null, "brand:website": null, "short_name": null, "branch": null, "facebook": null, "check_date": null, "fixme": null, "operator:short": null }, "geometry": { "type": "Point", "coordinates": [ -149.814507, 61.199372 ] } },
{ "type": "Feature", "properties": { "addr:street": null, "amenity": "clinic", "building": "yes", "healthcare": "clinic", "name": "Alaska Hand Rehabilitation", "opening_hours": null, "lon": -149.837178, "lat": 61.183867, "addr:city": null, "website": null, "addr:country": null, "addr:province": null, "building:levels": null, "healthcare:speciality": null, "historic": null, "owner": null, "source": "microsoft/BuildingFootprints", "wikidata": null, "alt_name": null, "shop": null, "contact:phone": null, "contact:website": null, "postal_code": null, "healthcare:for": null, "description": null, "gnis:feature_id": null, "image": null, "note": null, "operator": null, "operator:type": null, "source:date": null, "source_ref": null, "brand": null, "brand:wikidata": null, "ele": null, "height": null, "name:tli": null, "dispensing": null, "operator:wikidata": null, "operator:wikipedia": null, "addr:unit": null, "amenity_1": null, "healthcare:counselling": null, "wikipedia": null, "office": null, "health_facility_type": null, "health_person:type": null, "old_name": null, "fax": null, "contact:facebook": null, "contact:instagram": null, "email": null, "start_date": null, "payment:cash": null, "payment:credit_cards": null, "payment:debit_cards": null, "landuse": null, "addr:housename": null, "wheelchair": null, "addr:full": null, "level": null, "urgent_care": null, "name:en": null, "health_facility": null, "drive_through": null, "payment:apple_pay": null, "contact:twitter": null, "not:brand:wikidata": null, "check_date:opening_hours": null, "payment:american_express": null, "payment:cheque": null, "payment:discover_card": null, "payment:mastercard": null, "payment:visa": null, "brand:website": null, "short_name": null, "branch": null, "facebook": null, "check_date": null, "fixme": null, "operator:short": null }, "geometry": { "type": "Point", "coordinates": [ -149.837178, 61.183867 ] } },
{ "type": "Feature", "properties": { "addr:street": null, "amenity": "clinic", "building": "yes", "healthcare": "clinic", "name": "Alaska Internal Medicine & Pediatrics", "opening_hours": null, "lon": -149.8356525, "lat": 61.183675, "addr:city": null, "website": null, "addr:country": null, "addr:province": null, "building:levels": null, "healthcare:speciality": null, "historic": null, "owner": null, "source": "microsoft/BuildingFootprints", "wikidata": null, "alt_name": null, "shop": null, "contact:phone": null, "contact:website": null, "postal_code": null, "healthcare:for": null, "description": null, "gnis:feature_id": null, "image": null, "note": null, "operator": null, "operator:type": null, "source:date": null, "source_ref": null, "brand": null, "brand:wikidata": null, "ele": null, "height": null, "name:tli": null, "dispensing": null, "operator:wikidata": null, "operator:wikipedia": null, "addr:unit": null, "amenity_1": null, "healthcare:counselling": null, "wikipedia": null, "office": null, "health_facility_type": null, "health_person:type": null, "old_name": null, "fax": null, "contact:facebook": null, "contact:instagram": null, "email": null, "start_date": null, "payment:cash": null, "payment:credit_cards": null, "payment:debit_cards": null, "landuse": null, "addr:housename": null, "wheelchair": null, "addr:full": null, "level": null, "urgent_care": null, "name:en": null, "health_facility": null, "drive_through": null, "payment:apple_pay": null, "contact:twitter": null, "not:brand:wikidata": null, "check_date:opening_hours": null, "payment:american_express": null, "payment:cheque": null, "payment:discover_card": null, "payment:mastercard": null, "payment:visa": null, "brand:website": null, "short_name": null, "branch": null, "facebook": null, "check_date": null, "fixme": null, "operator:short": null }, "geometry": { "type": "Point", "coordinates": [ -149.8356525, 61.183675 ] } },
{ "type": "Feature", "properties": { "addr:street": null, "amenity": "clinic", "building": "yes", "healthcare": "clinic", "name": "Alaska Family Medical Care", "opening_hours": null, "lon": -149.8371025, "lat": 61.183341, "addr:city": null, "website": null, "addr:country": null, "addr:province": null, "building:levels": null, "healthcare:speciality": null, "historic": null, "owner": null, "source": "microsoft/BuildingFootprints", "wikidata": null, "alt_name": null, "shop": null, "contact:phone": null, "contact:website": null, "postal_code": null, "healthcare:for": null, "description": null, "gnis:feature_id": null, "image": null, "note": null, "operator": null, "operator:type": null, "source:date": null, "source_ref": null, "brand": null, "brand:wikidata": null, "ele": null, "height": null, "name:tli": null, "dispensing": null, "operator:wikidata": null, "operator:wikipedia": null, "addr:unit": null, "amenity_1": null, "healthcare:counselling": null, "wikipedia": null, "office": null, "health_facility_type": null, "health_person:type": null, "old_name": null, "fax": null, "contact:facebook": null, "contact:instagram": null, "email": null, "start_date": null, "payment:cash": null, "payment:credit_cards": null, "payment:debit_cards": null, "landuse": null, "addr:housename": null, "wheelchair": null, "addr:full": null, "level": null, "urgent_care": null, "name:en": null, "health_facility": null, "drive_through": null, "payment:apple_pay": null, "contact:twitter": null, "not:brand:wikidata": null, "check_date:opening_hours": null, "payment:american_express": null, "payment:cheque": null, "payment:discover_card": null, "payment:mastercard": null, "payment:visa": null, "brand:website": null, "short_name": null, "branch": null, "facebook": null, "check_date": null, "fixme": null, "operator:short": null }, "geometry": { "type": "Point", "coordinates": [ -149.837102499999986, 61.183341 ] } },
{ "type": "Feature", "properties": { "addr:street": null, "amenity": "clinic", "building": "yes", "healthcare": "clinic", "name": "Aurora Maternal-Fetal Medicine", "opening_hours": null, "lon": -149.8351965, "lat": 61.183364, "addr:city": null, "website": null, "addr:country": null, "addr:province": null, "building:levels": null, "healthcare:speciality": null, "historic": null, "owner": null, "source": "microsoft/BuildingFootprints", "wikidata": null, "alt_name": null, "shop": null, "contact:phone": null, "contact:website": null, "postal_code": null, "healthcare:for": null, "description": null, "gnis:feature_id": null, "image": null, "note": null, "operator": null, "operator:type": null, "source:date": null, "source_ref": null, "brand": null, "brand:wikidata": null, "ele": null, "height": null, "name:tli": null, "dispensing": null, "operator:wikidata": null, "operator:wikipedia": null, "addr:unit": null, "amenity_1": null, "healthcare:counselling": null, "wikipedia": null, "office": null, "health_facility_type": null, "health_person:type": null, "old_name": null, "fax": null, "contact:facebook": null, "contact:instagram": null, "email": null, "start_date": null, "payment:cash": null, "payment:credit_cards": null, "payment:debit_cards": null, "landuse": null, "addr:housename": null, "wheelchair": null, "addr:full": null, "level": null, "urgent_care": null, "name:en": null, "health_facility": null, "drive_through": null, "payment:apple_pay": null, "contact:twitter": null, "not:brand:wikidata": null, "check_date:opening_hours": null, "payment:american_express": null, "payment:cheque": null, "payment:discover_card": null, "payment:mastercard": null, "payment:visa": null, "brand:website": null, "short_name": null, "branch": null, "facebook": null, "check_date": null, "fixme": null, "operator:short": null }, "geometry": { "type": "Point", "coordinates": [ -149.8351965, 61.183364 ] } },
{ "type": "Feature", "properties": { "addr:street": "B Street", "amenity": "clinic", "building": "office", "healthcare": null, "name": "Alaska Retinal Consultants", "opening_hours": null, "lon": -149.8854721, "lat": 61.1698006, "addr:city": "Anchorage", "website": null, "addr:country": null, "addr:province": null, "building:levels": null, "healthcare:speciality": "ophthalmology", "historic": null, "owner": null, "source": "microsoft/BuildingFootprints", "wikidata": null, "alt_name": null, "shop": null, "contact:phone": null, "contact:website": null, "postal_code": 99518.0, "healthcare:for": null, "description": null, "gnis:feature_id": null, "image": null, "note": null, "operator": null, "operator:type": null, "source:date": null, "source_ref": null, "brand": null, "brand:wikidata": null, "ele": null, "height": null, "name:tli": null, "dispensing": null, "operator:wikidata": null, "operator:wikipedia": null, "addr:unit": null, "amenity_1": null, "healthcare:counselling": null, "wikipedia": null, "office": null, "health_facility_type": null, "health_person:type": null, "old_name": null, "fax": null, "contact:facebook": null, "contact:instagram": null, "email": null, "start_date": null, "payment:cash": null, "payment:credit_cards": null, "payment:debit_cards": null, "landuse": null, "addr:housename": null, "wheelchair": null, "addr:full": null, "level": null, "urgent_care": null, "name:en": null, "health_facility": null, "drive_through": null, "payment:apple_pay": null, "contact:twitter": null, "not:brand:wikidata": null, "check_date:opening_hours": null, "payment:american_express": null, "payment:cheque": null, "payment:discover_card": null, "payment:mastercard": null, "payment:visa": null, "brand:website": null, "short_name": null, "branch": null, "facebook": null, "check_date": null, "fixme": null, "operator:short": null }, "geometry": { "type": "Point", "coordinates": [ -149.885472099999987, 61.1698006 ] } },
{ "type": "Feature", "properties": { "addr:street": null, "amenity": "hospital", "building": null, "healthcare": "hospital", "name": null, "opening_hours": null, "lon": -149.8218472, "lat": 61.2107426, "addr:city": null, "website": null, "addr:country": null, "addr:province": null, "building:levels": null, "healthcare:speciality": null, "historic": null, "owner": null, "source": null, "wikidata": null, "alt_name": null, "shop": null, "contact:phone": null, "contact:website": null, "postal_code": null, "healthcare:for": null, "description": null, "gnis:feature_id": null, "image": null, "note": null, "operator": null, "operator:type": null, "source:date": null, "source_ref": null, "brand": null, "brand:wikidata": null, "ele": null, "height": null, "name:tli": null, "dispensing": null, "operator:wikidata": null, "operator:wikipedia": null, "addr:unit": null, "amenity_1": null, "healthcare:counselling": null, "wikipedia": null, "office": null, "health_facility_type": null, "health_person:type": null, "old_name": null, "fax": null, "contact:facebook": null, "contact:instagram": null, "email": null, "start_date": null, "payment:cash": null, "payment:credit_cards": null, "payment:debit_cards": null, "landuse": null, "addr:housename": null, "wheelchair": null, "addr:full": null, "level": null, "urgent_care": null, "name:en": null, "health_facility": null, "drive_through": null, "payment:apple_pay": null, "contact:twitter": null, "not:brand:wikidata": null, "check_date:opening_hours": null, "payment:american_express": null, "payment:cheque": null, "payment:discover_card": null, "payment:mastercard": null, "payment:visa": null, "brand:website": null, "short_name": null, "branch": null, "facebook": null, "check_date": null, "fixme": null, "operator:short": null }, "geometry": { "type": "Point", "coordinates": [ -149.8218472, 61.2107426 ] } },
{ "type": "Feature", "properties": { "addr:street": null, "amenity": "pharmacy", "building": "commercial", "healthcare": "pharmacy", "name": "Stikine Drug", "opening_hours": null, "lon": -132.3841516, "lat": 56.471728, "addr:city": null, "website": null, "addr:country": null, "addr:province": null, "building:levels": null, "healthcare:speciality": null, "historic": null, "owner": null, "source": "Wrangell Open Data", "wikidata": null, "alt_name": null, "shop": null, "contact:phone": null, "contact:website": null, "postal_code": null, "healthcare:for": null, "description": null, "gnis:feature_id": null, "image": null, "note": null, "operator": null, "operator:type": null, "source:date": null, "source_ref": null, "brand": null, "brand:wikidata": null, "ele": null, "height": null, "name:tli": null, "dispensing": null, "operator:wikidata": null, "operator:wikipedia": null, "addr:unit": null, "amenity_1": null, "healthcare:counselling": null, "wikipedia": null, "office": null, "health_facility_type": null, "health_person:type": null, "old_name": null, "fax": null, "contact:facebook": null, "contact:instagram": null, "email": null, "start_date": null, "payment:cash": null, "payment:credit_cards": null, "payment:debit_cards": null, "landuse": null, "addr:housename": null, "wheelchair": null, "addr:full": null, "level": null, "urgent_care": null, "name:en": null, "health_facility": null, "drive_through": null, "payment:apple_pay": null, "contact:twitter": null, "not:brand:wikidata": null, "check_date:opening_hours": null, "payment:american_express": null, "payment:cheque": null, "payment:discover_card": null, "payment:mastercard": null, "payment:visa": null, "brand:website": null, "short_name": null, "branch": null, "facebook": null, "check_date": null, "fixme": null, "operator:short": null }, "geometry": { "type": "Point", "coordinates": [ -132.3841516, 56.471728 ] } },
{ "type": "Feature", "properties": { "addr:street": null, "amenity": "clinic", "building": "commercial", "healthcare": "clinic", "name": "Alaska Island Community Services", "opening_hours": null, "lon": -132.38432, "lat": 56.4710374, "addr:city": null, "website": null, "addr:country": null, "addr:province": null, "building:levels": null, "healthcare:speciality": null, "historic": null, "owner": null, "source": "Wrangell Open Data", "wikidata": null, "alt_name": null, "shop": null, "contact:phone": null, "contact:website": null, "postal_code": null, "healthcare:for": null, "description": null, "gnis:feature_id": null, "image": null, "note": null, "operator": null, "operator:type": null, "source:date": null, "source_ref": null, "brand": null, "brand:wikidata": null, "ele": null, "height": null, "name:tli": null, "dispensing": null, "operator:wikidata": null, "operator:wikipedia": null, "addr:unit": null, "amenity_1": null, "healthcare:counselling": null, "wikipedia": null, "office": null, "health_facility_type": null, "health_person:type": null, "old_name": null, "fax": null, "contact:facebook": null, "contact:instagram": null, "email": null, "start_date": null, "payment:cash": null, "payment:credit_cards": null, "payment:debit_cards": null, "landuse": null, "addr:housename": null, "wheelchair": null, "addr:full": null, "level": null, "urgent_care": null, "name:en": null, "health_facility": null, "drive_through": null, "payment:apple_pay": null, "contact:twitter": null, "not:brand:wikidata": null, "check_date:opening_hours": null, "payment:american_express": null, "payment:cheque": null, "payment:discover_card": null, "payment:mastercard": null, "payment:visa": null, "brand:website": null, "short_name": null, "branch": null, "facebook": null, "check_date": null, "fixme": null, "operator:short": null }, "geometry": { "type": "Point", "coordinates": [ -132.38432, 56.4710374 ] } },
{ "type": "Feature", "properties": { "addr:street": null, "amenity": "clinic", "building": "yes", "healthcare": "clinic", "name": "Annette Island Service Unit", "opening_hours": null, "lon": -131.5756827, "lat": 55.1242988, "addr:city": "Metlakatla", "website": null, "addr:country": null, "addr:province": null, "building:levels": null, "healthcare:speciality": null, "historic": null, "owner": null, "source": null, "wikidata": null, "alt_name": null, "shop": null, "contact:phone": null, "contact:website": null, "postal_code": null, "healthcare:for": null, "description": null, "gnis:feature_id": null, "image": null, "note": null, "operator": null, "operator:type": null, "source:date": null, "source_ref": null, "brand": null, "brand:wikidata": null, "ele": null, "height": null, "name:tli": null, "dispensing": null, "operator:wikidata": null, "operator:wikipedia": null, "addr:unit": null, "amenity_1": null, "healthcare:counselling": null, "wikipedia": null, "office": null, "health_facility_type": null, "health_person:type": null, "old_name": null, "fax": null, "contact:facebook": null, "contact:instagram": null, "email": null, "start_date": null, "payment:cash": null, "payment:credit_cards": null, "payment:debit_cards": null, "landuse": null, "addr:housename": null, "wheelchair": null, "addr:full": null, "level": null, "urgent_care": null, "name:en": null, "health_facility": null, "drive_through": null, "payment:apple_pay": null, "contact:twitter": null, "not:brand:wikidata": null, "check_date:opening_hours": null, "payment:american_express": null, "payment:cheque": null, "payment:discover_card": null, "payment:mastercard": null, "payment:visa": null, "brand:website": null, "short_name": null, "branch": null, "facebook": null, "check_date": null, "fixme": null, "operator:short": null }, "geometry": { "type": "Point", "coordinates": [ -131.575682699999987, 55.1242988 ] } },
{ "type": "Feature", "properties": { "addr:street": "30th Avenue", "amenity": "clinic", "building": "yes", "healthcare": "clinic", "name": "Interior Women's Health", "opening_hours": null, "lon": -147.7429467, "lat": 64.82041, "addr:city": "Fairbanks", "website": null, "addr:country": null, "addr:province": null, "building:levels": null, "healthcare:speciality": null, "historic": null, "owner": null, "source": "microsoft/BuildingFootprints", "wikidata": null, "alt_name": null, "shop": null, "contact:phone": null, "contact:website": null, "postal_code": null, "healthcare:for": null, "description": null, "gnis:feature_id": null, "image": null, "note": null, "operator": null, "operator:type": null, "source:date": null, "source_ref": null, "brand": null, "brand:wikidata": null, "ele": null, "height": null, "name:tli": null, "dispensing": null, "operator:wikidata": null, "operator:wikipedia": null, "addr:unit": null, "amenity_1": null, "healthcare:counselling": null, "wikipedia": null, "office": null, "health_facility_type": null, "health_person:type": null, "old_name": null, "fax": null, "contact:facebook": null, "contact:instagram": null, "email": null, "start_date": null, "payment:cash": null, "payment:credit_cards": null, "payment:debit_cards": null, "landuse": null, "addr:housename": null, "wheelchair": null, "addr:full": null, "level": null, "urgent_care": null, "name:en": null, "health_facility": null, "drive_through": null, "payment:apple_pay": null, "contact:twitter": null, "not:brand:wikidata": null, "check_date:opening_hours": null, "payment:american_express": null, "payment:cheque": null, "payment:discover_card": null, "payment:mastercard": null, "payment:visa": null, "brand:website": null, "short_name": null, "branch": null, "facebook": null, "check_date": null, "fixme": null, "operator:short": null }, "geometry": { "type": "Point", "coordinates": [ -147.7429467, 64.82041 ] } },
{ "type": "Feature", "properties": { "addr:street": null, "amenity": "hospital", "building": null, "healthcare": "hospital", "name": null, "opening_hours": null, "lon": -135.3553632, "lat": 57.0515709, "addr:city": null, "website": null, "addr:country": null, "addr:province": null, "building:levels": null, "healthcare:speciality": null, "historic": null, "owner": null, "source": null, "wikidata": null, "alt_name": null, "shop": null, "contact:phone": null, "contact:website": null, "postal_code": null, "healthcare:for": null, "description": null, "gnis:feature_id": null, "image": null, "note": null, "operator": null, "operator:type": null, "source:date": null, "source_ref": null, "brand": null, "brand:wikidata": null, "ele": null, "height": null, "name:tli": null, "dispensing": null, "operator:wikidata": null, "operator:wikipedia": null, "addr:unit": null, "amenity_1": null, "healthcare:counselling": null, "wikipedia": null, "office": null, "health_facility_type": null, "health_person:type": null, "old_name": null, "fax": null, "contact:facebook": null, "contact:instagram": null, "email": null, "start_date": null, "payment:cash": null, "payment:credit_cards": null, "payment:debit_cards": null, "landuse": null, "addr:housename": null, "wheelchair": null, "addr:full": null, "level": null, "urgent_care": null, "name:en": null, "health_facility": null, "drive_through": null, "payment:apple_pay": null, "contact:twitter": null, "not:brand:wikidata": null, "check_date:opening_hours": null, "payment:american_express": null, "payment:cheque": null, "payment:discover_card": null, "payment:mastercard": null, "payment:visa": null, "brand:website": null, "short_name": null, "branch": null, "facebook": null, "check_date": null, "fixme": null, "operator:short": null }, "geometry": { "type": "Point", "coordinates": [ -135.3553632, 57.0515709 ] } },
{ "type": "Feature", "properties": { "addr:street": "Carlanna Lake Road", "amenity": "clinic", "building": "yes", "healthcare": "clinic", "name": "PeaceHealth Medical Group", "opening_hours": null, "lon": -131.6873949, "lat": 55.3541679, "addr:city": null, "website": null, "addr:country": null, "addr:province": null, "building:levels": null, "healthcare:speciality": null, "historic": null, "owner": null, "source": null, "wikidata": null, "alt_name": null, "shop": null, "contact:phone": null, "contact:website": null, "postal_code": null, "healthcare:for": null, "description": null, "gnis:feature_id": null, "image": null, "note": null, "operator": null, "operator:type": null, "source:date": null, "source_ref": null, "brand": null, "brand:wikidata": null, "ele": null, "height": null, "name:tli": null, "dispensing": null, "operator:wikidata": null, "operator:wikipedia": null, "addr:unit": null, "amenity_1": null, "healthcare:counselling": null, "wikipedia": null, "office": null, "health_facility_type": null, "health_person:type": null, "old_name": null, "fax": null, "contact:facebook": null, "contact:instagram": null, "email": null, "start_date": null, "payment:cash": null, "payment:credit_cards": null, "payment:debit_cards": null, "landuse": null, "addr:housename": "PeaceHealth Medical Group", "wheelchair": null, "addr:full": null, "level": null, "urgent_care": null, "name:en": null, "health_facility": null, "drive_through": null, "payment:apple_pay": null, "contact:twitter": null, "not:brand:wikidata": null, "check_date:opening_hours": null, "payment:american_express": null, "payment:cheque": null, "payment:discover_card": null, "payment:mastercard": null, "payment:visa": null, "brand:website": null, "short_name": null, "branch": null, "facebook": null, "check_date": null, "fixme": null, "operator:short": null }, "geometry": { "type": "Point", "coordinates": [ -131.687394899999987, 55.3541679 ] } },
{ "type": "Feature", "properties": { "addr:street": "East Meridian Park Loop", "amenity": "clinic", "building": "yes", "healthcare": "clinic", "name": "Ptarmigan Pediatrics", "opening_hours": null, "lon": -149.3613348, "lat": 61.5932711, "addr:city": "Wasilla", "website": null, "addr:country": null, "addr:province": null, "building:levels": null, "healthcare:speciality": null, "historic": null, "owner": null, "source": null, "wikidata": null, "alt_name": null, "shop": null, "contact:phone": null, "contact:website": null, "postal_code": null, "healthcare:for": null, "description": null, "gnis:feature_id": null, "image": null, "note": null, "operator": null, "operator:type": null, "source:date": null, "source_ref": null, "brand": null, "brand:wikidata": null, "ele": null, "height": null, "name:tli": null, "dispensing": null, "operator:wikidata": null, "operator:wikipedia": null, "addr:unit": "A", "amenity_1": null, "healthcare:counselling": null, "wikipedia": null, "office": null, "health_facility_type": null, "health_person:type": null, "old_name": null, "fax": null, "contact:facebook": null, "contact:instagram": null, "email": null, "start_date": null, "payment:cash": null, "payment:credit_cards": null, "payment:debit_cards": null, "landuse": null, "addr:housename": null, "wheelchair": null, "addr:full": null, "level": null, "urgent_care": null, "name:en": null, "health_facility": null, "drive_through": null, "payment:apple_pay": null, "contact:twitter": null, "not:brand:wikidata": null, "check_date:opening_hours": null, "payment:american_express": null, "payment:cheque": null, "payment:discover_card": null, "payment:mastercard": null, "payment:visa": null, "brand:website": null, "short_name": null, "branch": null, "facebook": null, "check_date": null, "fixme": null, "operator:short": null }, "geometry": { "type": "Point", "coordinates": [ -149.3613348, 61.5932711 ] } },
{ "type": "Feature", "properties": { "addr:street": null, "amenity": "clinic", "building": "yes", "healthcare": "clinic", "name": "Gambell Clinic", "opening_hours": "Mo-Fr 08:00-17:00", "lon": -171.7269465, "lat": 63.7785314, "addr:city": null, "website": null, "addr:country": null, "addr:province": null, "building:levels": null, "healthcare:speciality": null, "historic": null, "owner": null, "source": null, "wikidata": null, "alt_name": null, "shop": null, "contact:phone": null, "contact:website": null, "postal_code": null, "healthcare:for": null, "description": null, "gnis:feature_id": null, "image": null, "note": null, "operator": null, "operator:type": null, "source:date": null, "source_ref": null, "brand": null, "brand:wikidata": null, "ele": null, "height": null, "name:tli": null, "dispensing": null, "operator:wikidata": null, "operator:wikipedia": null, "addr:unit": null, "amenity_1": null, "healthcare:counselling": null, "wikipedia": null, "office": null, "health_facility_type": null, "health_person:type": null, "old_name": null, "fax": null, "contact:facebook": null, "contact:instagram": null, "email": null, "start_date": null, "payment:cash": null, "payment:credit_cards": null, "payment:debit_cards": null, "landuse": null, "addr:housename": null, "wheelchair": "yes", "addr:full": null, "level": null, "urgent_care": null, "name:en": null, "health_facility": null, "drive_through": null, "payment:apple_pay": null, "contact:twitter": null, "not:brand:wikidata": null, "check_date:opening_hours": null, "payment:american_express": null, "payment:cheque": null, "payment:discover_card": null, "payment:mastercard": null, "payment:visa": null, "brand:website": null, "short_name": null, "branch": null, "facebook": null, "check_date": null, "fixme": null, "operator:short": null }, "geometry": { "type": "Point", "coordinates": [ -171.7269465, 63.7785314 ] } },
{ "type": "Feature", "properties": { "addr:street": null, "amenity": "clinic", "building": "yes", "healthcare": null, "name": "Alakanuk Clinic", "opening_hours": null, "lon": -164.6563857, "lat": 62.683057, "addr:city": null, "website": null, "addr:country": null, "addr:province": null, "building:levels": null, "healthcare:speciality": null, "historic": null, "owner": null, "source": null, "wikidata": null, "alt_name": null, "shop": null, "contact:phone": null, "contact:website": null, "postal_code": null, "healthcare:for": null, "description": null, "gnis:feature_id": null, "image": null, "note": null, "operator": null, "operator:type": null, "source:date": null, "source_ref": null, "brand": null, "brand:wikidata": null, "ele": null, "height": null, "name:tli": null, "dispensing": null, "operator:wikidata": null, "operator:wikipedia": null, "addr:unit": null, "amenity_1": null, "healthcare:counselling": null, "wikipedia": null, "office": null, "health_facility_type": null, "health_person:type": null, "old_name": null, "fax": null, "contact:facebook": null, "contact:instagram": null, "email": null, "start_date": null, "payment:cash": null, "payment:credit_cards": null, "payment:debit_cards": null, "landuse": null, "addr:housename": null, "wheelchair": null, "addr:full": null, "level": null, "urgent_care": null, "name:en": null, "health_facility": null, "drive_through": null, "payment:apple_pay": null, "contact:twitter": null, "not:brand:wikidata": null, "check_date:opening_hours": null, "payment:american_express": null, "payment:cheque": null, "payment:discover_card": null, "payment:mastercard": null, "payment:visa": null, "brand:website": null, "short_name": null, "branch": null, "facebook": null, "check_date": null, "fixme": null, "operator:short": null }, "geometry": { "type": "Point", "coordinates": [ -164.656385699999987, 62.683057 ] } },
{ "type": "Feature", "properties": { "addr:street": "South Alaska Street", "amenity": "clinic", "building": "yes", "healthcare": "clinic", "name": "Palmer Family Medicine", "opening_hours": "Mo-Fr 09:00-17:00", "lon": -149.1151671, "lat": 61.6046311, "addr:city": "City Of Palmer", "website": null, "addr:country": null, "addr:province": null, "building:levels": null, "healthcare:speciality": null, "historic": null, "owner": null, "source": "esri/USA_NAD_Addresses", "wikidata": null, "alt_name": null, "shop": null, "contact:phone": null, "contact:website": null, "postal_code": null, "healthcare:for": null, "description": null, "gnis:feature_id": null, "image": null, "note": null, "operator": null, "operator:type": null, "source:date": null, "source_ref": null, "brand": null, "brand:wikidata": null, "ele": null, "height": null, "name:tli": null, "dispensing": null, "operator:wikidata": null, "operator:wikipedia": null, "addr:unit": null, "amenity_1": null, "healthcare:counselling": null, "wikipedia": null, "office": null, "health_facility_type": null, "health_person:type": null, "old_name": null, "fax": null, "contact:facebook": null, "contact:instagram": null, "email": null, "start_date": null, "payment:cash": null, "payment:credit_cards": null, "payment:debit_cards": null, "landuse": null, "addr:housename": null, "wheelchair": null, "addr:full": null, "level": null, "urgent_care": null, "name:en": null, "health_facility": null, "drive_through": null, "payment:apple_pay": null, "contact:twitter": null, "not:brand:wikidata": null, "check_date:opening_hours": null, "payment:american_express": null, "payment:cheque": null, "payment:discover_card": null, "payment:mastercard": null, "payment:visa": null, "brand:website": null, "short_name": null, "branch": null, "facebook": null, "check_date": null, "fixme": null, "operator:short": null }, "geometry": { "type": "Point", "coordinates": [ -149.1151671, 61.6046311 ] } },
{ "type": "Feature", "properties": { "addr:street": "East Maple Springs Way", "amenity": "clinic", "building": "yes", "healthcare": "clinic", "name": "Capstone Clinic", "opening_hours": "Mo-Fr 08:30-17:00", "lon": -149.1471005, "lat": 61.5989633, "addr:city": "Palmer", "website": "https://www.capstoneclinic.net/", "addr:country": null, "addr:province": null, "building:levels": null, "healthcare:speciality": null, "historic": null, "owner": null, "source": null, "wikidata": null, "alt_name": null, "shop": null, "contact:phone": null, "contact:website": null, "postal_code": null, "healthcare:for": null, "description": null, "gnis:feature_id": null, "image": null, "note": null, "operator": null, "operator:type": null, "source:date": null, "source_ref": null, "brand": null, "brand:wikidata": null, "ele": null, "height": null, "name:tli": null, "dispensing": null, "operator:wikidata": null, "operator:wikipedia": null, "addr:unit": "A", "amenity_1": null, "healthcare:counselling": null, "wikipedia": null, "office": null, "health_facility_type": null, "health_person:type": null, "old_name": null, "fax": null, "contact:facebook": null, "contact:instagram": null, "email": null, "start_date": null, "payment:cash": null, "payment:credit_cards": null, "payment:debit_cards": null, "landuse": null, "addr:housename": null, "wheelchair": null, "addr:full": null, "level": null, "urgent_care": null, "name:en": null, "health_facility": null, "drive_through": null, "payment:apple_pay": null, "contact:twitter": null, "not:brand:wikidata": null, "check_date:opening_hours": null, "payment:american_express": null, "payment:cheque": null, "payment:discover_card": null, "payment:mastercard": null, "payment:visa": null, "brand:website": null, "short_name": null, "branch": null, "facebook": null, "check_date": null, "fixme": null, "operator:short": null }, "geometry": { "type": "Point", "coordinates": [ -149.1471005, 61.5989633 ] } },
{ "type": "Feature", "properties": { "addr:street": null, "amenity": "clinic", "building": "yes", "healthcare": null, "name": null, "opening_hours": null, "lon": -157.3748965, "lat": 58.208836, "addr:city": null, "website": null, "addr:country": null, "addr:province": null, "building:levels": null, "healthcare:speciality": null, "historic": null, "owner": null, "source": null, "wikidata": null, "alt_name": null, "shop": null, "contact:phone": null, "contact:website": null, "postal_code": null, "healthcare:for": null, "description": null, "gnis:feature_id": null, "image": null, "note": null, "operator": null, "operator:type": null, "source:date": null, "source_ref": null, "brand": null, "brand:wikidata": null, "ele": null, "height": null, "name:tli": null, "dispensing": null, "operator:wikidata": null, "operator:wikipedia": null, "addr:unit": null, "amenity_1": null, "healthcare:counselling": null, "wikipedia": null, "office": null, "health_facility_type": null, "health_person:type": null, "old_name": null, "fax": null, "contact:facebook": null, "contact:instagram": null, "email": null, "start_date": null, "payment:cash": null, "payment:credit_cards": null, "payment:debit_cards": null, "landuse": null, "addr:housename": null, "wheelchair": null, "addr:full": null, "level": null, "urgent_care": null, "name:en": null, "health_facility": null, "drive_through": null, "payment:apple_pay": null, "contact:twitter": null, "not:brand:wikidata": null, "check_date:opening_hours": null, "payment:american_express": null, "payment:cheque": null, "payment:discover_card": null, "payment:mastercard": null, "payment:visa": null, "brand:website": null, "short_name": null, "branch": null, "facebook": null, "check_date": null, "fixme": null, "operator:short": null }, "geometry": { "type": "Point", "coordinates": [ -157.3748965, 58.208836 ] } },
{ "type": "Feature", "properties": { "addr:street": null, "amenity": "clinic", "building": "yes", "healthcare": "clinic", "name": "Alaska Regional MyHealth Clinic", "opening_hours": null, "lon": -149.84397, "lat": 61.141403, "addr:city": null, "website": null, "addr:country": null, "addr:province": null, "building:levels": null, "healthcare:speciality": null, "historic": null, "owner": null, "source": null, "wikidata": null, "alt_name": null, "shop": null, "contact:phone": null, "contact:website": null, "postal_code": null, "healthcare:for": null, "description": null, "gnis:feature_id": null, "image": null, "note": null, "operator": null, "operator:type": null, "source:date": null, "source_ref": null, "brand": null, "brand:wikidata": null, "ele": null, "height": null, "name:tli": null, "dispensing": null, "operator:wikidata": null, "operator:wikipedia": null, "addr:unit": null, "amenity_1": null, "healthcare:counselling": null, "wikipedia": null, "office": null, "health_facility_type": null, "health_person:type": null, "old_name": null, "fax": null, "contact:facebook": null, "contact:instagram": null, "email": null, "start_date": null, "payment:cash": null, "payment:credit_cards": null, "payment:debit_cards": null, "landuse": null, "addr:housename": null, "wheelchair": null, "addr:full": null, "level": null, "urgent_care": null, "name:en": null, "health_facility": null, "drive_through": null, "payment:apple_pay": null, "contact:twitter": null, "not:brand:wikidata": null, "check_date:opening_hours": null, "payment:american_express": null, "payment:cheque": null, "payment:discover_card": null, "payment:mastercard": null, "payment:visa": null, "brand:website": null, "short_name": null, "branch": null, "facebook": null, "check_date": null, "fixme": null, "operator:short": null }, "geometry": { "type": "Point", "coordinates": [ -149.84397, 61.141403 ] } },
{ "type": "Feature", "properties": { "addr:street": null, "amenity": "clinic", "building": "yes", "healthcare": "clinic", "name": "John Afcan Memorial Clinic", "opening_hours": null, "lon": -163.1835914, "lat": 62.0524136, "addr:city": null, "website": null, "addr:country": null, "addr:province": null, "building:levels": null, "healthcare:speciality": null, "historic": null, "owner": null, "source": null, "wikidata": null, "alt_name": null, "shop": null, "contact:phone": null, "contact:website": null, "postal_code": null, "healthcare:for": null, "description": null, "gnis:feature_id": null, "image": null, "note": null, "operator": null, "operator:type": null, "source:date": null, "source_ref": null, "brand": null, "brand:wikidata": null, "ele": null, "height": null, "name:tli": null, "dispensing": null, "operator:wikidata": null, "operator:wikipedia": null, "addr:unit": null, "amenity_1": null, "healthcare:counselling": null, "wikipedia": null, "office": null, "health_facility_type": null, "health_person:type": null, "old_name": null, "fax": null, "contact:facebook": null, "contact:instagram": null, "email": null, "start_date": null, "payment:cash": null, "payment:credit_cards": null, "payment:debit_cards": null, "landuse": null, "addr:housename": null, "wheelchair": null, "addr:full": null, "level": null, "urgent_care": null, "name:en": null, "health_facility": null, "drive_through": null, "payment:apple_pay": null, "contact:twitter": null, "not:brand:wikidata": null, "check_date:opening_hours": null, "payment:american_express": null, "payment:cheque": null, "payment:discover_card": null, "payment:mastercard": null, "payment:visa": null, "brand:website": null, "short_name": null, "branch": null, "facebook": null, "check_date": null, "fixme": null, "operator:short": null }, "geometry": { "type": "Point", "coordinates": [ -163.183591400000012, 62.0524136 ] } },
{ "type": "Feature", "properties": { "addr:street": null, "amenity": "clinic", "building": "yes", "healthcare": "clinic", "name": "Nunam Iqua Health Clinic", "opening_hours": null, "lon": -164.8497269, "lat": 62.5313189, "addr:city": null, "website": null, "addr:country": null, "addr:province": null, "building:levels": null, "healthcare:speciality": null, "historic": null, "owner": null, "source": null, "wikidata": null, "alt_name": null, "shop": null, "contact:phone": null, "contact:website": null, "postal_code": null, "healthcare:for": null, "description": null, "gnis:feature_id": null, "image": null, "note": null, "operator": null, "operator:type": null, "source:date": null, "source_ref": null, "brand": null, "brand:wikidata": null, "ele": null, "height": null, "name:tli": null, "dispensing": null, "operator:wikidata": null, "operator:wikipedia": null, "addr:unit": null, "amenity_1": null, "healthcare:counselling": null, "wikipedia": null, "office": null, "health_facility_type": null, "health_person:type": null, "old_name": null, "fax": null, "contact:facebook": null, "contact:instagram": null, "email": null, "start_date": null, "payment:cash": null, "payment:credit_cards": null, "payment:debit_cards": null, "landuse": null, "addr:housename": null, "wheelchair": null, "addr:full": null, "level": null, "urgent_care": null, "name:en": null, "health_facility": null, "drive_through": null, "payment:apple_pay": null, "contact:twitter": null, "not:brand:wikidata": null, "check_date:opening_hours": null, "payment:american_express": null, "payment:cheque": null, "payment:discover_card": null, "payment:mastercard": null, "payment:visa": null, "brand:website": null, "short_name": null, "branch": null, "facebook": null, "check_date": null, "fixme": null, "operator:short": null }, "geometry": { "type": "Point", "coordinates": [ -164.8497269, 62.5313189 ] } },
{ "type": "Feature", "properties": { "addr:street": null, "amenity": "clinic", "building": "yes", "healthcare": "clinic", "name": "Russian Mission Clinic", "opening_hours": null, "lon": -161.3302905, "lat": 61.7839779, "addr:city": null, "website": null, "addr:country": null, "addr:province": null, "building:levels": null, "healthcare:speciality": null, "historic": null, "owner": null, "source": null, "wikidata": null, "alt_name": null, "shop": null, "contact:phone": null, "contact:website": null, "postal_code": null, "healthcare:for": null, "description": null, "gnis:feature_id": null, "image": null, "note": null, "operator": null, "operator:type": null, "source:date": null, "source_ref": null, "brand": null, "brand:wikidata": null, "ele": null, "height": null, "name:tli": null, "dispensing": null, "operator:wikidata": null, "operator:wikipedia": null, "addr:unit": null, "amenity_1": null, "healthcare:counselling": null, "wikipedia": null, "office": null, "health_facility_type": null, "health_person:type": null, "old_name": null, "fax": null, "contact:facebook": null, "contact:instagram": null, "email": null, "start_date": null, "payment:cash": null, "payment:credit_cards": null, "payment:debit_cards": null, "landuse": null, "addr:housename": null, "wheelchair": null, "addr:full": null, "level": null, "urgent_care": null, "name:en": null, "health_facility": null, "drive_through": null, "payment:apple_pay": null, "contact:twitter": null, "not:brand:wikidata": null, "check_date:opening_hours": null, "payment:american_express": null, "payment:cheque": null, "payment:discover_card": null, "payment:mastercard": null, "payment:visa": null, "brand:website": null, "short_name": null, "branch": null, "facebook": null, "check_date": null, "fixme": null, "operator:short": null }, "geometry": { "type": "Point", "coordinates": [ -161.3302905, 61.7839779 ] } },
{ "type": "Feature", "properties": { "addr:street": "5th Avenue", "amenity": "hospital", "building": null, "healthcare": "hospital", "name": "Maniilaq Health Center", "opening_hours": null, "lon": -162.5871131, "lat": 66.8959734, "addr:city": "Kotzeblue", "website": "https://www.maniilaq.org/health-services/", "addr:country": null, "addr:province": null, "building:levels": null, "healthcare:speciality": null, "historic": null, "owner": null, "source": null, "wikidata": null, "alt_name": null, "shop": null, "contact:phone": null, "contact:website": null, "postal_code": null, "healthcare:for": null, "description": null, "gnis:feature_id": null, "image": null, "note": null, "operator": null, "operator:type": null, "source:date": null, "source_ref": null, "brand": null, "brand:wikidata": null, "ele": null, "height": null, "name:tli": null, "dispensing": null, "operator:wikidata": null, "operator:wikipedia": null, "addr:unit": null, "amenity_1": null, "healthcare:counselling": null, "wikipedia": null, "office": null, "health_facility_type": null, "health_person:type": null, "old_name": null, "fax": null, "contact:facebook": null, "contact:instagram": null, "email": null, "start_date": null, "payment:cash": null, "payment:credit_cards": null, "payment:debit_cards": null, "landuse": null, "addr:housename": null, "wheelchair": null, "addr:full": null, "level": null, "urgent_care": null, "name:en": null, "health_facility": null, "drive_through": null, "payment:apple_pay": null, "contact:twitter": null, "not:brand:wikidata": null, "check_date:opening_hours": null, "payment:american_express": null, "payment:cheque": null, "payment:discover_card": null, "payment:mastercard": null, "payment:visa": null, "brand:website": null, "short_name": null, "branch": null, "facebook": null, "check_date": null, "fixme": null, "operator:short": null }, "geometry": { "type": "Point", "coordinates": [ -162.58711310000001, 66.8959734 ] } },
{ "type": "Feature", "properties": { "addr:street": null, "amenity": "doctors", "building": "yes", "healthcare": "doctor", "name": "EMT Shack", "opening_hours": null, "lon": -149.5971851, "lat": 68.6268297, "addr:city": null, "website": null, "addr:country": null, "addr:province": null, "building:levels": null, "healthcare:speciality": null, "historic": null, "owner": null, "source": null, "wikidata": null, "alt_name": null, "shop": null, "contact:phone": null, "contact:website": null, "postal_code": null, "healthcare:for": null, "description": null, "gnis:feature_id": null, "image": null, "note": null, "operator": null, "operator:type": null, "source:date": null, "source_ref": null, "brand": null, "brand:wikidata": null, "ele": null, "height": null, "name:tli": null, "dispensing": null, "operator:wikidata": null, "operator:wikipedia": null, "addr:unit": null, "amenity_1": null, "healthcare:counselling": null, "wikipedia": null, "office": null, "health_facility_type": null, "health_person:type": null, "old_name": null, "fax": null, "contact:facebook": null, "contact:instagram": null, "email": null, "start_date": null, "payment:cash": null, "payment:credit_cards": null, "payment:debit_cards": null, "landuse": null, "addr:housename": null, "wheelchair": null, "addr:full": null, "level": null, "urgent_care": null, "name:en": null, "health_facility": null, "drive_through": null, "payment:apple_pay": null, "contact:twitter": null, "not:brand:wikidata": null, "check_date:opening_hours": null, "payment:american_express": null, "payment:cheque": null, "payment:discover_card": null, "payment:mastercard": null, "payment:visa": null, "brand:website": null, "short_name": null, "branch": null, "facebook": null, "check_date": null, "fixme": null, "operator:short": null }, "geometry": { "type": "Point", "coordinates": [ -149.5971851, 68.6268297 ] } },
{ "type": "Feature", "properties": { "addr:street": null, "amenity": "clinic", "building": "yes", "healthcare": "clinic", "name": null, "opening_hours": null, "lon": -159.2382832, "lat": 61.5755193, "addr:city": null, "website": null, "addr:country": null, "addr:province": null, "building:levels": null, "healthcare:speciality": null, "historic": null, "owner": null, "source": null, "wikidata": null, "alt_name": null, "shop": null, "contact:phone": null, "contact:website": null, "postal_code": null, "healthcare:for": null, "description": null, "gnis:feature_id": null, "image": null, "note": null, "operator": null, "operator:type": null, "source:date": null, "source_ref": null, "brand": null, "brand:wikidata": null, "ele": null, "height": null, "name:tli": null, "dispensing": null, "operator:wikidata": null, "operator:wikipedia": null, "addr:unit": null, "amenity_1": null, "healthcare:counselling": null, "wikipedia": null, "office": null, "health_facility_type": null, "health_person:type": null, "old_name": null, "fax": null, "contact:facebook": null, "contact:instagram": null, "email": null, "start_date": null, "payment:cash": null, "payment:credit_cards": null, "payment:debit_cards": null, "landuse": null, "addr:housename": null, "wheelchair": null, "addr:full": null, "level": null, "urgent_care": null, "name:en": null, "health_facility": null, "drive_through": null, "payment:apple_pay": null, "contact:twitter": null, "not:brand:wikidata": null, "check_date:opening_hours": null, "payment:american_express": null, "payment:cheque": null, "payment:discover_card": null, "payment:mastercard": null, "payment:visa": null, "brand:website": null, "short_name": null, "branch": null, "facebook": null, "check_date": null, "fixme": null, "operator:short": null }, "geometry": { "type": "Point", "coordinates": [ -159.238283200000012, 61.5755193 ] } },
{ "type": "Feature", "properties": { "addr:street": null, "amenity": "clinic", "building": "yes", "healthcare": null, "name": "Nicholas Kompkoff Clinic", "opening_hours": null, "lon": -148.0167861, "lat": 60.0656884, "addr:city": null, "website": null, "addr:country": null, "addr:province": null, "building:levels": null, "healthcare:speciality": null, "historic": null, "owner": null, "source": null, "wikidata": null, "alt_name": null, "shop": null, "contact:phone": null, "contact:website": null, "postal_code": null, "healthcare:for": null, "description": null, "gnis:feature_id": null, "image": null, "note": null, "operator": null, "operator:type": null, "source:date": null, "source_ref": null, "brand": null, "brand:wikidata": null, "ele": null, "height": null, "name:tli": null, "dispensing": null, "operator:wikidata": null, "operator:wikipedia": null, "addr:unit": null, "amenity_1": null, "healthcare:counselling": null, "wikipedia": null, "office": null, "health_facility_type": null, "health_person:type": null, "old_name": null, "fax": null, "contact:facebook": null, "contact:instagram": null, "email": null, "start_date": null, "payment:cash": null, "payment:credit_cards": null, "payment:debit_cards": null, "landuse": null, "addr:housename": null, "wheelchair": null, "addr:full": null, "level": null, "urgent_care": null, "name:en": null, "health_facility": null, "drive_through": null, "payment:apple_pay": null, "contact:twitter": null, "not:brand:wikidata": null, "check_date:opening_hours": null, "payment:american_express": null, "payment:cheque": null, "payment:discover_card": null, "payment:mastercard": null, "payment:visa": null, "brand:website": null, "short_name": null, "branch": null, "facebook": null, "check_date": null, "fixme": null, "operator:short": null }, "geometry": { "type": "Point", "coordinates": [ -148.0167861, 60.0656884 ] } },
{ "type": "Feature", "properties": { "addr:street": "South Talkeetna Spur", "amenity": "clinic", "building": "yes", "healthcare": "clinic", "name": "Sunshine Community Health Center", "opening_hours": null, "lon": -150.052539, "lat": 62.1903573, "addr:city": "Talkeetna", "website": "https://www.sunshineclinic.org/", "addr:country": null, "addr:province": null, "building:levels": null, "healthcare:speciality": null, "historic": null, "owner": null, "source": null, "wikidata": null, "alt_name": "Sunshine Clinic", "shop": null, "contact:phone": null, "contact:website": null, "postal_code": null, "healthcare:for": null, "description": null, "gnis:feature_id": null, "image": null, "note": null, "operator": null, "operator:type": null, "source:date": null, "source_ref": null, "brand": null, "brand:wikidata": null, "ele": null, "height": null, "name:tli": null, "dispensing": null, "operator:wikidata": null, "operator:wikipedia": null, "addr:unit": null, "amenity_1": null, "healthcare:counselling": null, "wikipedia": null, "office": null, "health_facility_type": null, "health_person:type": null, "old_name": null, "fax": null, "contact:facebook": null, "contact:instagram": null, "email": null, "start_date": null, "payment:cash": null, "payment:credit_cards": null, "payment:debit_cards": null, "landuse": null, "addr:housename": null, "wheelchair": null, "addr:full": "Mile 4.4 Talkeetna Spur Rd Talkeetna Alaska 99676", "level": null, "urgent_care": null, "name:en": null, "health_facility": null, "drive_through": null, "payment:apple_pay": null, "contact:twitter": null, "not:brand:wikidata": null, "check_date:opening_hours": null, "payment:american_express": null, "payment:cheque": null, "payment:discover_card": null, "payment:mastercard": null, "payment:visa": null, "brand:website": null, "short_name": null, "branch": null, "facebook": null, "check_date": null, "fixme": null, "operator:short": null }, "geometry": { "type": "Point", "coordinates": [ -150.052539, 62.1903573 ] } },
{ "type": "Feature", "properties": { "addr:street": null, "amenity": "clinic", "building": "yes", "healthcare": "clinic", "name": null, "opening_hours": null, "lon": -149.2587691, "lat": 61.574991, "addr:city": null, "website": null, "addr:country": null, "addr:province": null, "building:levels": null, "healthcare:speciality": null, "historic": null, "owner": null, "source": null, "wikidata": null, "alt_name": null, "shop": null, "contact:phone": null, "contact:website": null, "postal_code": null, "healthcare:for": null, "description": null, "gnis:feature_id": null, "image": null, "note": null, "operator": null, "operator:type": null, "source:date": null, "source_ref": null, "brand": null, "brand:wikidata": null, "ele": null, "height": null, "name:tli": null, "dispensing": null, "operator:wikidata": null, "operator:wikipedia": null, "addr:unit": null, "amenity_1": null, "healthcare:counselling": null, "wikipedia": null, "office": null, "health_facility_type": null, "health_person:type": null, "old_name": null, "fax": null, "contact:facebook": null, "contact:instagram": null, "email": null, "start_date": null, "payment:cash": null, "payment:credit_cards": null, "payment:debit_cards": null, "landuse": null, "addr:housename": null, "wheelchair": null, "addr:full": null, "level": null, "urgent_care": null, "name:en": null, "health_facility": null, "drive_through": null, "payment:apple_pay": null, "contact:twitter": null, "not:brand:wikidata": null, "check_date:opening_hours": null, "payment:american_express": null, "payment:cheque": null, "payment:discover_card": null, "payment:mastercard": null, "payment:visa": null, "brand:website": null, "short_name": null, "branch": null, "facebook": null, "check_date": null, "fixme": null, "operator:short": null }, "geometry": { "type": "Point", "coordinates": [ -149.2587691, 61.574991 ] } },
{ "type": "Feature", "properties": { "addr:street": null, "amenity": "hospital", "building": null, "healthcare": "hospital", "name": "Central Peninsula Hospital", "opening_hours": null, "lon": -151.0771041, "lat": 60.4936323, "addr:city": null, "website": null, "addr:country": null, "addr:province": null, "building:levels": null, "healthcare:speciality": null, "historic": null, "owner": null, "source": null, "wikidata": null, "alt_name": null, "shop": null, "contact:phone": null, "contact:website": null, "postal_code": null, "healthcare:for": null, "description": null, "gnis:feature_id": null, "image": null, "note": null, "operator": null, "operator:type": null, "source:date": null, "source_ref": null, "brand": null, "brand:wikidata": null, "ele": null, "height": null, "name:tli": null, "dispensing": null, "operator:wikidata": null, "operator:wikipedia": null, "addr:unit": null, "amenity_1": null, "healthcare:counselling": null, "wikipedia": null, "office": null, "health_facility_type": null, "health_person:type": null, "old_name": null, "fax": null, "contact:facebook": null, "contact:instagram": null, "email": null, "start_date": null, "payment:cash": null, "payment:credit_cards": null, "payment:debit_cards": null, "landuse": null, "addr:housename": null, "wheelchair": null, "addr:full": null, "level": null, "urgent_care": null, "name:en": null, "health_facility": null, "drive_through": null, "payment:apple_pay": null, "contact:twitter": null, "not:brand:wikidata": null, "check_date:opening_hours": null, "payment:american_express": null, "payment:cheque": null, "payment:discover_card": null, "payment:mastercard": null, "payment:visa": null, "brand:website": null, "short_name": null, "branch": null, "facebook": null, "check_date": null, "fixme": null, "operator:short": null }, "geometry": { "type": "Point", "coordinates": [ -151.077104100000014, 60.4936323 ] } },
{ "type": "Feature", "properties": { "addr:street": null, "amenity": "doctors", "building": "yes", "healthcare": "doctor", "name": "Imaging Associates", "opening_hours": null, "lon": -149.8297055, "lat": 61.1876153, "addr:city": null, "website": "https://imagingak.com/", "addr:country": null, "addr:province": null, "building:levels": null, "healthcare:speciality": "radiology", "historic": null, "owner": null, "source": null, "wikidata": null, "alt_name": null, "shop": null, "contact:phone": null, "contact:website": null, "postal_code": null, "healthcare:for": null, "description": null, "gnis:feature_id": null, "image": null, "note": null, "operator": null, "operator:type": null, "source:date": null, "source_ref": null, "brand": null, "brand:wikidata": null, "ele": null, "height": null, "name:tli": null, "dispensing": null, "operator:wikidata": null, "operator:wikipedia": null, "addr:unit": null, "amenity_1": null, "healthcare:counselling": null, "wikipedia": null, "office": null, "health_facility_type": null, "health_person:type": null, "old_name": null, "fax": null, "contact:facebook": null, "contact:instagram": null, "email": null, "start_date": null, "payment:cash": null, "payment:credit_cards": null, "payment:debit_cards": null, "landuse": null, "addr:housename": null, "wheelchair": null, "addr:full": null, "level": null, "urgent_care": null, "name:en": null, "health_facility": null, "drive_through": null, "payment:apple_pay": null, "contact:twitter": null, "not:brand:wikidata": null, "check_date:opening_hours": null, "payment:american_express": null, "payment:cheque": null, "payment:discover_card": null, "payment:mastercard": null, "payment:visa": null, "brand:website": null, "short_name": null, "branch": null, "facebook": null, "check_date": null, "fixme": null, "operator:short": null }, "geometry": { "type": "Point", "coordinates": [ -149.829705499999989, 61.1876153 ] } },
{ "type": "Feature", "properties": { "addr:street": null, "amenity": "doctors", "building": "yes", "healthcare": "doctor", "name": "Alaska Surgery Center", "opening_hours": null, "lon": -149.8142091, "lat": 61.2105428, "addr:city": null, "website": "https://aksurgery.com/", "addr:country": null, "addr:province": null, "building:levels": null, "healthcare:speciality": "surgery", "historic": null, "owner": null, "source": null, "wikidata": null, "alt_name": null, "shop": null, "contact:phone": null, "contact:website": null, "postal_code": null, "healthcare:for": null, "description": null, "gnis:feature_id": null, "image": null, "note": null, "operator": null, "operator:type": null, "source:date": null, "source_ref": null, "brand": null, "brand:wikidata": null, "ele": null, "height": null, "name:tli": null, "dispensing": null, "operator:wikidata": null, "operator:wikipedia": null, "addr:unit": null, "amenity_1": null, "healthcare:counselling": null, "wikipedia": null, "office": null, "health_facility_type": null, "health_person:type": null, "old_name": null, "fax": null, "contact:facebook": null, "contact:instagram": null, "email": null, "start_date": null, "payment:cash": null, "payment:credit_cards": null, "payment:debit_cards": null, "landuse": null, "addr:housename": null, "wheelchair": null, "addr:full": null, "level": null, "urgent_care": null, "name:en": null, "health_facility": null, "drive_through": null, "payment:apple_pay": null, "contact:twitter": null, "not:brand:wikidata": null, "check_date:opening_hours": null, "payment:american_express": null, "payment:cheque": null, "payment:discover_card": null, "payment:mastercard": null, "payment:visa": null, "brand:website": null, "short_name": null, "branch": null, "facebook": null, "check_date": null, "fixme": null, "operator:short": null }, "geometry": { "type": "Point", "coordinates": [ -149.8142091, 61.2105428 ] } },
{ "type": "Feature", "properties": { "addr:street": null, "amenity": "clinic", "building": "yes", "healthcare": "clinic", "name": "Rose Ambrose Health Clinic", "opening_hours": null, "lon": -156.3847713, "lat": 65.7018724, "addr:city": null, "website": null, "addr:country": null, "addr:province": null, "building:levels": null, "healthcare:speciality": null, "historic": null, "owner": null, "source": null, "wikidata": null, "alt_name": null, "shop": null, "contact:phone": null, "contact:website": null, "postal_code": null, "healthcare:for": null, "description": null, "gnis:feature_id": null, "image": null, "note": null, "operator": null, "operator:type": null, "source:date": null, "source_ref": null, "brand": null, "brand:wikidata": null, "ele": null, "height": null, "name:tli": null, "dispensing": null, "operator:wikidata": null, "operator:wikipedia": null, "addr:unit": null, "amenity_1": null, "healthcare:counselling": null, "wikipedia": null, "office": null, "health_facility_type": null, "health_person:type": null, "old_name": null, "fax": null, "contact:facebook": null, "contact:instagram": null, "email": null, "start_date": null, "payment:cash": null, "payment:credit_cards": null, "payment:debit_cards": null, "landuse": null, "addr:housename": null, "wheelchair": null, "addr:full": null, "level": null, "urgent_care": null, "name:en": null, "health_facility": null, "drive_through": null, "payment:apple_pay": null, "contact:twitter": null, "not:brand:wikidata": null, "check_date:opening_hours": null, "payment:american_express": null, "payment:cheque": null, "payment:discover_card": null, "payment:mastercard": null, "payment:visa": null, "brand:website": null, "short_name": null, "branch": null, "facebook": null, "check_date": null, "fixme": null, "operator:short": null }, "geometry": { "type": "Point", "coordinates": [ -156.384771300000011, 65.7018724 ] } },
{ "type": "Feature", "properties": { "addr:street": null, "amenity": "clinic", "building": "yes", "healthcare": "clinic", "name": null, "opening_hours": null, "lon": -154.8695576, "lat": 59.7542469, "addr:city": null, "website": null, "addr:country": null, "addr:province": null, "building:levels": null, "healthcare:speciality": null, "historic": null, "owner": null, "source": null, "wikidata": null, "alt_name": null, "shop": null, "contact:phone": null, "contact:website": null, "postal_code": null, "healthcare:for": null, "description": null, "gnis:feature_id": null, "image": null, "note": null, "operator": null, "operator:type": null, "source:date": null, "source_ref": null, "brand": null, "brand:wikidata": null, "ele": null, "height": null, "name:tli": null, "dispensing": null, "operator:wikidata": null, "operator:wikipedia": null, "addr:unit": null, "amenity_1": null, "healthcare:counselling": null, "wikipedia": null, "office": null, "health_facility_type": null, "health_person:type": null, "old_name": null, "fax": null, "contact:facebook": null, "contact:instagram": null, "email": null, "start_date": null, "payment:cash": null, "payment:credit_cards": null, "payment:debit_cards": null, "landuse": null, "addr:housename": null, "wheelchair": null, "addr:full": null, "level": null, "urgent_care": null, "name:en": null, "health_facility": null, "drive_through": null, "payment:apple_pay": null, "contact:twitter": null, "not:brand:wikidata": null, "check_date:opening_hours": null, "payment:american_express": null, "payment:cheque": null, "payment:discover_card": null, "payment:mastercard": null, "payment:visa": null, "brand:website": null, "short_name": null, "branch": null, "facebook": null, "check_date": null, "fixme": null, "operator:short": null }, "geometry": { "type": "Point", "coordinates": [ -154.8695576, 59.7542469 ] } },
{ "type": "Feature", "properties": { "addr:street": "Noble Street", "amenity": "clinic", "building": "yes", "healthcare": "clinic", "name": "Tanana Valley Clinic 1st Care", "opening_hours": "Mo-Su 08:00-19:00", "lon": -147.7133346, "lat": 64.8385336, "addr:city": null, "website": null, "addr:country": null, "addr:province": null, "building:levels": null, "healthcare:speciality": null, "historic": null, "owner": null, "source": null, "wikidata": null, "alt_name": null, "shop": null, "contact:phone": null, "contact:website": null, "postal_code": null, "healthcare:for": null, "description": null, "gnis:feature_id": null, "image": null, "note": null, "operator": null, "operator:type": null, "source:date": null, "source_ref": null, "brand": null, "brand:wikidata": null, "ele": null, "height": null, "name:tli": null, "dispensing": null, "operator:wikidata": null, "operator:wikipedia": null, "addr:unit": null, "amenity_1": null, "healthcare:counselling": null, "wikipedia": null, "office": null, "health_facility_type": null, "health_person:type": null, "old_name": null, "fax": null, "contact:facebook": null, "contact:instagram": null, "email": null, "start_date": null, "payment:cash": null, "payment:credit_cards": null, "payment:debit_cards": null, "landuse": null, "addr:housename": null, "wheelchair": null, "addr:full": null, "level": null, "urgent_care": null, "name:en": null, "health_facility": null, "drive_through": null, "payment:apple_pay": null, "contact:twitter": null, "not:brand:wikidata": null, "check_date:opening_hours": null, "payment:american_express": null, "payment:cheque": null, "payment:discover_card": null, "payment:mastercard": null, "payment:visa": null, "brand:website": null, "short_name": null, "branch": null, "facebook": null, "check_date": null, "fixme": null, "operator:short": null }, "geometry": { "type": "Point", "coordinates": [ -147.7133346, 64.8385336 ] } },
{ "type": "Feature", "properties": { "addr:street": "Fram Street", "amenity": "hospital", "building": null, "healthcare": "hospital", "name": "Petersburg Medical Center", "opening_hours": "24-Jul", "lon": -132.955361, "lat": 56.8128844, "addr:city": "Petersburg", "website": "https://www.pmcak.org/", "addr:country": null, "addr:province": null, "building:levels": null, "healthcare:speciality": null, "historic": null, "owner": null, "source": null, "wikidata": null, "alt_name": null, "shop": null, "contact:phone": null, "contact:website": null, "postal_code": null, "healthcare:for": null, "description": null, "gnis:feature_id": null, "image": null, "note": null, "operator": null, "operator:type": null, "source:date": null, "source_ref": null, "brand": null, "brand:wikidata": null, "ele": null, "height": null, "name:tli": null, "dispensing": null, "operator:wikidata": null, "operator:wikipedia": null, "addr:unit": null, "amenity_1": null, "healthcare:counselling": null, "wikipedia": null, "office": null, "health_facility_type": null, "health_person:type": null, "old_name": null, "fax": null, "contact:facebook": null, "contact:instagram": null, "email": null, "start_date": null, "payment:cash": null, "payment:credit_cards": null, "payment:debit_cards": null, "landuse": null, "addr:housename": null, "wheelchair": null, "addr:full": null, "level": null, "urgent_care": null, "name:en": null, "health_facility": null, "drive_through": null, "payment:apple_pay": null, "contact:twitter": null, "not:brand:wikidata": null, "check_date:opening_hours": null, "payment:american_express": null, "payment:cheque": null, "payment:discover_card": null, "payment:mastercard": null, "payment:visa": null, "brand:website": null, "short_name": null, "branch": null, "facebook": null, "check_date": null, "fixme": null, "operator:short": null }, "geometry": { "type": "Point", "coordinates": [ -132.955361, 56.8128844 ] } },
{ "type": "Feature", "properties": { "addr:street": null, "amenity": "hospital", "building": null, "healthcare": "hospital", "name": null, "opening_hours": null, "lon": -132.3727848, "lat": 56.4633204, "addr:city": null, "website": null, "addr:country": null, "addr:province": null, "building:levels": null, "healthcare:speciality": null, "historic": null, "owner": null, "source": null, "wikidata": null, "alt_name": null, "shop": null, "contact:phone": null, "contact:website": null, "postal_code": null, "healthcare:for": null, "description": null, "gnis:feature_id": null, "image": null, "note": null, "operator": null, "operator:type": null, "source:date": null, "source_ref": null, "brand": null, "brand:wikidata": null, "ele": null, "height": null, "name:tli": null, "dispensing": null, "operator:wikidata": null, "operator:wikipedia": null, "addr:unit": null, "amenity_1": null, "healthcare:counselling": null, "wikipedia": null, "office": null, "health_facility_type": null, "health_person:type": null, "old_name": null, "fax": null, "contact:facebook": null, "contact:instagram": null, "email": null, "start_date": null, "payment:cash": null, "payment:credit_cards": null, "payment:debit_cards": null, "landuse": null, "addr:housename": null, "wheelchair": null, "addr:full": null, "level": null, "urgent_care": null, "name:en": null, "health_facility": null, "drive_through": null, "payment:apple_pay": null, "contact:twitter": null, "not:brand:wikidata": null, "check_date:opening_hours": null, "payment:american_express": null, "payment:cheque": null, "payment:discover_card": null, "payment:mastercard": null, "payment:visa": null, "brand:website": null, "short_name": null, "branch": null, "facebook": null, "check_date": null, "fixme": null, "operator:short": null }, "geometry": { "type": "Point", "coordinates": [ -132.3727848, 56.4633204 ] } },
{ "type": "Feature", "properties": { "addr:street": null, "amenity": "clinic", "building": "yes", "healthcare": "clinic", "name": null, "opening_hours": null, "lon": -135.7278835, "lat": 58.4076651, "addr:city": null, "website": null, "addr:country": null, "addr:province": null, "building:levels": null, "healthcare:speciality": null, "historic": null, "owner": null, "source": null, "wikidata": null, "alt_name": null, "shop": null, "contact:phone": null, "contact:website": null, "postal_code": null, "healthcare:for": null, "description": null, "gnis:feature_id": null, "image": null, "note": null, "operator": null, "operator:type": null, "source:date": null, "source_ref": null, "brand": null, "brand:wikidata": null, "ele": null, "height": null, "name:tli": null, "dispensing": null, "operator:wikidata": null, "operator:wikipedia": null, "addr:unit": null, "amenity_1": null, "healthcare:counselling": null, "wikipedia": null, "office": null, "health_facility_type": null, "health_person:type": null, "old_name": null, "fax": null, "contact:facebook": null, "contact:instagram": null, "email": null, "start_date": null, "payment:cash": null, "payment:credit_cards": null, "payment:debit_cards": null, "landuse": null, "addr:housename": null, "wheelchair": null, "addr:full": null, "level": null, "urgent_care": null, "name:en": null, "health_facility": null, "drive_through": null, "payment:apple_pay": null, "contact:twitter": null, "not:brand:wikidata": null, "check_date:opening_hours": null, "payment:american_express": null, "payment:cheque": null, "payment:discover_card": null, "payment:mastercard": null, "payment:visa": null, "brand:website": null, "short_name": null, "branch": null, "facebook": null, "check_date": null, "fixme": null, "operator:short": null }, "geometry": { "type": "Point", "coordinates": [ -135.7278835, 58.4076651 ] } },
{ "type": "Feature", "properties": { "addr:street": null, "amenity": "clinic", "building": "yes", "healthcare": "clinic", "name": "Camai Clinic", "opening_hours": null, "lon": -157.007588, "lat": 58.7328492, "addr:city": null, "website": null, "addr:country": null, "addr:province": null, "building:levels": null, "healthcare:speciality": null, "historic": null, "owner": null, "source": null, "wikidata": null, "alt_name": null, "shop": null, "contact:phone": null, "contact:website": null, "postal_code": null, "healthcare:for": null, "description": null, "gnis:feature_id": null, "image": null, "note": null, "operator": null, "operator:type": null, "source:date": null, "source_ref": null, "brand": null, "brand:wikidata": null, "ele": null, "height": null, "name:tli": null, "dispensing": null, "operator:wikidata": null, "operator:wikipedia": null, "addr:unit": null, "amenity_1": null, "healthcare:counselling": null, "wikipedia": null, "office": null, "health_facility_type": null, "health_person:type": null, "old_name": null, "fax": null, "contact:facebook": null, "contact:instagram": null, "email": null, "start_date": null, "payment:cash": null, "payment:credit_cards": null, "payment:debit_cards": null, "landuse": null, "addr:housename": null, "wheelchair": null, "addr:full": null, "level": null, "urgent_care": null, "name:en": null, "health_facility": null, "drive_through": null, "payment:apple_pay": null, "contact:twitter": null, "not:brand:wikidata": null, "check_date:opening_hours": null, "payment:american_express": null, "payment:cheque": null, "payment:discover_card": null, "payment:mastercard": null, "payment:visa": null, "brand:website": null, "short_name": null, "branch": null, "facebook": null, "check_date": null, "fixme": null, "operator:short": null }, "geometry": { "type": "Point", "coordinates": [ -157.007588, 58.7328492 ] } },
{ "type": "Feature", "properties": { "addr:street": null, "amenity": "clinic", "building": "yes", "healthcare": "clinic", "name": "Atla Qiaramtome Clinic", "opening_hours": null, "lon": -174.1977539, "lat": 52.2009552, "addr:city": null, "website": null, "addr:country": null, "addr:province": null, "building:levels": null, "healthcare:speciality": null, "historic": null, "owner": null, "source": null, "wikidata": null, "alt_name": null, "shop": null, "contact:phone": null, "contact:website": null, "postal_code": null, "healthcare:for": null, "description": null, "gnis:feature_id": null, "image": null, "note": null, "operator": null, "operator:type": null, "source:date": null, "source_ref": null, "brand": null, "brand:wikidata": null, "ele": null, "height": null, "name:tli": null, "dispensing": null, "operator:wikidata": null, "operator:wikipedia": null, "addr:unit": null, "amenity_1": null, "healthcare:counselling": null, "wikipedia": null, "office": null, "health_facility_type": null, "health_person:type": null, "old_name": null, "fax": null, "contact:facebook": null, "contact:instagram": null, "email": null, "start_date": null, "payment:cash": null, "payment:credit_cards": null, "payment:debit_cards": null, "landuse": null, "addr:housename": null, "wheelchair": null, "addr:full": null, "level": null, "urgent_care": null, "name:en": null, "health_facility": null, "drive_through": null, "payment:apple_pay": null, "contact:twitter": null, "not:brand:wikidata": null, "check_date:opening_hours": null, "payment:american_express": null, "payment:cheque": null, "payment:discover_card": null, "payment:mastercard": null, "payment:visa": null, "brand:website": null, "short_name": null, "branch": null, "facebook": null, "check_date": null, "fixme": null, "operator:short": null }, "geometry": { "type": "Point", "coordinates": [ -174.1977539, 52.2009552 ] } },
{ "type": "Feature", "properties": { "addr:street": null, "amenity": "hospital", "building": null, "healthcare": "hospital", "name": "Colonel Mary Louise Rasmuson Campus", "opening_hours": null, "lon": -149.7448815, "lat": 61.2332345, "addr:city": null, "website": null, "addr:country": null, "addr:province": null, "building:levels": null, "healthcare:speciality": null, "historic": null, "owner": null, "source": null, "wikidata": null, "alt_name": null, "shop": null, "contact:phone": null, "contact:website": null, "postal_code": null, "healthcare:for": null, "description": null, "gnis:feature_id": null, "image": null, "note": null, "operator": null, "operator:type": null, "source:date": null, "source_ref": null, "brand": null, "brand:wikidata": null, "ele": null, "height": null, "name:tli": null, "dispensing": null, "operator:wikidata": null, "operator:wikipedia": null, "addr:unit": null, "amenity_1": null, "healthcare:counselling": null, "wikipedia": null, "office": null, "health_facility_type": null, "health_person:type": null, "old_name": null, "fax": null, "contact:facebook": null, "contact:instagram": null, "email": null, "start_date": null, "payment:cash": null, "payment:credit_cards": null, "payment:debit_cards": null, "landuse": null, "addr:housename": null, "wheelchair": null, "addr:full": null, "level": null, "urgent_care": null, "name:en": null, "health_facility": null, "drive_through": null, "payment:apple_pay": null, "contact:twitter": null, "not:brand:wikidata": null, "check_date:opening_hours": null, "payment:american_express": null, "payment:cheque": null, "payment:discover_card": null, "payment:mastercard": null, "payment:visa": null, "brand:website": null, "short_name": null, "branch": null, "facebook": null, "check_date": null, "fixme": null, "operator:short": null }, "geometry": { "type": "Point", "coordinates": [ -149.7448815, 61.2332345 ] } },
{ "type": "Feature", "properties": { "addr:street": "Slocum Drive", "amenity": "clinic", "building": "yes", "healthcare": "clinic", "name": "King Cove Clinic", "opening_hours": null, "lon": -162.2959273, "lat": 55.048481, "addr:city": "King Cove", "website": "https://cityofkingcove.com/medical/", "addr:country": null, "addr:province": null, "building:levels": null, "healthcare:speciality": null, "historic": null, "owner": null, "source": null, "wikidata": null, "alt_name": null, "shop": null, "contact:phone": null, "contact:website": null, "postal_code": null, "healthcare:for": null, "description": null, "gnis:feature_id": null, "image": null, "note": null, "operator": "Eastern Aleutian Tribes EATS", "operator:type": "private_non_profit", "source:date": null, "source_ref": null, "brand": null, "brand:wikidata": null, "ele": null, "height": null, "name:tli": null, "dispensing": null, "operator:wikidata": null, "operator:wikipedia": null, "addr:unit": null, "amenity_1": null, "healthcare:counselling": null, "wikipedia": null, "office": null, "health_facility_type": null, "health_person:type": null, "old_name": null, "fax": null, "contact:facebook": null, "contact:instagram": null, "email": null, "start_date": null, "payment:cash": null, "payment:credit_cards": null, "payment:debit_cards": null, "landuse": null, "addr:housename": null, "wheelchair": null, "addr:full": null, "level": null, "urgent_care": null, "name:en": null, "health_facility": null, "drive_through": null, "payment:apple_pay": null, "contact:twitter": null, "not:brand:wikidata": null, "check_date:opening_hours": null, "payment:american_express": null, "payment:cheque": null, "payment:discover_card": null, "payment:mastercard": null, "payment:visa": null, "brand:website": null, "short_name": null, "branch": null, "facebook": null, "check_date": null, "fixme": null, "operator:short": null }, "geometry": { "type": "Point", "coordinates": [ -162.295927299999988, 55.048481 ] } },
{ "type": "Feature", "properties": { "addr:street": null, "amenity": "hospital", "building": null, "healthcare": "hospital", "name": null, "opening_hours": null, "lon": -162.2960781, "lat": 55.0485304, "addr:city": null, "website": null, "addr:country": null, "addr:province": null, "building:levels": null, "healthcare:speciality": null, "historic": null, "owner": null, "source": null, "wikidata": null, "alt_name": null, "shop": null, "contact:phone": null, "contact:website": null, "postal_code": null, "healthcare:for": null, "description": null, "gnis:feature_id": null, "image": null, "note": null, "operator": null, "operator:type": null, "source:date": null, "source_ref": null, "brand": null, "brand:wikidata": null, "ele": null, "height": null, "name:tli": null, "dispensing": null, "operator:wikidata": null, "operator:wikipedia": null, "addr:unit": null, "amenity_1": null, "healthcare:counselling": null, "wikipedia": null, "office": null, "health_facility_type": null, "health_person:type": null, "old_name": null, "fax": null, "contact:facebook": null, "contact:instagram": null, "email": null, "start_date": null, "payment:cash": null, "payment:credit_cards": null, "payment:debit_cards": null, "landuse": null, "addr:housename": null, "wheelchair": null, "addr:full": null, "level": null, "urgent_care": null, "name:en": null, "health_facility": null, "drive_through": null, "payment:apple_pay": null, "contact:twitter": null, "not:brand:wikidata": null, "check_date:opening_hours": null, "payment:american_express": null, "payment:cheque": null, "payment:discover_card": null, "payment:mastercard": null, "payment:visa": null, "brand:website": null, "short_name": null, "branch": null, "facebook": null, "check_date": null, "fixme": null, "operator:short": null }, "geometry": { "type": "Point", "coordinates": [ -162.296078099999988, 55.0485304 ] } },
{ "type": "Feature", "properties": { "addr:street": null, "amenity": "hospital", "building": null, "healthcare": "hospital", "name": "Yukon-Kuskokwim Delta Regional Hospital", "opening_hours": null, "lon": -161.7856787, "lat": 60.7884352, "addr:city": null, "website": null, "addr:country": null, "addr:province": null, "building:levels": null, "healthcare:speciality": null, "historic": null, "owner": null, "source": null, "wikidata": null, "alt_name": null, "shop": null, "contact:phone": null, "contact:website": null, "postal_code": null, "healthcare:for": null, "description": null, "gnis:feature_id": null, "image": null, "note": null, "operator": null, "operator:type": null, "source:date": null, "source_ref": null, "brand": null, "brand:wikidata": null, "ele": null, "height": null, "name:tli": null, "dispensing": null, "operator:wikidata": null, "operator:wikipedia": null, "addr:unit": null, "amenity_1": null, "healthcare:counselling": null, "wikipedia": null, "office": null, "health_facility_type": null, "health_person:type": null, "old_name": null, "fax": null, "contact:facebook": null, "contact:instagram": null, "email": null, "start_date": null, "payment:cash": null, "payment:credit_cards": null, "payment:debit_cards": null, "landuse": null, "addr:housename": null, "wheelchair": null, "addr:full": null, "level": null, "urgent_care": null, "name:en": null, "health_facility": null, "drive_through": null, "payment:apple_pay": null, "contact:twitter": null, "not:brand:wikidata": null, "check_date:opening_hours": null, "payment:american_express": null, "payment:cheque": null, "payment:discover_card": null, "payment:mastercard": null, "payment:visa": null, "brand:website": null, "short_name": null, "branch": null, "facebook": null, "check_date": null, "fixme": null, "operator:short": null }, "geometry": { "type": "Point", "coordinates": [ -161.7856787, 60.7884352 ] } },
{ "type": "Feature", "properties": { "addr:street": null, "amenity": "clinic", "building": "yes", "healthcare": "clinic", "name": "Medical Clinic", "opening_hours": null, "lon": -161.770466, "lat": 60.7222174, "addr:city": null, "website": null, "addr:country": null, "addr:province": null, "building:levels": null, "healthcare:speciality": null, "historic": null, "owner": null, "source": null, "wikidata": null, "alt_name": null, "shop": null, "contact:phone": null, "contact:website": null, "postal_code": null, "healthcare:for": null, "description": null, "gnis:feature_id": null, "image": null, "note": null, "operator": null, "operator:type": null, "source:date": null, "source_ref": null, "brand": null, "brand:wikidata": null, "ele": null, "height": null, "name:tli": null, "dispensing": null, "operator:wikidata": null, "operator:wikipedia": null, "addr:unit": null, "amenity_1": null, "healthcare:counselling": null, "wikipedia": null, "office": null, "health_facility_type": null, "health_person:type": null, "old_name": null, "fax": null, "contact:facebook": null, "contact:instagram": null, "email": null, "start_date": null, "payment:cash": null, "payment:credit_cards": null, "payment:debit_cards": null, "landuse": null, "addr:housename": null, "wheelchair": null, "addr:full": null, "level": null, "urgent_care": null, "name:en": null, "health_facility": null, "drive_through": null, "payment:apple_pay": null, "contact:twitter": null, "not:brand:wikidata": null, "check_date:opening_hours": null, "payment:american_express": null, "payment:cheque": null, "payment:discover_card": null, "payment:mastercard": null, "payment:visa": null, "brand:website": null, "short_name": null, "branch": null, "facebook": null, "check_date": null, "fixme": null, "operator:short": null }, "geometry": { "type": "Point", "coordinates": [ -161.770466, 60.7222174 ] } },
{ "type": "Feature", "properties": { "addr:street": "Main Street", "amenity": "clinic", "building": "yes", "healthcare": "clinic", "name": "Bethel Family Clinic", "opening_hours": null, "lon": -161.7618188, "lat": 60.7960198, "addr:city": "Bethel", "website": null, "addr:country": null, "addr:province": null, "building:levels": null, "healthcare:speciality": null, "historic": null, "owner": null, "source": null, "wikidata": null, "alt_name": null, "shop": null, "contact:phone": null, "contact:website": null, "postal_code": null, "healthcare:for": null, "description": null, "gnis:feature_id": null, "image": null, "note": null, "operator": null, "operator:type": null, "source:date": null, "source_ref": null, "brand": null, "brand:wikidata": null, "ele": null, "height": null, "name:tli": null, "dispensing": null, "operator:wikidata": null, "operator:wikipedia": null, "addr:unit": null, "amenity_1": null, "healthcare:counselling": null, "wikipedia": null, "office": null, "health_facility_type": null, "health_person:type": null, "old_name": null, "fax": null, "contact:facebook": null, "contact:instagram": null, "email": null, "start_date": null, "payment:cash": null, "payment:credit_cards": null, "payment:debit_cards": null, "landuse": null, "addr:housename": null, "wheelchair": null, "addr:full": null, "level": null, "urgent_care": null, "name:en": null, "health_facility": null, "drive_through": null, "payment:apple_pay": null, "contact:twitter": null, "not:brand:wikidata": null, "check_date:opening_hours": null, "payment:american_express": null, "payment:cheque": null, "payment:discover_card": null, "payment:mastercard": null, "payment:visa": null, "brand:website": null, "short_name": null, "branch": null, "facebook": null, "check_date": null, "fixme": null, "operator:short": null }, "geometry": { "type": "Point", "coordinates": [ -161.761818799999986, 60.7960198 ] } },
{ "type": "Feature", "properties": { "addr:street": "Chief Thomas Drive", "amenity": "clinic", "building": "yes", "healthcare": "clinic", "name": "Alpine Medical Group-North", "opening_hours": "Mo-Fr 08:00-17:00; Sa-Su off", "lon": -147.7800876, "lat": 64.845673, "addr:city": "Fairbanks", "website": "https://www.amgfairbanks.com/", "addr:country": null, "addr:province": null, "building:levels": null, "healthcare:speciality": null, "historic": null, "owner": null, "source": null, "wikidata": null, "alt_name": null, "shop": null, "contact:phone": null, "contact:website": null, "postal_code": null, "healthcare:for": null, "description": null, "gnis:feature_id": null, "image": null, "note": null, "operator": null, "operator:type": null, "source:date": null, "source_ref": null, "brand": null, "brand:wikidata": null, "ele": null, "height": null, "name:tli": null, "dispensing": null, "operator:wikidata": null, "operator:wikipedia": null, "addr:unit": null, "amenity_1": null, "healthcare:counselling": null, "wikipedia": null, "office": null, "health_facility_type": null, "health_person:type": null, "old_name": null, "fax": null, "contact:facebook": null, "contact:instagram": null, "email": null, "start_date": null, "payment:cash": null, "payment:credit_cards": null, "payment:debit_cards": null, "landuse": null, "addr:housename": null, "wheelchair": null, "addr:full": null, "level": null, "urgent_care": null, "name:en": null, "health_facility": null, "drive_through": null, "payment:apple_pay": null, "contact:twitter": null, "not:brand:wikidata": null, "check_date:opening_hours": null, "payment:american_express": null, "payment:cheque": null, "payment:discover_card": null, "payment:mastercard": null, "payment:visa": null, "brand:website": null, "short_name": null, "branch": null, "facebook": null, "check_date": null, "fixme": null, "operator:short": null }, "geometry": { "type": "Point", "coordinates": [ -147.7800876, 64.845673 ] } },
{ "type": "Feature", "properties": { "addr:street": "Phillips Field Road", "amenity": "clinic", "building": "yes", "healthcare": "clinic", "name": "Mountain View Medical Center", "opening_hours": null, "lon": -147.7842601, "lat": 64.8467471, "addr:city": "Fairbanks", "website": null, "addr:country": null, "addr:province": null, "building:levels": null, "healthcare:speciality": null, "historic": null, "owner": null, "source": null, "wikidata": null, "alt_name": null, "shop": null, "contact:phone": null, "contact:website": null, "postal_code": null, "healthcare:for": null, "description": null, "gnis:feature_id": null, "image": null, "note": null, "operator": null, "operator:type": null, "source:date": null, "source_ref": null, "brand": null, "brand:wikidata": null, "ele": null, "height": null, "name:tli": null, "dispensing": null, "operator:wikidata": null, "operator:wikipedia": null, "addr:unit": null, "amenity_1": null, "healthcare:counselling": null, "wikipedia": null, "office": null, "health_facility_type": null, "health_person:type": null, "old_name": null, "fax": null, "contact:facebook": null, "contact:instagram": null, "email": null, "start_date": null, "payment:cash": null, "payment:credit_cards": null, "payment:debit_cards": null, "landuse": null, "addr:housename": null, "wheelchair": null, "addr:full": null, "level": null, "urgent_care": null, "name:en": null, "health_facility": null, "drive_through": null, "payment:apple_pay": null, "contact:twitter": null, "not:brand:wikidata": null, "check_date:opening_hours": null, "payment:american_express": null, "payment:cheque": null, "payment:discover_card": null, "payment:mastercard": null, "payment:visa": null, "brand:website": null, "short_name": null, "branch": null, "facebook": null, "check_date": null, "fixme": null, "operator:short": null }, "geometry": { "type": "Point", "coordinates": [ -147.784260100000012, 64.8467471 ] } },
{ "type": "Feature", "properties": { "addr:street": null, "amenity": "hospital", "building": null, "healthcare": "hospital", "name": null, "opening_hours": null, "lon": -149.8539596, "lat": 61.2210082, "addr:city": null, "website": null, "addr:country": null, "addr:province": null, "building:levels": null, "healthcare:speciality": null, "historic": null, "owner": null, "source": null, "wikidata": null, "alt_name": null, "shop": null, "contact:phone": null, "contact:website": null, "postal_code": null, "healthcare:for": null, "description": null, "gnis:feature_id": null, "image": null, "note": null, "operator": null, "operator:type": null, "source:date": null, "source_ref": null, "brand": null, "brand:wikidata": null, "ele": null, "height": null, "name:tli": null, "dispensing": null, "operator:wikidata": null, "operator:wikipedia": null, "addr:unit": null, "amenity_1": null, "healthcare:counselling": null, "wikipedia": null, "office": null, "health_facility_type": null, "health_person:type": null, "old_name": null, "fax": null, "contact:facebook": null, "contact:instagram": null, "email": null, "start_date": null, "payment:cash": null, "payment:credit_cards": null, "payment:debit_cards": null, "landuse": "construction", "addr:housename": null, "wheelchair": null, "addr:full": null, "level": null, "urgent_care": null, "name:en": null, "health_facility": null, "drive_through": null, "payment:apple_pay": null, "contact:twitter": null, "not:brand:wikidata": null, "check_date:opening_hours": null, "payment:american_express": null, "payment:cheque": null, "payment:discover_card": null, "payment:mastercard": null, "payment:visa": null, "brand:website": null, "short_name": null, "branch": null, "facebook": null, "check_date": null, "fixme": null, "operator:short": null }, "geometry": { "type": "Point", "coordinates": [ -149.8539596, 61.2210082 ] } },
{ "type": "Feature", "properties": { "addr:street": "Glacier Avenue", "amenity": "doctors", "building": "yes", "healthcare": "doctor", "name": "Glacier Pediatrics", "opening_hours": null, "lon": -134.426777, "lat": 58.304888, "addr:city": "Juneau", "website": "https://www.glacierpediatrics.com/", "addr:country": null, "addr:province": null, "building:levels": null, "healthcare:speciality": "paediatrics", "historic": null, "owner": null, "source": null, "wikidata": null, "alt_name": null, "shop": null, "contact:phone": null, "contact:website": null, "postal_code": null, "healthcare:for": null, "description": null, "gnis:feature_id": null, "image": null, "note": null, "operator": null, "operator:type": null, "source:date": null, "source_ref": null, "brand": null, "brand:wikidata": null, "ele": null, "height": null, "name:tli": null, "dispensing": null, "operator:wikidata": null, "operator:wikipedia": null, "addr:unit": null, "amenity_1": null, "healthcare:counselling": null, "wikipedia": null, "office": null, "health_facility_type": null, "health_person:type": null, "old_name": null, "fax": null, "contact:facebook": "https://www.facebook.com/glacierpediatrics/", "contact:instagram": null, "email": null, "start_date": 1999.0, "payment:cash": null, "payment:credit_cards": null, "payment:debit_cards": null, "landuse": null, "addr:housename": null, "wheelchair": null, "addr:full": null, "level": null, "urgent_care": null, "name:en": null, "health_facility": null, "drive_through": null, "payment:apple_pay": null, "contact:twitter": null, "not:brand:wikidata": null, "check_date:opening_hours": null, "payment:american_express": null, "payment:cheque": null, "payment:discover_card": null, "payment:mastercard": null, "payment:visa": null, "brand:website": null, "short_name": null, "branch": null, "facebook": null, "check_date": null, "fixme": null, "operator:short": null }, "geometry": { "type": "Point", "coordinates": [ -134.426777, 58.304888 ] } },
{ "type": "Feature", "properties": { "addr:street": "Lavelle Court", "amenity": "clinic", "building": null, "healthcare": "clinic", "name": "Iliuliuk Family and Health Services", "opening_hours": "Mo-Fr 08:30-18:00; Sa 08:30-13:00", "lon": -166.5392208, "lat": 53.8721667, "addr:city": "Unalaska", "website": "https://www.ifhs.org/", "addr:country": null, "addr:province": null, "building:levels": null, "healthcare:speciality": null, "historic": null, "owner": null, "source": null, "wikidata": null, "alt_name": null, "shop": null, "contact:phone": null, "contact:website": null, "postal_code": null, "healthcare:for": null, "description": null, "gnis:feature_id": null, "image": null, "note": null, "operator": null, "operator:type": null, "source:date": null, "source_ref": null, "brand": null, "brand:wikidata": null, "ele": null, "height": null, "name:tli": null, "dispensing": null, "operator:wikidata": null, "operator:wikipedia": null, "addr:unit": null, "amenity_1": null, "healthcare:counselling": null, "wikipedia": null, "office": null, "health_facility_type": null, "health_person:type": null, "old_name": null, "fax": null, "contact:facebook": null, "contact:instagram": null, "email": null, "start_date": null, "payment:cash": null, "payment:credit_cards": null, "payment:debit_cards": null, "landuse": null, "addr:housename": null, "wheelchair": null, "addr:full": null, "level": null, "urgent_care": null, "name:en": null, "health_facility": null, "drive_through": null, "payment:apple_pay": null, "contact:twitter": null, "not:brand:wikidata": null, "check_date:opening_hours": null, "payment:american_express": null, "payment:cheque": null, "payment:discover_card": null, "payment:mastercard": null, "payment:visa": null, "brand:website": null, "short_name": null, "branch": null, "facebook": null, "check_date": null, "fixme": null, "operator:short": null }, "geometry": { "type": "Point", "coordinates": [ -166.53922080000001, 53.8721667 ] } },
{ "type": "Feature", "properties": { "addr:street": null, "amenity": "pharmacy", "building": null, "healthcare": "pharmacy", "name": "Homer Rexall Drugs", "opening_hours": null, "lon": -151.5233, "lat": 59.6469636, "addr:city": null, "website": null, "addr:country": null, "addr:province": null, "building:levels": null, "healthcare:speciality": null, "historic": null, "owner": null, "source": null, "wikidata": null, "alt_name": null, "shop": null, "contact:phone": null, "contact:website": null, "postal_code": null, "healthcare:for": null, "description": null, "gnis:feature_id": null, "image": null, "note": null, "operator": null, "operator:type": null, "source:date": null, "source_ref": null, "brand": null, "brand:wikidata": null, "ele": null, "height": null, "name:tli": null, "dispensing": "yes", "operator:wikidata": null, "operator:wikipedia": null, "addr:unit": null, "amenity_1": null, "healthcare:counselling": null, "wikipedia": null, "office": null, "health_facility_type": null, "health_person:type": null, "old_name": null, "fax": null, "contact:facebook": null, "contact:instagram": null, "email": null, "start_date": null, "payment:cash": null, "payment:credit_cards": null, "payment:debit_cards": null, "landuse": null, "addr:housename": null, "wheelchair": null, "addr:full": null, "level": null, "urgent_care": null, "name:en": null, "health_facility": null, "drive_through": null, "payment:apple_pay": null, "contact:twitter": null, "not:brand:wikidata": null, "check_date:opening_hours": null, "payment:american_express": null, "payment:cheque": null, "payment:discover_card": null, "payment:mastercard": null, "payment:visa": null, "brand:website": null, "short_name": null, "branch": null, "facebook": null, "check_date": null, "fixme": null, "operator:short": null }, "geometry": { "type": "Point", "coordinates": [ -151.5233, 59.6469636 ] } },
{ "type": "Feature", "properties": { "addr:street": null, "amenity": "clinic", "building": null, "healthcare": "clinic", "name": "Peninsula Surgical Clinic", "opening_hours": null, "lon": -151.5474112, "lat": 59.644106, "addr:city": null, "website": null, "addr:country": null, "addr:province": null, "building:levels": null, "healthcare:speciality": null, "historic": null, "owner": "M. Todd Boling D.O.", "source": null, "wikidata": null, "alt_name": null, "shop": null, "contact:phone": null, "contact:website": null, "postal_code": null, "healthcare:for": null, "description": null, "gnis:feature_id": null, "image": null, "note": null, "operator": null, "operator:type": null, "source:date": null, "source_ref": null, "brand": null, "brand:wikidata": null, "ele": null, "height": null, "name:tli": null, "dispensing": null, "operator:wikidata": null, "operator:wikipedia": null, "addr:unit": null, "amenity_1": null, "healthcare:counselling": null, "wikipedia": null, "office": null, "health_facility_type": null, "health_person:type": null, "old_name": null, "fax": null, "contact:facebook": null, "contact:instagram": null, "email": null, "start_date": null, "payment:cash": null, "payment:credit_cards": null, "payment:debit_cards": null, "landuse": null, "addr:housename": null, "wheelchair": null, "addr:full": null, "level": null, "urgent_care": null, "name:en": null, "health_facility": null, "drive_through": null, "payment:apple_pay": null, "contact:twitter": null, "not:brand:wikidata": null, "check_date:opening_hours": null, "payment:american_express": null, "payment:cheque": null, "payment:discover_card": null, "payment:mastercard": null, "payment:visa": null, "brand:website": null, "short_name": null, "branch": null, "facebook": null, "check_date": null, "fixme": null, "operator:short": null }, "geometry": { "type": "Point", "coordinates": [ -151.5474112, 59.644106 ] } },
{ "type": "Feature", "properties": { "addr:street": null, "amenity": "pharmacy", "building": null, "healthcare": "pharmacy", "name": "People's Drug - Rexall", "opening_hours": null, "lon": -132.957684, "lat": 56.8129001, "addr:city": "Petersburg", "website": null, "addr:country": null, "addr:province": null, "building:levels": null, "healthcare:speciality": null, "historic": null, "owner": null, "source": null, "wikidata": null, "alt_name": null, "shop": null, "contact:phone": null, "contact:website": null, "postal_code": null, "healthcare:for": null, "description": null, "gnis:feature_id": null, "image": null, "note": null, "operator": null, "operator:type": null, "source:date": null, "source_ref": null, "brand": null, "brand:wikidata": null, "ele": null, "height": null, "name:tli": null, "dispensing": null, "operator:wikidata": null, "operator:wikipedia": null, "addr:unit": null, "amenity_1": null, "healthcare:counselling": null, "wikipedia": null, "office": null, "health_facility_type": null, "health_person:type": null, "old_name": null, "fax": null, "contact:facebook": null, "contact:instagram": null, "email": null, "start_date": null, "payment:cash": null, "payment:credit_cards": null, "payment:debit_cards": null, "landuse": null, "addr:housename": null, "wheelchair": null, "addr:full": null, "level": null, "urgent_care": null, "name:en": null, "health_facility": null, "drive_through": null, "payment:apple_pay": null, "contact:twitter": null, "not:brand:wikidata": null, "check_date:opening_hours": null, "payment:american_express": null, "payment:cheque": null, "payment:discover_card": null, "payment:mastercard": null, "payment:visa": null, "brand:website": null, "short_name": null, "branch": null, "facebook": null, "check_date": null, "fixme": null, "operator:short": null }, "geometry": { "type": "Point", "coordinates": [ -132.957684, 56.8129001 ] } },
{ "type": "Feature", "properties": { "addr:street": null, "amenity": "clinic", "building": null, "healthcare": null, "name": "Healy Clinic", "opening_hours": null, "lon": -149.0060712, "lat": 63.8704949, "addr:city": null, "website": "https://www.interiorcommunityhealth.org/contents/healy-clinic", "addr:country": null, "addr:province": null, "building:levels": null, "healthcare:speciality": null, "historic": null, "owner": null, "source": null, "wikidata": null, "alt_name": null, "shop": null, "contact:phone": null, "contact:website": null, "postal_code": null, "healthcare:for": null, "description": null, "gnis:feature_id": null, "image": null, "note": null, "operator": "Interior Community Health Center", "operator:type": null, "source:date": null, "source_ref": null, "brand": null, "brand:wikidata": null, "ele": null, "height": null, "name:tli": null, "dispensing": null, "operator:wikidata": null, "operator:wikipedia": null, "addr:unit": null, "amenity_1": null, "healthcare:counselling": null, "wikipedia": null, "office": null, "health_facility_type": null, "health_person:type": null, "old_name": null, "fax": null, "contact:facebook": null, "contact:instagram": null, "email": null, "start_date": null, "payment:cash": null, "payment:credit_cards": null, "payment:debit_cards": null, "landuse": null, "addr:housename": null, "wheelchair": null, "addr:full": null, "level": null, "urgent_care": null, "name:en": null, "health_facility": null, "drive_through": null, "payment:apple_pay": null, "contact:twitter": null, "not:brand:wikidata": null, "check_date:opening_hours": null, "payment:american_express": null, "payment:cheque": null, "payment:discover_card": null, "payment:mastercard": null, "payment:visa": null, "brand:website": null, "short_name": null, "branch": null, "facebook": null, "check_date": null, "fixme": null, "operator:short": null }, "geometry": { "type": "Point", "coordinates": [ -149.0060712, 63.8704949 ] } },
{ "type": "Feature", "properties": { "addr:street": null, "amenity": "clinic", "building": null, "healthcare": "clinic", "name": "Canyon Clinic", "opening_hours": null, "lon": -148.901478, "lat": 63.7474852, "addr:city": null, "website": null, "addr:country": null, "addr:province": null, "building:levels": null, "healthcare:speciality": null, "historic": null, "owner": null, "source": null, "wikidata": null, "alt_name": null, "shop": null, "contact:phone": null, "contact:website": null, "postal_code": null, "healthcare:for": null, "description": null, "gnis:feature_id": null, "image": null, "note": null, "operator": null, "operator:type": null, "source:date": null, "source_ref": null, "brand": null, "brand:wikidata": null, "ele": null, "height": null, "name:tli": null, "dispensing": null, "operator:wikidata": null, "operator:wikipedia": null, "addr:unit": null, "amenity_1": null, "healthcare:counselling": null, "wikipedia": null, "office": null, "health_facility_type": null, "health_person:type": null, "old_name": null, "fax": null, "contact:facebook": null, "contact:instagram": null, "email": null, "start_date": null, "payment:cash": null, "payment:credit_cards": null, "payment:debit_cards": null, "landuse": null, "addr:housename": null, "wheelchair": null, "addr:full": null, "level": null, "urgent_care": null, "name:en": null, "health_facility": null, "drive_through": null, "payment:apple_pay": null, "contact:twitter": null, "not:brand:wikidata": null, "check_date:opening_hours": null, "payment:american_express": null, "payment:cheque": null, "payment:discover_card": null, "payment:mastercard": null, "payment:visa": null, "brand:website": null, "short_name": null, "branch": null, "facebook": null, "check_date": null, "fixme": null, "operator:short": null }, "geometry": { "type": "Point", "coordinates": [ -148.901478, 63.7474852 ] } },
{ "type": "Feature", "properties": { "addr:street": "Tongass Avenue", "amenity": "pharmacy", "building": null, "healthcare": "pharmacy", "name": "Island Pharmacy", "opening_hours": null, "lon": -131.69235, "lat": 55.35596, "addr:city": null, "website": "https://www.islandpharmacyak.com/", "addr:country": null, "addr:province": null, "building:levels": null, "healthcare:speciality": null, "historic": null, "owner": null, "source": null, "wikidata": null, "alt_name": null, "shop": null, "contact:phone": null, "contact:website": null, "postal_code": null, "healthcare:for": null, "description": null, "gnis:feature_id": null, "image": null, "note": null, "operator": null, "operator:type": null, "source:date": null, "source_ref": null, "brand": null, "brand:wikidata": null, "ele": null, "height": null, "name:tli": null, "dispensing": "yes", "operator:wikidata": null, "operator:wikipedia": null, "addr:unit": null, "amenity_1": null, "healthcare:counselling": null, "wikipedia": null, "office": null, "health_facility_type": null, "health_person:type": null, "old_name": null, "fax": null, "contact:facebook": null, "contact:instagram": null, "email": null, "start_date": null, "payment:cash": null, "payment:credit_cards": null, "payment:debit_cards": null, "landuse": null, "addr:housename": "Island Pharmacy", "wheelchair": null, "addr:full": null, "level": null, "urgent_care": null, "name:en": null, "health_facility": null, "drive_through": null, "payment:apple_pay": null, "contact:twitter": null, "not:brand:wikidata": null, "check_date:opening_hours": null, "payment:american_express": null, "payment:cheque": null, "payment:discover_card": null, "payment:mastercard": null, "payment:visa": null, "brand:website": null, "short_name": null, "branch": null, "facebook": null, "check_date": null, "fixme": null, "operator:short": null }, "geometry": { "type": "Point", "coordinates": [ -131.69235, 55.35596 ] } },
{ "type": "Feature", "properties": { "addr:street": null, "amenity": "clinic", "building": null, "healthcare": "clinic", "name": "Gustavus Clinic", "opening_hours": null, "lon": -135.7278199, "lat": 58.4076632, "addr:city": null, "website": null, "addr:country": null, "addr:province": null, "building:levels": null, "healthcare:speciality": null, "historic": null, "owner": null, "source": null, "wikidata": null, "alt_name": null, "shop": null, "contact:phone": null, "contact:website": null, "postal_code": null, "healthcare:for": null, "description": null, "gnis:feature_id": null, "image": null, "note": null, "operator": null, "operator:type": null, "source:date": null, "source_ref": null, "brand": null, "brand:wikidata": null, "ele": null, "height": null, "name:tli": null, "dispensing": null, "operator:wikidata": null, "operator:wikipedia": null, "addr:unit": null, "amenity_1": null, "healthcare:counselling": null, "wikipedia": null, "office": null, "health_facility_type": null, "health_person:type": null, "old_name": null, "fax": null, "contact:facebook": null, "contact:instagram": null, "email": null, "start_date": null, "payment:cash": null, "payment:credit_cards": null, "payment:debit_cards": null, "landuse": null, "addr:housename": null, "wheelchair": null, "addr:full": null, "level": null, "urgent_care": null, "name:en": null, "health_facility": null, "drive_through": null, "payment:apple_pay": null, "contact:twitter": null, "not:brand:wikidata": null, "check_date:opening_hours": null, "payment:american_express": null, "payment:cheque": null, "payment:discover_card": null, "payment:mastercard": null, "payment:visa": null, "brand:website": null, "short_name": null, "branch": null, "facebook": null, "check_date": null, "fixme": null, "operator:short": null }, "geometry": { "type": "Point", "coordinates": [ -135.727819899999986, 58.4076632 ] } },
{ "type": "Feature", "properties": { "addr:street": null, "amenity": "clinic", "building": null, "healthcare": "yes", "name": "Hope Clinic", "opening_hours": null, "lon": -149.6203984, "lat": 60.9194267, "addr:city": null, "website": null, "addr:country": null, "addr:province": null, "building:levels": null, "healthcare:speciality": null, "historic": null, "owner": null, "source": null, "wikidata": null, "alt_name": null, "shop": null, "contact:phone": null, "contact:website": null, "postal_code": null, "healthcare:for": null, "description": null, "gnis:feature_id": null, "image": null, "note": null, "operator": null, "operator:type": null, "source:date": null, "source_ref": null, "brand": null, "brand:wikidata": null, "ele": null, "height": null, "name:tli": null, "dispensing": null, "operator:wikidata": null, "operator:wikipedia": null, "addr:unit": null, "amenity_1": null, "healthcare:counselling": null, "wikipedia": null, "office": null, "health_facility_type": null, "health_person:type": null, "old_name": null, "fax": null, "contact:facebook": null, "contact:instagram": null, "email": null, "start_date": null, "payment:cash": null, "payment:credit_cards": null, "payment:debit_cards": null, "landuse": null, "addr:housename": null, "wheelchair": null, "addr:full": null, "level": null, "urgent_care": null, "name:en": null, "health_facility": null, "drive_through": null, "payment:apple_pay": null, "contact:twitter": null, "not:brand:wikidata": null, "check_date:opening_hours": null, "payment:american_express": null, "payment:cheque": null, "payment:discover_card": null, "payment:mastercard": null, "payment:visa": null, "brand:website": null, "short_name": null, "branch": null, "facebook": null, "check_date": null, "fixme": null, "operator:short": null }, "geometry": { "type": "Point", "coordinates": [ -149.6203984, 60.9194267 ] } },
{ "type": "Feature", "properties": { "addr:street": null, "amenity": "clinic", "building": null, "healthcare": "clinic", "name": "Fairbanks Urgent Care", "opening_hours": null, "lon": -147.756874, "lat": 64.8360099, "addr:city": null, "website": null, "addr:country": null, "addr:province": null, "building:levels": null, "healthcare:speciality": null, "historic": null, "owner": null, "source": null, "wikidata": null, "alt_name": null, "shop": null, "contact:phone": null, "contact:website": null, "postal_code": null, "healthcare:for": null, "description": null, "gnis:feature_id": null, "image": null, "note": null, "operator": null, "operator:type": null, "source:date": null, "source_ref": null, "brand": null, "brand:wikidata": null, "ele": null, "height": null, "name:tli": null, "dispensing": null, "operator:wikidata": null, "operator:wikipedia": null, "addr:unit": null, "amenity_1": null, "healthcare:counselling": null, "wikipedia": null, "office": null, "health_facility_type": null, "health_person:type": null, "old_name": null, "fax": null, "contact:facebook": null, "contact:instagram": null, "email": null, "start_date": null, "payment:cash": null, "payment:credit_cards": null, "payment:debit_cards": null, "landuse": null, "addr:housename": null, "wheelchair": null, "addr:full": null, "level": null, "urgent_care": null, "name:en": null, "health_facility": null, "drive_through": null, "payment:apple_pay": null, "contact:twitter": null, "not:brand:wikidata": null, "check_date:opening_hours": null, "payment:american_express": null, "payment:cheque": null, "payment:discover_card": null, "payment:mastercard": null, "payment:visa": null, "brand:website": null, "short_name": null, "branch": null, "facebook": null, "check_date": null, "fixme": null, "operator:short": null }, "geometry": { "type": "Point", "coordinates": [ -147.756874, 64.8360099 ] } },
{ "type": "Feature", "properties": { "addr:street": null, "amenity": "pharmacy", "building": null, "healthcare": "pharmacy", "name": "Medical Center Pharmacy", "opening_hours": null, "lon": -147.756374, "lat": 64.8359269, "addr:city": null, "website": null, "addr:country": null, "addr:province": null, "building:levels": null, "healthcare:speciality": null, "historic": null, "owner": null, "source": null, "wikidata": null, "alt_name": null, "shop": null, "contact:phone": null, "contact:website": null, "postal_code": null, "healthcare:for": null, "description": null, "gnis:feature_id": null, "image": null, "note": null, "operator": null, "operator:type": null, "source:date": null, "source_ref": null, "brand": null, "brand:wikidata": null, "ele": null, "height": null, "name:tli": null, "dispensing": null, "operator:wikidata": null, "operator:wikipedia": null, "addr:unit": null, "amenity_1": null, "healthcare:counselling": null, "wikipedia": null, "office": null, "health_facility_type": null, "health_person:type": null, "old_name": null, "fax": null, "contact:facebook": null, "contact:instagram": null, "email": null, "start_date": null, "payment:cash": null, "payment:credit_cards": null, "payment:debit_cards": null, "landuse": null, "addr:housename": null, "wheelchair": null, "addr:full": null, "level": null, "urgent_care": null, "name:en": null, "health_facility": null, "drive_through": null, "payment:apple_pay": null, "contact:twitter": null, "not:brand:wikidata": null, "check_date:opening_hours": null, "payment:american_express": null, "payment:cheque": null, "payment:discover_card": null, "payment:mastercard": null, "payment:visa": null, "brand:website": null, "short_name": null, "branch": null, "facebook": null, "check_date": null, "fixme": null, "operator:short": null }, "geometry": { "type": "Point", "coordinates": [ -147.756374, 64.8359269 ] } },
{ "type": "Feature", "properties": { "addr:street": "Hospital Drive", "amenity": "doctors", "building": null, "healthcare": "doctor", "name": "Rainforest Pediatrics", "opening_hours": null, "lon": -134.4651154, "lat": 58.3295414, "addr:city": "Juneau", "website": "https://www.pcpcc.org/practice/rainforest-pediatric-care", "addr:country": null, "addr:province": null, "building:levels": null, "healthcare:speciality": "paediatrics", "historic": null, "owner": null, "source": null, "wikidata": null, "alt_name": null, "shop": null, "contact:phone": null, "contact:website": null, "postal_code": null, "healthcare:for": null, "description": null, "gnis:feature_id": null, "image": null, "note": null, "operator": null, "operator:type": null, "source:date": null, "source_ref": null, "brand": null, "brand:wikidata": null, "ele": null, "height": null, "name:tli": null, "dispensing": null, "operator:wikidata": null, "operator:wikipedia": null, "addr:unit": "Suite D", "amenity_1": null, "healthcare:counselling": null, "wikipedia": null, "office": null, "health_facility_type": null, "health_person:type": null, "old_name": null, "fax": null, "contact:facebook": null, "contact:instagram": null, "email": null, "start_date": null, "payment:cash": null, "payment:credit_cards": null, "payment:debit_cards": null, "landuse": null, "addr:housename": null, "wheelchair": null, "addr:full": null, "level": null, "urgent_care": null, "name:en": null, "health_facility": null, "drive_through": null, "payment:apple_pay": null, "contact:twitter": null, "not:brand:wikidata": null, "check_date:opening_hours": null, "payment:american_express": null, "payment:cheque": null, "payment:discover_card": null, "payment:mastercard": null, "payment:visa": null, "brand:website": null, "short_name": null, "branch": null, "facebook": null, "check_date": null, "fixme": null, "operator:short": null }, "geometry": { "type": "Point", "coordinates": [ -134.4651154, 58.3295414 ] } },
{ "type": "Feature", "properties": { "addr:street": null, "amenity": "clinic", "building": null, "healthcare": null, "name": "Creative Abilities Physical Therapy", "opening_hours": null, "lon": -150.7501218, "lat": 60.5355567, "addr:city": null, "website": null, "addr:country": null, "addr:province": null, "building:levels": null, "healthcare:speciality": null, "historic": null, "owner": null, "source": null, "wikidata": null, "alt_name": null, "shop": null, "contact:phone": null, "contact:website": null, "postal_code": null, "healthcare:for": null, "description": null, "gnis:feature_id": null, "image": null, "note": null, "operator": null, "operator:type": null, "source:date": null, "source_ref": null, "brand": null, "brand:wikidata": null, "ele": null, "height": null, "name:tli": null, "dispensing": null, "operator:wikidata": null, "operator:wikipedia": null, "addr:unit": null, "amenity_1": null, "healthcare:counselling": null, "wikipedia": null, "office": null, "health_facility_type": null, "health_person:type": null, "old_name": null, "fax": null, "contact:facebook": null, "contact:instagram": null, "email": null, "start_date": null, "payment:cash": null, "payment:credit_cards": null, "payment:debit_cards": null, "landuse": null, "addr:housename": null, "wheelchair": null, "addr:full": null, "level": null, "urgent_care": null, "name:en": null, "health_facility": null, "drive_through": null, "payment:apple_pay": null, "contact:twitter": null, "not:brand:wikidata": null, "check_date:opening_hours": null, "payment:american_express": null, "payment:cheque": null, "payment:discover_card": null, "payment:mastercard": null, "payment:visa": null, "brand:website": null, "short_name": null, "branch": null, "facebook": null, "check_date": null, "fixme": null, "operator:short": null }, "geometry": { "type": "Point", "coordinates": [ -150.750121799999988, 60.5355567 ] } },
{ "type": "Feature", "properties": { "addr:street": null, "amenity": "doctors", "building": null, "healthcare": "doctor", "name": "Alaska Children's Eye and Strabismus", "opening_hours": null, "lon": -149.8591045, "lat": 61.1888584, "addr:city": null, "website": null, "addr:country": null, "addr:province": null, "building:levels": null, "healthcare:speciality": null, "historic": null, "owner": null, "source": null, "wikidata": null, "alt_name": null, "shop": null, "contact:phone": null, "contact:website": null, "postal_code": null, "healthcare:for": null, "description": null, "gnis:feature_id": null, "image": null, "note": null, "operator": null, "operator:type": null, "source:date": null, "source_ref": null, "brand": null, "brand:wikidata": null, "ele": null, "height": null, "name:tli": null, "dispensing": null, "operator:wikidata": null, "operator:wikipedia": null, "addr:unit": null, "amenity_1": null, "healthcare:counselling": null, "wikipedia": null, "office": null, "health_facility_type": null, "health_person:type": null, "old_name": null, "fax": null, "contact:facebook": null, "contact:instagram": null, "email": null, "start_date": null, "payment:cash": null, "payment:credit_cards": null, "payment:debit_cards": null, "landuse": null, "addr:housename": null, "wheelchair": null, "addr:full": null, "level": 1.0, "urgent_care": null, "name:en": null, "health_facility": null, "drive_through": null, "payment:apple_pay": null, "contact:twitter": null, "not:brand:wikidata": null, "check_date:opening_hours": null, "payment:american_express": null, "payment:cheque": null, "payment:discover_card": null, "payment:mastercard": null, "payment:visa": null, "brand:website": null, "short_name": null, "branch": null, "facebook": null, "check_date": null, "fixme": null, "operator:short": null }, "geometry": { "type": "Point", "coordinates": [ -149.8591045, 61.1888584 ] } },
{ "type": "Feature", "properties": { "addr:street": null, "amenity": "doctors", "building": null, "healthcare": "doctor", "name": "Alaska Retinal Consultants", "opening_hours": null, "lon": -149.8591018, "lat": 61.1889036, "addr:city": null, "website": null, "addr:country": null, "addr:province": null, "building:levels": null, "healthcare:speciality": null, "historic": null, "owner": null, "source": null, "wikidata": null, "alt_name": null, "shop": null, "contact:phone": null, "contact:website": null, "postal_code": null, "healthcare:for": null, "description": null, "gnis:feature_id": null, "image": null, "note": null, "operator": null, "operator:type": null, "source:date": null, "source_ref": null, "brand": null, "brand:wikidata": null, "ele": null, "height": null, "name:tli": null, "dispensing": null, "operator:wikidata": null, "operator:wikipedia": null, "addr:unit": null, "amenity_1": null, "healthcare:counselling": null, "wikipedia": null, "office": null, "health_facility_type": null, "health_person:type": null, "old_name": null, "fax": null, "contact:facebook": null, "contact:instagram": null, "email": null, "start_date": null, "payment:cash": null, "payment:credit_cards": null, "payment:debit_cards": null, "landuse": null, "addr:housename": null, "wheelchair": null, "addr:full": null, "level": 1.0, "urgent_care": null, "name:en": null, "health_facility": null, "drive_through": null, "payment:apple_pay": null, "contact:twitter": null, "not:brand:wikidata": null, "check_date:opening_hours": null, "payment:american_express": null, "payment:cheque": null, "payment:discover_card": null, "payment:mastercard": null, "payment:visa": null, "brand:website": null, "short_name": null, "branch": null, "facebook": null, "check_date": null, "fixme": null, "operator:short": null }, "geometry": { "type": "Point", "coordinates": [ -149.8591018, 61.1889036 ] } },
{ "type": "Feature", "properties": { "addr:street": "Huffman Road", "amenity": "doctors", "building": null, "healthcare": "doctor", "name": "First Care", "opening_hours": "07:00-23:00", "lon": -149.8579289, "lat": 61.1090012, "addr:city": "Anchorage", "website": "https://www.firstcareak.com/", "addr:country": null, "addr:province": null, "building:levels": null, "healthcare:speciality": null, "historic": null, "owner": null, "source": null, "wikidata": null, "alt_name": null, "shop": null, "contact:phone": null, "contact:website": null, "postal_code": null, "healthcare:for": null, "description": null, "gnis:feature_id": null, "image": null, "note": null, "operator": null, "operator:type": null, "source:date": null, "source_ref": null, "brand": null, "brand:wikidata": null, "ele": null, "height": null, "name:tli": null, "dispensing": null, "operator:wikidata": null, "operator:wikipedia": null, "addr:unit": "Suite 100", "amenity_1": null, "healthcare:counselling": null, "wikipedia": null, "office": null, "health_facility_type": null, "health_person:type": null, "old_name": null, "fax": null, "contact:facebook": null, "contact:instagram": null, "email": null, "start_date": null, "payment:cash": null, "payment:credit_cards": null, "payment:debit_cards": null, "landuse": null, "addr:housename": null, "wheelchair": null, "addr:full": null, "level": null, "urgent_care": "yes", "name:en": null, "health_facility": null, "drive_through": null, "payment:apple_pay": null, "contact:twitter": null, "not:brand:wikidata": null, "check_date:opening_hours": null, "payment:american_express": null, "payment:cheque": null, "payment:discover_card": null, "payment:mastercard": null, "payment:visa": null, "brand:website": null, "short_name": null, "branch": null, "facebook": null, "check_date": null, "fixme": null, "operator:short": null }, "geometry": { "type": "Point", "coordinates": [ -149.8579289, 61.1090012 ] } },
{ "type": "Feature", "properties": { "addr:street": null, "amenity": "doctors", "building": null, "healthcare": "doctor", "name": "Arctic Chiropractic", "opening_hours": null, "lon": -162.598659, "lat": 66.8987589, "addr:city": null, "website": null, "addr:country": null, "addr:province": null, "building:levels": null, "healthcare:speciality": null, "historic": null, "owner": null, "source": null, "wikidata": null, "alt_name": null, "shop": null, "contact:phone": null, "contact:website": null, "postal_code": null, "healthcare:for": null, "description": null, "gnis:feature_id": null, "image": null, "note": null, "operator": null, "operator:type": null, "source:date": null, "source_ref": null, "brand": null, "brand:wikidata": null, "ele": null, "height": null, "name:tli": null, "dispensing": null, "operator:wikidata": null, "operator:wikipedia": null, "addr:unit": null, "amenity_1": null, "healthcare:counselling": null, "wikipedia": null, "office": null, "health_facility_type": null, "health_person:type": null, "old_name": null, "fax": null, "contact:facebook": null, "contact:instagram": null, "email": null, "start_date": null, "payment:cash": null, "payment:credit_cards": null, "payment:debit_cards": null, "landuse": null, "addr:housename": null, "wheelchair": null, "addr:full": null, "level": null, "urgent_care": null, "name:en": null, "health_facility": null, "drive_through": null, "payment:apple_pay": null, "contact:twitter": null, "not:brand:wikidata": null, "check_date:opening_hours": null, "payment:american_express": null, "payment:cheque": null, "payment:discover_card": null, "payment:mastercard": null, "payment:visa": null, "brand:website": null, "short_name": null, "branch": null, "facebook": null, "check_date": null, "fixme": null, "operator:short": null }, "geometry": { "type": "Point", "coordinates": [ -162.598659, 66.8987589 ] } },
{ "type": "Feature", "properties": { "addr:street": null, "amenity": "clinic", "building": null, "healthcare": null, "name": "Tok Public Health Center", "opening_hours": null, "lon": -142.9841933, "lat": 63.3362202, "addr:city": null, "website": null, "addr:country": null, "addr:province": null, "building:levels": null, "healthcare:speciality": null, "historic": null, "owner": null, "source": null, "wikidata": null, "alt_name": null, "shop": null, "contact:phone": null, "contact:website": null, "postal_code": null, "healthcare:for": null, "description": null, "gnis:feature_id": null, "image": null, "note": null, "operator": null, "operator:type": null, "source:date": null, "source_ref": null, "brand": null, "brand:wikidata": null, "ele": null, "height": null, "name:tli": null, "dispensing": null, "operator:wikidata": null, "operator:wikipedia": null, "addr:unit": null, "amenity_1": null, "healthcare:counselling": null, "wikipedia": null, "office": "yes", "health_facility_type": null, "health_person:type": null, "old_name": null, "fax": null, "contact:facebook": null, "contact:instagram": null, "email": null, "start_date": null, "payment:cash": null, "payment:credit_cards": null, "payment:debit_cards": null, "landuse": null, "addr:housename": null, "wheelchair": null, "addr:full": null, "level": null, "urgent_care": null, "name:en": null, "health_facility": null, "drive_through": null, "payment:apple_pay": null, "contact:twitter": null, "not:brand:wikidata": null, "check_date:opening_hours": null, "payment:american_express": null, "payment:cheque": null, "payment:discover_card": null, "payment:mastercard": null, "payment:visa": null, "brand:website": null, "short_name": null, "branch": null, "facebook": null, "check_date": null, "fixme": null, "operator:short": null }, "geometry": { "type": "Point", "coordinates": [ -142.984193299999987, 63.3362202 ] } },
{ "type": "Feature", "properties": { "addr:street": "Glacier Highway", "amenity": "clinic", "building": null, "healthcare": "clinic", "name": "Moontide Healing Arts LLC", "opening_hours": null, "lon": -134.581511, "lat": 58.3632272, "addr:city": null, "website": "http://moontidehealing.com", "addr:country": null, "addr:province": null, "building:levels": null, "healthcare:speciality": null, "historic": null, "owner": null, "source": null, "wikidata": null, "alt_name": null, "shop": null, "contact:phone": null, "contact:website": null, "postal_code": null, "healthcare:for": null, "description": null, "gnis:feature_id": null, "image": null, "note": null, "operator": null, "operator:type": null, "source:date": null, "source_ref": null, "brand": null, "brand:wikidata": null, "ele": null, "height": null, "name:tli": null, "dispensing": null, "operator:wikidata": null, "operator:wikipedia": null, "addr:unit": null, "amenity_1": null, "healthcare:counselling": null, "wikipedia": null, "office": null, "health_facility_type": null, "health_person:type": null, "old_name": null, "fax": null, "contact:facebook": null, "contact:instagram": null, "email": "moontide.massage@gmail.com", "start_date": null, "payment:cash": null, "payment:credit_cards": null, "payment:debit_cards": null, "landuse": null, "addr:housename": null, "wheelchair": null, "addr:full": null, "level": null, "urgent_care": null, "name:en": "Moontide Healing Arts LLC", "health_facility": null, "drive_through": null, "payment:apple_pay": null, "contact:twitter": null, "not:brand:wikidata": null, "check_date:opening_hours": null, "payment:american_express": null, "payment:cheque": null, "payment:discover_card": null, "payment:mastercard": null, "payment:visa": null, "brand:website": null, "short_name": null, "branch": null, "facebook": null, "check_date": null, "fixme": null, "operator:short": null }, "geometry": { "type": "Point", "coordinates": [ -134.581511, 58.3632272 ] } },
{ "type": "Feature", "properties": { "addr:street": null, "amenity": "clinic", "building": null, "healthcare": "clinic", "name": "Valdez Chiropractic Center", "opening_hours": null, "lon": -146.357661, "lat": 61.1287415, "addr:city": null, "website": null, "addr:country": null, "addr:province": null, "building:levels": null, "healthcare:speciality": null, "historic": null, "owner": null, "source": null, "wikidata": null, "alt_name": null, "shop": null, "contact:phone": null, "contact:website": null, "postal_code": null, "healthcare:for": null, "description": null, "gnis:feature_id": null, "image": null, "note": null, "operator": null, "operator:type": null, "source:date": null, "source_ref": null, "brand": null, "brand:wikidata": null, "ele": null, "height": null, "name:tli": null, "dispensing": null, "operator:wikidata": null, "operator:wikipedia": null, "addr:unit": null, "amenity_1": null, "healthcare:counselling": null, "wikipedia": null, "office": null, "health_facility_type": null, "health_person:type": null, "old_name": null, "fax": null, "contact:facebook": null, "contact:instagram": null, "email": null, "start_date": null, "payment:cash": null, "payment:credit_cards": null, "payment:debit_cards": null, "landuse": null, "addr:housename": null, "wheelchair": null, "addr:full": null, "level": 1.0, "urgent_care": null, "name:en": null, "health_facility": "yes", "drive_through": null, "payment:apple_pay": null, "contact:twitter": null, "not:brand:wikidata": null, "check_date:opening_hours": null, "payment:american_express": null, "payment:cheque": null, "payment:discover_card": null, "payment:mastercard": null, "payment:visa": null, "brand:website": null, "short_name": null, "branch": null, "facebook": null, "check_date": null, "fixme": null, "operator:short": null }, "geometry": { "type": "Point", "coordinates": [ -146.357661, 61.1287415 ] } },
{ "type": "Feature", "properties": { "addr:street": null, "amenity": "clinic", "building": null, "healthcare": "clinic", "name": "Summit Physical Therapy", "opening_hours": null, "lon": -151.5291399, "lat": 59.6479719, "addr:city": null, "website": null, "addr:country": null, "addr:province": null, "building:levels": null, "healthcare:speciality": "physiatry", "historic": null, "owner": null, "source": null, "wikidata": null, "alt_name": null, "shop": null, "contact:phone": null, "contact:website": null, "postal_code": null, "healthcare:for": null, "description": null, "gnis:feature_id": null, "image": null, "note": null, "operator": null, "operator:type": null, "source:date": null, "source_ref": null, "brand": null, "brand:wikidata": null, "ele": null, "height": null, "name:tli": null, "dispensing": null, "operator:wikidata": null, "operator:wikipedia": null, "addr:unit": null, "amenity_1": null, "healthcare:counselling": null, "wikipedia": null, "office": null, "health_facility_type": null, "health_person:type": null, "old_name": null, "fax": null, "contact:facebook": null, "contact:instagram": null, "email": null, "start_date": null, "payment:cash": null, "payment:credit_cards": null, "payment:debit_cards": null, "landuse": null, "addr:housename": null, "wheelchair": null, "addr:full": null, "level": null, "urgent_care": null, "name:en": null, "health_facility": null, "drive_through": null, "payment:apple_pay": null, "contact:twitter": null, "not:brand:wikidata": null, "check_date:opening_hours": null, "payment:american_express": null, "payment:cheque": null, "payment:discover_card": null, "payment:mastercard": null, "payment:visa": null, "brand:website": null, "short_name": null, "branch": null, "facebook": null, "check_date": null, "fixme": null, "operator:short": null }, "geometry": { "type": "Point", "coordinates": [ -151.5291399, 59.6479719 ] } },
{ "type": "Feature", "properties": { "addr:street": "Piper Street", "amenity": "clinic", "building": null, "healthcare": "clinic", "name": "Alaska Heart Institute", "opening_hours": "Mo-Fr 08:00-17:00", "lon": -149.8215774, "lat": 61.1862962, "addr:city": "Anchorage", "website": null, "addr:country": null, "addr:province": null, "building:levels": null, "healthcare:speciality": null, "historic": null, "owner": null, "source": null, "wikidata": null, "alt_name": null, "shop": null, "contact:phone": null, "contact:website": null, "postal_code": null, "healthcare:for": null, "description": null, "gnis:feature_id": null, "image": null, "note": null, "operator": null, "operator:type": null, "source:date": null, "source_ref": null, "brand": null, "brand:wikidata": null, "ele": null, "height": null, "name:tli": null, "dispensing": null, "operator:wikidata": null, "operator:wikipedia": null, "addr:unit": null, "amenity_1": null, "healthcare:counselling": null, "wikipedia": null, "office": null, "health_facility_type": null, "health_person:type": null, "old_name": null, "fax": null, "contact:facebook": null, "contact:instagram": null, "email": null, "start_date": null, "payment:cash": null, "payment:credit_cards": null, "payment:debit_cards": null, "landuse": null, "addr:housename": null, "wheelchair": "yes", "addr:full": null, "level": null, "urgent_care": null, "name:en": null, "health_facility": null, "drive_through": null, "payment:apple_pay": null, "contact:twitter": null, "not:brand:wikidata": null, "check_date:opening_hours": null, "payment:american_express": null, "payment:cheque": null, "payment:discover_card": null, "payment:mastercard": null, "payment:visa": null, "brand:website": null, "short_name": null, "branch": null, "facebook": null, "check_date": null, "fixme": null, "operator:short": null }, "geometry": { "type": "Point", "coordinates": [ -149.8215774, 61.1862962 ] } },
{ "type": "Feature", "properties": { "addr:street": null, "amenity": "clinic", "building": null, "healthcare": "clinic", "name": "Providence Crisis Recovery Center", "opening_hours": "24-Jul", "lon": -149.8271607, "lat": 61.185697, "addr:city": null, "website": "https://alaska.providence.org/services/c/crisis-recovery-center", "addr:country": null, "addr:province": null, "building:levels": null, "healthcare:speciality": "psychiatry", "historic": null, "owner": null, "source": null, "wikidata": null, "alt_name": null, "shop": null, "contact:phone": null, "contact:website": null, "postal_code": null, "healthcare:for": null, "description": null, "gnis:feature_id": null, "image": null, "note": null, "operator": null, "operator:type": null, "source:date": null, "source_ref": null, "brand": null, "brand:wikidata": null, "ele": null, "height": null, "name:tli": null, "dispensing": null, "operator:wikidata": null, "operator:wikipedia": null, "addr:unit": null, "amenity_1": null, "healthcare:counselling": null, "wikipedia": null, "office": null, "health_facility_type": null, "health_person:type": null, "old_name": null, "fax": null, "contact:facebook": null, "contact:instagram": null, "email": null, "start_date": null, "payment:cash": null, "payment:credit_cards": null, "payment:debit_cards": null, "landuse": null, "addr:housename": null, "wheelchair": null, "addr:full": null, "level": null, "urgent_care": null, "name:en": null, "health_facility": null, "drive_through": null, "payment:apple_pay": null, "contact:twitter": null, "not:brand:wikidata": null, "check_date:opening_hours": null, "payment:american_express": null, "payment:cheque": null, "payment:discover_card": null, "payment:mastercard": null, "payment:visa": null, "brand:website": null, "short_name": null, "branch": null, "facebook": null, "check_date": null, "fixme": null, "operator:short": null }, "geometry": { "type": "Point", "coordinates": [ -149.8271607, 61.185697 ] } },
{ "type": "Feature", "properties": { "addr:street": "East Palmer-Wasilla Highway", "amenity": "pharmacy", "building": null, "healthcare": "pharmacy", "name": "Three Bears Alaska", "opening_hours": "Mo-Fr 09:30-19:00, Sa 10:00-14:00, Su closed", "lon": -149.246166, "lat": 61.6005599, "addr:city": "Palmer", "website": "https://threebearsalaska.com/mat-su/", "addr:country": null, "addr:province": null, "building:levels": null, "healthcare:speciality": null, "historic": null, "owner": null, "source": "EsriWorldImagery", "wikidata": null, "alt_name": "Three Bears Pharmacy", "shop": null, "contact:phone": null, "contact:website": null, "postal_code": null, "healthcare:for": null, "description": null, "gnis:feature_id": null, "image": null, "note": null, "operator": null, "operator:type": null, "source:date": null, "source_ref": null, "brand": null, "brand:wikidata": null, "ele": null, "height": null, "name:tli": null, "dispensing": "yes", "operator:wikidata": null, "operator:wikipedia": null, "addr:unit": null, "amenity_1": null, "healthcare:counselling": null, "wikipedia": null, "office": null, "health_facility_type": null, "health_person:type": null, "old_name": null, "fax": -5544.0, "contact:facebook": null, "contact:instagram": null, "email": null, "start_date": null, "payment:cash": null, "payment:credit_cards": null, "payment:debit_cards": null, "landuse": null, "addr:housename": null, "wheelchair": null, "addr:full": null, "level": null, "urgent_care": null, "name:en": null, "health_facility": null, "drive_through": null, "payment:apple_pay": null, "contact:twitter": null, "not:brand:wikidata": null, "check_date:opening_hours": null, "payment:american_express": null, "payment:cheque": null, "payment:discover_card": null, "payment:mastercard": null, "payment:visa": null, "brand:website": null, "short_name": null, "branch": null, "facebook": null, "check_date": null, "fixme": null, "operator:short": null }, "geometry": { "type": "Point", "coordinates": [ -149.246166, 61.6005599 ] } },
{ "type": "Feature", "properties": { "addr:street": "East Country Field Circle", "amenity": "pharmacy", "building": null, "healthcare": "pharmacy", "name": "Geneva Woods Pharmacy", "opening_hours": "Mo-Fr 08:00-18:00, Sa-Su closed", "lon": -149.357993, "lat": 61.5890709, "addr:city": "Wasilla", "website": "https://www.genevawoodshealth.com/locations/pharmacy-wasilla/", "addr:country": null, "addr:province": null, "building:levels": null, "healthcare:speciality": null, "historic": null, "owner": null, "source": null, "wikidata": null, "alt_name": null, "shop": null, "contact:phone": null, "contact:website": null, "postal_code": null, "healthcare:for": null, "description": null, "gnis:feature_id": null, "image": null, "note": null, "operator": null, "operator:type": null, "source:date": null, "source_ref": null, "brand": null, "brand:wikidata": null, "ele": null, "height": null, "name:tli": null, "dispensing": "yes", "operator:wikidata": null, "operator:wikipedia": null, "addr:unit": null, "amenity_1": null, "healthcare:counselling": null, "wikipedia": null, "office": null, "health_facility_type": null, "health_person:type": null, "old_name": null, "fax": null, "contact:facebook": null, "contact:instagram": null, "email": null, "start_date": null, "payment:cash": null, "payment:credit_cards": null, "payment:debit_cards": null, "landuse": null, "addr:housename": null, "wheelchair": null, "addr:full": null, "level": null, "urgent_care": null, "name:en": null, "health_facility": null, "drive_through": null, "payment:apple_pay": null, "contact:twitter": null, "not:brand:wikidata": null, "check_date:opening_hours": null, "payment:american_express": null, "payment:cheque": null, "payment:discover_card": null, "payment:mastercard": null, "payment:visa": null, "brand:website": null, "short_name": null, "branch": null, "facebook": null, "check_date": null, "fixme": null, "operator:short": null }, "geometry": { "type": "Point", "coordinates": [ -149.357993, 61.5890709 ] } },
{ "type": "Feature", "properties": { "addr:street": "Old Seward Highway", "amenity": "clinic", "building": null, "healthcare": "clinic", "name": "Blood Bank of Alaska", "opening_hours": null, "lon": -149.8652051, "lat": 61.1399232, "addr:city": null, "website": null, "addr:country": null, "addr:province": null, "building:levels": null, "healthcare:speciality": null, "historic": null, "owner": null, "source": null, "wikidata": null, "alt_name": null, "shop": null, "contact:phone": null, "contact:website": null, "postal_code": null, "healthcare:for": null, "description": null, "gnis:feature_id": null, "image": null, "note": null, "operator": null, "operator:type": null, "source:date": null, "source_ref": null, "brand": null, "brand:wikidata": null, "ele": null, "height": null, "name:tli": null, "dispensing": null, "operator:wikidata": null, "operator:wikipedia": null, "addr:unit": null, "amenity_1": null, "healthcare:counselling": null, "wikipedia": null, "office": null, "health_facility_type": null, "health_person:type": null, "old_name": null, "fax": null, "contact:facebook": null, "contact:instagram": null, "email": null, "start_date": null, "payment:cash": null, "payment:credit_cards": null, "payment:debit_cards": null, "landuse": null, "addr:housename": null, "wheelchair": null, "addr:full": null, "level": null, "urgent_care": null, "name:en": null, "health_facility": null, "drive_through": null, "payment:apple_pay": null, "contact:twitter": null, "not:brand:wikidata": null, "check_date:opening_hours": null, "payment:american_express": null, "payment:cheque": null, "payment:discover_card": null, "payment:mastercard": null, "payment:visa": null, "brand:website": null, "short_name": null, "branch": null, "facebook": null, "check_date": null, "fixme": null, "operator:short": null }, "geometry": { "type": "Point", "coordinates": [ -149.8652051, 61.1399232 ] } },
{ "type": "Feature", "properties": { "addr:street": "West Evergreen Avenue", "amenity": "pharmacy", "building": null, "healthcare": "pharmacy", "name": "Fred Meyer Pharmacy", "opening_hours": "Mo-Fr 09:00-21:00, Sa 09:00-19:00, Su 11:00-18:00", "lon": -149.126565, "lat": 61.6005436, "addr:city": "Palmer", "website": "https://www.fredmeyer.com/stores/details/701/00649", "addr:country": null, "addr:province": null, "building:levels": null, "healthcare:speciality": null, "historic": null, "owner": null, "source": "EsriWorldImagery", "wikidata": null, "alt_name": null, "shop": null, "contact:phone": null, "contact:website": null, "postal_code": null, "healthcare:for": null, "description": null, "gnis:feature_id": null, "image": null, "note": null, "operator": null, "operator:type": null, "source:date": null, "source_ref": null, "brand": "Fred Meyer", "brand:wikidata": "Q5495932", "ele": null, "height": null, "name:tli": null, "dispensing": "yes", "operator:wikidata": null, "operator:wikipedia": null, "addr:unit": null, "amenity_1": null, "healthcare:counselling": null, "wikipedia": null, "office": null, "health_facility_type": null, "health_person:type": null, "old_name": null, "fax": null, "contact:facebook": null, "contact:instagram": null, "email": null, "start_date": null, "payment:cash": null, "payment:credit_cards": null, "payment:debit_cards": null, "landuse": null, "addr:housename": null, "wheelchair": "yes", "addr:full": null, "level": null, "urgent_care": null, "name:en": null, "health_facility": null, "drive_through": null, "payment:apple_pay": null, "contact:twitter": null, "not:brand:wikidata": null, "check_date:opening_hours": null, "payment:american_express": null, "payment:cheque": null, "payment:discover_card": null, "payment:mastercard": null, "payment:visa": null, "brand:website": null, "short_name": null, "branch": null, "facebook": null, "check_date": null, "fixme": null, "operator:short": null }, "geometry": { "type": "Point", "coordinates": [ -149.126565, 61.6005436 ] } },
{ "type": "Feature", "properties": { "addr:street": "West Evergreen Avenue", "amenity": "pharmacy", "building": null, "healthcare": "pharmacy", "name": "Carrs", "opening_hours": "Mo-Fr 09:00-21:00, Sa 09:00-18:00, Su 11:00-18:00", "lon": -149.1264971, "lat": 61.597964, "addr:city": "Palmer", "website": "https://local.pharmacy.carrsqc.com/ak/palmer/664-w-evergreen-ave.html", "addr:country": null, "addr:province": null, "building:levels": null, "healthcare:speciality": null, "historic": null, "owner": null, "source": null, "wikidata": null, "alt_name": "Carrs Safeway", "shop": null, "contact:phone": null, "contact:website": null, "postal_code": null, "healthcare:for": null, "description": null, "gnis:feature_id": null, "image": null, "note": null, "operator": null, "operator:type": null, "source:date": null, "source_ref": null, "brand": "Carrs", "brand:wikidata": "Q5046735", "ele": null, "height": null, "name:tli": null, "dispensing": "yes", "operator:wikidata": null, "operator:wikipedia": null, "addr:unit": null, "amenity_1": null, "healthcare:counselling": null, "wikipedia": null, "office": null, "health_facility_type": null, "health_person:type": null, "old_name": null, "fax": null, "contact:facebook": null, "contact:instagram": null, "email": null, "start_date": null, "payment:cash": null, "payment:credit_cards": null, "payment:debit_cards": null, "landuse": null, "addr:housename": null, "wheelchair": null, "addr:full": null, "level": null, "urgent_care": null, "name:en": null, "health_facility": null, "drive_through": null, "payment:apple_pay": null, "contact:twitter": null, "not:brand:wikidata": null, "check_date:opening_hours": null, "payment:american_express": null, "payment:cheque": null, "payment:discover_card": null, "payment:mastercard": null, "payment:visa": null, "brand:website": null, "short_name": null, "branch": null, "facebook": null, "check_date": null, "fixme": null, "operator:short": null }, "geometry": { "type": "Point", "coordinates": [ -149.1264971, 61.597964 ] } },
{ "type": "Feature", "properties": { "addr:street": null, "amenity": "pharmacy", "building": null, "healthcare": "pharmacy", "name": "Walgreens", "opening_hours": null, "lon": -149.5669949, "lat": 61.328837, "addr:city": null, "website": null, "addr:country": null, "addr:province": null, "building:levels": null, "healthcare:speciality": null, "historic": null, "owner": null, "source": "EsriWorldImagery", "wikidata": null, "alt_name": null, "shop": null, "contact:phone": null, "contact:website": null, "postal_code": null, "healthcare:for": null, "description": null, "gnis:feature_id": null, "image": null, "note": null, "operator": null, "operator:type": null, "source:date": null, "source_ref": null, "brand": "Walgreens", "brand:wikidata": "Q1591889", "ele": null, "height": null, "name:tli": null, "dispensing": "yes", "operator:wikidata": null, "operator:wikipedia": null, "addr:unit": null, "amenity_1": null, "healthcare:counselling": null, "wikipedia": null, "office": null, "health_facility_type": null, "health_person:type": null, "old_name": null, "fax": null, "contact:facebook": null, "contact:instagram": null, "email": null, "start_date": null, "payment:cash": null, "payment:credit_cards": null, "payment:debit_cards": null, "landuse": null, "addr:housename": null, "wheelchair": null, "addr:full": null, "level": null, "urgent_care": null, "name:en": null, "health_facility": null, "drive_through": null, "payment:apple_pay": null, "contact:twitter": null, "not:brand:wikidata": null, "check_date:opening_hours": null, "payment:american_express": null, "payment:cheque": null, "payment:discover_card": null, "payment:mastercard": null, "payment:visa": null, "brand:website": null, "short_name": null, "branch": null, "facebook": null, "check_date": null, "fixme": null, "operator:short": null }, "geometry": { "type": "Point", "coordinates": [ -149.5669949, 61.328837 ] } },
{ "type": "Feature", "properties": { "addr:street": null, "amenity": "pharmacy", "building": null, "healthcare": "pharmacy", "name": "Rons Apothecary", "opening_hours": null, "lon": -134.5873783, "lat": 58.3715402, "addr:city": null, "website": null, "addr:country": null, "addr:province": null, "building:levels": null, "healthcare:speciality": null, "historic": null, "owner": null, "source": null, "wikidata": null, "alt_name": null, "shop": null, "contact:phone": null, "contact:website": null, "postal_code": null, "healthcare:for": null, "description": null, "gnis:feature_id": null, "image": null, "note": null, "operator": null, "operator:type": null, "source:date": null, "source_ref": null, "brand": null, "brand:wikidata": null, "ele": null, "height": null, "name:tli": null, "dispensing": "yes", "operator:wikidata": null, "operator:wikipedia": null, "addr:unit": null, "amenity_1": null, "healthcare:counselling": null, "wikipedia": null, "office": null, "health_facility_type": null, "health_person:type": null, "old_name": null, "fax": null, "contact:facebook": null, "contact:instagram": null, "email": null, "start_date": null, "payment:cash": null, "payment:credit_cards": null, "payment:debit_cards": null, "landuse": null, "addr:housename": null, "wheelchair": null, "addr:full": null, "level": null, "urgent_care": null, "name:en": null, "health_facility": null, "drive_through": null, "payment:apple_pay": null, "contact:twitter": null, "not:brand:wikidata": null, "check_date:opening_hours": null, "payment:american_express": null, "payment:cheque": null, "payment:discover_card": null, "payment:mastercard": null, "payment:visa": null, "brand:website": null, "short_name": null, "branch": null, "facebook": null, "check_date": null, "fixme": null, "operator:short": null }, "geometry": { "type": "Point", "coordinates": [ -134.587378300000012, 58.3715402 ] } },
{ "type": "Feature", "properties": { "addr:street": "Lincoln Street", "amenity": "pharmacy", "building": null, "healthcare": "pharmacy", "name": "Harry Race Pharmacy", "opening_hours": null, "lon": -135.3382166, "lat": 57.0492118, "addr:city": "Sitka", "website": "https://www.sitkapharmacies.com/", "addr:country": null, "addr:province": null, "building:levels": null, "healthcare:speciality": null, "historic": null, "owner": null, "source": null, "wikidata": null, "alt_name": null, "shop": null, "contact:phone": null, "contact:website": null, "postal_code": null, "healthcare:for": null, "description": null, "gnis:feature_id": null, "image": null, "note": null, "operator": null, "operator:type": null, "source:date": null, "source_ref": null, "brand": null, "brand:wikidata": null, "ele": null, "height": null, "name:tli": null, "dispensing": "yes", "operator:wikidata": null, "operator:wikipedia": null, "addr:unit": null, "amenity_1": null, "healthcare:counselling": null, "wikipedia": null, "office": null, "health_facility_type": null, "health_person:type": null, "old_name": null, "fax": null, "contact:facebook": null, "contact:instagram": null, "email": null, "start_date": null, "payment:cash": null, "payment:credit_cards": null, "payment:debit_cards": null, "landuse": null, "addr:housename": null, "wheelchair": null, "addr:full": null, "level": null, "urgent_care": null, "name:en": null, "health_facility": null, "drive_through": "no", "payment:apple_pay": "yes", "contact:twitter": null, "not:brand:wikidata": null, "check_date:opening_hours": null, "payment:american_express": null, "payment:cheque": null, "payment:discover_card": null, "payment:mastercard": null, "payment:visa": null, "brand:website": null, "short_name": null, "branch": null, "facebook": null, "check_date": null, "fixme": null, "operator:short": null }, "geometry": { "type": "Point", "coordinates": [ -135.33821660000001, 57.0492118 ] } },
{ "type": "Feature", "properties": { "addr:street": "Boniface Parkway", "amenity": "clinic", "building": null, "healthcare": "clinic", "name": "CAPSTONE CLINIC", "opening_hours": null, "lon": -149.7772614, "lat": 61.1810884, "addr:city": "Anchorage", "website": null, "addr:country": null, "addr:province": null, "building:levels": null, "healthcare:speciality": null, "historic": null, "owner": null, "source": null, "wikidata": null, "alt_name": null, "shop": null, "contact:phone": null, "contact:website": null, "postal_code": null, "healthcare:for": null, "description": null, "gnis:feature_id": null, "image": null, "note": null, "operator": null, "operator:type": null, "source:date": null, "source_ref": null, "brand": null, "brand:wikidata": null, "ele": null, "height": null, "name:tli": null, "dispensing": null, "operator:wikidata": null, "operator:wikipedia": null, "addr:unit": null, "amenity_1": null, "healthcare:counselling": null, "wikipedia": null, "office": null, "health_facility_type": null, "health_person:type": null, "old_name": null, "fax": null, "contact:facebook": null, "contact:instagram": null, "email": null, "start_date": null, "payment:cash": null, "payment:credit_cards": null, "payment:debit_cards": null, "landuse": null, "addr:housename": null, "wheelchair": null, "addr:full": null, "level": null, "urgent_care": null, "name:en": null, "health_facility": null, "drive_through": null, "payment:apple_pay": null, "contact:twitter": null, "not:brand:wikidata": null, "check_date:opening_hours": null, "payment:american_express": null, "payment:cheque": null, "payment:discover_card": null, "payment:mastercard": null, "payment:visa": null, "brand:website": null, "short_name": null, "branch": null, "facebook": null, "check_date": null, "fixme": null, "operator:short": null }, "geometry": { "type": "Point", "coordinates": [ -149.777261399999986, 61.1810884 ] } },
{ "type": "Feature", "properties": { "addr:street": "Boniface Parkway", "amenity": "clinic", "building": null, "healthcare": "clinic", "name": "EMPOWER PHYSICAL THERAPY", "opening_hours": null, "lon": -149.777023, "lat": 61.1811346, "addr:city": "Anchorage", "website": null, "addr:country": null, "addr:province": null, "building:levels": null, "healthcare:speciality": null, "historic": null, "owner": null, "source": null, "wikidata": null, "alt_name": null, "shop": null, "contact:phone": null, "contact:website": null, "postal_code": null, "healthcare:for": null, "description": null, "gnis:feature_id": null, "image": null, "note": null, "operator": null, "operator:type": null, "source:date": null, "source_ref": null, "brand": null, "brand:wikidata": null, "ele": null, "height": null, "name:tli": null, "dispensing": null, "operator:wikidata": null, "operator:wikipedia": null, "addr:unit": null, "amenity_1": null, "healthcare:counselling": null, "wikipedia": null, "office": null, "health_facility_type": null, "health_person:type": null, "old_name": null, "fax": null, "contact:facebook": null, "contact:instagram": null, "email": null, "start_date": null, "payment:cash": null, "payment:credit_cards": null, "payment:debit_cards": null, "landuse": null, "addr:housename": null, "wheelchair": null, "addr:full": null, "level": null, "urgent_care": null, "name:en": null, "health_facility": null, "drive_through": null, "payment:apple_pay": null, "contact:twitter": null, "not:brand:wikidata": null, "check_date:opening_hours": null, "payment:american_express": null, "payment:cheque": null, "payment:discover_card": null, "payment:mastercard": null, "payment:visa": null, "brand:website": null, "short_name": null, "branch": null, "facebook": null, "check_date": null, "fixme": null, "operator:short": null }, "geometry": { "type": "Point", "coordinates": [ -149.777023, 61.1811346 ] } },
{ "type": "Feature", "properties": { "addr:street": "Providence Drive", "amenity": "pharmacy", "building": null, "healthcare": "pharmacy", "name": "Providence Medical Arts Pharmacy", "opening_hours": null, "lon": -149.8195054, "lat": 61.1894607, "addr:city": "Anchorage", "website": null, "addr:country": null, "addr:province": null, "building:levels": null, "healthcare:speciality": null, "historic": null, "owner": null, "source": null, "wikidata": null, "alt_name": null, "shop": null, "contact:phone": null, "contact:website": null, "postal_code": null, "healthcare:for": null, "description": null, "gnis:feature_id": null, "image": null, "note": null, "operator": null, "operator:type": null, "source:date": null, "source_ref": null, "brand": null, "brand:wikidata": null, "ele": null, "height": null, "name:tli": null, "dispensing": "yes", "operator:wikidata": null, "operator:wikipedia": null, "addr:unit": null, "amenity_1": null, "healthcare:counselling": null, "wikipedia": null, "office": null, "health_facility_type": null, "health_person:type": null, "old_name": null, "fax": null, "contact:facebook": null, "contact:instagram": null, "email": null, "start_date": null, "payment:cash": null, "payment:credit_cards": null, "payment:debit_cards": null, "landuse": null, "addr:housename": null, "wheelchair": null, "addr:full": null, "level": null, "urgent_care": null, "name:en": null, "health_facility": null, "drive_through": null, "payment:apple_pay": null, "contact:twitter": null, "not:brand:wikidata": null, "check_date:opening_hours": null, "payment:american_express": null, "payment:cheque": null, "payment:discover_card": null, "payment:mastercard": null, "payment:visa": null, "brand:website": null, "short_name": null, "branch": null, "facebook": null, "check_date": null, "fixme": null, "operator:short": null }, "geometry": { "type": "Point", "coordinates": [ -149.8195054, 61.1894607 ] } },
{ "type": "Feature", "properties": { "addr:street": "East Northern Lights Boulevard", "amenity": "clinic", "building": null, "healthcare": "clinic", "name": "Urgent Care Medical Clinic", "opening_hours": null, "lon": -149.7812138, "lat": 61.1960415, "addr:city": "Anchorage", "website": null, "addr:country": null, "addr:province": null, "building:levels": null, "healthcare:speciality": null, "historic": null, "owner": null, "source": null, "wikidata": null, "alt_name": null, "shop": null, "contact:phone": null, "contact:website": null, "postal_code": null, "healthcare:for": null, "description": null, "gnis:feature_id": null, "image": null, "note": null, "operator": null, "operator:type": null, "source:date": null, "source_ref": null, "brand": null, "brand:wikidata": null, "ele": null, "height": null, "name:tli": null, "dispensing": null, "operator:wikidata": null, "operator:wikipedia": null, "addr:unit": "1", "amenity_1": null, "healthcare:counselling": null, "wikipedia": null, "office": null, "health_facility_type": null, "health_person:type": null, "old_name": null, "fax": null, "contact:facebook": null, "contact:instagram": null, "email": null, "start_date": null, "payment:cash": null, "payment:credit_cards": null, "payment:debit_cards": null, "landuse": null, "addr:housename": null, "wheelchair": null, "addr:full": null, "level": null, "urgent_care": null, "name:en": null, "health_facility": null, "drive_through": null, "payment:apple_pay": null, "contact:twitter": null, "not:brand:wikidata": null, "check_date:opening_hours": null, "payment:american_express": null, "payment:cheque": null, "payment:discover_card": null, "payment:mastercard": null, "payment:visa": null, "brand:website": null, "short_name": null, "branch": null, "facebook": null, "check_date": null, "fixme": null, "operator:short": null }, "geometry": { "type": "Point", "coordinates": [ -149.781213799999989, 61.1960415 ] } },
{ "type": "Feature", "properties": { "addr:street": null, "amenity": "clinic", "building": null, "healthcare": "clinic", "name": "Edgar Nollner Health Center", "opening_hours": null, "lon": -156.8769569, "lat": 64.7446924, "addr:city": null, "website": null, "addr:country": null, "addr:province": null, "building:levels": null, "healthcare:speciality": null, "historic": null, "owner": null, "source": null, "wikidata": null, "alt_name": null, "shop": null, "contact:phone": null, "contact:website": null, "postal_code": null, "healthcare:for": null, "description": null, "gnis:feature_id": null, "image": null, "note": null, "operator": "Tanana Chiefs Conference", "operator:type": null, "source:date": null, "source_ref": null, "brand": null, "brand:wikidata": null, "ele": null, "height": null, "name:tli": null, "dispensing": null, "operator:wikidata": null, "operator:wikipedia": null, "addr:unit": null, "amenity_1": null, "healthcare:counselling": null, "wikipedia": null, "office": null, "health_facility_type": null, "health_person:type": null, "old_name": null, "fax": null, "contact:facebook": null, "contact:instagram": null, "email": null, "start_date": null, "payment:cash": null, "payment:credit_cards": null, "payment:debit_cards": null, "landuse": null, "addr:housename": null, "wheelchair": null, "addr:full": null, "level": null, "urgent_care": null, "name:en": null, "health_facility": null, "drive_through": null, "payment:apple_pay": null, "contact:twitter": null, "not:brand:wikidata": null, "check_date:opening_hours": null, "payment:american_express": null, "payment:cheque": null, "payment:discover_card": null, "payment:mastercard": null, "payment:visa": null, "brand:website": null, "short_name": null, "branch": null, "facebook": null, "check_date": null, "fixme": null, "operator:short": null }, "geometry": { "type": "Point", "coordinates": [ -156.87695690000001, 64.7446924 ] } },
{ "type": "Feature", "properties": { "addr:street": "Yukon Drive", "amenity": "clinic", "building": null, "healthcare": "clinic", "name": "UAF Student Health and Counseling Center", "opening_hours": "Mo,Tu,Th,Fr 08:30-17:00; We 10:00-17:00; SH off", "lon": -147.8221594, "lat": 64.8583545, "addr:city": "Fairbanks", "website": "https://www.uaf.edu/chc/", "addr:country": null, "addr:province": null, "building:levels": null, "healthcare:speciality": null, "historic": null, "owner": null, "source": null, "wikidata": null, "alt_name": null, "shop": null, "contact:phone": null, "contact:website": null, "postal_code": null, "healthcare:for": null, "description": null, "gnis:feature_id": null, "image": null, "note": null, "operator": "University of Alaska Fairbanks", "operator:type": null, "source:date": null, "source_ref": null, "brand": null, "brand:wikidata": null, "ele": null, "height": null, "name:tli": null, "dispensing": null, "operator:wikidata": null, "operator:wikipedia": null, "addr:unit": "203", "amenity_1": null, "healthcare:counselling": null, "wikipedia": null, "office": null, "health_facility_type": null, "health_person:type": null, "old_name": null, "fax": -7157.0, "contact:facebook": "https://www.facebook.com/UAFStudent.Health/", "contact:instagram": "https://www.instagram.com/uafshcc/", "email": "uaf-sh-cc@alaska.edu", "start_date": null, "payment:cash": null, "payment:credit_cards": null, "payment:debit_cards": null, "landuse": null, "addr:housename": "Whitaker Building", "wheelchair": null, "addr:full": null, "level": null, "urgent_care": null, "name:en": null, "health_facility": null, "drive_through": null, "payment:apple_pay": null, "contact:twitter": "https://twitter.com/UAFHealth_Couns", "not:brand:wikidata": null, "check_date:opening_hours": null, "payment:american_express": null, "payment:cheque": null, "payment:discover_card": null, "payment:mastercard": null, "payment:visa": null, "brand:website": null, "short_name": null, "branch": null, "facebook": null, "check_date": null, "fixme": null, "operator:short": null }, "geometry": { "type": "Point", "coordinates": [ -147.8221594, 64.8583545 ] } },
{ "type": "Feature", "properties": { "addr:street": "Sterling Highway", "amenity": "pharmacy", "building": null, "healthcare": "pharmacy", "name": "Safeway", "opening_hours": "Mo-Fr 09:00-20:00, Sa 10:00-18:00, Su 10:00-17:00", "lon": -151.0712459, "lat": 60.4841932, "addr:city": "Soldotna", "website": "https://local.pharmacy.safeway.com/safeway/ak/soldotna/44428-sterling-hwy.html", "addr:country": null, "addr:province": null, "building:levels": null, "healthcare:speciality": null, "historic": null, "owner": null, "source": null, "wikidata": null, "alt_name": null, "shop": null, "contact:phone": null, "contact:website": null, "postal_code": null, "healthcare:for": null, "description": null, "gnis:feature_id": null, "image": null, "note": null, "operator": null, "operator:type": null, "source:date": null, "source_ref": null, "brand": "Safeway", "brand:wikidata": "Q1508234", "ele": null, "height": null, "name:tli": null, "dispensing": "yes", "operator:wikidata": null, "operator:wikipedia": null, "addr:unit": null, "amenity_1": null, "healthcare:counselling": null, "wikipedia": null, "office": null, "health_facility_type": null, "health_person:type": null, "old_name": null, "fax": null, "contact:facebook": null, "contact:instagram": null, "email": null, "start_date": null, "payment:cash": "yes", "payment:credit_cards": "yes", "payment:debit_cards": "yes", "landuse": null, "addr:housename": null, "wheelchair": null, "addr:full": null, "level": null, "urgent_care": null, "name:en": null, "health_facility": null, "drive_through": "no", "payment:apple_pay": null, "contact:twitter": null, "not:brand:wikidata": null, "check_date:opening_hours": null, "payment:american_express": null, "payment:cheque": null, "payment:discover_card": null, "payment:mastercard": null, "payment:visa": null, "brand:website": null, "short_name": null, "branch": null, "facebook": null, "check_date": null, "fixme": null, "operator:short": null }, "geometry": { "type": "Point", "coordinates": [ -151.0712459, 60.4841932 ] } },
{ "type": "Feature", "properties": { "addr:street": "West Dimond Boulevard", "amenity": "pharmacy", "building": null, "healthcare": "pharmacy", "name": "Carrs", "opening_hours": "Mo-Fr 09:00-21:00, Sa-Su 10:00-18:00", "lon": -149.95359, "lat": 61.1361985, "addr:city": "Anchorage", "website": "https://local.pharmacy.carrsqc.com/ak/anchorage/4000-w-dimond-blvd.html", "addr:country": null, "addr:province": null, "building:levels": null, "healthcare:speciality": null, "historic": null, "owner": null, "source": null, "wikidata": null, "alt_name": null, "shop": null, "contact:phone": null, "contact:website": null, "postal_code": null, "healthcare:for": null, "description": null, "gnis:feature_id": null, "image": null, "note": null, "operator": null, "operator:type": null, "source:date": null, "source_ref": null, "brand": "Carrs", "brand:wikidata": "Q5046735", "ele": null, "height": null, "name:tli": null, "dispensing": "yes", "operator:wikidata": null, "operator:wikipedia": null, "addr:unit": null, "amenity_1": null, "healthcare:counselling": null, "wikipedia": null, "office": null, "health_facility_type": null, "health_person:type": null, "old_name": null, "fax": null, "contact:facebook": null, "contact:instagram": null, "email": null, "start_date": null, "payment:cash": "yes", "payment:credit_cards": "yes", "payment:debit_cards": "yes", "landuse": null, "addr:housename": null, "wheelchair": "yes", "addr:full": null, "level": null, "urgent_care": null, "name:en": null, "health_facility": null, "drive_through": "no", "payment:apple_pay": null, "contact:twitter": null, "not:brand:wikidata": "Q1508234", "check_date:opening_hours": null, "payment:american_express": null, "payment:cheque": null, "payment:discover_card": null, "payment:mastercard": null, "payment:visa": null, "brand:website": null, "short_name": null, "branch": null, "facebook": null, "check_date": null, "fixme": null, "operator:short": null }, "geometry": { "type": "Point", "coordinates": [ -149.95359, 61.1361985 ] } },
{ "type": "Feature", "properties": { "addr:street": "Sterling Highway", "amenity": "pharmacy", "building": null, "healthcare": "pharmacy", "name": "Fred Meyer Pharmacy", "opening_hours": "Mo-Su 09:00-21:00, Sa 09:00-18:00, Su 11:00-18:00", "lon": -151.0484069, "lat": 60.4893067, "addr:city": "Soldotna", "website": null, "addr:country": null, "addr:province": null, "building:levels": null, "healthcare:speciality": null, "historic": null, "owner": null, "source": null, "wikidata": null, "alt_name": null, "shop": null, "contact:phone": null, "contact:website": null, "postal_code": null, "healthcare:for": null, "description": null, "gnis:feature_id": null, "image": null, "note": null, "operator": null, "operator:type": null, "source:date": null, "source_ref": null, "brand": "Fred Meyer", "brand:wikidata": "Q5495932", "ele": null, "height": null, "name:tli": null, "dispensing": "yes", "operator:wikidata": null, "operator:wikipedia": null, "addr:unit": null, "amenity_1": null, "healthcare:counselling": null, "wikipedia": null, "office": null, "health_facility_type": null, "health_person:type": null, "old_name": null, "fax": null, "contact:facebook": null, "contact:instagram": null, "email": null, "start_date": null, "payment:cash": null, "payment:credit_cards": null, "payment:debit_cards": null, "landuse": null, "addr:housename": null, "wheelchair": null, "addr:full": null, "level": null, "urgent_care": null, "name:en": null, "health_facility": null, "drive_through": null, "payment:apple_pay": null, "contact:twitter": null, "not:brand:wikidata": null, "check_date:opening_hours": null, "payment:american_express": null, "payment:cheque": null, "payment:discover_card": null, "payment:mastercard": null, "payment:visa": null, "brand:website": null, "short_name": null, "branch": null, "facebook": null, "check_date": null, "fixme": null, "operator:short": null }, "geometry": { "type": "Point", "coordinates": [ -151.0484069, 60.4893067 ] } },
{ "type": "Feature", "properties": { "addr:street": "West Dimond Boulevard", "amenity": "pharmacy", "building": null, "healthcare": "pharmacy", "name": "Fred Meyer Pharmacy", "opening_hours": "Mo-Fr 09:00-21:00,Sa 09:00-19:00, Su 11:00-18:00", "lon": -149.9188842, "lat": 61.1364161, "addr:city": "Anchorage", "website": "https://www.fredmeyer.com/stores/details/701/00071", "addr:country": null, "addr:province": null, "building:levels": null, "healthcare:speciality": null, "historic": null, "owner": null, "source": null, "wikidata": null, "alt_name": null, "shop": null, "contact:phone": null, "contact:website": null, "postal_code": null, "healthcare:for": null, "description": null, "gnis:feature_id": null, "image": null, "note": null, "operator": null, "operator:type": null, "source:date": null, "source_ref": null, "brand": "Fred Meyer", "brand:wikidata": "Q5495932", "ele": null, "height": null, "name:tli": null, "dispensing": "yes", "operator:wikidata": null, "operator:wikipedia": null, "addr:unit": null, "amenity_1": null, "healthcare:counselling": null, "wikipedia": null, "office": null, "health_facility_type": null, "health_person:type": null, "old_name": null, "fax": null, "contact:facebook": null, "contact:instagram": null, "email": null, "start_date": null, "payment:cash": "yes", "payment:credit_cards": null, "payment:debit_cards": null, "landuse": null, "addr:housename": null, "wheelchair": null, "addr:full": null, "level": null, "urgent_care": null, "name:en": null, "health_facility": null, "drive_through": "yes", "payment:apple_pay": null, "contact:twitter": null, "not:brand:wikidata": null, "check_date:opening_hours": null, "payment:american_express": null, "payment:cheque": null, "payment:discover_card": null, "payment:mastercard": null, "payment:visa": null, "brand:website": null, "short_name": null, "branch": null, "facebook": null, "check_date": null, "fixme": null, "operator:short": null }, "geometry": { "type": "Point", "coordinates": [ -149.9188842, 61.1364161 ] } },
{ "type": "Feature", "properties": { "addr:street": "West Dimond Boulevard", "amenity": "pharmacy", "building": null, "healthcare": "pharmacy", "name": "Walgreens", "opening_hours": "Mo-Fr 09:00-13:30, Mo-Fr 2:00-18:00", "lon": -149.919666, "lat": 61.1382731, "addr:city": "Anchorage", "website": "https://www.walgreens.com/locator/walgreens-2197+w+dimond+blvd-anchorage-ak-99515/id=12680", "addr:country": null, "addr:province": null, "building:levels": null, "healthcare:speciality": null, "historic": null, "owner": null, "source": null, "wikidata": null, "alt_name": null, "shop": null, "contact:phone": null, "contact:website": null, "postal_code": null, "healthcare:for": null, "description": null, "gnis:feature_id": null, "image": null, "note": "Lunch break from 1 pm to 2 pm daily", "operator": null, "operator:type": null, "source:date": null, "source_ref": null, "brand": "Walgreens", "brand:wikidata": "Q1591889", "ele": null, "height": null, "name:tli": null, "dispensing": "yes", "operator:wikidata": null, "operator:wikipedia": null, "addr:unit": null, "amenity_1": null, "healthcare:counselling": null, "wikipedia": null, "office": null, "health_facility_type": null, "health_person:type": null, "old_name": null, "fax": null, "contact:facebook": null, "contact:instagram": null, "email": null, "start_date": null, "payment:cash": "yes", "payment:credit_cards": "yes", "payment:debit_cards": "yes", "landuse": null, "addr:housename": null, "wheelchair": "yes", "addr:full": null, "level": null, "urgent_care": null, "name:en": null, "health_facility": null, "drive_through": "yes", "payment:apple_pay": null, "contact:twitter": null, "not:brand:wikidata": null, "check_date:opening_hours": null, "payment:american_express": null, "payment:cheque": null, "payment:discover_card": null, "payment:mastercard": null, "payment:visa": null, "brand:website": null, "short_name": null, "branch": null, "facebook": null, "check_date": null, "fixme": null, "operator:short": null }, "geometry": { "type": "Point", "coordinates": [ -149.919666, 61.1382731 ] } },
{ "type": "Feature", "properties": { "addr:street": "Jewel Lake Road", "amenity": "clinic", "building": null, "healthcare": "clinic", "name": "Urgent Care Medical Clinic, LLC", "opening_hours": "Mo-Fr 08:00-18:00, Sa-Su 11:00-16:00", "lon": -149.952715, "lat": 61.1383079, "addr:city": "Anchorage", "website": "https://www.alaskaurgentcaremedicalclinic.com/", "addr:country": null, "addr:province": null, "building:levels": null, "healthcare:speciality": "general", "historic": null, "owner": null, "source": null, "wikidata": null, "alt_name": null, "shop": null, "contact:phone": null, "contact:website": null, "postal_code": null, "healthcare:for": null, "description": null, "gnis:feature_id": null, "image": null, "note": null, "operator": null, "operator:type": null, "source:date": null, "source_ref": null, "brand": null, "brand:wikidata": null, "ele": null, "height": null, "name:tli": null, "dispensing": null, "operator:wikidata": null, "operator:wikipedia": null, "addr:unit": "B", "amenity_1": null, "healthcare:counselling": null, "wikipedia": null, "office": null, "health_facility_type": null, "health_person:type": null, "old_name": null, "fax": -9717.0, "contact:facebook": null, "contact:instagram": null, "email": null, "start_date": null, "payment:cash": "yes", "payment:credit_cards": "yes", "payment:debit_cards": "yes", "landuse": null, "addr:housename": null, "wheelchair": "yes", "addr:full": null, "level": null, "urgent_care": null, "name:en": null, "health_facility": null, "drive_through": null, "payment:apple_pay": null, "contact:twitter": null, "not:brand:wikidata": null, "check_date:opening_hours": "19-02-2024", "payment:american_express": null, "payment:cheque": null, "payment:discover_card": null, "payment:mastercard": null, "payment:visa": null, "brand:website": null, "short_name": null, "branch": null, "facebook": null, "check_date": null, "fixme": null, "operator:short": null }, "geometry": { "type": "Point", "coordinates": [ -149.952715, 61.1383079 ] } },
{ "type": "Feature", "properties": { "addr:street": null, "amenity": "clinic", "building": null, "healthcare": "clinic", "name": "Calm Harbor", "opening_hours": null, "lon": -131.68754, "lat": 55.3530247, "addr:city": null, "website": null, "addr:country": null, "addr:province": null, "building:levels": null, "healthcare:speciality": null, "historic": null, "owner": null, "source": null, "wikidata": null, "alt_name": null, "shop": null, "contact:phone": null, "contact:website": null, "postal_code": null, "healthcare:for": null, "description": null, "gnis:feature_id": null, "image": null, "note": null, "operator": null, "operator:type": null, "source:date": null, "source_ref": null, "brand": null, "brand:wikidata": null, "ele": null, "height": null, "name:tli": null, "dispensing": null, "operator:wikidata": null, "operator:wikipedia": null, "addr:unit": null, "amenity_1": null, "healthcare:counselling": null, "wikipedia": null, "office": null, "health_facility_type": null, "health_person:type": null, "old_name": null, "fax": null, "contact:facebook": null, "contact:instagram": null, "email": null, "start_date": null, "payment:cash": null, "payment:credit_cards": null, "payment:debit_cards": null, "landuse": null, "addr:housename": null, "wheelchair": null, "addr:full": null, "level": null, "urgent_care": null, "name:en": null, "health_facility": null, "drive_through": null, "payment:apple_pay": null, "contact:twitter": null, "not:brand:wikidata": null, "check_date:opening_hours": null, "payment:american_express": null, "payment:cheque": null, "payment:discover_card": null, "payment:mastercard": null, "payment:visa": null, "brand:website": null, "short_name": null, "branch": null, "facebook": null, "check_date": null, "fixme": null, "operator:short": null }, "geometry": { "type": "Point", "coordinates": [ -131.68754, 55.3530247 ] } },
{ "type": "Feature", "properties": { "addr:street": null, "amenity": "clinic", "building": null, "healthcare": null, "name": "Upper Tanana Heath Center", "opening_hours": null, "lon": -142.9912126, "lat": 63.333188, "addr:city": null, "website": null, "addr:country": null, "addr:province": null, "building:levels": null, "healthcare:speciality": null, "historic": null, "owner": null, "source": null, "wikidata": null, "alt_name": null, "shop": null, "contact:phone": null, "contact:website": null, "postal_code": null, "healthcare:for": null, "description": null, "gnis:feature_id": null, "image": null, "note": null, "operator": null, "operator:type": null, "source:date": null, "source_ref": null, "brand": null, "brand:wikidata": null, "ele": null, "height": null, "name:tli": null, "dispensing": null, "operator:wikidata": null, "operator:wikipedia": null, "addr:unit": null, "amenity_1": null, "healthcare:counselling": null, "wikipedia": null, "office": null, "health_facility_type": null, "health_person:type": null, "old_name": null, "fax": null, "contact:facebook": null, "contact:instagram": null, "email": null, "start_date": null, "payment:cash": null, "payment:credit_cards": null, "payment:debit_cards": null, "landuse": null, "addr:housename": null, "wheelchair": null, "addr:full": null, "level": null, "urgent_care": null, "name:en": null, "health_facility": null, "drive_through": null, "payment:apple_pay": null, "contact:twitter": null, "not:brand:wikidata": null, "check_date:opening_hours": null, "payment:american_express": null, "payment:cheque": null, "payment:discover_card": null, "payment:mastercard": null, "payment:visa": null, "brand:website": null, "short_name": null, "branch": null, "facebook": null, "check_date": null, "fixme": null, "operator:short": null }, "geometry": { "type": "Point", "coordinates": [ -142.991212600000011, 63.333188 ] } },
{ "type": "Feature", "properties": { "addr:street": "Airport Way", "amenity": "hospital", "building": null, "healthcare": "hospital", "name": "Fairbanks Family Wellness", "opening_hours": "Mo-Fr 09:00-18:00", "lon": -147.807663, "lat": 64.8373102, "addr:city": "Fairbanks", "website": "https://fairbanksfamilywellness.com", "addr:country": "US", "addr:province": null, "building:levels": null, "healthcare:speciality": "paediatrics", "historic": null, "owner": null, "source": null, "wikidata": null, "alt_name": null, "shop": null, "contact:phone": null, "contact:website": null, "postal_code": null, "healthcare:for": null, "description": null, "gnis:feature_id": null, "image": null, "note": null, "operator": "Amy Williamson", "operator:type": "private", "source:date": null, "source_ref": null, "brand": null, "brand:wikidata": null, "ele": null, "height": null, "name:tli": null, "dispensing": null, "operator:wikidata": null, "operator:wikipedia": null, "addr:unit": "4", "amenity_1": null, "healthcare:counselling": null, "wikipedia": null, "office": null, "health_facility_type": null, "health_person:type": null, "old_name": null, "fax": null, "contact:facebook": null, "contact:instagram": null, "email": null, "start_date": null, "payment:cash": "yes", "payment:credit_cards": null, "payment:debit_cards": "yes", "landuse": null, "addr:housename": null, "wheelchair": null, "addr:full": null, "level": null, "urgent_care": null, "name:en": null, "health_facility": null, "drive_through": null, "payment:apple_pay": null, "contact:twitter": null, "not:brand:wikidata": null, "check_date:opening_hours": null, "payment:american_express": "yes", "payment:cheque": "yes", "payment:discover_card": "yes", "payment:mastercard": "yes", "payment:visa": "yes", "brand:website": null, "short_name": null, "branch": null, "facebook": null, "check_date": null, "fixme": null, "operator:short": null }, "geometry": { "type": "Point", "coordinates": [ -147.807663, 64.8373102 ] } },
{ "type": "Feature", "properties": { "addr:street": "West 100th Avenue", "amenity": "pharmacy", "building": null, "healthcare": "pharmacy", "name": "CVS Pharmacy", "opening_hours": "Mo-Fr 09:00-21:00; Sa-Su 09:00-18:00", "lon": -149.879976, "lat": 61.1299096, "addr:city": null, "website": "https://www.cvs.com/store-locator/anchorage-ak-pharmacies/150-w-100th-ave-anchorage-ak-99515/storeid=17436", "addr:country": null, "addr:province": null, "building:levels": null, "healthcare:speciality": null, "historic": null, "owner": null, "source": null, "wikidata": null, "alt_name": null, "shop": null, "contact:phone": null, "contact:website": null, "postal_code": null, "healthcare:for": null, "description": null, "gnis:feature_id": null, "image": null, "note": null, "operator": null, "operator:type": null, "source:date": null, "source_ref": null, "brand": "CVS Pharmacy", "brand:wikidata": "Q2078880", "ele": null, "height": null, "name:tli": null, "dispensing": "yes", "operator:wikidata": null, "operator:wikipedia": null, "addr:unit": null, "amenity_1": null, "healthcare:counselling": null, "wikipedia": null, "office": null, "health_facility_type": null, "health_person:type": null, "old_name": null, "fax": null, "contact:facebook": null, "contact:instagram": null, "email": null, "start_date": null, "payment:cash": null, "payment:credit_cards": null, "payment:debit_cards": null, "landuse": null, "addr:housename": null, "wheelchair": null, "addr:full": null, "level": null, "urgent_care": null, "name:en": null, "health_facility": null, "drive_through": null, "payment:apple_pay": null, "contact:twitter": null, "not:brand:wikidata": null, "check_date:opening_hours": null, "payment:american_express": null, "payment:cheque": null, "payment:discover_card": null, "payment:mastercard": null, "payment:visa": null, "brand:website": "https://www.cvs.com/", "short_name": "CVS", "branch": null, "facebook": null, "check_date": null, "fixme": null, "operator:short": null }, "geometry": { "type": "Point", "coordinates": [ -149.879976, 61.1299096 ] } },
{ "type": "Feature", "properties": { "addr:street": null, "amenity": "hospital", "building": null, "healthcare": "hospital", "name": "Wrangell Medical Center", "opening_hours": null, "lon": -132.3726365, "lat": 56.4631625, "addr:city": null, "website": null, "addr:country": null, "addr:province": null, "building:levels": null, "healthcare:speciality": null, "historic": null, "owner": null, "source": null, "wikidata": null, "alt_name": null, "shop": null, "contact:phone": null, "contact:website": null, "postal_code": null, "healthcare:for": null, "description": null, "gnis:feature_id": null, "image": null, "note": null, "operator": "Southeast Alaska Regional Health Consortium SEARHC", "operator:type": "private", "source:date": null, "source_ref": null, "brand": null, "brand:wikidata": null, "ele": null, "height": null, "name:tli": null, "dispensing": null, "operator:wikidata": null, "operator:wikipedia": null, "addr:unit": null, "amenity_1": null, "healthcare:counselling": null, "wikipedia": null, "office": null, "health_facility_type": null, "health_person:type": null, "old_name": null, "fax": null, "contact:facebook": null, "contact:instagram": null, "email": null, "start_date": null, "payment:cash": null, "payment:credit_cards": null, "payment:debit_cards": null, "landuse": null, "addr:housename": null, "wheelchair": null, "addr:full": null, "level": null, "urgent_care": null, "name:en": null, "health_facility": null, "drive_through": null, "payment:apple_pay": null, "contact:twitter": null, "not:brand:wikidata": null, "check_date:opening_hours": null, "payment:american_express": null, "payment:cheque": null, "payment:discover_card": null, "payment:mastercard": null, "payment:visa": null, "brand:website": null, "short_name": null, "branch": null, "facebook": null, "check_date": null, "fixme": null, "operator:short": null }, "geometry": { "type": "Point", "coordinates": [ -132.3726365, 56.4631625 ] } },
{ "type": "Feature", "properties": { "addr:street": "East 36th Avenue", "amenity": "clinic", "building": null, "healthcare": "clinic", "name": "Vera Whole Health", "opening_hours": "Mo-Th 08:00-19:00; Fr 06:00-17:00", "lon": -149.8728543, "lat": 61.1878045, "addr:city": "Anchorage", "website": "https://patients.verawholehealth.com/clinic/Midtown-Anchorage", "addr:country": null, "addr:province": null, "building:levels": null, "healthcare:speciality": "general", "historic": null, "owner": null, "source": null, "wikidata": null, "alt_name": null, "shop": null, "contact:phone": null, "contact:website": null, "postal_code": null, "healthcare:for": null, "description": null, "gnis:feature_id": null, "image": null, "note": null, "operator": null, "operator:type": null, "source:date": null, "source_ref": null, "brand": null, "brand:wikidata": null, "ele": null, "height": null, "name:tli": null, "dispensing": null, "operator:wikidata": null, "operator:wikipedia": null, "addr:unit": null, "amenity_1": null, "healthcare:counselling": null, "wikipedia": null, "office": null, "health_facility_type": null, "health_person:type": null, "old_name": null, "fax": -6163.0, "contact:facebook": null, "contact:instagram": null, "email": "midtownanc@verawholehealth.com", "start_date": null, "payment:cash": "yes", "payment:credit_cards": "yes", "payment:debit_cards": "yes", "landuse": null, "addr:housename": null, "wheelchair": "yes", "addr:full": null, "level": null, "urgent_care": null, "name:en": null, "health_facility": null, "drive_through": null, "payment:apple_pay": null, "contact:twitter": null, "not:brand:wikidata": null, "check_date:opening_hours": null, "payment:american_express": null, "payment:cheque": null, "payment:discover_card": null, "payment:mastercard": null, "payment:visa": null, "brand:website": null, "short_name": null, "branch": "Midtown Anchorage", "facebook": null, "check_date": null, "fixme": null, "operator:short": null }, "geometry": { "type": "Point", "coordinates": [ -149.8728543, 61.1878045 ] } },
{ "type": "Feature", "properties": { "addr:street": null, "amenity": "clinic", "building": null, "healthcare": "clinic", "name": "Ninilchik Community Clinic", "opening_hours": null, "lon": -151.5293571, "lat": 59.6479122, "addr:city": null, "website": null, "addr:country": null, "addr:province": null, "building:levels": null, "healthcare:speciality": null, "historic": null, "owner": null, "source": null, "wikidata": null, "alt_name": null, "shop": null, "contact:phone": null, "contact:website": null, "postal_code": null, "healthcare:for": null, "description": null, "gnis:feature_id": null, "image": null, "note": null, "operator": null, "operator:type": null, "source:date": null, "source_ref": null, "brand": null, "brand:wikidata": null, "ele": null, "height": null, "name:tli": null, "dispensing": null, "operator:wikidata": null, "operator:wikipedia": null, "addr:unit": null, "amenity_1": null, "healthcare:counselling": null, "wikipedia": null, "office": null, "health_facility_type": null, "health_person:type": null, "old_name": null, "fax": null, "contact:facebook": null, "contact:instagram": null, "email": null, "start_date": null, "payment:cash": null, "payment:credit_cards": null, "payment:debit_cards": null, "landuse": null, "addr:housename": null, "wheelchair": null, "addr:full": null, "level": null, "urgent_care": null, "name:en": null, "health_facility": null, "drive_through": null, "payment:apple_pay": null, "contact:twitter": null, "not:brand:wikidata": null, "check_date:opening_hours": null, "payment:american_express": null, "payment:cheque": null, "payment:discover_card": null, "payment:mastercard": null, "payment:visa": null, "brand:website": null, "short_name": null, "branch": null, "facebook": null, "check_date": null, "fixme": null, "operator:short": null }, "geometry": { "type": "Point", "coordinates": [ -151.5293571, 59.6479122 ] } },
{ "type": "Feature", "properties": { "addr:street": null, "amenity": "clinic", "building": null, "healthcare": "clinic", "name": "South Peninsula Annex", "opening_hours": null, "lon": -151.5452868, "lat": 59.6453532, "addr:city": null, "website": null, "addr:country": null, "addr:province": null, "building:levels": null, "healthcare:speciality": null, "historic": null, "owner": null, "source": null, "wikidata": null, "alt_name": null, "shop": null, "contact:phone": null, "contact:website": null, "postal_code": null, "healthcare:for": null, "description": null, "gnis:feature_id": null, "image": null, "note": null, "operator": null, "operator:type": null, "source:date": null, "source_ref": null, "brand": null, "brand:wikidata": null, "ele": null, "height": null, "name:tli": null, "dispensing": null, "operator:wikidata": null, "operator:wikipedia": null, "addr:unit": null, "amenity_1": null, "healthcare:counselling": null, "wikipedia": null, "office": null, "health_facility_type": null, "health_person:type": null, "old_name": null, "fax": null, "contact:facebook": null, "contact:instagram": null, "email": null, "start_date": null, "payment:cash": null, "payment:credit_cards": null, "payment:debit_cards": null, "landuse": null, "addr:housename": null, "wheelchair": null, "addr:full": null, "level": 0.0, "urgent_care": null, "name:en": null, "health_facility": null, "drive_through": null, "payment:apple_pay": null, "contact:twitter": null, "not:brand:wikidata": null, "check_date:opening_hours": null, "payment:american_express": null, "payment:cheque": null, "payment:discover_card": null, "payment:mastercard": null, "payment:visa": null, "brand:website": null, "short_name": null, "branch": null, "facebook": null, "check_date": null, "fixme": null, "operator:short": null }, "geometry": { "type": "Point", "coordinates": [ -151.545286800000014, 59.6453532 ] } },
{ "type": "Feature", "properties": { "addr:street": null, "amenity": "doctors", "building": null, "healthcare": null, "name": "Health Care Center", "opening_hours": null, "lon": -155.4840351, "lat": 64.7364249, "addr:city": null, "website": null, "addr:country": null, "addr:province": null, "building:levels": null, "healthcare:speciality": null, "historic": null, "owner": null, "source": null, "wikidata": null, "alt_name": null, "shop": null, "contact:phone": null, "contact:website": null, "postal_code": null, "healthcare:for": null, "description": null, "gnis:feature_id": null, "image": null, "note": null, "operator": null, "operator:type": null, "source:date": null, "source_ref": null, "brand": null, "brand:wikidata": null, "ele": null, "height": null, "name:tli": null, "dispensing": null, "operator:wikidata": null, "operator:wikipedia": null, "addr:unit": null, "amenity_1": null, "healthcare:counselling": null, "wikipedia": null, "office": null, "health_facility_type": null, "health_person:type": null, "old_name": null, "fax": null, "contact:facebook": null, "contact:instagram": null, "email": null, "start_date": null, "payment:cash": null, "payment:credit_cards": null, "payment:debit_cards": null, "landuse": null, "addr:housename": null, "wheelchair": null, "addr:full": null, "level": null, "urgent_care": null, "name:en": null, "health_facility": null, "drive_through": null, "payment:apple_pay": null, "contact:twitter": null, "not:brand:wikidata": null, "check_date:opening_hours": null, "payment:american_express": null, "payment:cheque": null, "payment:discover_card": null, "payment:mastercard": null, "payment:visa": null, "brand:website": null, "short_name": null, "branch": null, "facebook": null, "check_date": null, "fixme": null, "operator:short": null }, "geometry": { "type": "Point", "coordinates": [ -155.4840351, 64.7364249 ] } },
{ "type": "Feature", "properties": { "addr:street": "Lindblad Avenue", "amenity": "clinic", "building": null, "healthcare": "clinic", "name": "Girdwood Health Clinic", "opening_hours": null, "lon": -149.134003, "lat": 60.9636035, "addr:city": "Girdwood", "website": null, "addr:country": null, "addr:province": null, "building:levels": null, "healthcare:speciality": null, "historic": null, "owner": null, "source": null, "wikidata": null, "alt_name": null, "shop": null, "contact:phone": null, "contact:website": null, "postal_code": null, "healthcare:for": null, "description": null, "gnis:feature_id": null, "image": null, "note": null, "operator": null, "operator:type": null, "source:date": null, "source_ref": null, "brand": null, "brand:wikidata": null, "ele": null, "height": null, "name:tli": null, "dispensing": null, "operator:wikidata": null, "operator:wikipedia": null, "addr:unit": null, "amenity_1": null, "healthcare:counselling": null, "wikipedia": null, "office": null, "health_facility_type": null, "health_person:type": null, "old_name": null, "fax": null, "contact:facebook": null, "contact:instagram": null, "email": null, "start_date": null, "payment:cash": null, "payment:credit_cards": null, "payment:debit_cards": null, "landuse": null, "addr:housename": null, "wheelchair": null, "addr:full": null, "level": null, "urgent_care": null, "name:en": null, "health_facility": null, "drive_through": null, "payment:apple_pay": null, "contact:twitter": null, "not:brand:wikidata": null, "check_date:opening_hours": null, "payment:american_express": null, "payment:cheque": null, "payment:discover_card": null, "payment:mastercard": null, "payment:visa": null, "brand:website": null, "short_name": null, "branch": null, "facebook": null, "check_date": null, "fixme": null, "operator:short": null }, "geometry": { "type": "Point", "coordinates": [ -149.134003, 60.9636035 ] } },
{ "type": "Feature", "properties": { "addr:street": "Piper Street", "amenity": "doctors", "building": null, "healthcare": "doctor", "name": "Alaska Urology", "opening_hours": "Mo-Th 08:00-17:00; Fr 08:00-13:00", "lon": -149.8212711, "lat": 61.1862652, "addr:city": "Anchorage", "website": "https://www.alaskaurology.com/", "addr:country": null, "addr:province": null, "building:levels": null, "healthcare:speciality": "urology", "historic": null, "owner": null, "source": null, "wikidata": null, "alt_name": null, "shop": null, "contact:phone": null, "contact:website": null, "postal_code": null, "healthcare:for": null, "description": "Monday-Thursday 8 AM–5 PM Friday 8 AM–1 PM", "gnis:feature_id": null, "image": null, "note": null, "operator": null, "operator:type": null, "source:date": null, "source_ref": null, "brand": null, "brand:wikidata": null, "ele": null, "height": null, "name:tli": null, "dispensing": null, "operator:wikidata": null, "operator:wikipedia": null, "addr:unit": "t300", "amenity_1": null, "healthcare:counselling": null, "wikipedia": null, "office": null, "health_facility_type": null, "health_person:type": null, "old_name": null, "fax": null, "contact:facebook": null, "contact:instagram": null, "email": null, "start_date": null, "payment:cash": null, "payment:credit_cards": null, "payment:debit_cards": null, "landuse": null, "addr:housename": null, "wheelchair": null, "addr:full": null, "level": null, "urgent_care": null, "name:en": null, "health_facility": null, "drive_through": null, "payment:apple_pay": null, "contact:twitter": null, "not:brand:wikidata": null, "check_date:opening_hours": null, "payment:american_express": null, "payment:cheque": null, "payment:discover_card": null, "payment:mastercard": null, "payment:visa": null, "brand:website": null, "short_name": null, "branch": null, "facebook": null, "check_date": null, "fixme": null, "operator:short": null }, "geometry": { "type": "Point", "coordinates": [ -149.8212711, 61.1862652 ] } },
{ "type": "Feature", "properties": { "addr:street": "Piper Street", "amenity": "doctors", "building": null, "healthcare": "doctor", "name": "Alaska Center for Dermatology", "opening_hours": "Mo-Th 08:00-17:00; Fr 08:00-16:00", "lon": -149.8211265, "lat": 61.1862041, "addr:city": "Anchorage", "website": "https://dermalaska.com/", "addr:country": null, "addr:province": null, "building:levels": null, "healthcare:speciality": "dermatology", "historic": null, "owner": null, "source": null, "wikidata": null, "alt_name": null, "shop": null, "contact:phone": null, "contact:website": null, "postal_code": null, "healthcare:for": null, "description": null, "gnis:feature_id": null, "image": null, "note": null, "operator": null, "operator:type": null, "source:date": null, "source_ref": null, "brand": null, "brand:wikidata": null, "ele": null, "height": null, "name:tli": null, "dispensing": null, "operator:wikidata": null, "operator:wikipedia": null, "addr:unit": "T4-020", "amenity_1": null, "healthcare:counselling": null, "wikipedia": null, "office": null, "health_facility_type": null, "health_person:type": null, "old_name": null, "fax": null, "contact:facebook": null, "contact:instagram": null, "email": null, "start_date": null, "payment:cash": null, "payment:credit_cards": null, "payment:debit_cards": null, "landuse": null, "addr:housename": null, "wheelchair": null, "addr:full": null, "level": null, "urgent_care": null, "name:en": null, "health_facility": null, "drive_through": null, "payment:apple_pay": null, "contact:twitter": null, "not:brand:wikidata": null, "check_date:opening_hours": null, "payment:american_express": null, "payment:cheque": null, "payment:discover_card": null, "payment:mastercard": null, "payment:visa": null, "brand:website": null, "short_name": null, "branch": null, "facebook": null, "check_date": null, "fixme": null, "operator:short": null }, "geometry": { "type": "Point", "coordinates": [ -149.8211265, 61.1862041 ] } },
{ "type": "Feature", "properties": { "addr:street": "Geist Road", "amenity": "doctors", "building": null, "healthcare": "doctor", "name": "McKinley Orthopedic, Sports Medicine & Spine", "opening_hours": "Mo-Sa 08:00-20:00", "lon": -147.8163869, "lat": 64.8486446, "addr:city": "Fairbanks", "website": null, "addr:country": null, "addr:province": null, "building:levels": null, "healthcare:speciality": "orthopaedics;sports_medicine", "historic": null, "owner": null, "source": null, "wikidata": null, "alt_name": null, "shop": null, "contact:phone": null, "contact:website": null, "postal_code": null, "healthcare:for": null, "description": null, "gnis:feature_id": null, "image": null, "note": null, "operator": null, "operator:type": null, "source:date": null, "source_ref": null, "brand": null, "brand:wikidata": null, "ele": null, "height": null, "name:tli": null, "dispensing": null, "operator:wikidata": null, "operator:wikipedia": null, "addr:unit": null, "amenity_1": null, "healthcare:counselling": null, "wikipedia": null, "office": null, "health_facility_type": null, "health_person:type": null, "old_name": null, "fax": null, "contact:facebook": null, "contact:instagram": null, "email": null, "start_date": null, "payment:cash": null, "payment:credit_cards": null, "payment:debit_cards": null, "landuse": null, "addr:housename": null, "wheelchair": null, "addr:full": null, "level": null, "urgent_care": null, "name:en": null, "health_facility": null, "drive_through": null, "payment:apple_pay": null, "contact:twitter": null, "not:brand:wikidata": null, "check_date:opening_hours": null, "payment:american_express": null, "payment:cheque": null, "payment:discover_card": null, "payment:mastercard": null, "payment:visa": null, "brand:website": null, "short_name": null, "branch": null, "facebook": null, "check_date": null, "fixme": null, "operator:short": null }, "geometry": { "type": "Point", "coordinates": [ -147.8163869, 64.8486446 ] } },
{ "type": "Feature", "properties": { "addr:street": "1st Avenue", "amenity": "clinic", "building": null, "healthcare": null, "name": "Chief Peter John Building", "opening_hours": null, "lon": -147.7086932, "lat": 64.8444537, "addr:city": null, "website": null, "addr:country": null, "addr:province": null, "building:levels": null, "healthcare:speciality": null, "historic": null, "owner": null, "source": null, "wikidata": null, "alt_name": null, "shop": null, "contact:phone": null, "contact:website": null, "postal_code": null, "healthcare:for": null, "description": null, "gnis:feature_id": null, "image": null, "note": null, "operator": "Tanana Chiefs Conference", "operator:type": null, "source:date": null, "source_ref": null, "brand": null, "brand:wikidata": null, "ele": null, "height": null, "name:tli": null, "dispensing": null, "operator:wikidata": null, "operator:wikipedia": null, "addr:unit": null, "amenity_1": null, "healthcare:counselling": null, "wikipedia": null, "office": null, "health_facility_type": null, "health_person:type": null, "old_name": null, "fax": null, "contact:facebook": null, "contact:instagram": null, "email": null, "start_date": null, "payment:cash": null, "payment:credit_cards": null, "payment:debit_cards": null, "landuse": null, "addr:housename": null, "wheelchair": null, "addr:full": null, "level": null, "urgent_care": null, "name:en": null, "health_facility": null, "drive_through": null, "payment:apple_pay": null, "contact:twitter": null, "not:brand:wikidata": null, "check_date:opening_hours": null, "payment:american_express": null, "payment:cheque": null, "payment:discover_card": null, "payment:mastercard": null, "payment:visa": null, "brand:website": null, "short_name": null, "branch": null, "facebook": null, "check_date": null, "fixme": null, "operator:short": null }, "geometry": { "type": "Point", "coordinates": [ -147.7086932, 64.8444537 ] } },
{ "type": "Feature", "properties": { "addr:street": null, "amenity": "clinic", "building": null, "healthcare": "clinic", "name": null, "opening_hours": null, "lon": -149.9124386, "lat": 61.1892525, "addr:city": null, "website": null, "addr:country": null, "addr:province": null, "building:levels": null, "healthcare:speciality": null, "historic": null, "owner": null, "source": null, "wikidata": null, "alt_name": null, "shop": null, "contact:phone": null, "contact:website": null, "postal_code": null, "healthcare:for": null, "description": null, "gnis:feature_id": null, "image": null, "note": null, "operator": null, "operator:type": null, "source:date": null, "source_ref": null, "brand": null, "brand:wikidata": null, "ele": null, "height": null, "name:tli": null, "dispensing": null, "operator:wikidata": null, "operator:wikipedia": null, "addr:unit": null, "amenity_1": null, "healthcare:counselling": null, "wikipedia": null, "office": null, "health_facility_type": null, "health_person:type": null, "old_name": null, "fax": null, "contact:facebook": null, "contact:instagram": null, "email": null, "start_date": null, "payment:cash": null, "payment:credit_cards": null, "payment:debit_cards": null, "landuse": null, "addr:housename": null, "wheelchair": null, "addr:full": null, "level": null, "urgent_care": null, "name:en": null, "health_facility": null, "drive_through": null, "payment:apple_pay": null, "contact:twitter": null, "not:brand:wikidata": null, "check_date:opening_hours": null, "payment:american_express": null, "payment:cheque": null, "payment:discover_card": null, "payment:mastercard": null, "payment:visa": null, "brand:website": null, "short_name": null, "branch": null, "facebook": null, "check_date": null, "fixme": null, "operator:short": null }, "geometry": { "type": "Point", "coordinates": [ -149.9124386, 61.1892525 ] } },
{ "type": "Feature", "properties": { "addr:street": null, "amenity": "clinic", "building": null, "healthcare": "clinic", "name": "Providence Urgent Care", "opening_hours": null, "lon": -149.906055, "lat": 61.1945636, "addr:city": null, "website": null, "addr:country": null, "addr:province": null, "building:levels": null, "healthcare:speciality": null, "historic": null, "owner": null, "source": null, "wikidata": null, "alt_name": null, "shop": null, "contact:phone": null, "contact:website": null, "postal_code": null, "healthcare:for": null, "description": null, "gnis:feature_id": null, "image": null, "note": null, "operator": null, "operator:type": null, "source:date": null, "source_ref": null, "brand": null, "brand:wikidata": null, "ele": null, "height": null, "name:tli": null, "dispensing": null, "operator:wikidata": null, "operator:wikipedia": null, "addr:unit": null, "amenity_1": null, "healthcare:counselling": null, "wikipedia": null, "office": null, "health_facility_type": null, "health_person:type": null, "old_name": null, "fax": null, "contact:facebook": null, "contact:instagram": null, "email": null, "start_date": null, "payment:cash": null, "payment:credit_cards": null, "payment:debit_cards": null, "landuse": null, "addr:housename": null, "wheelchair": null, "addr:full": null, "level": null, "urgent_care": null, "name:en": null, "health_facility": null, "drive_through": null, "payment:apple_pay": null, "contact:twitter": null, "not:brand:wikidata": null, "check_date:opening_hours": null, "payment:american_express": null, "payment:cheque": null, "payment:discover_card": null, "payment:mastercard": null, "payment:visa": null, "brand:website": null, "short_name": null, "branch": null, "facebook": null, "check_date": null, "fixme": null, "operator:short": null }, "geometry": { "type": "Point", "coordinates": [ -149.906055, 61.1945636 ] } },
{ "type": "Feature", "properties": { "addr:street": null, "amenity": "clinic", "building": null, "healthcare": "clinic", "name": "U.S. Department of Veterans Affairs, Domiciliary Care Program", "opening_hours": null, "lon": -149.8856976, "lat": 61.1934524, "addr:city": null, "website": null, "addr:country": null, "addr:province": null, "building:levels": null, "healthcare:speciality": null, "historic": null, "owner": null, "source": null, "wikidata": null, "alt_name": null, "shop": null, "contact:phone": null, "contact:website": null, "postal_code": null, "healthcare:for": "veterans", "description": null, "gnis:feature_id": null, "image": null, "note": null, "operator": "VA", "operator:type": null, "source:date": null, "source_ref": null, "brand": null, "brand:wikidata": null, "ele": null, "height": null, "name:tli": null, "dispensing": null, "operator:wikidata": "Q6580225", "operator:wikipedia": null, "addr:unit": null, "amenity_1": null, "healthcare:counselling": null, "wikipedia": null, "office": null, "health_facility_type": null, "health_person:type": null, "old_name": null, "fax": null, "contact:facebook": null, "contact:instagram": null, "email": null, "start_date": null, "payment:cash": null, "payment:credit_cards": null, "payment:debit_cards": null, "landuse": null, "addr:housename": null, "wheelchair": null, "addr:full": null, "level": null, "urgent_care": null, "name:en": null, "health_facility": null, "drive_through": null, "payment:apple_pay": null, "contact:twitter": null, "not:brand:wikidata": null, "check_date:opening_hours": null, "payment:american_express": null, "payment:cheque": null, "payment:discover_card": null, "payment:mastercard": null, "payment:visa": null, "brand:website": null, "short_name": "VA", "branch": null, "facebook": null, "check_date": null, "fixme": null, "operator:short": null }, "geometry": { "type": "Point", "coordinates": [ -149.885697599999986, 61.1934524 ] } },
{ "type": "Feature", "properties": { "addr:street": "E. Northern Lights Blvd", "amenity": "doctors", "building": null, "healthcare": "doctor", "name": "Medical Park Family Care", "opening_hours": "Mo-Fr 07:30-18:00; Sa 09:00-14:00", "lon": -149.8404206, "lat": 61.1957942, "addr:city": null, "website": "https://mpfcak.com/", "addr:country": null, "addr:province": null, "building:levels": null, "healthcare:speciality": null, "historic": null, "owner": null, "source": null, "wikidata": null, "alt_name": null, "shop": null, "contact:phone": null, "contact:website": null, "postal_code": null, "healthcare:for": null, "description": null, "gnis:feature_id": null, "image": null, "note": null, "operator": null, "operator:type": null, "source:date": null, "source_ref": null, "brand": null, "brand:wikidata": null, "ele": null, "height": null, "name:tli": null, "dispensing": null, "operator:wikidata": null, "operator:wikipedia": null, "addr:unit": null, "amenity_1": null, "healthcare:counselling": null, "wikipedia": null, "office": null, "health_facility_type": null, "health_person:type": null, "old_name": null, "fax": null, "contact:facebook": null, "contact:instagram": null, "email": null, "start_date": null, "payment:cash": null, "payment:credit_cards": null, "payment:debit_cards": null, "landuse": null, "addr:housename": null, "wheelchair": "yes", "addr:full": null, "level": null, "urgent_care": null, "name:en": null, "health_facility": null, "drive_through": null, "payment:apple_pay": null, "contact:twitter": null, "not:brand:wikidata": null, "check_date:opening_hours": null, "payment:american_express": null, "payment:cheque": null, "payment:discover_card": null, "payment:mastercard": null, "payment:visa": null, "brand:website": null, "short_name": null, "branch": null, "facebook": null, "check_date": null, "fixme": null, "operator:short": null }, "geometry": { "type": "Point", "coordinates": [ -149.840420599999987, 61.1957942 ] } },
{ "type": "Feature", "properties": { "addr:street": null, "amenity": "doctors", "building": null, "healthcare": "doctor", "name": "Anchorage Neighborhood Health Center", "opening_hours": null, "lon": -149.8875524, "lat": 61.1758911, "addr:city": null, "website": null, "addr:country": null, "addr:province": null, "building:levels": null, "healthcare:speciality": null, "historic": null, "owner": null, "source": null, "wikidata": null, "alt_name": null, "shop": null, "contact:phone": null, "contact:website": null, "postal_code": null, "healthcare:for": null, "description": null, "gnis:feature_id": null, "image": null, "note": null, "operator": null, "operator:type": null, "source:date": null, "source_ref": null, "brand": null, "brand:wikidata": null, "ele": null, "height": null, "name:tli": null, "dispensing": null, "operator:wikidata": null, "operator:wikipedia": null, "addr:unit": null, "amenity_1": null, "healthcare:counselling": null, "wikipedia": null, "office": null, "health_facility_type": null, "health_person:type": null, "old_name": null, "fax": null, "contact:facebook": null, "contact:instagram": null, "email": null, "start_date": null, "payment:cash": null, "payment:credit_cards": null, "payment:debit_cards": null, "landuse": null, "addr:housename": null, "wheelchair": null, "addr:full": null, "level": null, "urgent_care": null, "name:en": null, "health_facility": null, "drive_through": null, "payment:apple_pay": null, "contact:twitter": null, "not:brand:wikidata": null, "check_date:opening_hours": null, "payment:american_express": null, "payment:cheque": null, "payment:discover_card": null, "payment:mastercard": null, "payment:visa": null, "brand:website": null, "short_name": null, "branch": null, "facebook": null, "check_date": null, "fixme": null, "operator:short": null }, "geometry": { "type": "Point", "coordinates": [ -149.8875524, 61.1758911 ] } },
{ "type": "Feature", "properties": { "addr:street": null, "amenity": "doctors", "building": null, "healthcare": "doctor", "name": "Lemon Tree Family Medicine", "opening_hours": null, "lon": -149.8913396, "lat": 61.1451456, "addr:city": null, "website": null, "addr:country": null, "addr:province": null, "building:levels": null, "healthcare:speciality": null, "historic": null, "owner": null, "source": null, "wikidata": null, "alt_name": null, "shop": null, "contact:phone": null, "contact:website": null, "postal_code": null, "healthcare:for": null, "description": null, "gnis:feature_id": null, "image": null, "note": null, "operator": null, "operator:type": null, "source:date": null, "source_ref": null, "brand": null, "brand:wikidata": null, "ele": null, "height": null, "name:tli": null, "dispensing": null, "operator:wikidata": null, "operator:wikipedia": null, "addr:unit": null, "amenity_1": null, "healthcare:counselling": null, "wikipedia": null, "office": null, "health_facility_type": null, "health_person:type": null, "old_name": null, "fax": null, "contact:facebook": null, "contact:instagram": null, "email": null, "start_date": null, "payment:cash": null, "payment:credit_cards": null, "payment:debit_cards": null, "landuse": null, "addr:housename": null, "wheelchair": null, "addr:full": null, "level": null, "urgent_care": null, "name:en": null, "health_facility": null, "drive_through": null, "payment:apple_pay": null, "contact:twitter": null, "not:brand:wikidata": null, "check_date:opening_hours": null, "payment:american_express": null, "payment:cheque": null, "payment:discover_card": null, "payment:mastercard": null, "payment:visa": null, "brand:website": null, "short_name": null, "branch": null, "facebook": null, "check_date": null, "fixme": null, "operator:short": null }, "geometry": { "type": "Point", "coordinates": [ -149.8913396, 61.1451456 ] } },
{ "type": "Feature", "properties": { "addr:street": null, "amenity": "pharmacy", "building": null, "healthcare": "pharmacy", "name": "Carrs Aurora Village", "opening_hours": null, "lon": -149.9161769, "lat": 61.1941968, "addr:city": null, "website": "https://local.pharmacy.carrsqc.com/ak/anchorage/1650-w-northern-lights-blvd.html", "addr:country": null, "addr:province": null, "building:levels": null, "healthcare:speciality": null, "historic": null, "owner": null, "source": null, "wikidata": null, "alt_name": null, "shop": null, "contact:phone": null, "contact:website": null, "postal_code": null, "healthcare:for": null, "description": null, "gnis:feature_id": null, "image": null, "note": null, "operator": null, "operator:type": null, "source:date": null, "source_ref": null, "brand": "Carrs", "brand:wikidata": "Q5046735", "ele": null, "height": null, "name:tli": null, "dispensing": null, "operator:wikidata": null, "operator:wikipedia": null, "addr:unit": null, "amenity_1": null, "healthcare:counselling": null, "wikipedia": null, "office": null, "health_facility_type": null, "health_person:type": null, "old_name": null, "fax": null, "contact:facebook": null, "contact:instagram": null, "email": null, "start_date": null, "payment:cash": null, "payment:credit_cards": null, "payment:debit_cards": null, "landuse": null, "addr:housename": null, "wheelchair": null, "addr:full": null, "level": null, "urgent_care": null, "name:en": null, "health_facility": null, "drive_through": null, "payment:apple_pay": null, "contact:twitter": null, "not:brand:wikidata": null, "check_date:opening_hours": null, "payment:american_express": null, "payment:cheque": null, "payment:discover_card": null, "payment:mastercard": null, "payment:visa": null, "brand:website": null, "short_name": null, "branch": null, "facebook": null, "check_date": null, "fixme": null, "operator:short": null }, "geometry": { "type": "Point", "coordinates": [ -149.916176900000011, 61.1941968 ] } },
{ "type": "Feature", "properties": { "addr:street": null, "amenity": "clinic", "building": null, "healthcare": "clinic", "name": "Alaska Urgent Care & Sports Medicine", "opening_hours": null, "lon": -149.8584184, "lat": 61.1440729, "addr:city": null, "website": null, "addr:country": null, "addr:province": null, "building:levels": null, "healthcare:speciality": null, "historic": null, "owner": null, "source": null, "wikidata": null, "alt_name": null, "shop": null, "contact:phone": null, "contact:website": null, "postal_code": null, "healthcare:for": null, "description": null, "gnis:feature_id": null, "image": null, "note": null, "operator": null, "operator:type": null, "source:date": null, "source_ref": null, "brand": null, "brand:wikidata": null, "ele": null, "height": null, "name:tli": null, "dispensing": null, "operator:wikidata": null, "operator:wikipedia": null, "addr:unit": null, "amenity_1": null, "healthcare:counselling": null, "wikipedia": null, "office": null, "health_facility_type": null, "health_person:type": null, "old_name": null, "fax": null, "contact:facebook": null, "contact:instagram": null, "email": null, "start_date": null, "payment:cash": null, "payment:credit_cards": null, "payment:debit_cards": null, "landuse": null, "addr:housename": null, "wheelchair": null, "addr:full": null, "level": null, "urgent_care": null, "name:en": null, "health_facility": null, "drive_through": null, "payment:apple_pay": null, "contact:twitter": null, "not:brand:wikidata": null, "check_date:opening_hours": null, "payment:american_express": null, "payment:cheque": null, "payment:discover_card": null, "payment:mastercard": null, "payment:visa": null, "brand:website": null, "short_name": null, "branch": null, "facebook": null, "check_date": null, "fixme": null, "operator:short": null }, "geometry": { "type": "Point", "coordinates": [ -149.8584184, 61.1440729 ] } },
{ "type": "Feature", "properties": { "addr:street": null, "amenity": "pharmacy", "building": null, "healthcare": "pharmacy", "name": "Fred Meyer Pharmacy", "opening_hours": null, "lon": -149.7358546, "lat": 61.2117499, "addr:city": null, "website": null, "addr:country": null, "addr:province": null, "building:levels": null, "healthcare:speciality": null, "historic": null, "owner": null, "source": null, "wikidata": null, "alt_name": null, "shop": null, "contact:phone": null, "contact:website": null, "postal_code": null, "healthcare:for": null, "description": null, "gnis:feature_id": null, "image": null, "note": null, "operator": null, "operator:type": null, "source:date": null, "source_ref": null, "brand": "Fred Meyer", "brand:wikidata": "Q5495932", "ele": null, "height": null, "name:tli": null, "dispensing": null, "operator:wikidata": null, "operator:wikipedia": null, "addr:unit": null, "amenity_1": null, "healthcare:counselling": null, "wikipedia": null, "office": null, "health_facility_type": null, "health_person:type": null, "old_name": null, "fax": null, "contact:facebook": null, "contact:instagram": null, "email": null, "start_date": null, "payment:cash": null, "payment:credit_cards": null, "payment:debit_cards": null, "landuse": null, "addr:housename": null, "wheelchair": null, "addr:full": null, "level": null, "urgent_care": null, "name:en": null, "health_facility": null, "drive_through": null, "payment:apple_pay": null, "contact:twitter": null, "not:brand:wikidata": null, "check_date:opening_hours": null, "payment:american_express": null, "payment:cheque": null, "payment:discover_card": null, "payment:mastercard": null, "payment:visa": null, "brand:website": null, "short_name": null, "branch": null, "facebook": null, "check_date": null, "fixme": null, "operator:short": null }, "geometry": { "type": "Point", "coordinates": [ -149.73585460000001, 61.2117499 ] } },
{ "type": "Feature", "properties": { "addr:street": null, "amenity": "pharmacy", "building": null, "healthcare": "pharmacy", "name": "Fred Meyer Pharmacy", "opening_hours": null, "lon": -149.8642474, "lat": 61.1946074, "addr:city": null, "website": null, "addr:country": null, "addr:province": null, "building:levels": null, "healthcare:speciality": null, "historic": null, "owner": null, "source": null, "wikidata": null, "alt_name": null, "shop": null, "contact:phone": null, "contact:website": null, "postal_code": null, "healthcare:for": null, "description": null, "gnis:feature_id": null, "image": null, "note": null, "operator": null, "operator:type": null, "source:date": null, "source_ref": null, "brand": "Fred Meyer", "brand:wikidata": "Q5495932", "ele": null, "height": null, "name:tli": null, "dispensing": null, "operator:wikidata": null, "operator:wikipedia": null, "addr:unit": null, "amenity_1": null, "healthcare:counselling": null, "wikipedia": null, "office": null, "health_facility_type": null, "health_person:type": null, "old_name": null, "fax": null, "contact:facebook": null, "contact:instagram": null, "email": null, "start_date": null, "payment:cash": null, "payment:credit_cards": null, "payment:debit_cards": null, "landuse": null, "addr:housename": null, "wheelchair": null, "addr:full": null, "level": null, "urgent_care": null, "name:en": null, "health_facility": null, "drive_through": null, "payment:apple_pay": null, "contact:twitter": null, "not:brand:wikidata": null, "check_date:opening_hours": null, "payment:american_express": null, "payment:cheque": null, "payment:discover_card": null, "payment:mastercard": null, "payment:visa": null, "brand:website": null, "short_name": null, "branch": null, "facebook": null, "check_date": null, "fixme": null, "operator:short": null }, "geometry": { "type": "Point", "coordinates": [ -149.864247400000011, 61.1946074 ] } },
{ "type": "Feature", "properties": { "addr:street": null, "amenity": "clinic", "building": null, "healthcare": "clinic", "name": "PM Pediatric Urgent Care", "opening_hours": null, "lon": -149.8689087, "lat": 61.1886486, "addr:city": null, "website": null, "addr:country": null, "addr:province": null, "building:levels": null, "healthcare:speciality": null, "historic": null, "owner": null, "source": null, "wikidata": null, "alt_name": null, "shop": null, "contact:phone": null, "contact:website": null, "postal_code": null, "healthcare:for": null, "description": null, "gnis:feature_id": null, "image": null, "note": null, "operator": null, "operator:type": null, "source:date": null, "source_ref": null, "brand": null, "brand:wikidata": null, "ele": null, "height": null, "name:tli": null, "dispensing": null, "operator:wikidata": null, "operator:wikipedia": null, "addr:unit": null, "amenity_1": null, "healthcare:counselling": null, "wikipedia": null, "office": null, "health_facility_type": null, "health_person:type": null, "old_name": null, "fax": null, "contact:facebook": null, "contact:instagram": null, "email": null, "start_date": null, "payment:cash": null, "payment:credit_cards": null, "payment:debit_cards": null, "landuse": null, "addr:housename": null, "wheelchair": null, "addr:full": null, "level": null, "urgent_care": null, "name:en": null, "health_facility": null, "drive_through": null, "payment:apple_pay": null, "contact:twitter": null, "not:brand:wikidata": null, "check_date:opening_hours": null, "payment:american_express": null, "payment:cheque": null, "payment:discover_card": null, "payment:mastercard": null, "payment:visa": null, "brand:website": null, "short_name": null, "branch": null, "facebook": null, "check_date": null, "fixme": null, "operator:short": null }, "geometry": { "type": "Point", "coordinates": [ -149.8689087, 61.1886486 ] } },
{ "type": "Feature", "properties": { "addr:street": "Lake Otis Parkway", "amenity": "pharmacy", "building": null, "healthcare": "pharmacy", "name": "Walgreens", "opening_hours": "Mo-Fr 07:00-22:00, Sa-Su 08:00-22:00", "lon": -149.836877, "lat": 61.181517, "addr:city": "Anchorage", "website": "https://www.walgreens.com/locator/walgreens-4353+lake+otis+pkwy-anchorage-ak-99508/id=15653", "addr:country": null, "addr:province": null, "building:levels": null, "healthcare:speciality": null, "historic": null, "owner": null, "source": null, "wikidata": null, "alt_name": null, "shop": null, "contact:phone": null, "contact:website": null, "postal_code": null, "healthcare:for": null, "description": null, "gnis:feature_id": null, "image": null, "note": "Pharmacy Services Mon - Fri 9am – 5pm* Sat - Sun Closed* Drive-thru service available *Pharmacy closed 1:30 - 2pm for meal break", "operator": null, "operator:type": null, "source:date": null, "source_ref": null, "brand": "Walgreens", "brand:wikidata": "Q1591889", "ele": null, "height": null, "name:tli": null, "dispensing": "yes", "operator:wikidata": null, "operator:wikipedia": null, "addr:unit": null, "amenity_1": null, "healthcare:counselling": null, "wikipedia": null, "office": null, "health_facility_type": null, "health_person:type": null, "old_name": null, "fax": null, "contact:facebook": null, "contact:instagram": null, "email": null, "start_date": null, "payment:cash": null, "payment:credit_cards": null, "payment:debit_cards": null, "landuse": null, "addr:housename": null, "wheelchair": null, "addr:full": null, "level": null, "urgent_care": null, "name:en": null, "health_facility": null, "drive_through": "yes", "payment:apple_pay": null, "contact:twitter": null, "not:brand:wikidata": null, "check_date:opening_hours": null, "payment:american_express": null, "payment:cheque": null, "payment:discover_card": null, "payment:mastercard": null, "payment:visa": null, "brand:website": null, "short_name": null, "branch": "Store #15653", "facebook": null, "check_date": null, "fixme": null, "operator:short": null }, "geometry": { "type": "Point", "coordinates": [ -149.836877, 61.181517 ] } },
{ "type": "Feature", "properties": { "addr:street": null, "amenity": "pharmacy", "building": null, "healthcare": "pharmacy", "name": "Carr's Pharmacy", "opening_hours": null, "lon": -149.7359128, "lat": 61.1964458, "addr:city": null, "website": "https://local.pharmacy.carrsqc.com/ak/anchorage/7731-e-northern-lights-blvd.html", "addr:country": null, "addr:province": null, "building:levels": null, "healthcare:speciality": null, "historic": null, "owner": null, "source": null, "wikidata": null, "alt_name": null, "shop": null, "contact:phone": null, "contact:website": null, "postal_code": null, "healthcare:for": null, "description": null, "gnis:feature_id": null, "image": null, "note": null, "operator": null, "operator:type": null, "source:date": null, "source_ref": null, "brand": "Carrs", "brand:wikidata": "Q5046735", "ele": null, "height": null, "name:tli": null, "dispensing": null, "operator:wikidata": null, "operator:wikipedia": null, "addr:unit": null, "amenity_1": null, "healthcare:counselling": null, "wikipedia": null, "office": null, "health_facility_type": null, "health_person:type": null, "old_name": null, "fax": null, "contact:facebook": null, "contact:instagram": null, "email": null, "start_date": null, "payment:cash": null, "payment:credit_cards": null, "payment:debit_cards": null, "landuse": null, "addr:housename": null, "wheelchair": null, "addr:full": null, "level": null, "urgent_care": null, "name:en": null, "health_facility": null, "drive_through": null, "payment:apple_pay": null, "contact:twitter": null, "not:brand:wikidata": null, "check_date:opening_hours": null, "payment:american_express": null, "payment:cheque": null, "payment:discover_card": null, "payment:mastercard": null, "payment:visa": null, "brand:website": null, "short_name": null, "branch": null, "facebook": null, "check_date": null, "fixme": null, "operator:short": null }, "geometry": { "type": "Point", "coordinates": [ -149.7359128, 61.1964458 ] } },
{ "type": "Feature", "properties": { "addr:street": null, "amenity": "clinic", "building": null, "healthcare": "clinic", "name": "Alaska Cares, Prividence Multidisciplinary Center", "opening_hours": null, "lon": -149.8822748, "lat": 61.1762572, "addr:city": null, "website": null, "addr:country": null, "addr:province": null, "building:levels": null, "healthcare:speciality": null, "historic": null, "owner": null, "source": null, "wikidata": null, "alt_name": null, "shop": null, "contact:phone": null, "contact:website": null, "postal_code": null, "healthcare:for": null, "description": null, "gnis:feature_id": null, "image": null, "note": null, "operator": "Providence", "operator:type": "private", "source:date": null, "source_ref": null, "brand": null, "brand:wikidata": null, "ele": null, "height": null, "name:tli": null, "dispensing": null, "operator:wikidata": null, "operator:wikipedia": null, "addr:unit": null, "amenity_1": null, "healthcare:counselling": null, "wikipedia": null, "office": null, "health_facility_type": null, "health_person:type": null, "old_name": null, "fax": null, "contact:facebook": null, "contact:instagram": null, "email": null, "start_date": null, "payment:cash": null, "payment:credit_cards": null, "payment:debit_cards": null, "landuse": null, "addr:housename": null, "wheelchair": null, "addr:full": null, "level": null, "urgent_care": null, "name:en": null, "health_facility": null, "drive_through": null, "payment:apple_pay": null, "contact:twitter": null, "not:brand:wikidata": null, "check_date:opening_hours": null, "payment:american_express": null, "payment:cheque": null, "payment:discover_card": null, "payment:mastercard": null, "payment:visa": null, "brand:website": null, "short_name": null, "branch": null, "facebook": null, "check_date": null, "fixme": null, "operator:short": null }, "geometry": { "type": "Point", "coordinates": [ -149.8822748, 61.1762572 ] } },
{ "type": "Feature", "properties": { "addr:street": null, "amenity": "pharmacy", "building": null, "healthcare": "pharmacy", "name": "Geneva Woods", "opening_hours": null, "lon": -149.892531, "lat": 61.1743089, "addr:city": null, "website": null, "addr:country": null, "addr:province": null, "building:levels": null, "healthcare:speciality": null, "historic": null, "owner": null, "source": null, "wikidata": null, "alt_name": null, "shop": null, "contact:phone": null, "contact:website": null, "postal_code": null, "healthcare:for": null, "description": null, "gnis:feature_id": null, "image": null, "note": null, "operator": null, "operator:type": null, "source:date": null, "source_ref": null, "brand": null, "brand:wikidata": null, "ele": null, "height": null, "name:tli": null, "dispensing": null, "operator:wikidata": null, "operator:wikipedia": null, "addr:unit": null, "amenity_1": null, "healthcare:counselling": null, "wikipedia": null, "office": null, "health_facility_type": null, "health_person:type": null, "old_name": null, "fax": null, "contact:facebook": null, "contact:instagram": null, "email": null, "start_date": null, "payment:cash": null, "payment:credit_cards": null, "payment:debit_cards": null, "landuse": null, "addr:housename": null, "wheelchair": null, "addr:full": null, "level": null, "urgent_care": null, "name:en": null, "health_facility": null, "drive_through": null, "payment:apple_pay": null, "contact:twitter": null, "not:brand:wikidata": null, "check_date:opening_hours": null, "payment:american_express": null, "payment:cheque": null, "payment:discover_card": null, "payment:mastercard": null, "payment:visa": null, "brand:website": null, "short_name": null, "branch": null, "facebook": null, "check_date": null, "fixme": null, "operator:short": null }, "geometry": { "type": "Point", "coordinates": [ -149.892531, 61.1743089 ] } },
{ "type": "Feature", "properties": { "addr:street": "Central Avenue", "amenity": "clinic", "building": null, "healthcare": "clinic", "name": "354th Medical Group", "opening_hours": null, "lon": -147.0926245, "lat": 64.6784067, "addr:city": "Eielson AFB", "website": "https://eielson.tricare.mil", "addr:country": null, "addr:province": null, "building:levels": null, "healthcare:speciality": null, "historic": null, "owner": null, "source": null, "wikidata": null, "alt_name": null, "shop": null, "contact:phone": null, "contact:website": null, "postal_code": null, "healthcare:for": null, "description": null, "gnis:feature_id": null, "image": null, "note": null, "operator": null, "operator:type": null, "source:date": null, "source_ref": null, "brand": null, "brand:wikidata": null, "ele": null, "height": null, "name:tli": null, "dispensing": null, "operator:wikidata": null, "operator:wikipedia": null, "addr:unit": null, "amenity_1": null, "healthcare:counselling": null, "wikipedia": null, "office": null, "health_facility_type": null, "health_person:type": null, "old_name": null, "fax": null, "contact:facebook": null, "contact:instagram": null, "email": null, "start_date": null, "payment:cash": null, "payment:credit_cards": null, "payment:debit_cards": null, "landuse": null, "addr:housename": null, "wheelchair": null, "addr:full": null, "level": null, "urgent_care": null, "name:en": null, "health_facility": null, "drive_through": null, "payment:apple_pay": null, "contact:twitter": null, "not:brand:wikidata": null, "check_date:opening_hours": null, "payment:american_express": null, "payment:cheque": null, "payment:discover_card": null, "payment:mastercard": null, "payment:visa": null, "brand:website": null, "short_name": null, "branch": null, "facebook": null, "check_date": null, "fixme": null, "operator:short": null }, "geometry": { "type": "Point", "coordinates": [ -147.0926245, 64.6784067 ] } },
{ "type": "Feature", "properties": { "addr:street": "Glenn Highway", "amenity": "clinic", "building": null, "healthcare": "clinic", "name": "Cross Road Medical Center", "opening_hours": null, "lon": -145.540928, "lat": 62.108932, "addr:city": "Glennallen", "website": "https://www.crossroadmc.org", "addr:country": null, "addr:province": null, "building:levels": null, "healthcare:speciality": null, "historic": null, "owner": null, "source": null, "wikidata": null, "alt_name": null, "shop": null, "contact:phone": null, "contact:website": null, "postal_code": null, "healthcare:for": null, "description": null, "gnis:feature_id": null, "image": null, "note": null, "operator": null, "operator:type": null, "source:date": null, "source_ref": null, "brand": null, "brand:wikidata": null, "ele": null, "height": null, "name:tli": null, "dispensing": null, "operator:wikidata": null, "operator:wikipedia": null, "addr:unit": null, "amenity_1": null, "healthcare:counselling": null, "wikipedia": null, "office": null, "health_facility_type": null, "health_person:type": null, "old_name": null, "fax": null, "contact:facebook": null, "contact:instagram": null, "email": null, "start_date": null, "payment:cash": null, "payment:credit_cards": null, "payment:debit_cards": null, "landuse": null, "addr:housename": null, "wheelchair": null, "addr:full": null, "level": null, "urgent_care": null, "name:en": null, "health_facility": null, "drive_through": null, "payment:apple_pay": null, "contact:twitter": null, "not:brand:wikidata": null, "check_date:opening_hours": null, "payment:american_express": null, "payment:cheque": null, "payment:discover_card": null, "payment:mastercard": null, "payment:visa": null, "brand:website": null, "short_name": null, "branch": null, "facebook": null, "check_date": null, "fixme": null, "operator:short": null }, "geometry": { "type": "Point", "coordinates": [ -145.540928, 62.108932 ] } },
{ "type": "Feature", "properties": { "addr:street": "East 5th Street", "amenity": "clinic", "building": null, "healthcare": "clinic", "name": "Fort Greely Army Medical Home", "opening_hours": null, "lon": -145.7134337, "lat": 63.9716633, "addr:city": "Fort Greely", "website": "https://bassett-wainwright.tricare.mil/Clinics/Fort-Greely-AMH", "addr:country": null, "addr:province": null, "building:levels": null, "healthcare:speciality": null, "historic": null, "owner": null, "source": null, "wikidata": null, "alt_name": null, "shop": null, "contact:phone": null, "contact:website": null, "postal_code": null, "healthcare:for": null, "description": null, "gnis:feature_id": null, "image": null, "note": null, "operator": null, "operator:type": null, "source:date": null, "source_ref": null, "brand": null, "brand:wikidata": null, "ele": null, "height": null, "name:tli": null, "dispensing": null, "operator:wikidata": null, "operator:wikipedia": null, "addr:unit": null, "amenity_1": null, "healthcare:counselling": null, "wikipedia": null, "office": null, "health_facility_type": null, "health_person:type": null, "old_name": null, "fax": null, "contact:facebook": null, "contact:instagram": null, "email": null, "start_date": null, "payment:cash": null, "payment:credit_cards": null, "payment:debit_cards": null, "landuse": null, "addr:housename": null, "wheelchair": null, "addr:full": null, "level": null, "urgent_care": null, "name:en": null, "health_facility": null, "drive_through": null, "payment:apple_pay": null, "contact:twitter": null, "not:brand:wikidata": null, "check_date:opening_hours": null, "payment:american_express": null, "payment:cheque": null, "payment:discover_card": null, "payment:mastercard": null, "payment:visa": null, "brand:website": null, "short_name": null, "branch": null, "facebook": null, "check_date": null, "fixme": null, "operator:short": null }, "geometry": { "type": "Point", "coordinates": [ -145.7134337, 63.9716633 ] } },
{ "type": "Feature", "properties": { "addr:street": "Mechanic Road", "amenity": "clinic", "building": null, "healthcare": "clinic", "name": "Adak Medical Center - EAT", "opening_hours": null, "lon": -176.640263, "lat": 51.868005, "addr:city": "Adak", "website": "https://www.eatribes.org", "addr:country": null, "addr:province": null, "building:levels": null, "healthcare:speciality": null, "historic": null, "owner": null, "source": null, "wikidata": null, "alt_name": null, "shop": null, "contact:phone": null, "contact:website": null, "postal_code": null, "healthcare:for": null, "description": null, "gnis:feature_id": null, "image": null, "note": null, "operator": null, "operator:type": null, "source:date": null, "source_ref": null, "brand": null, "brand:wikidata": null, "ele": null, "height": null, "name:tli": null, "dispensing": null, "operator:wikidata": null, "operator:wikipedia": null, "addr:unit": null, "amenity_1": null, "healthcare:counselling": null, "wikipedia": null, "office": null, "health_facility_type": null, "health_person:type": null, "old_name": null, "fax": null, "contact:facebook": null, "contact:instagram": null, "email": null, "start_date": null, "payment:cash": null, "payment:credit_cards": null, "payment:debit_cards": null, "landuse": null, "addr:housename": null, "wheelchair": null, "addr:full": null, "level": null, "urgent_care": null, "name:en": null, "health_facility": null, "drive_through": null, "payment:apple_pay": null, "contact:twitter": null, "not:brand:wikidata": null, "check_date:opening_hours": null, "payment:american_express": null, "payment:cheque": null, "payment:discover_card": null, "payment:mastercard": null, "payment:visa": null, "brand:website": null, "short_name": null, "branch": null, "facebook": null, "check_date": null, "fixme": null, "operator:short": null }, "geometry": { "type": "Point", "coordinates": [ -176.640263, 51.868005 ] } },
{ "type": "Feature", "properties": { "addr:street": "Neely Road", "amenity": "hospital", "building": null, "healthcare": "hospital", "name": "Bassett Army Community Hospital", "opening_hours": null, "lon": -147.6622292, "lat": 64.8297002, "addr:city": "Fort Wainwright", "website": "https://bassett-wainwright.tricare.mil", "addr:country": null, "addr:province": null, "building:levels": null, "healthcare:speciality": null, "historic": null, "owner": null, "source": null, "wikidata": null, "alt_name": null, "shop": null, "contact:phone": null, "contact:website": null, "postal_code": null, "healthcare:for": null, "description": null, "gnis:feature_id": null, "image": null, "note": null, "operator": null, "operator:type": null, "source:date": null, "source_ref": null, "brand": null, "brand:wikidata": null, "ele": null, "height": null, "name:tli": null, "dispensing": null, "operator:wikidata": null, "operator:wikipedia": null, "addr:unit": null, "amenity_1": null, "healthcare:counselling": null, "wikipedia": null, "office": null, "health_facility_type": null, "health_person:type": null, "old_name": null, "fax": null, "contact:facebook": null, "contact:instagram": null, "email": null, "start_date": null, "payment:cash": null, "payment:credit_cards": null, "payment:debit_cards": null, "landuse": null, "addr:housename": null, "wheelchair": null, "addr:full": null, "level": null, "urgent_care": null, "name:en": null, "health_facility": null, "drive_through": null, "payment:apple_pay": null, "contact:twitter": null, "not:brand:wikidata": null, "check_date:opening_hours": null, "payment:american_express": null, "payment:cheque": null, "payment:discover_card": null, "payment:mastercard": null, "payment:visa": null, "brand:website": null, "short_name": null, "branch": null, "facebook": null, "check_date": null, "fixme": null, "operator:short": null }, "geometry": { "type": "Point", "coordinates": [ -147.662229200000013, 64.8297002 ] } },
{ "type": "Feature", "properties": { "addr:street": "East Rezanof Drive", "amenity": "hospital", "building": null, "healthcare": "hospital", "name": "Providence Kodiak Island Medical Center", "opening_hours": null, "lon": -152.3756077, "lat": 57.8009, "addr:city": "Kodiak", "website": null, "addr:country": null, "addr:province": null, "building:levels": null, "healthcare:speciality": null, "historic": null, "owner": null, "source": null, "wikidata": null, "alt_name": null, "shop": null, "contact:phone": null, "contact:website": null, "postal_code": null, "healthcare:for": null, "description": null, "gnis:feature_id": null, "image": null, "note": null, "operator": null, "operator:type": null, "source:date": null, "source_ref": null, "brand": null, "brand:wikidata": null, "ele": null, "height": null, "name:tli": null, "dispensing": null, "operator:wikidata": null, "operator:wikipedia": null, "addr:unit": null, "amenity_1": null, "healthcare:counselling": null, "wikipedia": null, "office": null, "health_facility_type": null, "health_person:type": null, "old_name": null, "fax": null, "contact:facebook": null, "contact:instagram": null, "email": null, "start_date": null, "payment:cash": null, "payment:credit_cards": null, "payment:debit_cards": null, "landuse": null, "addr:housename": null, "wheelchair": null, "addr:full": null, "level": null, "urgent_care": null, "name:en": null, "health_facility": null, "drive_through": null, "payment:apple_pay": null, "contact:twitter": null, "not:brand:wikidata": null, "check_date:opening_hours": null, "payment:american_express": null, "payment:cheque": null, "payment:discover_card": null, "payment:mastercard": null, "payment:visa": null, "brand:website": null, "short_name": null, "branch": null, "facebook": null, "check_date": null, "fixme": null, "operator:short": null }, "geometry": { "type": "Point", "coordinates": [ -152.375607699999989, 57.8009 ] } },
{ "type": "Feature", "properties": { "addr:street": "Piper Street", "amenity": "hospital", "building": null, "healthcare": "hospital", "name": "Alaska Psychiatric Institute", "opening_hours": null, "lon": -149.8298016, "lat": 61.1850968, "addr:city": "Anchorage", "website": null, "addr:country": null, "addr:province": null, "building:levels": null, "healthcare:speciality": "psychiatry", "historic": null, "owner": null, "source": null, "wikidata": "Q16868887", "alt_name": null, "shop": null, "contact:phone": null, "contact:website": null, "postal_code": null, "healthcare:for": null, "description": null, "gnis:feature_id": null, "image": null, "note": null, "operator": null, "operator:type": null, "source:date": null, "source_ref": null, "brand": null, "brand:wikidata": null, "ele": null, "height": null, "name:tli": null, "dispensing": null, "operator:wikidata": null, "operator:wikipedia": null, "addr:unit": null, "amenity_1": null, "healthcare:counselling": null, "wikipedia": "en:Alaska Psychiatric Institute", "office": null, "health_facility_type": null, "health_person:type": null, "old_name": null, "fax": null, "contact:facebook": null, "contact:instagram": null, "email": null, "start_date": null, "payment:cash": null, "payment:credit_cards": null, "payment:debit_cards": null, "landuse": null, "addr:housename": null, "wheelchair": null, "addr:full": null, "level": null, "urgent_care": null, "name:en": null, "health_facility": null, "drive_through": null, "payment:apple_pay": null, "contact:twitter": null, "not:brand:wikidata": null, "check_date:opening_hours": null, "payment:american_express": null, "payment:cheque": null, "payment:discover_card": null, "payment:mastercard": null, "payment:visa": null, "brand:website": null, "short_name": null, "branch": null, "facebook": null, "check_date": null, "fixme": null, "operator:short": null }, "geometry": { "type": "Point", "coordinates": [ -149.8298016, 61.1850968 ] } },
{ "type": "Feature", "properties": { "addr:street": "East Bogard", "amenity": "hospital", "building": null, "healthcare": "hospital", "name": "Mat-Su Regional Outpatient Center", "opening_hours": null, "lon": -149.4270914, "lat": 61.5864231, "addr:city": "Wasilla", "website": "https://www.matsuregional.com", "addr:country": null, "addr:province": null, "building:levels": null, "healthcare:speciality": null, "historic": null, "owner": null, "source": null, "wikidata": null, "alt_name": null, "shop": null, "contact:phone": null, "contact:website": null, "postal_code": null, "healthcare:for": null, "description": null, "gnis:feature_id": null, "image": null, "note": null, "operator": null, "operator:type": null, "source:date": null, "source_ref": null, "brand": null, "brand:wikidata": null, "ele": null, "height": null, "name:tli": null, "dispensing": null, "operator:wikidata": null, "operator:wikipedia": null, "addr:unit": null, "amenity_1": null, "healthcare:counselling": null, "wikipedia": null, "office": null, "health_facility_type": null, "health_person:type": null, "old_name": null, "fax": null, "contact:facebook": null, "contact:instagram": null, "email": null, "start_date": null, "payment:cash": null, "payment:credit_cards": null, "payment:debit_cards": null, "landuse": null, "addr:housename": null, "wheelchair": null, "addr:full": null, "level": null, "urgent_care": null, "name:en": null, "health_facility": null, "drive_through": null, "payment:apple_pay": null, "contact:twitter": null, "not:brand:wikidata": null, "check_date:opening_hours": null, "payment:american_express": null, "payment:cheque": null, "payment:discover_card": null, "payment:mastercard": null, "payment:visa": null, "brand:website": null, "short_name": null, "branch": null, "facebook": null, "check_date": null, "fixme": null, "operator:short": null }, "geometry": { "type": "Point", "coordinates": [ -149.4270914, 61.5864231 ] } },
{ "type": "Feature", "properties": { "addr:street": null, "amenity": "clinic", "building": null, "healthcare": null, "name": "Progressive Physical Therapy", "opening_hours": null, "lon": -149.9025182, "lat": 61.2153317, "addr:city": null, "website": null, "addr:country": null, "addr:province": null, "building:levels": null, "healthcare:speciality": "physical_therapy", "historic": null, "owner": null, "source": null, "wikidata": null, "alt_name": null, "shop": null, "contact:phone": null, "contact:website": null, "postal_code": null, "healthcare:for": null, "description": null, "gnis:feature_id": null, "image": null, "note": null, "operator": null, "operator:type": null, "source:date": null, "source_ref": null, "brand": null, "brand:wikidata": null, "ele": null, "height": null, "name:tli": null, "dispensing": null, "operator:wikidata": null, "operator:wikipedia": null, "addr:unit": null, "amenity_1": null, "healthcare:counselling": null, "wikipedia": null, "office": null, "health_facility_type": null, "health_person:type": null, "old_name": null, "fax": null, "contact:facebook": null, "contact:instagram": null, "email": null, "start_date": null, "payment:cash": null, "payment:credit_cards": null, "payment:debit_cards": null, "landuse": null, "addr:housename": null, "wheelchair": null, "addr:full": null, "level": null, "urgent_care": null, "name:en": null, "health_facility": null, "drive_through": null, "payment:apple_pay": null, "contact:twitter": null, "not:brand:wikidata": null, "check_date:opening_hours": null, "payment:american_express": null, "payment:cheque": null, "payment:discover_card": null, "payment:mastercard": null, "payment:visa": null, "brand:website": null, "short_name": null, "branch": null, "facebook": null, "check_date": null, "fixme": null, "operator:short": null }, "geometry": { "type": "Point", "coordinates": [ -149.9025182, 61.2153317 ] } },
{ "type": "Feature", "properties": { "addr:street": null, "amenity": "clinic", "building": null, "healthcare": null, "name": "SEARHC Alicia Roberts Medical Center", "opening_hours": null, "lon": -133.0959374, "lat": 55.5480121, "addr:city": null, "website": null, "addr:country": null, "addr:province": null, "building:levels": null, "healthcare:speciality": null, "historic": null, "owner": null, "source": null, "wikidata": null, "alt_name": null, "shop": null, "contact:phone": null, "contact:website": null, "postal_code": null, "healthcare:for": null, "description": null, "gnis:feature_id": null, "image": null, "note": null, "operator": null, "operator:type": null, "source:date": null, "source_ref": null, "brand": null, "brand:wikidata": null, "ele": null, "height": null, "name:tli": null, "dispensing": null, "operator:wikidata": null, "operator:wikipedia": null, "addr:unit": null, "amenity_1": null, "healthcare:counselling": null, "wikipedia": null, "office": null, "health_facility_type": null, "health_person:type": null, "old_name": null, "fax": null, "contact:facebook": null, "contact:instagram": null, "email": null, "start_date": null, "payment:cash": null, "payment:credit_cards": null, "payment:debit_cards": null, "landuse": null, "addr:housename": null, "wheelchair": null, "addr:full": null, "level": null, "urgent_care": null, "name:en": null, "health_facility": null, "drive_through": null, "payment:apple_pay": null, "contact:twitter": null, "not:brand:wikidata": null, "check_date:opening_hours": null, "payment:american_express": null, "payment:cheque": null, "payment:discover_card": null, "payment:mastercard": null, "payment:visa": null, "brand:website": null, "short_name": null, "branch": null, "facebook": null, "check_date": null, "fixme": null, "operator:short": null }, "geometry": { "type": "Point", "coordinates": [ -133.0959374, 55.5480121 ] } },
{ "type": "Feature", "properties": { "addr:street": null, "amenity": "pharmacy", "building": null, "healthcare": "pharmacy", "name": "Whale Tail Pharmacy", "opening_hours": null, "lon": -133.140818, "lat": 55.477113, "addr:city": null, "website": "https://www.whaletailrx.com", "addr:country": null, "addr:province": null, "building:levels": null, "healthcare:speciality": null, "historic": null, "owner": null, "source": null, "wikidata": null, "alt_name": null, "shop": null, "contact:phone": null, "contact:website": null, "postal_code": null, "healthcare:for": null, "description": null, "gnis:feature_id": null, "image": null, "note": null, "operator": null, "operator:type": null, "source:date": null, "source_ref": null, "brand": null, "brand:wikidata": null, "ele": null, "height": null, "name:tli": null, "dispensing": null, "operator:wikidata": null, "operator:wikipedia": null, "addr:unit": null, "amenity_1": null, "healthcare:counselling": null, "wikipedia": null, "office": null, "health_facility_type": null, "health_person:type": null, "old_name": null, "fax": null, "contact:facebook": null, "contact:instagram": null, "email": null, "start_date": null, "payment:cash": null, "payment:credit_cards": null, "payment:debit_cards": null, "landuse": null, "addr:housename": null, "wheelchair": null, "addr:full": null, "level": null, "urgent_care": null, "name:en": null, "health_facility": null, "drive_through": null, "payment:apple_pay": null, "contact:twitter": null, "not:brand:wikidata": null, "check_date:opening_hours": null, "payment:american_express": null, "payment:cheque": null, "payment:discover_card": null, "payment:mastercard": null, "payment:visa": null, "brand:website": null, "short_name": null, "branch": null, "facebook": null, "check_date": null, "fixme": null, "operator:short": null }, "geometry": { "type": "Point", "coordinates": [ -133.140818, 55.477113 ] } },
{ "type": "Feature", "properties": { "addr:street": null, "amenity": "doctors", "building": null, "healthcare": "doctor", "name": "Orthopedic Physicians Of Alaska", "opening_hours": "Mo-Fr 07:30-18:00", "lon": -149.8088364, "lat": 61.1870287, "addr:city": null, "website": null, "addr:country": null, "addr:province": null, "building:levels": null, "healthcare:speciality": "orthopaedics", "historic": null, "owner": null, "source": null, "wikidata": null, "alt_name": null, "shop": null, "contact:phone": null, "contact:website": null, "postal_code": null, "healthcare:for": null, "description": null, "gnis:feature_id": null, "image": null, "note": null, "operator": null, "operator:type": null, "source:date": null, "source_ref": null, "brand": null, "brand:wikidata": null, "ele": null, "height": null, "name:tli": null, "dispensing": null, "operator:wikidata": null, "operator:wikipedia": null, "addr:unit": null, "amenity_1": null, "healthcare:counselling": null, "wikipedia": null, "office": null, "health_facility_type": null, "health_person:type": null, "old_name": null, "fax": null, "contact:facebook": null, "contact:instagram": null, "email": null, "start_date": null, "payment:cash": null, "payment:credit_cards": null, "payment:debit_cards": null, "landuse": null, "addr:housename": null, "wheelchair": null, "addr:full": null, "level": null, "urgent_care": null, "name:en": null, "health_facility": null, "drive_through": null, "payment:apple_pay": null, "contact:twitter": null, "not:brand:wikidata": null, "check_date:opening_hours": null, "payment:american_express": null, "payment:cheque": null, "payment:discover_card": null, "payment:mastercard": null, "payment:visa": null, "brand:website": null, "short_name": null, "branch": null, "facebook": null, "check_date": null, "fixme": null, "operator:short": null }, "geometry": { "type": "Point", "coordinates": [ -149.8088364, 61.1870287 ] } },
{ "type": "Feature", "properties": { "addr:street": null, "amenity": "clinic", "building": null, "healthcare": "clinic", "name": "Providence Family Medicine", "opening_hours": null, "lon": -149.8603723, "lat": 61.1884788, "addr:city": null, "website": null, "addr:country": null, "addr:province": null, "building:levels": null, "healthcare:speciality": "general", "historic": null, "owner": null, "source": null, "wikidata": null, "alt_name": null, "shop": null, "contact:phone": null, "contact:website": null, "postal_code": null, "healthcare:for": null, "description": null, "gnis:feature_id": null, "image": null, "note": null, "operator": null, "operator:type": null, "source:date": null, "source_ref": null, "brand": null, "brand:wikidata": null, "ele": null, "height": null, "name:tli": null, "dispensing": null, "operator:wikidata": null, "operator:wikipedia": null, "addr:unit": null, "amenity_1": null, "healthcare:counselling": null, "wikipedia": null, "office": null, "health_facility_type": null, "health_person:type": null, "old_name": null, "fax": null, "contact:facebook": null, "contact:instagram": null, "email": null, "start_date": null, "payment:cash": null, "payment:credit_cards": null, "payment:debit_cards": null, "landuse": null, "addr:housename": null, "wheelchair": null, "addr:full": null, "level": null, "urgent_care": null, "name:en": null, "health_facility": null, "drive_through": null, "payment:apple_pay": null, "contact:twitter": null, "not:brand:wikidata": null, "check_date:opening_hours": null, "payment:american_express": null, "payment:cheque": null, "payment:discover_card": null, "payment:mastercard": null, "payment:visa": null, "brand:website": null, "short_name": null, "branch": null, "facebook": null, "check_date": null, "fixme": null, "operator:short": null }, "geometry": { "type": "Point", "coordinates": [ -149.8603723, 61.1884788 ] } },
{ "type": "Feature", "properties": { "addr:street": "Front Street", "amenity": "pharmacy", "building": null, "healthcare": "pharmacy", "name": "Juneau Drug Store", "opening_hours": "Mo-Fr 10:00-18:00 open \"Pharmacy\" || Mo-Fr 09:00-19:00 open \"Store\", Sa-Su 10:00-18:00 open \"Store\"", "lon": -134.407223, "lat": 58.3007013, "addr:city": "Juneau", "website": null, "addr:country": null, "addr:province": null, "building:levels": null, "healthcare:speciality": null, "historic": null, "owner": null, "source": null, "wikidata": null, "alt_name": null, "shop": null, "contact:phone": null, "contact:website": null, "postal_code": null, "healthcare:for": null, "description": null, "gnis:feature_id": null, "image": null, "note": null, "operator": null, "operator:type": null, "source:date": null, "source_ref": null, "brand": null, "brand:wikidata": null, "ele": null, "height": null, "name:tli": null, "dispensing": "yes", "operator:wikidata": null, "operator:wikipedia": null, "addr:unit": null, "amenity_1": null, "healthcare:counselling": null, "wikipedia": null, "office": null, "health_facility_type": null, "health_person:type": null, "old_name": null, "fax": null, "contact:facebook": null, "contact:instagram": null, "email": "juneaudrug@hotmail.com", "start_date": null, "payment:cash": null, "payment:credit_cards": null, "payment:debit_cards": null, "landuse": null, "addr:housename": null, "wheelchair": null, "addr:full": null, "level": null, "urgent_care": null, "name:en": null, "health_facility": null, "drive_through": "no", "payment:apple_pay": null, "contact:twitter": null, "not:brand:wikidata": null, "check_date:opening_hours": null, "payment:american_express": null, "payment:cheque": null, "payment:discover_card": null, "payment:mastercard": null, "payment:visa": null, "brand:website": null, "short_name": null, "branch": null, "facebook": "https://www.facebook.com/juneaudrugco/", "check_date": null, "fixme": null, "operator:short": null }, "geometry": { "type": "Point", "coordinates": [ -134.407223, 58.3007013 ] } },
{ "type": "Feature", "properties": { "addr:street": null, "amenity": "pharmacy", "building": null, "healthcare": "pharmacy", "name": "Carrs Pharmacy", "opening_hours": null, "lon": -149.8708391, "lat": 61.1937805, "addr:city": null, "website": "https://local.pharmacy.carrsqc.com/ak/anchorage/2920-seward-hwy.html", "addr:country": null, "addr:province": null, "building:levels": null, "healthcare:speciality": null, "historic": null, "owner": null, "source": null, "wikidata": null, "alt_name": null, "shop": null, "contact:phone": null, "contact:website": null, "postal_code": null, "healthcare:for": null, "description": null, "gnis:feature_id": null, "image": null, "note": null, "operator": null, "operator:type": null, "source:date": null, "source_ref": null, "brand": "Carrs", "brand:wikidata": "Q5046735", "ele": null, "height": null, "name:tli": null, "dispensing": null, "operator:wikidata": null, "operator:wikipedia": null, "addr:unit": null, "amenity_1": null, "healthcare:counselling": null, "wikipedia": null, "office": null, "health_facility_type": null, "health_person:type": null, "old_name": null, "fax": null, "contact:facebook": null, "contact:instagram": null, "email": null, "start_date": null, "payment:cash": null, "payment:credit_cards": null, "payment:debit_cards": null, "landuse": null, "addr:housename": null, "wheelchair": null, "addr:full": null, "level": null, "urgent_care": null, "name:en": null, "health_facility": null, "drive_through": null, "payment:apple_pay": null, "contact:twitter": null, "not:brand:wikidata": null, "check_date:opening_hours": null, "payment:american_express": null, "payment:cheque": null, "payment:discover_card": null, "payment:mastercard": null, "payment:visa": null, "brand:website": null, "short_name": null, "branch": null, "facebook": null, "check_date": null, "fixme": null, "operator:short": null }, "geometry": { "type": "Point", "coordinates": [ -149.870839100000012, 61.1937805 ] } },
{ "type": "Feature", "properties": { "addr:street": null, "amenity": "clinic", "building": null, "healthcare": "clinic", "name": "Providence express care", "opening_hours": null, "lon": -149.8706462, "lat": 61.1941283, "addr:city": null, "website": null, "addr:country": null, "addr:province": null, "building:levels": null, "healthcare:speciality": null, "historic": null, "owner": null, "source": null, "wikidata": null, "alt_name": null, "shop": null, "contact:phone": null, "contact:website": null, "postal_code": null, "healthcare:for": null, "description": null, "gnis:feature_id": null, "image": null, "note": null, "operator": null, "operator:type": null, "source:date": null, "source_ref": null, "brand": null, "brand:wikidata": null, "ele": null, "height": null, "name:tli": null, "dispensing": null, "operator:wikidata": null, "operator:wikipedia": null, "addr:unit": null, "amenity_1": null, "healthcare:counselling": null, "wikipedia": null, "office": null, "health_facility_type": null, "health_person:type": null, "old_name": null, "fax": null, "contact:facebook": null, "contact:instagram": null, "email": null, "start_date": null, "payment:cash": null, "payment:credit_cards": null, "payment:debit_cards": null, "landuse": null, "addr:housename": null, "wheelchair": null, "addr:full": null, "level": null, "urgent_care": null, "name:en": null, "health_facility": null, "drive_through": null, "payment:apple_pay": null, "contact:twitter": null, "not:brand:wikidata": null, "check_date:opening_hours": null, "payment:american_express": null, "payment:cheque": null, "payment:discover_card": null, "payment:mastercard": null, "payment:visa": null, "brand:website": null, "short_name": null, "branch": null, "facebook": null, "check_date": null, "fixme": null, "operator:short": null }, "geometry": { "type": "Point", "coordinates": [ -149.87064620000001, 61.1941283 ] } },
{ "type": "Feature", "properties": { "addr:street": null, "amenity": "doctors", "building": null, "healthcare": "doctor", "name": "Anchorage Dermatology and Cosmetics", "opening_hours": null, "lon": -149.8711683, "lat": 61.1467129, "addr:city": null, "website": null, "addr:country": null, "addr:province": null, "building:levels": null, "healthcare:speciality": "dermatology", "historic": null, "owner": null, "source": null, "wikidata": null, "alt_name": null, "shop": null, "contact:phone": null, "contact:website": null, "postal_code": null, "healthcare:for": null, "description": null, "gnis:feature_id": null, "image": null, "note": null, "operator": null, "operator:type": null, "source:date": null, "source_ref": null, "brand": null, "brand:wikidata": null, "ele": null, "height": null, "name:tli": null, "dispensing": null, "operator:wikidata": null, "operator:wikipedia": null, "addr:unit": null, "amenity_1": null, "healthcare:counselling": null, "wikipedia": null, "office": null, "health_facility_type": null, "health_person:type": null, "old_name": null, "fax": null, "contact:facebook": null, "contact:instagram": null, "email": null, "start_date": null, "payment:cash": null, "payment:credit_cards": null, "payment:debit_cards": null, "landuse": null, "addr:housename": null, "wheelchair": null, "addr:full": null, "level": null, "urgent_care": null, "name:en": null, "health_facility": null, "drive_through": null, "payment:apple_pay": null, "contact:twitter": null, "not:brand:wikidata": null, "check_date:opening_hours": null, "payment:american_express": null, "payment:cheque": null, "payment:discover_card": null, "payment:mastercard": null, "payment:visa": null, "brand:website": null, "short_name": null, "branch": null, "facebook": null, "check_date": null, "fixme": null, "operator:short": null }, "geometry": { "type": "Point", "coordinates": [ -149.8711683, 61.1467129 ] } },
{ "type": "Feature", "properties": { "addr:street": null, "amenity": "clinic", "building": null, "healthcare": "dialysis", "name": "Liberty Dialysis", "opening_hours": null, "lon": -149.8653962, "lat": 61.1457085, "addr:city": null, "website": null, "addr:country": null, "addr:province": null, "building:levels": null, "healthcare:speciality": "nephrology", "historic": null, "owner": null, "source": null, "wikidata": null, "alt_name": null, "shop": null, "contact:phone": null, "contact:website": null, "postal_code": null, "healthcare:for": null, "description": null, "gnis:feature_id": null, "image": null, "note": null, "operator": null, "operator:type": null, "source:date": null, "source_ref": null, "brand": null, "brand:wikidata": null, "ele": null, "height": null, "name:tli": null, "dispensing": null, "operator:wikidata": null, "operator:wikipedia": null, "addr:unit": null, "amenity_1": null, "healthcare:counselling": null, "wikipedia": null, "office": null, "health_facility_type": null, "health_person:type": null, "old_name": null, "fax": null, "contact:facebook": null, "contact:instagram": null, "email": null, "start_date": null, "payment:cash": null, "payment:credit_cards": null, "payment:debit_cards": null, "landuse": null, "addr:housename": null, "wheelchair": null, "addr:full": null, "level": null, "urgent_care": null, "name:en": null, "health_facility": null, "drive_through": null, "payment:apple_pay": null, "contact:twitter": null, "not:brand:wikidata": null, "check_date:opening_hours": null, "payment:american_express": null, "payment:cheque": null, "payment:discover_card": null, "payment:mastercard": null, "payment:visa": null, "brand:website": null, "short_name": null, "branch": null, "facebook": null, "check_date": null, "fixme": null, "operator:short": null }, "geometry": { "type": "Point", "coordinates": [ -149.8653962, 61.1457085 ] } },
{ "type": "Feature", "properties": { "addr:street": null, "amenity": "doctors", "building": null, "healthcare": "doctor", "name": "Don Davis", "opening_hours": null, "lon": -149.881425, "lat": 61.1458845, "addr:city": null, "website": null, "addr:country": null, "addr:province": null, "building:levels": null, "healthcare:speciality": "ophthalmology", "historic": null, "owner": null, "source": null, "wikidata": null, "alt_name": null, "shop": null, "contact:phone": null, "contact:website": null, "postal_code": null, "healthcare:for": null, "description": null, "gnis:feature_id": null, "image": null, "note": null, "operator": null, "operator:type": null, "source:date": null, "source_ref": null, "brand": null, "brand:wikidata": null, "ele": null, "height": null, "name:tli": null, "dispensing": null, "operator:wikidata": null, "operator:wikipedia": null, "addr:unit": null, "amenity_1": null, "healthcare:counselling": null, "wikipedia": null, "office": null, "health_facility_type": null, "health_person:type": null, "old_name": null, "fax": null, "contact:facebook": null, "contact:instagram": null, "email": null, "start_date": null, "payment:cash": null, "payment:credit_cards": null, "payment:debit_cards": null, "landuse": null, "addr:housename": null, "wheelchair": null, "addr:full": null, "level": null, "urgent_care": null, "name:en": null, "health_facility": null, "drive_through": null, "payment:apple_pay": null, "contact:twitter": null, "not:brand:wikidata": null, "check_date:opening_hours": null, "payment:american_express": null, "payment:cheque": null, "payment:discover_card": null, "payment:mastercard": null, "payment:visa": null, "brand:website": null, "short_name": null, "branch": null, "facebook": null, "check_date": null, "fixme": null, "operator:short": null }, "geometry": { "type": "Point", "coordinates": [ -149.881425, 61.1458845 ] } },
{ "type": "Feature", "properties": { "addr:street": null, "amenity": "clinic", "building": null, "healthcare": "clinic", "name": "Alaska Urgent Care", "opening_hours": null, "lon": -149.8767714, "lat": 61.1439792, "addr:city": null, "website": null, "addr:country": null, "addr:province": null, "building:levels": null, "healthcare:speciality": null, "historic": null, "owner": null, "source": null, "wikidata": null, "alt_name": null, "shop": null, "contact:phone": null, "contact:website": null, "postal_code": null, "healthcare:for": null, "description": null, "gnis:feature_id": null, "image": null, "note": null, "operator": null, "operator:type": null, "source:date": null, "source_ref": null, "brand": null, "brand:wikidata": null, "ele": null, "height": null, "name:tli": null, "dispensing": null, "operator:wikidata": null, "operator:wikipedia": null, "addr:unit": null, "amenity_1": null, "healthcare:counselling": null, "wikipedia": null, "office": null, "health_facility_type": null, "health_person:type": null, "old_name": null, "fax": null, "contact:facebook": null, "contact:instagram": null, "email": null, "start_date": null, "payment:cash": null, "payment:credit_cards": null, "payment:debit_cards": null, "landuse": null, "addr:housename": null, "wheelchair": null, "addr:full": null, "level": null, "urgent_care": null, "name:en": null, "health_facility": null, "drive_through": null, "payment:apple_pay": null, "contact:twitter": null, "not:brand:wikidata": null, "check_date:opening_hours": null, "payment:american_express": null, "payment:cheque": null, "payment:discover_card": null, "payment:mastercard": null, "payment:visa": null, "brand:website": null, "short_name": null, "branch": null, "facebook": null, "check_date": null, "fixme": null, "operator:short": null }, "geometry": { "type": "Point", "coordinates": [ -149.8767714, 61.1439792 ] } },
{ "type": "Feature", "properties": { "addr:street": null, "amenity": "clinic", "building": null, "healthcare": "clinic", "name": "Wellness Center", "opening_hours": null, "lon": -156.7919946, "lat": 71.2906944, "addr:city": null, "website": null, "addr:country": null, "addr:province": null, "building:levels": null, "healthcare:speciality": null, "historic": null, "owner": null, "source": null, "wikidata": null, "alt_name": null, "shop": null, "contact:phone": null, "contact:website": null, "postal_code": null, "healthcare:for": null, "description": null, "gnis:feature_id": null, "image": null, "note": null, "operator": null, "operator:type": null, "source:date": null, "source_ref": null, "brand": null, "brand:wikidata": null, "ele": null, "height": null, "name:tli": null, "dispensing": null, "operator:wikidata": null, "operator:wikipedia": null, "addr:unit": null, "amenity_1": null, "healthcare:counselling": null, "wikipedia": null, "office": null, "health_facility_type": null, "health_person:type": null, "old_name": null, "fax": null, "contact:facebook": null, "contact:instagram": null, "email": null, "start_date": null, "payment:cash": null, "payment:credit_cards": null, "payment:debit_cards": null, "landuse": null, "addr:housename": null, "wheelchair": null, "addr:full": null, "level": null, "urgent_care": null, "name:en": null, "health_facility": null, "drive_through": null, "payment:apple_pay": null, "contact:twitter": null, "not:brand:wikidata": null, "check_date:opening_hours": null, "payment:american_express": null, "payment:cheque": null, "payment:discover_card": null, "payment:mastercard": null, "payment:visa": null, "brand:website": null, "short_name": null, "branch": null, "facebook": null, "check_date": null, "fixme": null, "operator:short": null }, "geometry": { "type": "Point", "coordinates": [ -156.79199460000001, 71.2906944 ] } },
{ "type": "Feature", "properties": { "addr:street": null, "amenity": "pharmacy", "building": null, "healthcare": "pharmacy", "name": "Walgreens", "opening_hours": null, "lon": -149.8552492, "lat": 61.1083021, "addr:city": null, "website": null, "addr:country": null, "addr:province": null, "building:levels": null, "healthcare:speciality": null, "historic": null, "owner": null, "source": null, "wikidata": null, "alt_name": null, "shop": null, "contact:phone": null, "contact:website": null, "postal_code": null, "healthcare:for": null, "description": null, "gnis:feature_id": null, "image": null, "note": null, "operator": null, "operator:type": null, "source:date": null, "source_ref": null, "brand": "Walgreens", "brand:wikidata": "Q1591889", "ele": null, "height": null, "name:tli": null, "dispensing": null, "operator:wikidata": null, "operator:wikipedia": null, "addr:unit": null, "amenity_1": null, "healthcare:counselling": null, "wikipedia": null, "office": null, "health_facility_type": null, "health_person:type": null, "old_name": null, "fax": null, "contact:facebook": null, "contact:instagram": null, "email": null, "start_date": null, "payment:cash": null, "payment:credit_cards": null, "payment:debit_cards": null, "landuse": null, "addr:housename": null, "wheelchair": null, "addr:full": null, "level": null, "urgent_care": null, "name:en": null, "health_facility": null, "drive_through": null, "payment:apple_pay": null, "contact:twitter": null, "not:brand:wikidata": null, "check_date:opening_hours": null, "payment:american_express": null, "payment:cheque": null, "payment:discover_card": null, "payment:mastercard": null, "payment:visa": null, "brand:website": null, "short_name": null, "branch": null, "facebook": null, "check_date": null, "fixme": null, "operator:short": null }, "geometry": { "type": "Point", "coordinates": [ -149.8552492, 61.1083021 ] } },
{ "type": "Feature", "properties": { "addr:street": null, "amenity": "pharmacy", "building": null, "healthcare": "pharmacy", "name": "Carrs Pharmacy", "opening_hours": null, "lon": -149.8539724, "lat": 61.1091159, "addr:city": null, "website": null, "addr:country": null, "addr:province": null, "building:levels": null, "healthcare:speciality": null, "historic": null, "owner": null, "source": null, "wikidata": null, "alt_name": null, "shop": null, "contact:phone": null, "contact:website": null, "postal_code": null, "healthcare:for": null, "description": null, "gnis:feature_id": null, "image": null, "note": null, "operator": null, "operator:type": null, "source:date": null, "source_ref": null, "brand": null, "brand:wikidata": null, "ele": null, "height": null, "name:tli": null, "dispensing": null, "operator:wikidata": null, "operator:wikipedia": null, "addr:unit": null, "amenity_1": null, "healthcare:counselling": null, "wikipedia": null, "office": null, "health_facility_type": null, "health_person:type": null, "old_name": null, "fax": null, "contact:facebook": null, "contact:instagram": null, "email": null, "start_date": null, "payment:cash": null, "payment:credit_cards": null, "payment:debit_cards": null, "landuse": null, "addr:housename": null, "wheelchair": null, "addr:full": null, "level": null, "urgent_care": null, "name:en": null, "health_facility": null, "drive_through": null, "payment:apple_pay": null, "contact:twitter": null, "not:brand:wikidata": null, "check_date:opening_hours": null, "payment:american_express": null, "payment:cheque": null, "payment:discover_card": null, "payment:mastercard": null, "payment:visa": null, "brand:website": null, "short_name": null, "branch": null, "facebook": null, "check_date": null, "fixme": null, "operator:short": null }, "geometry": { "type": "Point", "coordinates": [ -149.8539724, 61.1091159 ] } },
{ "type": "Feature", "properties": { "addr:street": null, "amenity": "doctors", "building": null, "healthcare": "doctor", "name": "Matthew Dow", "opening_hours": null, "lon": -149.8348858, "lat": 61.1367711, "addr:city": null, "website": null, "addr:country": null, "addr:province": null, "building:levels": null, "healthcare:speciality": "general", "historic": null, "owner": null, "source": null, "wikidata": null, "alt_name": null, "shop": null, "contact:phone": null, "contact:website": null, "postal_code": null, "healthcare:for": null, "description": null, "gnis:feature_id": null, "image": null, "note": null, "operator": null, "operator:type": null, "source:date": null, "source_ref": null, "brand": null, "brand:wikidata": null, "ele": null, "height": null, "name:tli": null, "dispensing": null, "operator:wikidata": null, "operator:wikipedia": null, "addr:unit": null, "amenity_1": null, "healthcare:counselling": null, "wikipedia": null, "office": null, "health_facility_type": null, "health_person:type": null, "old_name": null, "fax": null, "contact:facebook": null, "contact:instagram": null, "email": null, "start_date": null, "payment:cash": null, "payment:credit_cards": null, "payment:debit_cards": null, "landuse": null, "addr:housename": null, "wheelchair": null, "addr:full": null, "level": null, "urgent_care": null, "name:en": null, "health_facility": null, "drive_through": null, "payment:apple_pay": null, "contact:twitter": null, "not:brand:wikidata": null, "check_date:opening_hours": null, "payment:american_express": null, "payment:cheque": null, "payment:discover_card": null, "payment:mastercard": null, "payment:visa": null, "brand:website": null, "short_name": null, "branch": null, "facebook": null, "check_date": null, "fixme": null, "operator:short": null }, "geometry": { "type": "Point", "coordinates": [ -149.8348858, 61.1367711 ] } },
{ "type": "Feature", "properties": { "addr:street": null, "amenity": "doctors", "building": null, "healthcare": "doctor", "name": "Christina Brown", "opening_hours": null, "lon": -149.8480072, "lat": 61.1378483, "addr:city": null, "website": null, "addr:country": null, "addr:province": null, "building:levels": null, "healthcare:speciality": "general", "historic": null, "owner": null, "source": null, "wikidata": null, "alt_name": null, "shop": null, "contact:phone": null, "contact:website": null, "postal_code": null, "healthcare:for": null, "description": null, "gnis:feature_id": null, "image": null, "note": null, "operator": null, "operator:type": null, "source:date": null, "source_ref": null, "brand": null, "brand:wikidata": null, "ele": null, "height": null, "name:tli": null, "dispensing": null, "operator:wikidata": null, "operator:wikipedia": null, "addr:unit": null, "amenity_1": null, "healthcare:counselling": null, "wikipedia": null, "office": null, "health_facility_type": null, "health_person:type": null, "old_name": null, "fax": null, "contact:facebook": null, "contact:instagram": null, "email": null, "start_date": null, "payment:cash": null, "payment:credit_cards": null, "payment:debit_cards": null, "landuse": null, "addr:housename": null, "wheelchair": null, "addr:full": null, "level": null, "urgent_care": null, "name:en": null, "health_facility": null, "drive_through": null, "payment:apple_pay": null, "contact:twitter": null, "not:brand:wikidata": null, "check_date:opening_hours": null, "payment:american_express": null, "payment:cheque": null, "payment:discover_card": null, "payment:mastercard": null, "payment:visa": null, "brand:website": null, "short_name": null, "branch": null, "facebook": null, "check_date": null, "fixme": null, "operator:short": null }, "geometry": { "type": "Point", "coordinates": [ -149.848007200000012, 61.1378483 ] } },
{ "type": "Feature", "properties": { "addr:street": null, "amenity": "clinic", "building": null, "healthcare": "clinic", "name": "Advanced Pain Center-Alaska", "opening_hours": null, "lon": -149.844295, "lat": 61.1400544, "addr:city": null, "website": null, "addr:country": null, "addr:province": null, "building:levels": null, "healthcare:speciality": null, "historic": null, "owner": null, "source": null, "wikidata": null, "alt_name": null, "shop": null, "contact:phone": null, "contact:website": null, "postal_code": null, "healthcare:for": null, "description": null, "gnis:feature_id": null, "image": null, "note": null, "operator": null, "operator:type": null, "source:date": null, "source_ref": null, "brand": null, "brand:wikidata": null, "ele": null, "height": null, "name:tli": null, "dispensing": null, "operator:wikidata": null, "operator:wikipedia": null, "addr:unit": null, "amenity_1": null, "healthcare:counselling": null, "wikipedia": null, "office": null, "health_facility_type": null, "health_person:type": null, "old_name": null, "fax": null, "contact:facebook": null, "contact:instagram": null, "email": null, "start_date": null, "payment:cash": null, "payment:credit_cards": null, "payment:debit_cards": null, "landuse": null, "addr:housename": null, "wheelchair": null, "addr:full": null, "level": null, "urgent_care": null, "name:en": null, "health_facility": null, "drive_through": null, "payment:apple_pay": null, "contact:twitter": null, "not:brand:wikidata": null, "check_date:opening_hours": null, "payment:american_express": null, "payment:cheque": null, "payment:discover_card": null, "payment:mastercard": null, "payment:visa": null, "brand:website": null, "short_name": null, "branch": null, "facebook": null, "check_date": null, "fixme": null, "operator:short": null }, "geometry": { "type": "Point", "coordinates": [ -149.844295, 61.1400544 ] } },
{ "type": "Feature", "properties": { "addr:street": null, "amenity": "pharmacy", "building": null, "healthcare": "pharmacy", "name": null, "opening_hours": null, "lon": -149.8442467, "lat": 61.1424545, "addr:city": null, "website": "https://local.pharmacy.carrsqc.com/ak/anchorage/1725-abbott-rd.html", "addr:country": null, "addr:province": null, "building:levels": null, "healthcare:speciality": null, "historic": null, "owner": null, "source": null, "wikidata": null, "alt_name": null, "shop": null, "contact:phone": null, "contact:website": null, "postal_code": null, "healthcare:for": null, "description": null, "gnis:feature_id": null, "image": null, "note": null, "operator": null, "operator:type": null, "source:date": null, "source_ref": null, "brand": "Carrs", "brand:wikidata": "Q5046735", "ele": null, "height": null, "name:tli": null, "dispensing": null, "operator:wikidata": null, "operator:wikipedia": null, "addr:unit": null, "amenity_1": null, "healthcare:counselling": null, "wikipedia": null, "office": null, "health_facility_type": null, "health_person:type": null, "old_name": null, "fax": null, "contact:facebook": null, "contact:instagram": null, "email": null, "start_date": null, "payment:cash": null, "payment:credit_cards": null, "payment:debit_cards": null, "landuse": null, "addr:housename": null, "wheelchair": null, "addr:full": null, "level": null, "urgent_care": null, "name:en": null, "health_facility": null, "drive_through": null, "payment:apple_pay": null, "contact:twitter": null, "not:brand:wikidata": null, "check_date:opening_hours": null, "payment:american_express": null, "payment:cheque": null, "payment:discover_card": null, "payment:mastercard": null, "payment:visa": null, "brand:website": null, "short_name": null, "branch": null, "facebook": null, "check_date": "24-08-2023", "fixme": null, "operator:short": null }, "geometry": { "type": "Point", "coordinates": [ -149.844246700000014, 61.1424545 ] } },
{ "type": "Feature", "properties": { "addr:street": null, "amenity": "doctors", "building": null, "healthcare": "doctor", "name": "Pediatric Speech-Language Services", "opening_hours": null, "lon": -149.8341471, "lat": 61.1814709, "addr:city": null, "website": null, "addr:country": null, "addr:province": null, "building:levels": null, "healthcare:speciality": null, "historic": null, "owner": null, "source": null, "wikidata": null, "alt_name": null, "shop": null, "contact:phone": null, "contact:website": null, "postal_code": null, "healthcare:for": null, "description": null, "gnis:feature_id": null, "image": null, "note": null, "operator": null, "operator:type": null, "source:date": null, "source_ref": null, "brand": null, "brand:wikidata": null, "ele": null, "height": null, "name:tli": null, "dispensing": null, "operator:wikidata": null, "operator:wikipedia": null, "addr:unit": null, "amenity_1": null, "healthcare:counselling": null, "wikipedia": null, "office": null, "health_facility_type": null, "health_person:type": null, "old_name": null, "fax": null, "contact:facebook": null, "contact:instagram": null, "email": null, "start_date": null, "payment:cash": null, "payment:credit_cards": null, "payment:debit_cards": null, "landuse": null, "addr:housename": null, "wheelchair": null, "addr:full": null, "level": null, "urgent_care": null, "name:en": null, "health_facility": null, "drive_through": null, "payment:apple_pay": null, "contact:twitter": null, "not:brand:wikidata": null, "check_date:opening_hours": null, "payment:american_express": null, "payment:cheque": null, "payment:discover_card": null, "payment:mastercard": null, "payment:visa": null, "brand:website": null, "short_name": null, "branch": null, "facebook": null, "check_date": null, "fixme": null, "operator:short": null }, "geometry": { "type": "Point", "coordinates": [ -149.8341471, 61.1814709 ] } },
{ "type": "Feature", "properties": { "addr:street": null, "amenity": "doctors", "building": null, "healthcare": "doctor", "name": "Ability Group Pediatric Therapy", "opening_hours": null, "lon": -149.8337179, "lat": 61.1814709, "addr:city": null, "website": null, "addr:country": null, "addr:province": null, "building:levels": null, "healthcare:speciality": "physiatry", "historic": null, "owner": null, "source": null, "wikidata": null, "alt_name": null, "shop": null, "contact:phone": null, "contact:website": null, "postal_code": null, "healthcare:for": null, "description": null, "gnis:feature_id": null, "image": null, "note": null, "operator": null, "operator:type": null, "source:date": null, "source_ref": null, "brand": null, "brand:wikidata": null, "ele": null, "height": null, "name:tli": null, "dispensing": null, "operator:wikidata": null, "operator:wikipedia": null, "addr:unit": null, "amenity_1": null, "healthcare:counselling": null, "wikipedia": null, "office": null, "health_facility_type": null, "health_person:type": null, "old_name": null, "fax": null, "contact:facebook": null, "contact:instagram": null, "email": null, "start_date": null, "payment:cash": null, "payment:credit_cards": null, "payment:debit_cards": null, "landuse": null, "addr:housename": null, "wheelchair": null, "addr:full": null, "level": null, "urgent_care": null, "name:en": null, "health_facility": null, "drive_through": null, "payment:apple_pay": null, "contact:twitter": null, "not:brand:wikidata": null, "check_date:opening_hours": null, "payment:american_express": null, "payment:cheque": null, "payment:discover_card": null, "payment:mastercard": null, "payment:visa": null, "brand:website": null, "short_name": null, "branch": null, "facebook": null, "check_date": null, "fixme": null, "operator:short": null }, "geometry": { "type": "Point", "coordinates": [ -149.833717900000011, 61.1814709 ] } },
{ "type": "Feature", "properties": { "addr:street": null, "amenity": "clinic", "building": null, "healthcare": "dialysis", "name": "Fresenius Kidney Care Tudor Road Dialysis", "opening_hours": null, "lon": -149.8296262, "lat": 61.1814402, "addr:city": null, "website": null, "addr:country": null, "addr:province": null, "building:levels": null, "healthcare:speciality": "nephrology", "historic": null, "owner": null, "source": null, "wikidata": null, "alt_name": null, "shop": null, "contact:phone": null, "contact:website": null, "postal_code": null, "healthcare:for": null, "description": null, "gnis:feature_id": null, "image": null, "note": null, "operator": "Dialysis Clinic", "operator:type": null, "source:date": null, "source_ref": null, "brand": null, "brand:wikidata": null, "ele": null, "height": null, "name:tli": null, "dispensing": null, "operator:wikidata": "Q5270633", "operator:wikipedia": null, "addr:unit": null, "amenity_1": null, "healthcare:counselling": null, "wikipedia": null, "office": null, "health_facility_type": null, "health_person:type": null, "old_name": null, "fax": null, "contact:facebook": null, "contact:instagram": null, "email": null, "start_date": null, "payment:cash": null, "payment:credit_cards": null, "payment:debit_cards": null, "landuse": null, "addr:housename": null, "wheelchair": null, "addr:full": null, "level": null, "urgent_care": null, "name:en": null, "health_facility": null, "drive_through": null, "payment:apple_pay": null, "contact:twitter": null, "not:brand:wikidata": null, "check_date:opening_hours": null, "payment:american_express": null, "payment:cheque": null, "payment:discover_card": null, "payment:mastercard": null, "payment:visa": null, "brand:website": null, "short_name": "DCI", "branch": null, "facebook": null, "check_date": null, "fixme": null, "operator:short": null }, "geometry": { "type": "Point", "coordinates": [ -149.8296262, 61.1814402 ] } },
{ "type": "Feature", "properties": { "addr:street": null, "amenity": "doctors", "building": null, "healthcare": "doctor", "name": "Alaska OB/GYN", "opening_hours": null, "lon": -149.8391543, "lat": 61.1812727, "addr:city": null, "website": null, "addr:country": null, "addr:province": null, "building:levels": null, "healthcare:speciality": "gynaecology", "historic": null, "owner": null, "source": null, "wikidata": null, "alt_name": null, "shop": null, "contact:phone": null, "contact:website": null, "postal_code": null, "healthcare:for": null, "description": null, "gnis:feature_id": null, "image": null, "note": null, "operator": null, "operator:type": null, "source:date": null, "source_ref": null, "brand": null, "brand:wikidata": null, "ele": null, "height": null, "name:tli": null, "dispensing": null, "operator:wikidata": null, "operator:wikipedia": null, "addr:unit": null, "amenity_1": null, "healthcare:counselling": null, "wikipedia": null, "office": null, "health_facility_type": null, "health_person:type": null, "old_name": null, "fax": null, "contact:facebook": null, "contact:instagram": null, "email": null, "start_date": null, "payment:cash": null, "payment:credit_cards": null, "payment:debit_cards": null, "landuse": null, "addr:housename": null, "wheelchair": null, "addr:full": null, "level": null, "urgent_care": null, "name:en": null, "health_facility": null, "drive_through": null, "payment:apple_pay": null, "contact:twitter": null, "not:brand:wikidata": null, "check_date:opening_hours": null, "payment:american_express": null, "payment:cheque": null, "payment:discover_card": null, "payment:mastercard": null, "payment:visa": null, "brand:website": null, "short_name": null, "branch": null, "facebook": null, "check_date": null, "fixme": null, "operator:short": null }, "geometry": { "type": "Point", "coordinates": [ -149.8391543, 61.1812727 ] } },
{ "type": "Feature", "properties": { "addr:street": null, "amenity": "doctors", "building": null, "healthcare": "doctor", "name": "Caring for Women", "opening_hours": "Mo-Th 08:00-16:00; Fr 08:00-15:00", "lon": -149.8386654, "lat": 61.1820958, "addr:city": null, "website": null, "addr:country": null, "addr:province": null, "building:levels": null, "healthcare:speciality": null, "historic": null, "owner": null, "source": null, "wikidata": null, "alt_name": null, "shop": null, "contact:phone": null, "contact:website": null, "postal_code": null, "healthcare:for": null, "description": null, "gnis:feature_id": null, "image": null, "note": null, "operator": null, "operator:type": null, "source:date": null, "source_ref": null, "brand": null, "brand:wikidata": null, "ele": null, "height": null, "name:tli": null, "dispensing": null, "operator:wikidata": null, "operator:wikipedia": null, "addr:unit": null, "amenity_1": null, "healthcare:counselling": null, "wikipedia": null, "office": null, "health_facility_type": null, "health_person:type": null, "old_name": null, "fax": null, "contact:facebook": null, "contact:instagram": null, "email": null, "start_date": null, "payment:cash": null, "payment:credit_cards": null, "payment:debit_cards": null, "landuse": null, "addr:housename": null, "wheelchair": null, "addr:full": null, "level": null, "urgent_care": null, "name:en": null, "health_facility": null, "drive_through": null, "payment:apple_pay": null, "contact:twitter": null, "not:brand:wikidata": null, "check_date:opening_hours": null, "payment:american_express": null, "payment:cheque": null, "payment:discover_card": null, "payment:mastercard": null, "payment:visa": null, "brand:website": null, "short_name": null, "branch": null, "facebook": null, "check_date": null, "fixme": null, "operator:short": null }, "geometry": { "type": "Point", "coordinates": [ -149.8386654, 61.1820958 ] } },
{ "type": "Feature", "properties": { "addr:street": null, "amenity": "pharmacy", "building": null, "healthcare": "pharmacy", "name": "Lake Otis Medical Supply", "opening_hours": null, "lon": -149.8378083, "lat": 61.1822863, "addr:city": null, "website": null, "addr:country": null, "addr:province": null, "building:levels": null, "healthcare:speciality": null, "historic": null, "owner": null, "source": null, "wikidata": null, "alt_name": null, "shop": null, "contact:phone": null, "contact:website": null, "postal_code": null, "healthcare:for": null, "description": null, "gnis:feature_id": null, "image": null, "note": null, "operator": null, "operator:type": null, "source:date": null, "source_ref": null, "brand": null, "brand:wikidata": null, "ele": null, "height": null, "name:tli": null, "dispensing": null, "operator:wikidata": null, "operator:wikipedia": null, "addr:unit": null, "amenity_1": null, "healthcare:counselling": null, "wikipedia": null, "office": null, "health_facility_type": null, "health_person:type": null, "old_name": null, "fax": null, "contact:facebook": null, "contact:instagram": null, "email": null, "start_date": null, "payment:cash": null, "payment:credit_cards": null, "payment:debit_cards": null, "landuse": null, "addr:housename": null, "wheelchair": null, "addr:full": null, "level": null, "urgent_care": null, "name:en": null, "health_facility": null, "drive_through": null, "payment:apple_pay": null, "contact:twitter": null, "not:brand:wikidata": null, "check_date:opening_hours": null, "payment:american_express": null, "payment:cheque": null, "payment:discover_card": null, "payment:mastercard": null, "payment:visa": null, "brand:website": null, "short_name": null, "branch": null, "facebook": null, "check_date": null, "fixme": null, "operator:short": null }, "geometry": { "type": "Point", "coordinates": [ -149.8378083, 61.1822863 ] } },
{ "type": "Feature", "properties": { "addr:street": null, "amenity": "pharmacy", "building": null, "healthcare": "pharmacy", "name": "Bernie's Pharmacy", "opening_hours": null, "lon": -149.8400047, "lat": 61.1828447, "addr:city": null, "website": null, "addr:country": null, "addr:province": null, "building:levels": null, "healthcare:speciality": null, "historic": null, "owner": null, "source": null, "wikidata": null, "alt_name": null, "shop": null, "contact:phone": null, "contact:website": null, "postal_code": null, "healthcare:for": null, "description": null, "gnis:feature_id": null, "image": null, "note": null, "operator": null, "operator:type": null, "source:date": null, "source_ref": null, "brand": null, "brand:wikidata": null, "ele": null, "height": null, "name:tli": null, "dispensing": null, "operator:wikidata": null, "operator:wikipedia": null, "addr:unit": null, "amenity_1": null, "healthcare:counselling": null, "wikipedia": null, "office": null, "health_facility_type": null, "health_person:type": null, "old_name": null, "fax": null, "contact:facebook": null, "contact:instagram": null, "email": null, "start_date": null, "payment:cash": null, "payment:credit_cards": null, "payment:debit_cards": null, "landuse": null, "addr:housename": null, "wheelchair": null, "addr:full": null, "level": null, "urgent_care": null, "name:en": null, "health_facility": null, "drive_through": null, "payment:apple_pay": null, "contact:twitter": null, "not:brand:wikidata": null, "check_date:opening_hours": null, "payment:american_express": null, "payment:cheque": null, "payment:discover_card": null, "payment:mastercard": null, "payment:visa": null, "brand:website": null, "short_name": null, "branch": null, "facebook": null, "check_date": null, "fixme": null, "operator:short": null }, "geometry": { "type": "Point", "coordinates": [ -149.8400047, 61.1828447 ] } },
{ "type": "Feature", "properties": { "addr:street": null, "amenity": "clinic", "building": null, "healthcare": "clinic", "name": "PCA Urgent Care - Lake Otis", "opening_hours": null, "lon": -149.8408016, "lat": 61.1829932, "addr:city": null, "website": null, "addr:country": null, "addr:province": null, "building:levels": null, "healthcare:speciality": null, "historic": null, "owner": null, "source": null, "wikidata": null, "alt_name": null, "shop": null, "contact:phone": null, "contact:website": null, "postal_code": null, "healthcare:for": null, "description": null, "gnis:feature_id": null, "image": null, "note": null, "operator": null, "operator:type": null, "source:date": null, "source_ref": null, "brand": null, "brand:wikidata": null, "ele": null, "height": null, "name:tli": null, "dispensing": null, "operator:wikidata": null, "operator:wikipedia": null, "addr:unit": null, "amenity_1": null, "healthcare:counselling": null, "wikipedia": null, "office": null, "health_facility_type": null, "health_person:type": null, "old_name": null, "fax": null, "contact:facebook": null, "contact:instagram": null, "email": null, "start_date": null, "payment:cash": null, "payment:credit_cards": null, "payment:debit_cards": null, "landuse": null, "addr:housename": null, "wheelchair": null, "addr:full": null, "level": null, "urgent_care": null, "name:en": null, "health_facility": null, "drive_through": null, "payment:apple_pay": null, "contact:twitter": null, "not:brand:wikidata": null, "check_date:opening_hours": null, "payment:american_express": null, "payment:cheque": null, "payment:discover_card": null, "payment:mastercard": null, "payment:visa": null, "brand:website": null, "short_name": null, "branch": null, "facebook": null, "check_date": null, "fixme": null, "operator:short": null }, "geometry": { "type": "Point", "coordinates": [ -149.8408016, 61.1829932 ] } },
{ "type": "Feature", "properties": { "addr:street": null, "amenity": "doctors", "building": null, "healthcare": "doctor", "name": "Primary Care Associates: Glotfelty Beth", "opening_hours": null, "lon": -149.8401855, "lat": 61.1831191, "addr:city": null, "website": null, "addr:country": null, "addr:province": null, "building:levels": null, "healthcare:speciality": null, "historic": null, "owner": null, "source": null, "wikidata": null, "alt_name": null, "shop": null, "contact:phone": null, "contact:website": null, "postal_code": null, "healthcare:for": null, "description": null, "gnis:feature_id": null, "image": null, "note": null, "operator": null, "operator:type": null, "source:date": null, "source_ref": null, "brand": null, "brand:wikidata": null, "ele": null, "height": null, "name:tli": null, "dispensing": null, "operator:wikidata": null, "operator:wikipedia": null, "addr:unit": null, "amenity_1": null, "healthcare:counselling": null, "wikipedia": null, "office": null, "health_facility_type": null, "health_person:type": null, "old_name": null, "fax": null, "contact:facebook": null, "contact:instagram": null, "email": null, "start_date": null, "payment:cash": null, "payment:credit_cards": null, "payment:debit_cards": null, "landuse": null, "addr:housename": null, "wheelchair": null, "addr:full": null, "level": null, "urgent_care": null, "name:en": null, "health_facility": null, "drive_through": null, "payment:apple_pay": null, "contact:twitter": null, "not:brand:wikidata": null, "check_date:opening_hours": null, "payment:american_express": null, "payment:cheque": null, "payment:discover_card": null, "payment:mastercard": null, "payment:visa": null, "brand:website": null, "short_name": null, "branch": null, "facebook": null, "check_date": null, "fixme": null, "operator:short": null }, "geometry": { "type": "Point", "coordinates": [ -149.8401855, 61.1831191 ] } },
{ "type": "Feature", "properties": { "addr:street": null, "amenity": "doctors", "building": null, "healthcare": "doctor", "name": "Tara Wood", "opening_hours": null, "lon": -149.8402659, "lat": 61.1830061, "addr:city": null, "website": null, "addr:country": null, "addr:province": null, "building:levels": null, "healthcare:speciality": null, "historic": null, "owner": null, "source": null, "wikidata": null, "alt_name": null, "shop": null, "contact:phone": null, "contact:website": null, "postal_code": null, "healthcare:for": null, "description": null, "gnis:feature_id": null, "image": null, "note": null, "operator": null, "operator:type": null, "source:date": null, "source_ref": null, "brand": null, "brand:wikidata": null, "ele": null, "height": null, "name:tli": null, "dispensing": null, "operator:wikidata": null, "operator:wikipedia": null, "addr:unit": null, "amenity_1": null, "healthcare:counselling": null, "wikipedia": null, "office": null, "health_facility_type": null, "health_person:type": null, "old_name": null, "fax": null, "contact:facebook": null, "contact:instagram": null, "email": null, "start_date": null, "payment:cash": null, "payment:credit_cards": null, "payment:debit_cards": null, "landuse": null, "addr:housename": null, "wheelchair": null, "addr:full": null, "level": null, "urgent_care": null, "name:en": null, "health_facility": null, "drive_through": null, "payment:apple_pay": null, "contact:twitter": null, "not:brand:wikidata": null, "check_date:opening_hours": null, "payment:american_express": null, "payment:cheque": null, "payment:discover_card": null, "payment:mastercard": null, "payment:visa": null, "brand:website": null, "short_name": null, "branch": null, "facebook": null, "check_date": null, "fixme": null, "operator:short": null }, "geometry": { "type": "Point", "coordinates": [ -149.8402659, 61.1830061 ] } },
{ "type": "Feature", "properties": { "addr:street": null, "amenity": "doctors", "building": null, "healthcare": "doctor", "name": "Alaska Women's Advanced Pelvic Surgery & Urogynecology", "opening_hours": null, "lon": -149.8394154, "lat": 61.183855, "addr:city": null, "website": null, "addr:country": null, "addr:province": null, "building:levels": null, "healthcare:speciality": null, "historic": null, "owner": null, "source": null, "wikidata": null, "alt_name": null, "shop": null, "contact:phone": null, "contact:website": null, "postal_code": null, "healthcare:for": null, "description": null, "gnis:feature_id": null, "image": null, "note": null, "operator": null, "operator:type": null, "source:date": null, "source_ref": null, "brand": null, "brand:wikidata": null, "ele": null, "height": null, "name:tli": null, "dispensing": null, "operator:wikidata": null, "operator:wikipedia": null, "addr:unit": null, "amenity_1": null, "healthcare:counselling": null, "wikipedia": null, "office": null, "health_facility_type": null, "health_person:type": null, "old_name": null, "fax": null, "contact:facebook": null, "contact:instagram": null, "email": null, "start_date": null, "payment:cash": null, "payment:credit_cards": null, "payment:debit_cards": null, "landuse": null, "addr:housename": null, "wheelchair": null, "addr:full": null, "level": null, "urgent_care": null, "name:en": null, "health_facility": null, "drive_through": null, "payment:apple_pay": null, "contact:twitter": null, "not:brand:wikidata": null, "check_date:opening_hours": null, "payment:american_express": null, "payment:cheque": null, "payment:discover_card": null, "payment:mastercard": null, "payment:visa": null, "brand:website": null, "short_name": null, "branch": null, "facebook": null, "check_date": null, "fixme": null, "operator:short": null }, "geometry": { "type": "Point", "coordinates": [ -149.8394154, 61.183855 ] } },
{ "type": "Feature", "properties": { "addr:street": null, "amenity": "doctors", "building": null, "healthcare": "doctor", "name": "Alaska Endodontics Specialists LLC", "opening_hours": null, "lon": -149.8371922, "lat": 61.1841552, "addr:city": null, "website": null, "addr:country": null, "addr:province": null, "building:levels": null, "healthcare:speciality": null, "historic": null, "owner": null, "source": null, "wikidata": null, "alt_name": null, "shop": null, "contact:phone": null, "contact:website": null, "postal_code": null, "healthcare:for": null, "description": null, "gnis:feature_id": null, "image": null, "note": null, "operator": null, "operator:type": null, "source:date": null, "source_ref": null, "brand": null, "brand:wikidata": null, "ele": null, "height": null, "name:tli": null, "dispensing": null, "operator:wikidata": null, "operator:wikipedia": null, "addr:unit": null, "amenity_1": null, "healthcare:counselling": null, "wikipedia": null, "office": null, "health_facility_type": null, "health_person:type": null, "old_name": null, "fax": null, "contact:facebook": null, "contact:instagram": null, "email": null, "start_date": null, "payment:cash": null, "payment:credit_cards": null, "payment:debit_cards": null, "landuse": null, "addr:housename": null, "wheelchair": null, "addr:full": null, "level": null, "urgent_care": null, "name:en": null, "health_facility": null, "drive_through": null, "payment:apple_pay": null, "contact:twitter": null, "not:brand:wikidata": null, "check_date:opening_hours": null, "payment:american_express": null, "payment:cheque": null, "payment:discover_card": null, "payment:mastercard": null, "payment:visa": null, "brand:website": null, "short_name": null, "branch": null, "facebook": null, "check_date": null, "fixme": null, "operator:short": null }, "geometry": { "type": "Point", "coordinates": [ -149.8371922, 61.1841552 ] } },
{ "type": "Feature", "properties": { "addr:street": null, "amenity": "doctors", "building": null, "healthcare": "doctor", "name": "OPA–Orthopedic Physicians Alaska", "opening_hours": null, "lon": -149.8376408, "lat": 61.1856819, "addr:city": null, "website": null, "addr:country": null, "addr:province": null, "building:levels": null, "healthcare:speciality": "orthopaedics", "historic": null, "owner": null, "source": null, "wikidata": null, "alt_name": null, "shop": null, "contact:phone": null, "contact:website": null, "postal_code": null, "healthcare:for": null, "description": null, "gnis:feature_id": null, "image": null, "note": null, "operator": null, "operator:type": null, "source:date": null, "source_ref": null, "brand": null, "brand:wikidata": null, "ele": null, "height": null, "name:tli": null, "dispensing": null, "operator:wikidata": null, "operator:wikipedia": null, "addr:unit": null, "amenity_1": null, "healthcare:counselling": null, "wikipedia": null, "office": null, "health_facility_type": null, "health_person:type": null, "old_name": null, "fax": null, "contact:facebook": null, "contact:instagram": null, "email": null, "start_date": null, "payment:cash": null, "payment:credit_cards": null, "payment:debit_cards": null, "landuse": null, "addr:housename": null, "wheelchair": null, "addr:full": null, "level": null, "urgent_care": null, "name:en": null, "health_facility": null, "drive_through": null, "payment:apple_pay": null, "contact:twitter": null, "not:brand:wikidata": null, "check_date:opening_hours": null, "payment:american_express": null, "payment:cheque": null, "payment:discover_card": null, "payment:mastercard": null, "payment:visa": null, "brand:website": null, "short_name": null, "branch": null, "facebook": null, "check_date": null, "fixme": null, "operator:short": null }, "geometry": { "type": "Point", "coordinates": [ -149.8376408, 61.1856819 ] } },
{ "type": "Feature", "properties": { "addr:street": null, "amenity": "pharmacy", "building": null, "healthcare": "pharmacy", "name": "Costco Pharmacy", "opening_hours": null, "lon": -149.8045032, "lat": 61.2112621, "addr:city": null, "website": null, "addr:country": null, "addr:province": null, "building:levels": null, "healthcare:speciality": null, "historic": null, "owner": null, "source": null, "wikidata": null, "alt_name": null, "shop": null, "contact:phone": null, "contact:website": null, "postal_code": null, "healthcare:for": null, "description": null, "gnis:feature_id": null, "image": null, "note": null, "operator": null, "operator:type": null, "source:date": null, "source_ref": null, "brand": "Costco Pharmacy", "brand:wikidata": "Q715583", "ele": null, "height": null, "name:tli": null, "dispensing": null, "operator:wikidata": null, "operator:wikipedia": null, "addr:unit": null, "amenity_1": null, "healthcare:counselling": null, "wikipedia": null, "office": null, "health_facility_type": null, "health_person:type": null, "old_name": null, "fax": null, "contact:facebook": null, "contact:instagram": null, "email": null, "start_date": null, "payment:cash": null, "payment:credit_cards": null, "payment:debit_cards": null, "landuse": null, "addr:housename": null, "wheelchair": null, "addr:full": null, "level": null, "urgent_care": null, "name:en": null, "health_facility": null, "drive_through": null, "payment:apple_pay": null, "contact:twitter": null, "not:brand:wikidata": null, "check_date:opening_hours": null, "payment:american_express": null, "payment:cheque": null, "payment:discover_card": null, "payment:mastercard": null, "payment:visa": null, "brand:website": null, "short_name": null, "branch": null, "facebook": null, "check_date": null, "fixme": null, "operator:short": null }, "geometry": { "type": "Point", "coordinates": [ -149.8045032, 61.2112621 ] } },
{ "type": "Feature", "properties": { "addr:street": null, "amenity": "pharmacy", "building": null, "healthcare": "pharmacy", "name": "Carrs Pharmacy", "opening_hours": null, "lon": -149.7767952, "lat": 61.2081229, "addr:city": null, "website": "https://local.pharmacy.carrsqc.com/ak/anchorage/5600-debarr-rd.html", "addr:country": null, "addr:province": null, "building:levels": null, "healthcare:speciality": null, "historic": null, "owner": null, "source": null, "wikidata": null, "alt_name": null, "shop": null, "contact:phone": null, "contact:website": null, "postal_code": null, "healthcare:for": null, "description": null, "gnis:feature_id": null, "image": null, "note": null, "operator": null, "operator:type": null, "source:date": null, "source_ref": null, "brand": "Carrs", "brand:wikidata": "Q5046735", "ele": null, "height": null, "name:tli": null, "dispensing": null, "operator:wikidata": null, "operator:wikipedia": null, "addr:unit": null, "amenity_1": null, "healthcare:counselling": null, "wikipedia": null, "office": null, "health_facility_type": null, "health_person:type": null, "old_name": null, "fax": null, "contact:facebook": null, "contact:instagram": null, "email": null, "start_date": null, "payment:cash": null, "payment:credit_cards": null, "payment:debit_cards": null, "landuse": null, "addr:housename": null, "wheelchair": null, "addr:full": null, "level": null, "urgent_care": null, "name:en": null, "health_facility": null, "drive_through": null, "payment:apple_pay": null, "contact:twitter": null, "not:brand:wikidata": null, "check_date:opening_hours": null, "payment:american_express": null, "payment:cheque": null, "payment:discover_card": null, "payment:mastercard": null, "payment:visa": null, "brand:website": null, "short_name": null, "branch": null, "facebook": null, "check_date": null, "fixme": null, "operator:short": null }, "geometry": { "type": "Point", "coordinates": [ -149.7767952, 61.2081229 ] } },
{ "type": "Feature", "properties": { "addr:street": null, "amenity": "clinic", "building": null, "healthcare": "clinic", "name": "YKHC Health Clinic", "opening_hours": null, "lon": -160.0661999, "lat": 62.9066104, "addr:city": null, "website": null, "addr:country": null, "addr:province": null, "building:levels": null, "healthcare:speciality": null, "historic": null, "owner": null, "source": null, "wikidata": null, "alt_name": null, "shop": null, "contact:phone": null, "contact:website": null, "postal_code": null, "healthcare:for": null, "description": null, "gnis:feature_id": null, "image": null, "note": null, "operator": null, "operator:type": null, "source:date": null, "source_ref": null, "brand": null, "brand:wikidata": null, "ele": null, "height": null, "name:tli": null, "dispensing": null, "operator:wikidata": null, "operator:wikipedia": null, "addr:unit": null, "amenity_1": null, "healthcare:counselling": null, "wikipedia": null, "office": null, "health_facility_type": null, "health_person:type": null, "old_name": null, "fax": null, "contact:facebook": null, "contact:instagram": null, "email": null, "start_date": null, "payment:cash": null, "payment:credit_cards": null, "payment:debit_cards": null, "landuse": null, "addr:housename": null, "wheelchair": null, "addr:full": null, "level": null, "urgent_care": null, "name:en": null, "health_facility": null, "drive_through": null, "payment:apple_pay": null, "contact:twitter": null, "not:brand:wikidata": null, "check_date:opening_hours": null, "payment:american_express": null, "payment:cheque": null, "payment:discover_card": null, "payment:mastercard": null, "payment:visa": null, "brand:website": null, "short_name": null, "branch": null, "facebook": null, "check_date": null, "fixme": null, "operator:short": null }, "geometry": { "type": "Point", "coordinates": [ -160.066199899999987, 62.9066104 ] } },
{ "type": "Feature", "properties": { "addr:street": null, "amenity": "clinic", "building": null, "healthcare": "clinic", "name": null, "opening_hours": null, "lon": -158.1130196, "lat": 64.7346938, "addr:city": null, "website": null, "addr:country": null, "addr:province": null, "building:levels": null, "healthcare:speciality": null, "historic": null, "owner": null, "source": null, "wikidata": null, "alt_name": null, "shop": null, "contact:phone": null, "contact:website": null, "postal_code": null, "healthcare:for": null, "description": null, "gnis:feature_id": null, "image": null, "note": null, "operator": null, "operator:type": null, "source:date": null, "source_ref": null, "brand": null, "brand:wikidata": null, "ele": null, "height": null, "name:tli": null, "dispensing": null, "operator:wikidata": null, "operator:wikipedia": null, "addr:unit": null, "amenity_1": null, "healthcare:counselling": null, "wikipedia": null, "office": null, "health_facility_type": null, "health_person:type": null, "old_name": null, "fax": null, "contact:facebook": null, "contact:instagram": null, "email": null, "start_date": null, "payment:cash": null, "payment:credit_cards": null, "payment:debit_cards": null, "landuse": null, "addr:housename": null, "wheelchair": null, "addr:full": null, "level": null, "urgent_care": null, "name:en": null, "health_facility": null, "drive_through": null, "payment:apple_pay": null, "contact:twitter": null, "not:brand:wikidata": null, "check_date:opening_hours": null, "payment:american_express": null, "payment:cheque": null, "payment:discover_card": null, "payment:mastercard": null, "payment:visa": null, "brand:website": null, "short_name": null, "branch": null, "facebook": null, "check_date": null, "fixme": null, "operator:short": null }, "geometry": { "type": "Point", "coordinates": [ -158.1130196, 64.7346938 ] } },
{ "type": "Feature", "properties": { "addr:street": null, "amenity": "clinic", "building": null, "healthcare": "clinic", "name": null, "opening_hours": null, "lon": -158.7254195, "lat": 64.328724, "addr:city": null, "website": null, "addr:country": null, "addr:province": null, "building:levels": null, "healthcare:speciality": null, "historic": null, "owner": null, "source": null, "wikidata": null, "alt_name": null, "shop": null, "contact:phone": null, "contact:website": null, "postal_code": null, "healthcare:for": null, "description": null, "gnis:feature_id": null, "image": null, "note": null, "operator": null, "operator:type": null, "source:date": null, "source_ref": null, "brand": null, "brand:wikidata": null, "ele": null, "height": null, "name:tli": null, "dispensing": null, "operator:wikidata": null, "operator:wikipedia": null, "addr:unit": null, "amenity_1": null, "healthcare:counselling": null, "wikipedia": null, "office": null, "health_facility_type": null, "health_person:type": null, "old_name": null, "fax": null, "contact:facebook": null, "contact:instagram": null, "email": null, "start_date": null, "payment:cash": null, "payment:credit_cards": null, "payment:debit_cards": null, "landuse": null, "addr:housename": null, "wheelchair": null, "addr:full": null, "level": null, "urgent_care": null, "name:en": null, "health_facility": null, "drive_through": null, "payment:apple_pay": null, "contact:twitter": null, "not:brand:wikidata": null, "check_date:opening_hours": null, "payment:american_express": null, "payment:cheque": null, "payment:discover_card": null, "payment:mastercard": null, "payment:visa": null, "brand:website": null, "short_name": null, "branch": null, "facebook": null, "check_date": null, "fixme": null, "operator:short": null }, "geometry": { "type": "Point", "coordinates": [ -158.725419499999987, 64.328724 ] } },
{ "type": "Feature", "properties": { "addr:street": null, "amenity": "clinic", "building": null, "healthcare": "clinic", "name": null, "opening_hours": null, "lon": -160.1994357, "lat": 62.6522662, "addr:city": null, "website": null, "addr:country": null, "addr:province": null, "building:levels": null, "healthcare:speciality": null, "historic": null, "owner": null, "source": null, "wikidata": null, "alt_name": null, "shop": null, "contact:phone": null, "contact:website": null, "postal_code": null, "healthcare:for": null, "description": null, "gnis:feature_id": null, "image": null, "note": null, "operator": null, "operator:type": null, "source:date": null, "source_ref": null, "brand": null, "brand:wikidata": null, "ele": null, "height": null, "name:tli": null, "dispensing": null, "operator:wikidata": null, "operator:wikipedia": null, "addr:unit": null, "amenity_1": null, "healthcare:counselling": null, "wikipedia": null, "office": null, "health_facility_type": null, "health_person:type": null, "old_name": null, "fax": null, "contact:facebook": null, "contact:instagram": null, "email": null, "start_date": null, "payment:cash": null, "payment:credit_cards": null, "payment:debit_cards": null, "landuse": null, "addr:housename": null, "wheelchair": null, "addr:full": null, "level": null, "urgent_care": null, "name:en": null, "health_facility": null, "drive_through": null, "payment:apple_pay": null, "contact:twitter": null, "not:brand:wikidata": null, "check_date:opening_hours": null, "payment:american_express": null, "payment:cheque": null, "payment:discover_card": null, "payment:mastercard": null, "payment:visa": null, "brand:website": null, "short_name": null, "branch": null, "facebook": null, "check_date": null, "fixme": null, "operator:short": null }, "geometry": { "type": "Point", "coordinates": [ -160.1994357, 62.6522662 ] } },
{ "type": "Feature", "properties": { "addr:street": null, "amenity": "clinic", "building": null, "healthcare": null, "name": "Aerospace Medicine", "opening_hours": null, "lon": -149.8080696, "lat": 61.242361, "addr:city": null, "website": null, "addr:country": null, "addr:province": null, "building:levels": null, "healthcare:speciality": "Flight Medicine", "historic": null, "owner": null, "source": null, "wikidata": null, "alt_name": null, "shop": null, "contact:phone": null, "contact:website": null, "postal_code": null, "healthcare:for": null, "description": null, "gnis:feature_id": null, "image": null, "note": null, "operator": null, "operator:type": null, "source:date": null, "source_ref": null, "brand": null, "brand:wikidata": null, "ele": null, "height": null, "name:tli": null, "dispensing": null, "operator:wikidata": null, "operator:wikipedia": null, "addr:unit": null, "amenity_1": null, "healthcare:counselling": null, "wikipedia": null, "office": null, "health_facility_type": null, "health_person:type": null, "old_name": null, "fax": null, "contact:facebook": null, "contact:instagram": null, "email": null, "start_date": null, "payment:cash": null, "payment:credit_cards": null, "payment:debit_cards": null, "landuse": null, "addr:housename": null, "wheelchair": null, "addr:full": null, "level": null, "urgent_care": null, "name:en": null, "health_facility": null, "drive_through": null, "payment:apple_pay": null, "contact:twitter": null, "not:brand:wikidata": null, "check_date:opening_hours": null, "payment:american_express": null, "payment:cheque": null, "payment:discover_card": null, "payment:mastercard": null, "payment:visa": null, "brand:website": null, "short_name": null, "branch": null, "facebook": null, "check_date": null, "fixme": null, "operator:short": null }, "geometry": { "type": "Point", "coordinates": [ -149.80806960000001, 61.242361 ] } },
{ "type": "Feature", "properties": { "addr:street": null, "amenity": "pharmacy", "building": null, "healthcare": null, "name": "JBER Satellite Pharmacy", "opening_hours": "Mo-Fr 08:00-17:00; ph off", "lon": -149.765792, "lat": 61.2345733, "addr:city": null, "website": null, "addr:country": null, "addr:province": null, "building:levels": null, "healthcare:speciality": null, "historic": null, "owner": null, "source": null, "wikidata": null, "alt_name": null, "shop": null, "contact:phone": null, "contact:website": null, "postal_code": null, "healthcare:for": null, "description": null, "gnis:feature_id": null, "image": null, "note": null, "operator": null, "operator:type": null, "source:date": null, "source_ref": null, "brand": null, "brand:wikidata": null, "ele": null, "height": null, "name:tli": null, "dispensing": null, "operator:wikidata": null, "operator:wikipedia": null, "addr:unit": null, "amenity_1": null, "healthcare:counselling": null, "wikipedia": null, "office": null, "health_facility_type": null, "health_person:type": null, "old_name": null, "fax": null, "contact:facebook": null, "contact:instagram": null, "email": null, "start_date": null, "payment:cash": null, "payment:credit_cards": null, "payment:debit_cards": null, "landuse": null, "addr:housename": null, "wheelchair": null, "addr:full": null, "level": null, "urgent_care": null, "name:en": null, "health_facility": null, "drive_through": null, "payment:apple_pay": null, "contact:twitter": null, "not:brand:wikidata": null, "check_date:opening_hours": null, "payment:american_express": null, "payment:cheque": null, "payment:discover_card": null, "payment:mastercard": null, "payment:visa": null, "brand:website": null, "short_name": null, "branch": null, "facebook": null, "check_date": null, "fixme": null, "operator:short": null }, "geometry": { "type": "Point", "coordinates": [ -149.765792, 61.2345733 ] } },
{ "type": "Feature", "properties": { "addr:street": null, "amenity": "doctors", "building": null, "healthcare": "doctor", "name": null, "opening_hours": null, "lon": -149.877701, "lat": 61.1452768, "addr:city": null, "website": null, "addr:country": null, "addr:province": null, "building:levels": null, "healthcare:speciality": null, "historic": null, "owner": null, "source": null, "wikidata": null, "alt_name": null, "shop": null, "contact:phone": null, "contact:website": null, "postal_code": null, "healthcare:for": null, "description": "chiropractor", "gnis:feature_id": null, "image": null, "note": null, "operator": null, "operator:type": null, "source:date": null, "source_ref": null, "brand": null, "brand:wikidata": null, "ele": null, "height": null, "name:tli": null, "dispensing": null, "operator:wikidata": null, "operator:wikipedia": null, "addr:unit": null, "amenity_1": null, "healthcare:counselling": null, "wikipedia": null, "office": null, "health_facility_type": null, "health_person:type": null, "old_name": null, "fax": null, "contact:facebook": null, "contact:instagram": null, "email": null, "start_date": null, "payment:cash": null, "payment:credit_cards": null, "payment:debit_cards": null, "landuse": null, "addr:housename": null, "wheelchair": null, "addr:full": null, "level": null, "urgent_care": null, "name:en": null, "health_facility": null, "drive_through": null, "payment:apple_pay": null, "contact:twitter": null, "not:brand:wikidata": null, "check_date:opening_hours": null, "payment:american_express": null, "payment:cheque": null, "payment:discover_card": null, "payment:mastercard": null, "payment:visa": null, "brand:website": null, "short_name": null, "branch": null, "facebook": null, "check_date": null, "fixme": "True", "operator:short": null }, "geometry": { "type": "Point", "coordinates": [ -149.877701, 61.1452768 ] } },
{ "type": "Feature", "properties": { "addr:street": null, "amenity": "doctors", "building": null, "healthcare": null, "name": "Live Well Chiropractic", "opening_hours": "Mo-Fr 09:00-13:00, 15:00-18:00", "lon": -149.88358, "lat": 61.1803005, "addr:city": null, "website": null, "addr:country": null, "addr:province": null, "building:levels": null, "healthcare:speciality": null, "historic": null, "owner": null, "source": null, "wikidata": null, "alt_name": null, "shop": null, "contact:phone": null, "contact:website": null, "postal_code": null, "healthcare:for": null, "description": null, "gnis:feature_id": null, "image": null, "note": null, "operator": null, "operator:type": null, "source:date": null, "source_ref": null, "brand": null, "brand:wikidata": null, "ele": null, "height": null, "name:tli": null, "dispensing": null, "operator:wikidata": null, "operator:wikipedia": null, "addr:unit": null, "amenity_1": null, "healthcare:counselling": null, "wikipedia": null, "office": null, "health_facility_type": null, "health_person:type": null, "old_name": null, "fax": null, "contact:facebook": null, "contact:instagram": null, "email": null, "start_date": null, "payment:cash": null, "payment:credit_cards": null, "payment:debit_cards": null, "landuse": null, "addr:housename": null, "wheelchair": null, "addr:full": null, "level": null, "urgent_care": null, "name:en": null, "health_facility": null, "drive_through": null, "payment:apple_pay": null, "contact:twitter": null, "not:brand:wikidata": null, "check_date:opening_hours": null, "payment:american_express": null, "payment:cheque": null, "payment:discover_card": null, "payment:mastercard": null, "payment:visa": null, "brand:website": null, "short_name": null, "branch": null, "facebook": null, "check_date": null, "fixme": null, "operator:short": null }, "geometry": { "type": "Point", "coordinates": [ -149.88358, 61.1803005 ] } },
{ "type": "Feature", "properties": { "addr:street": null, "amenity": "clinic", "building": null, "healthcare": "clinic", "name": "Anchorage Fracture and Orthopedic Clinic", "opening_hours": null, "lon": -149.5646607, "lat": 61.3408538, "addr:city": null, "website": null, "addr:country": null, "addr:province": null, "building:levels": null, "healthcare:speciality": null, "historic": null, "owner": null, "source": null, "wikidata": null, "alt_name": null, "shop": null, "contact:phone": null, "contact:website": null, "postal_code": null, "healthcare:for": null, "description": null, "gnis:feature_id": null, "image": null, "note": null, "operator": null, "operator:type": null, "source:date": null, "source_ref": null, "brand": null, "brand:wikidata": null, "ele": null, "height": null, "name:tli": null, "dispensing": null, "operator:wikidata": null, "operator:wikipedia": null, "addr:unit": null, "amenity_1": null, "healthcare:counselling": null, "wikipedia": null, "office": null, "health_facility_type": null, "health_person:type": null, "old_name": null, "fax": null, "contact:facebook": null, "contact:instagram": null, "email": null, "start_date": null, "payment:cash": null, "payment:credit_cards": null, "payment:debit_cards": null, "landuse": null, "addr:housename": null, "wheelchair": null, "addr:full": null, "level": null, "urgent_care": null, "name:en": null, "health_facility": null, "drive_through": null, "payment:apple_pay": null, "contact:twitter": null, "not:brand:wikidata": null, "check_date:opening_hours": null, "payment:american_express": null, "payment:cheque": null, "payment:discover_card": null, "payment:mastercard": null, "payment:visa": null, "brand:website": null, "short_name": null, "branch": null, "facebook": null, "check_date": null, "fixme": null, "operator:short": null }, "geometry": { "type": "Point", "coordinates": [ -149.5646607, 61.3408538 ] } },
{ "type": "Feature", "properties": { "addr:street": null, "amenity": "clinic", "building": null, "healthcare": "clinic", "name": "Capstone Clinic", "opening_hours": null, "lon": -149.5643032, "lat": 61.3407859, "addr:city": null, "website": null, "addr:country": null, "addr:province": null, "building:levels": null, "healthcare:speciality": null, "historic": null, "owner": null, "source": null, "wikidata": null, "alt_name": null, "shop": null, "contact:phone": null, "contact:website": null, "postal_code": null, "healthcare:for": null, "description": null, "gnis:feature_id": null, "image": null, "note": null, "operator": null, "operator:type": null, "source:date": null, "source_ref": null, "brand": null, "brand:wikidata": null, "ele": null, "height": null, "name:tli": null, "dispensing": null, "operator:wikidata": null, "operator:wikipedia": null, "addr:unit": null, "amenity_1": null, "healthcare:counselling": null, "wikipedia": null, "office": null, "health_facility_type": null, "health_person:type": null, "old_name": null, "fax": null, "contact:facebook": null, "contact:instagram": null, "email": null, "start_date": null, "payment:cash": null, "payment:credit_cards": null, "payment:debit_cards": null, "landuse": null, "addr:housename": null, "wheelchair": null, "addr:full": null, "level": null, "urgent_care": null, "name:en": null, "health_facility": null, "drive_through": null, "payment:apple_pay": null, "contact:twitter": null, "not:brand:wikidata": null, "check_date:opening_hours": null, "payment:american_express": null, "payment:cheque": null, "payment:discover_card": null, "payment:mastercard": null, "payment:visa": null, "brand:website": null, "short_name": null, "branch": null, "facebook": null, "check_date": null, "fixme": null, "operator:short": null }, "geometry": { "type": "Point", "coordinates": [ -149.564303200000012, 61.3407859 ] } },
{ "type": "Feature", "properties": { "addr:street": null, "amenity": "hospital", "building": null, "healthcare": "hospital", "name": null, "opening_hours": null, "lon": -162.2961011, "lat": 55.0484928, "addr:city": null, "website": null, "addr:country": null, "addr:province": null, "building:levels": null, "healthcare:speciality": null, "historic": null, "owner": null, "source": null, "wikidata": null, "alt_name": null, "shop": null, "contact:phone": null, "contact:website": null, "postal_code": null, "healthcare:for": null, "description": null, "gnis:feature_id": null, "image": null, "note": null, "operator": null, "operator:type": null, "source:date": null, "source_ref": null, "brand": null, "brand:wikidata": null, "ele": null, "height": null, "name:tli": null, "dispensing": null, "operator:wikidata": null, "operator:wikipedia": null, "addr:unit": null, "amenity_1": null, "healthcare:counselling": null, "wikipedia": null, "office": null, "health_facility_type": null, "health_person:type": null, "old_name": null, "fax": null, "contact:facebook": null, "contact:instagram": null, "email": null, "start_date": null, "payment:cash": null, "payment:credit_cards": null, "payment:debit_cards": null, "landuse": null, "addr:housename": null, "wheelchair": null, "addr:full": null, "level": null, "urgent_care": null, "name:en": null, "health_facility": null, "drive_through": null, "payment:apple_pay": null, "contact:twitter": null, "not:brand:wikidata": null, "check_date:opening_hours": null, "payment:american_express": null, "payment:cheque": null, "payment:discover_card": null, "payment:mastercard": null, "payment:visa": null, "brand:website": null, "short_name": null, "branch": null, "facebook": null, "check_date": null, "fixme": null, "operator:short": null }, "geometry": { "type": "Point", "coordinates": [ -162.296101099999987, 55.0484928 ] } },
{ "type": "Feature", "properties": { "addr:street": "East Northern Lights Boulevard", "amenity": "hospital", "building": null, "healthcare": null, "name": "Northern Lights Imaging", "opening_hours": "Mo-Fr 08:00-18:00", "lon": -149.8409453, "lat": 61.1949647, "addr:city": null, "website": "https://nliak.com/", "addr:country": null, "addr:province": null, "building:levels": null, "healthcare:speciality": null, "historic": null, "owner": null, "source": null, "wikidata": null, "alt_name": null, "shop": null, "contact:phone": null, "contact:website": null, "postal_code": null, "healthcare:for": null, "description": null, "gnis:feature_id": null, "image": null, "note": null, "operator": null, "operator:type": null, "source:date": null, "source_ref": null, "brand": null, "brand:wikidata": null, "ele": null, "height": null, "name:tli": null, "dispensing": null, "operator:wikidata": null, "operator:wikipedia": null, "addr:unit": null, "amenity_1": null, "healthcare:counselling": null, "wikipedia": null, "office": null, "health_facility_type": null, "health_person:type": null, "old_name": null, "fax": null, "contact:facebook": null, "contact:instagram": null, "email": null, "start_date": null, "payment:cash": null, "payment:credit_cards": null, "payment:debit_cards": null, "landuse": null, "addr:housename": null, "wheelchair": null, "addr:full": null, "level": null, "urgent_care": null, "name:en": null, "health_facility": null, "drive_through": null, "payment:apple_pay": null, "contact:twitter": null, "not:brand:wikidata": null, "check_date:opening_hours": null, "payment:american_express": null, "payment:cheque": null, "payment:discover_card": null, "payment:mastercard": null, "payment:visa": null, "brand:website": null, "short_name": null, "branch": null, "facebook": null, "check_date": null, "fixme": null, "operator:short": null }, "geometry": { "type": "Point", "coordinates": [ -149.840945299999987, 61.1949647 ] } },
{ "type": "Feature", "properties": { "addr:street": null, "amenity": "clinic", "building": null, "healthcare": "clinic", "name": null, "opening_hours": null, "lon": -165.7737431, "lat": 54.1344421, "addr:city": null, "website": null, "addr:country": null, "addr:province": null, "building:levels": null, "healthcare:speciality": null, "historic": null, "owner": null, "source": null, "wikidata": null, "alt_name": null, "shop": null, "contact:phone": null, "contact:website": null, "postal_code": null, "healthcare:for": null, "description": null, "gnis:feature_id": null, "image": null, "note": null, "operator": null, "operator:type": null, "source:date": null, "source_ref": null, "brand": null, "brand:wikidata": null, "ele": null, "height": null, "name:tli": null, "dispensing": null, "operator:wikidata": null, "operator:wikipedia": null, "addr:unit": null, "amenity_1": null, "healthcare:counselling": null, "wikipedia": null, "office": null, "health_facility_type": null, "health_person:type": null, "old_name": null, "fax": null, "contact:facebook": null, "contact:instagram": null, "email": null, "start_date": null, "payment:cash": null, "payment:credit_cards": null, "payment:debit_cards": null, "landuse": null, "addr:housename": null, "wheelchair": null, "addr:full": null, "level": null, "urgent_care": null, "name:en": null, "health_facility": null, "drive_through": null, "payment:apple_pay": null, "contact:twitter": null, "not:brand:wikidata": null, "check_date:opening_hours": null, "payment:american_express": null, "payment:cheque": null, "payment:discover_card": null, "payment:mastercard": null, "payment:visa": null, "brand:website": null, "short_name": null, "branch": null, "facebook": null, "check_date": null, "fixme": null, "operator:short": null }, "geometry": { "type": "Point", "coordinates": [ -165.7737431, 54.1344421 ] } },
{ "type": "Feature", "properties": { "addr:street": "Phillips Field Road", "amenity": "clinic", "building": null, "healthcare": "clinic", "name": "VA Clinic", "opening_hours": "Mo-Fr 07:00-16:30; Sa-Su off", "lon": -147.7841034, "lat": 64.8466694, "addr:city": "Fairbanks", "website": "https://www.va.gov/alaska-health-care/locations/fairbanks-va-clinic/", "addr:country": null, "addr:province": null, "building:levels": null, "healthcare:speciality": null, "historic": null, "owner": null, "source": null, "wikidata": null, "alt_name": null, "shop": null, "contact:phone": null, "contact:website": null, "postal_code": null, "healthcare:for": "veteran", "description": null, "gnis:feature_id": null, "image": null, "note": null, "operator": "Veterans Health Administration", "operator:type": "government", "source:date": null, "source_ref": null, "brand": null, "brand:wikidata": null, "ele": null, "height": null, "name:tli": null, "dispensing": null, "operator:wikidata": "Q6580225", "operator:wikipedia": null, "addr:unit": null, "amenity_1": null, "healthcare:counselling": null, "wikipedia": null, "office": null, "health_facility_type": null, "health_person:type": null, "old_name": null, "fax": null, "contact:facebook": null, "contact:instagram": null, "email": null, "start_date": null, "payment:cash": null, "payment:credit_cards": null, "payment:debit_cards": null, "landuse": null, "addr:housename": null, "wheelchair": null, "addr:full": null, "level": null, "urgent_care": null, "name:en": null, "health_facility": null, "drive_through": null, "payment:apple_pay": null, "contact:twitter": null, "not:brand:wikidata": null, "check_date:opening_hours": null, "payment:american_express": null, "payment:cheque": null, "payment:discover_card": null, "payment:mastercard": null, "payment:visa": null, "brand:website": null, "short_name": "VA", "branch": null, "facebook": null, "check_date": null, "fixme": null, "operator:short": "VA" }, "geometry": { "type": "Point", "coordinates": [ -147.7841034, 64.8466694 ] } },
{ "type": "Feature", "properties": { "addr:street": "Chief William Drive", "amenity": "clinic", "building": null, "healthcare": "clinic", "name": "Aurora Plastic & Hand Surgery", "opening_hours": null, "lon": -147.781793, "lat": 64.8457219, "addr:city": "Fairbanks", "website": null, "addr:country": null, "addr:province": null, "building:levels": null, "healthcare:speciality": null, "historic": null, "owner": null, "source": null, "wikidata": null, "alt_name": null, "shop": null, "contact:phone": null, "contact:website": null, "postal_code": null, "healthcare:for": null, "description": null, "gnis:feature_id": null, "image": null, "note": null, "operator": null, "operator:type": null, "source:date": null, "source_ref": null, "brand": null, "brand:wikidata": null, "ele": null, "height": null, "name:tli": null, "dispensing": null, "operator:wikidata": null, "operator:wikipedia": null, "addr:unit": "100", "amenity_1": null, "healthcare:counselling": null, "wikipedia": null, "office": null, "health_facility_type": null, "health_person:type": null, "old_name": null, "fax": null, "contact:facebook": null, "contact:instagram": null, "email": null, "start_date": null, "payment:cash": null, "payment:credit_cards": null, "payment:debit_cards": null, "landuse": null, "addr:housename": null, "wheelchair": null, "addr:full": null, "level": null, "urgent_care": null, "name:en": null, "health_facility": null, "drive_through": null, "payment:apple_pay": null, "contact:twitter": null, "not:brand:wikidata": null, "check_date:opening_hours": null, "payment:american_express": null, "payment:cheque": null, "payment:discover_card": null, "payment:mastercard": null, "payment:visa": null, "brand:website": null, "short_name": null, "branch": null, "facebook": null, "check_date": null, "fixme": null, "operator:short": null }, "geometry": { "type": "Point", "coordinates": [ -147.781793, 64.8457219 ] } }
]
}
