{
  "type": "FeatureCollection",
  "generator": "overpass-turbo",
  "copyright": "The data included in this document is from www.openstreetmap.org. The data is made available under ODbL.",
  "timestamp": "2026-01-03T07:53:56Z",
  "features": [
    {
      "type": "Feature",
      "properties": {
        "@id": "way/60952127",
        "addr:housenumber": "1001",
        "addr:street": "Noble Street",
        "amenity": "clinic",
        "building": "yes",
        "healthcare": "clinic",
        "name": "Tanana Valley Clinc",
        "opening_hours": "Mo-Fr 08:00-17:00"
      },
      "geometry": {
        "type": "Polygon",
        "coordinates": [
          [
            [
              -147.713902,
              64.8392691
            ],
            [
              -147.713778,
              64.8388872
            ],
            [
              -147.7129739,
              64.8389344
            ],
            [
              -147.7130221,
              64.8390828
            ],
            [
              -147.7129195,
              64.8390888
            ],
            [
              -147.7129517,
              64.839188
            ],
            [
              -147.7130543,
              64.839182
            ],
            [
              -147.7130979,
              64.8393163
            ],
            [
              -147.713902,
              64.8392691
            ]
          ]
        ]
      },
      "id": "way/60952127"
    },
    {
      "type": "Feature",
      "properties": {
        "@id": "way/129095635",
        "amenity": "hospital",
        "building": "yes",
        "building:colour": "blue",
        "building:levels": "2",
        "healthcare": "hospital",
        "roof:colour": "blue"
      },
      "geometry": {
        "type": "Polygon",
        "coordinates": [
          [
            [
              -173.2420029,
              64.4204802
            ],
            [
              -173.2414214,
              64.4205514
            ],
            [
              -173.241507,
              64.4206816
            ],
            [
              -173.2420885,
              64.4206103
            ],
            [
              -173.2420029,
              64.4204802
            ]
          ]
        ]
      },
      "id": "way/129095635"
    },
    {
      "type": "Feature",
      "properties": {
        "@id": "way/129095642",
        "addr:city": "Провидения",
        "addr:housenumber": "1А",
        "addr:street": "Полярная улица",
        "amenity": "hospital",
        "building": "yes",
        "building:levels": "3",
        "healthcare": "hospital",
        "name": "Районная больница"
      },
      "geometry": {
        "type": "Polygon",
        "coordinates": [
          [
            [
              -173.2418242,
              64.4208805
            ],
            [
              -173.2410929,
              64.4210031
            ],
            [
              -173.241191,
              64.4211121
            ],
            [
              -173.2419222,
              64.4209896
            ],
            [
              -173.2418242,
              64.4208805
            ]
          ]
        ]
      },
      "id": "way/129095642"
    },
    {
      "type": "Feature",
      "properties": {
        "@id": "way/129095653",
        "addr:housenumber": "53/1",
        "addr:street": "улица Набережная Дежнёва",
        "amenity": "pharmacy",
        "building": "yes",
        "building:levels": "2",
        "healthcare": "pharmacy"
      },
      "geometry": {
        "type": "Polygon",
        "coordinates": [
          [
            [
              -173.2194419,
              64.4272746
            ],
            [
              -173.219163,
              64.4274845
            ],
            [
              -173.2195129,
              64.4275711
            ],
            [
              -173.2197917,
              64.4273612
            ],
            [
              -173.2196772,
              64.4273328
            ],
            [
              -173.2194419,
              64.4272746
            ]
          ]
        ]
      },
      "id": "way/129095653"
    },
    {
      "type": "Feature",
      "properties": {
        "@id": "way/145086381",
        "addr:housenumber": "2",
        "addr:street": "улица Мира",
        "amenity": "doctors",
        "building": "yes",
        "building:levels": "1",
        "healthcare": "doctor"
      },
      "geometry": {
        "type": "Polygon",
        "coordinates": [
          [
            [
              -172.8605912,
              64.4978253
            ],
            [
              -172.8608109,
              64.4977516
            ],
            [
              -172.8606472,
              64.497661
            ],
            [
              -172.8605846,
              64.497682
            ],
            [
              -172.8604275,
              64.4977347
            ],
            [
              -172.8605912,
              64.4978253
            ]
          ]
        ]
      },
      "id": "way/145086381"
    },
    {
      "type": "Feature",
      "properties": {
        "@id": "way/181375407",
        "addr:city": "Valdez",
        "addr:housenumber": "911",
        "addr:postcode": "99686",
        "addr:state": "AK",
        "addr:street": "Meals Avenue",
        "amenity": "hospital",
        "beds": "10",
        "building": "yes",
        "emergency": "yes",
        "healthcare": "hospital",
        "name": "Providence Valdez Medical Center",
        "phone": "+1 907 835 2249",
        "website": "https://alaska.providence.org/locations/p/pvmc"
      },
      "geometry": {
        "type": "Polygon",
        "coordinates": [
          [
            [
              -146.3477186,
              61.1366399
            ],
            [
              -146.3469409,
              61.1364027
            ],
            [
              -146.34679,
              61.1363567
            ],
            [
              -146.3465003,
              61.1362683
            ],
            [
              -146.3464611,
              61.1362983
            ],
            [
              -146.3464092,
              61.1362825
            ],
            [
              -146.3465441,
              61.1361793
            ],
            [
              -146.3465589,
              61.1361661
            ],
            [
              -146.3460979,
              61.1360279
            ],
            [
              -146.3460847,
              61.136038
            ],
            [
              -146.3455557,
              61.1364425
            ],
            [
              -146.3457701,
              61.1365079
            ],
            [
              -146.3456952,
              61.1365651
            ],
            [
              -146.3459479,
              61.1366421
            ],
            [
              -146.3460062,
              61.1365975
            ],
            [
              -146.3461037,
              61.1366271
            ],
            [
              -146.3461409,
              61.1365987
            ],
            [
              -146.346267,
              61.1366371
            ],
            [
              -146.3462385,
              61.1366589
            ],
            [
              -146.3461724,
              61.1366729
            ],
            [
              -146.3461064,
              61.1366647
            ],
            [
              -146.3460495,
              61.136711
            ],
            [
              -146.3460762,
              61.1367283
            ],
            [
              -146.346088,
              61.1367525
            ],
            [
              -146.346082,
              61.1367767
            ],
            [
              -146.3460382,
              61.1367952
            ],
            [
              -146.3459954,
              61.1368021
            ],
            [
              -146.3459375,
              61.1367838
            ],
            [
              -146.345848,
              61.1368501
            ],
            [
              -146.345896,
              61.1368652
            ],
            [
              -146.3459167,
              61.1369059
            ],
            [
              -146.3458762,
              61.1369376
            ],
            [
              -146.3459718,
              61.136966
            ],
            [
              -146.3459249,
              61.1370028
            ],
            [
              -146.3461206,
              61.1370609
            ],
            [
              -146.346174,
              61.1370191
            ],
            [
              -146.3462727,
              61.1370484
            ],
            [
              -146.3463109,
              61.1370184
            ],
            [
              -146.3464003,
              61.1370075
            ],
            [
              -146.34644,
              61.1370192
            ],
            [
              -146.3465028,
              61.1369697
            ],
            [
              -146.346459,
              61.1369364
            ],
            [
              -146.3464566,
              61.1369079
            ],
            [
              -146.3464915,
              61.136885
            ],
            [
              -146.3465538,
              61.1368723
            ],
            [
              -146.3466202,
              61.1368794
            ],
            [
              -146.3466819,
              61.1368297
            ],
            [
              -146.3466487,
              61.1368131
            ],
            [
              -146.3466221,
              61.1367745
            ],
            [
              -146.3466926,
              61.1367207
            ],
            [
              -146.3468576,
              61.136771
            ],
            [
              -146.3468328,
              61.13679
            ],
            [
              -146.3468991,
              61.1368103
            ],
            [
              -146.3468732,
              61.13683
            ],
            [
              -146.3473445,
              61.1369739
            ],
            [
              -146.3476045,
              61.1367753
            ],
            [
              -146.3475594,
              61.1367616
            ],
            [
              -146.3477186,
              61.1366399
            ]
          ]
        ]
      },
      "id": "way/181375407"
    },
    {
      "type": "Feature",
      "properties": {
        "@id": "way/188008270",
        "addr:housenumber": "3209",
        "addr:street": "Oceanview Drive",
        "amenity": "hospital",
        "building": "hospital",
        "healthcare": "hospital",
        "healthcare:speciality": "community;general;clinic",
        "name": "Haida Gwaii Hospital and Health Centre",
        "name:hai": "Xaayda Gwaay Ngaaysdll Naay",
        "operator": "Northern Health",
        "source": "Bing",
        "wheelchair": "yes"
      },
      "geometry": {
        "type": "Polygon",
        "coordinates": [
          [
            [
              -132.0697063,
              53.2549321
            ],
            [
              -132.0700869,
              53.2551577
            ],
            [
              -132.0706752,
              53.2551635
            ],
            [
              -132.0706767,
              53.2551069
            ],
            [
              -132.070879,
              53.2551089
            ],
            [
              -132.0708816,
              53.2550138
            ],
            [
              -132.0707139,
              53.2550086
            ],
            [
              -132.0706822,
              53.2549066
            ],
            [
              -132.0704704,
              53.2549045
            ],
            [
              -132.0704714,
              53.2548686
            ],
            [
              -132.0703278,
              53.2548672
            ],
            [
              -132.0701546,
              53.2548655
            ],
            [
              -132.0701654,
              53.2547182
            ],
            [
              -132.0699468,
              53.2546837
            ],
            [
              -132.0697376,
              53.2547166
            ],
            [
              -132.0697063,
              53.2549321
            ]
          ]
        ]
      },
      "id": "way/188008270"
    },
    {
      "type": "Feature",
      "properties": {
        "@id": "way/199406641",
        "amenity": "doctors",
        "building": "yes",
        "healthcare": "doctor",
        "name": "Bartlett Regional Hospital"
      },
      "geometry": {
        "type": "Polygon",
        "coordinates": [
          [
            [
              -134.4656343,
              58.3291678
            ],
            [
              -134.4653741,
              58.3289791
            ],
            [
              -134.4655767,
              58.3289033
            ],
            [
              -134.4655565,
              58.3288861
            ],
            [
              -134.4662258,
              58.3286385
            ],
            [
              -134.4661534,
              58.3285554
            ],
            [
              -134.4658825,
              58.3283357
            ],
            [
              -134.4655553,
              58.328447
            ],
            [
              -134.4654841,
              58.3283947
            ],
            [
              -134.4652817,
              58.3284695
            ],
            [
              -134.4653514,
              58.3285272
            ],
            [
              -134.465051,
              58.3286301
            ],
            [
              -134.4649652,
              58.3285639
            ],
            [
              -134.4647345,
              58.328647
            ],
            [
              -134.464764,
              58.3286667
            ],
            [
              -134.4647277,
              58.3286805
            ],
            [
              -134.4646916,
              58.3286639
            ],
            [
              -134.4643483,
              58.3287821
            ],
            [
              -134.4644341,
              58.328854
            ],
            [
              -134.4643322,
              58.3288878
            ],
            [
              -134.4643012,
              58.3288566
            ],
            [
              -134.4641525,
              58.3289018
            ],
            [
              -134.4646767,
              58.3293424
            ],
            [
              -134.4646982,
              58.3293326
            ],
            [
              -134.4647652,
              58.3293819
            ],
            [
              -134.4650135,
              58.3292933
            ],
            [
              -134.4651542,
              58.3294157
            ],
            [
              -134.465456,
              58.3293074
            ],
            [
              -134.4654036,
              58.3292579
            ],
            [
              -134.4656343,
              58.3291678
            ]
          ]
        ]
      },
      "id": "way/199406641"
    },
    {
      "type": "Feature",
      "properties": {
        "@id": "way/201117801",
        "addr:city": "Homer",
        "addr:country": "US",
        "addr:housenumber": "141",
        "addr:postcode": "99603",
        "addr:province": "Kenai Peninsula Borough",
        "addr:state": "AK",
        "addr:street": "West Pioneer Avenue",
        "amenity": "clinic",
        "building": "yes",
        "building:levels": "1",
        "healthcare": "clinic",
        "healthcare:speciality": "chiropractic",
        "historic": "Homer Public Library",
        "name": "Clinic of Chiropractic Health",
        "owner": "James E. Heston"
      },
      "geometry": {
        "type": "Polygon",
        "coordinates": [
          [
            [
              -151.5455631,
              59.6447904
            ],
            [
              -151.5457715,
              59.6447277
            ],
            [
              -151.5457624,
              59.6445081
            ],
            [
              -151.5455577,
              59.6445077
            ],
            [
              -151.5455631,
              59.6447904
            ]
          ]
        ]
      },
      "id": "way/201117801"
    },
    {
      "type": "Feature",
      "properties": {
        "@id": "way/202093250",
        "amenity": "clinic",
        "building": "yes",
        "healthcare": "clinic",
        "source": "survey"
      },
      "geometry": {
        "type": "Polygon",
        "coordinates": [
          [
            [
              -165.5791461,
              61.8423579
            ],
            [
              -165.5786345,
              61.8423979
            ],
            [
              -165.5786646,
              61.8424836
            ],
            [
              -165.5787567,
              61.8424764
            ],
            [
              -165.5787636,
              61.842496
            ],
            [
              -165.5788942,
              61.8424857
            ],
            [
              -165.5788875,
              61.8424666
            ],
            [
              -165.5791763,
              61.842444
            ],
            [
              -165.5791461,
              61.8423579
            ]
          ]
        ]
      },
      "id": "way/202093250"
    },
    {
      "type": "Feature",
      "properties": {
        "@id": "way/203423931",
        "amenity": "clinic",
        "building": "yes",
        "healthcare": "clinic",
        "name": "Hooper Bay Sub Regional Clinic"
      },
      "geometry": {
        "type": "Polygon",
        "coordinates": [
          [
            [
              -166.1129792,
              61.5270751
            ],
            [
              -166.1125859,
              61.5267615
            ],
            [
              -166.1121116,
              61.5268966
            ],
            [
              -166.1125049,
              61.5272103
            ],
            [
              -166.1129792,
              61.5270751
            ]
          ]
        ]
      },
      "id": "way/203423931"
    },
    {
      "type": "Feature",
      "properties": {
        "@id": "way/203717756",
        "amenity": "clinic",
        "building": "yes",
        "healthcare": "clinic",
        "name": "Medical Dental Arts Building",
        "source": "Bing"
      },
      "geometry": {
        "type": "Polygon",
        "coordinates": [
          [
            [
              -147.7442519,
              64.8301731
            ],
            [
              -147.744249,
              64.8299591
            ],
            [
              -147.7441138,
              64.8299594
            ],
            [
              -147.7441119,
              64.8298165
            ],
            [
              -147.7435827,
              64.8298178
            ],
            [
              -147.7435833,
              64.829866
            ],
            [
              -147.7424557,
              64.8298687
            ],
            [
              -147.7424568,
              64.829948
            ],
            [
              -147.7423129,
              64.8299484
            ],
            [
              -147.7423154,
              64.8301358
            ],
            [
              -147.7424455,
              64.8301355
            ],
            [
              -147.7424467,
              64.8302214
            ],
            [
              -147.7433967,
              64.8302191
            ],
            [
              -147.7433971,
              64.8302486
            ],
            [
              -147.7439436,
              64.8302473
            ],
            [
              -147.7439426,
              64.8301739
            ],
            [
              -147.7442519,
              64.8301731
            ]
          ]
        ]
      },
      "id": "way/203717756"
    },
    {
      "type": "Feature",
      "properties": {
        "@id": "way/203717772",
        "amenity": "clinic",
        "building": "yes",
        "healthcare": "clinic",
        "name": "Fairbanks Imaging Center",
        "source": "Bing"
      },
      "geometry": {
        "type": "Polygon",
        "coordinates": [
          [
            [
              -147.7394596,
              64.830259
            ],
            [
              -147.7394614,
              64.8300838
            ],
            [
              -147.7394622,
              64.8300046
            ],
            [
              -147.7393598,
              64.8300044
            ],
            [
              -147.7393642,
              64.8295731
            ],
            [
              -147.7387271,
              64.829572
            ],
            [
              -147.7387246,
              64.8298169
            ],
            [
              -147.7386989,
              64.8298168
            ],
            [
              -147.738698,
              64.8299049
            ],
            [
              -147.7386752,
              64.8299049
            ],
            [
              -147.7386743,
              64.8299934
            ],
            [
              -147.7386416,
              64.8299933
            ],
            [
              -147.7386406,
              64.8300924
            ],
            [
              -147.7386206,
              64.8300924
            ],
            [
              -147.7386202,
              64.8301298
            ],
            [
              -147.7385411,
              64.8301297
            ],
            [
              -147.7385401,
              64.8302224
            ],
            [
              -147.7386243,
              64.8302225
            ],
            [
              -147.738624,
              64.8302591
            ],
            [
              -147.7386537,
              64.8302592
            ],
            [
              -147.7386533,
              64.830298
            ],
            [
              -147.7389403,
              64.8302985
            ],
            [
              -147.7389407,
              64.830258
            ],
            [
              -147.7394596,
              64.830259
            ]
          ]
        ]
      },
      "id": "way/203717772"
    },
    {
      "type": "Feature",
      "properties": {
        "@id": "way/203717789",
        "addr:city": "Fairbanks",
        "addr:housenumber": "1650",
        "addr:postcode": "99701",
        "addr:street": "Cowles Street",
        "amenity": "hospital",
        "beds": "152",
        "building": "hospital",
        "emergency": "yes",
        "healthcare": "hospital",
        "name": "Fairbanks Memorial Hospital",
        "phone": "+1 907 452 8181",
        "source": "Bing",
        "website": "http://www.fmhdc.com/",
        "wikidata": "Q50036850"
      },
      "geometry": {
        "type": "Polygon",
        "coordinates": [
          [
            [
              -147.743749,
              64.8311082
            ],
            [
              -147.7437222,
              64.8310842
            ],
            [
              -147.7438778,
              64.831058
            ],
            [
              -147.7438188,
              64.8309986
            ],
            [
              -147.7436551,
              64.8310169
            ],
            [
              -147.7436417,
              64.8309872
            ],
            [
              -147.7433467,
              64.8310397
            ],
            [
              -147.7433226,
              64.8310192
            ],
            [
              -147.7430356,
              64.8310705
            ],
            [
              -147.7430543,
              64.8310967
            ],
            [
              -147.742762,
              64.8311458
            ],
            [
              -147.7427137,
              64.8310865
            ],
            [
              -147.7427727,
              64.8310716
            ],
            [
              -147.7427083,
              64.8310078
            ],
            [
              -147.7426466,
              64.8310215
            ],
            [
              -147.7425903,
              64.8309656
            ],
            [
              -147.7429016,
              64.8309039
            ],
            [
              -147.7429284,
              64.8309312
            ],
            [
              -147.743228,
              64.8308862
            ],
            [
              -147.7432066,
              64.8308565
            ],
            [
              -147.7434917,
              64.8308058
            ],
            [
              -147.7434434,
              64.8307719
            ],
            [
              -147.7436151,
              64.8307419
            ],
            [
              -147.7435606,
              64.8306945
            ],
            [
              -147.7434158,
              64.8307196
            ],
            [
              -147.7433898,
              64.8306894
            ],
            [
              -147.7430939,
              64.8307447
            ],
            [
              -147.7430564,
              64.8307219
            ],
            [
              -147.7427667,
              64.8307675
            ],
            [
              -147.7427935,
              64.8307881
            ],
            [
              -147.7424777,
              64.8308412
            ],
            [
              -147.7422738,
              64.8306359
            ],
            [
              -147.742078,
              64.8306724
            ],
            [
              -147.7420217,
              64.8306074
            ],
            [
              -147.7418473,
              64.830637
            ],
            [
              -147.7419224,
              64.8306975
            ],
            [
              -147.7418071,
              64.8307226
            ],
            [
              -147.7420083,
              64.8309268
            ],
            [
              -147.7414209,
              64.8310363
            ],
            [
              -147.741496,
              64.8311082
            ],
            [
              -147.7413216,
              64.8311412
            ],
            [
              -147.7409059,
              64.8311184
            ],
            [
              -147.7398866,
              64.8312986
            ],
            [
              -147.7396667,
              64.8310694
            ],
            [
              -147.7393207,
              64.8311321
            ],
            [
              -147.7392402,
              64.8310608
            ],
            [
              -147.7391688,
              64.8310704
            ],
            [
              -147.7391559,
              64.8310721
            ],
            [
              -147.7387628,
              64.8306741
            ],
            [
              -147.7388258,
              64.8306627
            ],
            [
              -147.7387346,
              64.8305697
            ],
            [
              -147.7385978,
              64.8305954
            ],
            [
              -147.7386099,
              64.8306108
            ],
            [
              -147.7383363,
              64.8306616
            ],
            [
              -147.7382223,
              64.8306849
            ],
            [
              -147.7382727,
              64.8307322
            ],
            [
              -147.7381829,
              64.8307533
            ],
            [
              -147.7387118,
              64.8312998
            ],
            [
              -147.7380916,
              64.8314121
            ],
            [
              -147.7380621,
              64.831379
            ],
            [
              -147.7375103,
              64.8314753
            ],
            [
              -147.7374586,
              64.831412
            ],
            [
              -147.7373709,
              64.8314286
            ],
            [
              -147.7374217,
              64.8315838
            ],
            [
              -147.7375343,
              64.8317076
            ],
            [
              -147.7375122,
              64.831711
            ],
            [
              -147.7375035,
              64.8317096
            ],
            [
              -147.7373897,
              64.8317218
            ],
            [
              -147.7372897,
              64.8317326
            ],
            [
              -147.737395,
              64.8319442
            ],
            [
              -147.7374916,
              64.8319363
            ],
            [
              -147.7376204,
              64.8319259
            ],
            [
              -147.7376148,
              64.8319158
            ],
            [
              -147.7376671,
              64.8319055
            ],
            [
              -147.7378522,
              64.8320971
            ],
            [
              -147.7378857,
              64.8321011
            ],
            [
              -147.7379099,
              64.8321296
            ],
            [
              -147.7376966,
              64.8321673
            ],
            [
              -147.7377047,
              64.8321753
            ],
            [
              -147.7376658,
              64.8321821
            ],
            [
              -147.7377342,
              64.8322505
            ],
            [
              -147.7375706,
              64.8322768
            ],
            [
              -147.737647,
              64.8323521
            ],
            [
              -147.7374968,
              64.8323812
            ],
            [
              -147.737482,
              64.832368
            ],
            [
              -147.7373627,
              64.832388
            ],
            [
              -147.7375223,
              64.8325437
            ],
            [
              -147.7379058,
              64.8324758
            ],
            [
              -147.7379179,
              64.8324872
            ],
            [
              -147.7383068,
              64.8324165
            ],
            [
              -147.7382961,
              64.8324051
            ],
            [
              -147.7386421,
              64.8323424
            ],
            [
              -147.7385952,
              64.8322945
            ],
            [
              -147.7386555,
              64.8322842
            ],
            [
              -147.7387749,
              64.832404
            ],
            [
              -147.7387387,
              64.8324108
            ],
            [
              -147.7388245,
              64.8324946
            ],
            [
              -147.7388607,
              64.8324884
            ],
            [
              -147.7389479,
              64.8325796
            ],
            [
              -147.7392195,
              64.8325311
            ],
            [
              -147.7393408,
              64.8326538
            ],
            [
              -147.7392496,
              64.8326703
            ],
            [
              -147.7392912,
              64.8327176
            ],
            [
              -147.739255,
              64.8327245
            ],
            [
              -147.7391938,
              64.8327358
            ],
            [
              -147.7391289,
              64.8327479
            ],
            [
              -147.7392845,
              64.8329007
            ],
            [
              -147.739352,
              64.8328889
            ],
            [
              -147.7394226,
              64.8328768
            ],
            [
              -147.7394521,
              64.8329064
            ],
            [
              -147.739711,
              64.8328608
            ],
            [
              -147.7396949,
              64.8328448
            ],
            [
              -147.7406403,
              64.8326749
            ],
            [
              -147.7405572,
              64.8325927
            ],
            [
              -147.7406082,
              64.8325842
            ],
            [
              -147.740407,
              64.8323874
            ],
            [
              -147.7404191,
              64.8323866
            ],
            [
              -147.740348,
              64.832313
            ],
            [
              -147.7403352,
              64.832315
            ],
            [
              -147.7402514,
              64.8322226
            ],
            [
              -147.74012,
              64.8322431
            ],
            [
              -147.7400449,
              64.8321724
            ],
            [
              -147.7400234,
              64.832177
            ],
            [
              -147.7398706,
              64.8320264
            ],
            [
              -147.7399215,
              64.8320139
            ],
            [
              -147.7398518,
              64.831942
            ],
            [
              -147.741048,
              64.8317184
            ],
            [
              -147.7408576,
              64.8315154
            ],
            [
              -147.7412036,
              64.8314469
            ],
            [
              -147.7413189,
              64.8314298
            ],
            [
              -147.7412733,
              64.8313842
            ],
            [
              -147.7417025,
              64.8313066
            ],
            [
              -147.7418634,
              64.8314755
            ],
            [
              -147.7420723,
              64.8314339
            ],
            [
              -147.7420157,
              64.8313801
            ],
            [
              -147.7423805,
              64.8313162
            ],
            [
              -147.7426361,
              64.8315758
            ],
            [
              -147.7427291,
              64.8315626
            ],
            [
              -147.742823,
              64.8316504
            ],
            [
              -147.7431162,
              64.8315986
            ],
            [
              -147.7430248,
              64.8315074
            ],
            [
              -147.743116,
              64.8314914
            ],
            [
              -147.7428854,
              64.8312679
            ],
            [
              -147.7431777,
              64.8312142
            ],
            [
              -147.7431992,
              64.8312336
            ],
            [
              -147.7434889,
              64.8311857
            ],
            [
              -147.7434701,
              64.8311629
            ],
            [
              -147.743749,
              64.8311082
            ]
          ]
        ]
      },
      "id": "way/203717789"
    },
    {
      "type": "Feature",
      "properties": {
        "@id": "way/212602269",
        "addr:city": "Homer",
        "addr:housenumber": "880",
        "addr:postcode": "99603",
        "addr:state": "AK",
        "addr:street": "East End Road",
        "alt_name": "SVT Health Center",
        "amenity": "doctors",
        "building": "yes",
        "name": "Seldovia Village Tribe Health Center",
        "source": "Bing"
      },
      "geometry": {
        "type": "Polygon",
        "coordinates": [
          [
            [
              -151.5223403,
              59.650423
            ],
            [
              -151.5223429,
              59.6504738
            ],
            [
              -151.5226988,
              59.6504692
            ],
            [
              -151.5226967,
              59.6504261
            ],
            [
              -151.5228065,
              59.6504247
            ],
            [
              -151.5228025,
              59.6503451
            ],
            [
              -151.5227402,
              59.6503459
            ],
            [
              -151.5227349,
              59.6502403
            ],
            [
              -151.5224965,
              59.6502434
            ],
            [
              -151.5225026,
              59.6503638
            ],
            [
              -151.5223416,
              59.6503658
            ],
            [
              -151.5223428,
              59.6503894
            ],
            [
              -151.5221917,
              59.6503914
            ],
            [
              -151.5221878,
              59.6503125
            ],
            [
              -151.5219888,
              59.6503151
            ],
            [
              -151.5219867,
              59.6502746
            ],
            [
              -151.521854,
              59.6502763
            ],
            [
              -151.5218558,
              59.6503111
            ],
            [
              -151.5216201,
              59.6503142
            ],
            [
              -151.5216273,
              59.6504556
            ],
            [
              -151.522138,
              59.6504491
            ],
            [
              -151.5221373,
              59.6504355
            ],
            [
              -151.5221942,
              59.6504348
            ],
            [
              -151.5221937,
              59.6504249
            ],
            [
              -151.5223403,
              59.650423
            ]
          ]
        ]
      },
      "id": "way/212602269"
    },
    {
      "type": "Feature",
      "properties": {
        "@id": "way/212625168",
        "amenity": "doctors",
        "building": "yes",
        "healthcare": "doctor",
        "name": "Lamendola Sitenga Clinic",
        "shop": "optician",
        "source": "survey"
      },
      "geometry": {
        "type": "Polygon",
        "coordinates": [
          [
            [
              -151.5080079,
              59.6534911
            ],
            [
              -151.5077134,
              59.6535921
            ],
            [
              -151.5078667,
              59.6537062
            ],
            [
              -151.5081613,
              59.6536052
            ],
            [
              -151.5080079,
              59.6534911
            ]
          ]
        ]
      },
      "id": "way/212625168"
    },
    {
      "type": "Feature",
      "properties": {
        "@id": "way/212666175",
        "addr:city": "Homer",
        "addr:housenumber": "4141",
        "addr:state": "AK",
        "addr:street": "Pennock Street",
        "amenity": "clinic",
        "building": "office",
        "contact:phone": "+1 907-235-3410",
        "contact:website": "homerphysicaltherapy.com",
        "healthcare": "physiotherapist",
        "healthcare:speciality": "physiatry",
        "name": "Homer Physical Therapy",
        "opening_hours": "Mo-Fr 09:00-18:00",
        "postal_code": "99603"
      },
      "geometry": {
        "type": "Polygon",
        "coordinates": [
          [
            [
              -151.5190703,
              59.6500346
            ],
            [
              -151.5189689,
              59.6498643
            ],
            [
              -151.5188157,
              59.6498876
            ],
            [
              -151.5189172,
              59.6500578
            ],
            [
              -151.5190703,
              59.6500346
            ]
          ]
        ]
      },
      "id": "way/212666175"
    },
    {
      "type": "Feature",
      "properties": {
        "@id": "way/217335551",
        "amenity": "doctors",
        "building": "yes",
        "healthcare": "centre",
        "name": "Homer Medical Center",
        "opening_hours": "Mo-Fr 08:30-17:00, Sa 10:00-17:00",
        "phone": "+1 907-235-8586",
        "source": "Bing",
        "website": "https://www.homermedical.org/index.htm"
      },
      "geometry": {
        "type": "Polygon",
        "coordinates": [
          [
            [
              -151.5495337,
              59.6499324
            ],
            [
              -151.5495589,
              59.6498711
            ],
            [
              -151.5493793,
              59.6498522
            ],
            [
              -151.549299,
              59.650047
            ],
            [
              -151.5493221,
              59.6500495
            ],
            [
              -151.5493095,
              59.6500804
            ],
            [
              -151.5496837,
              59.6501194
            ],
            [
              -151.5497509,
              59.6499551
            ],
            [
              -151.5495337,
              59.6499324
            ]
          ]
        ]
      },
      "id": "way/217335551"
    },
    {
      "type": "Feature",
      "properties": {
        "@id": "way/217673717",
        "addr:city": "Homer",
        "addr:country": "US",
        "addr:housenumber": "3446",
        "addr:postcode": "99603",
        "addr:province": "Kenai Peninsula Borough",
        "addr:state": "AK",
        "addr:street": "Main Street",
        "amenity": "clinic",
        "building": "office",
        "healthcare": "clinic",
        "healthcare:for": "child;women",
        "healthcare:speciality": "paediatrics",
        "name": "Women Infants Children (WIC)",
        "source": "Bing"
      },
      "geometry": {
        "type": "Polygon",
        "coordinates": [
          [
            [
              -151.544017,
              59.6402166
            ],
            [
              -151.5440152,
              59.6401255
            ],
            [
              -151.5437445,
              59.6401269
            ],
            [
              -151.5437463,
              59.6402179
            ],
            [
              -151.544017,
              59.6402166
            ]
          ]
        ]
      },
      "id": "way/217673717"
    },
    {
      "type": "Feature",
      "properties": {
        "@id": "way/217781809",
        "addr:city": "Whitehorse",
        "addr:housenumber": "6198",
        "addr:postcode": "Y1A 5P5",
        "addr:province": "Yukon",
        "addr:street": "Sixth Avenue",
        "amenity": "hospital",
        "healthcare": "hospital",
        "name": "Birch Lodge",
        "operator": "Yukon Government",
        "operator:type": "government"
      },
      "geometry": {
        "type": "Polygon",
        "coordinates": [
          [
            [
              -135.0656103,
              60.724676
            ],
            [
              -135.0654869,
              60.724698
            ],
            [
              -135.065588,
              60.7248337
            ],
            [
              -135.0657114,
              60.7248117
            ],
            [
              -135.0656103,
              60.724676
            ]
          ]
        ]
      },
      "id": "way/217781809"
    },
    {
      "type": "Feature",
      "properties": {
        "@id": "way/220680113",
        "addr:city": "Whitehorse",
        "addr:housenumber": "406",
        "addr:province": "YT",
        "addr:street": "Lambert Street",
        "amenity": "doctors",
        "building": "yes",
        "healthcare": "doctor",
        "name": "Medical Dental Centre",
        "roof:shape": "flat"
      },
      "geometry": {
        "type": "Polygon",
        "coordinates": [
          [
            [
              -135.0567762,
              60.7174572
            ],
            [
              -135.0566111,
              60.7172546
            ],
            [
              -135.0556246,
              60.7174469
            ],
            [
              -135.0557898,
              60.7176495
            ],
            [
              -135.0567762,
              60.7174572
            ]
          ]
        ]
      },
      "id": "way/220680113"
    },
    {
      "type": "Feature",
      "properties": {
        "@id": "way/222581964",
        "amenity": "clinic",
        "building": "yes",
        "building:levels": "2",
        "healthcare": "clinic",
        "name": "Adak Hospital & Clinic",
        "source": "Bing"
      },
      "geometry": {
        "type": "Polygon",
        "coordinates": [
          [
            [
              -176.6386133,
              51.8730371
            ],
            [
              -176.6386146,
              51.8730373
            ],
            [
              -176.6386339,
              51.8729673
            ],
            [
              -176.6383715,
              51.8729397
            ],
            [
              -176.6383597,
              51.8729823
            ],
            [
              -176.6379665,
              51.8729409
            ],
            [
              -176.6378718,
              51.8732836
            ],
            [
              -176.6379654,
              51.8732935
            ],
            [
              -176.6379209,
              51.8734547
            ],
            [
              -176.6385496,
              51.8735209
            ],
            [
              -176.6385364,
              51.8735687
            ],
            [
              -176.6387607,
              51.8735923
            ],
            [
              -176.6388017,
              51.8734442
            ],
            [
              -176.6386449,
              51.8734277
            ],
            [
              -176.6386582,
              51.8733795
            ],
            [
              -176.6387048,
              51.8733844
            ],
            [
              -176.6387604,
              51.8731833
            ],
            [
              -176.6385782,
              51.8731641
            ],
            [
              -176.6386133,
              51.8730371
            ]
          ]
        ]
      },
      "id": "way/222581964"
    },
    {
      "type": "Feature",
      "properties": {
        "@id": "way/226764827",
        "amenity": "doctors",
        "building": "yes",
        "name": "Kachemak Professional Building",
        "source": "Bing"
      },
      "geometry": {
        "type": "Polygon",
        "coordinates": [
          [
            [
              -151.5509611,
              59.6512131
            ],
            [
              -151.5509611,
              59.650852
            ],
            [
              -151.5505869,
              59.650852
            ],
            [
              -151.5505869,
              59.6512131
            ],
            [
              -151.5509611,
              59.6512131
            ]
          ]
        ]
      },
      "id": "way/226764827"
    },
    {
      "type": "Feature",
      "properties": {
        "@id": "way/234730206",
        "amenity": "clinic",
        "building": "yes",
        "name": "Clinic",
        "source": "DCRA"
      },
      "geometry": {
        "type": "Polygon",
        "coordinates": [
          [
            [
              -156.88162,
              66.9073738
            ],
            [
              -156.8813704,
              66.9073486
            ],
            [
              -156.8812882,
              66.9074738
            ],
            [
              -156.8815379,
              66.907499
            ],
            [
              -156.88162,
              66.9073738
            ]
          ]
        ]
      },
      "id": "way/234730206"
    },
    {
      "type": "Feature",
      "properties": {
        "@id": "way/238687083",
        "alt_name": "N46",
        "amenity": "clinic",
        "building": "yes",
        "description": "Named in memoriam for a USPHS Flight Surgeon, CDR David M. Rockmore and HS3 Ralph D. King, USCG who tragically perished with four other Coast Guardsmen on 02 November 1986, while respoding to an urgent MEDEVAC in the village of Akhiok.",
        "gnis:feature_id": "2700646",
        "healthcare": "clinic",
        "image": "https://www.facebook.com/uscoastguardbasekodiak/photos/a.653414968054654/1685694861493321/?type=3&theater",
        "name": "Rockmore King Clinic",
        "note": "Not historically significant",
        "operator": "U.S. Coast Guard",
        "operator:type": "military",
        "source": "https://www.facebook.com/uscoastguardbasekodiak/photos/a.653414968054654/1724877354241738/?type=3&theater",
        "source:date": "2018-01-31",
        "source_ref": "https://catalog.archives.gov/id/75325308",
        "website": "https://www.dcms.uscg.mil/Our-Organization/Director-of-Operational-Logistics-DOL/Bases/Base-Kodiak/Departments-Staffs/Rockmore-King-Clinic/"
      },
      "geometry": {
        "type": "Polygon",
        "coordinates": [
          [
            [
              -152.5036082,
              57.7417739
            ],
            [
              -152.5036002,
              57.7416761
            ],
            [
              -152.5039722,
              57.7416729
            ],
            [
              -152.5039662,
              57.7415859
            ],
            [
              -152.5035532,
              57.7415891
            ],
            [
              -152.5035192,
              57.741573
            ],
            [
              -152.5036742,
              57.7414892
            ],
            [
              -152.5034262,
              57.7413621
            ],
            [
              -152.5033752,
              57.7413886
            ],
            [
              -152.5033352,
              57.7413666
            ],
            [
              -152.5034032,
              57.7413324
            ],
            [
              -152.5032982,
              57.741277
            ],
            [
              -152.5032302,
              57.7413081
            ],
            [
              -152.5031712,
              57.74128
            ],
            [
              -152.5032452,
              57.7412458
            ],
            [
              -152.5030092,
              57.7411197
            ],
            [
              -152.5024802,
              57.7413985
            ],
            [
              -152.5025612,
              57.7414433
            ],
            [
              -152.5025172,
              57.7414654
            ],
            [
              -152.5025892,
              57.7415026
            ],
            [
              -152.5025522,
              57.7415223
            ],
            [
              -152.5026872,
              57.7415884
            ],
            [
              -152.5029192,
              57.7414676
            ],
            [
              -152.5033412,
              57.7416887
            ],
            [
              -152.5033452,
              57.741773
            ],
            [
              -152.5036082,
              57.7417739
            ]
          ]
        ]
      },
      "id": "way/238687083"
    },
    {
      "type": "Feature",
      "properties": {
        "@id": "way/239353105",
        "addr:city": "Whitehorse",
        "addr:housenumber": "5",
        "addr:province": "Yukon",
        "addr:street": "Hospital Road",
        "amenity": "hospital",
        "healthcare": "hospital",
        "name": "Whitehorse General Hospital"
      },
      "geometry": {
        "type": "Polygon",
        "coordinates": [
          [
            [
              -135.0439274,
              60.7153013
            ],
            [
              -135.0419232,
              60.7149601
            ],
            [
              -135.0405195,
              60.7150415
            ],
            [
              -135.0411571,
              60.7158314
            ],
            [
              -135.042018,
              60.7165987
            ],
            [
              -135.0419694,
              60.717164
            ],
            [
              -135.0418013,
              60.7179452
            ],
            [
              -135.0417468,
              60.7197593
            ],
            [
              -135.041397,
              60.7205129
            ],
            [
              -135.0422535,
              60.7210418
            ],
            [
              -135.044237,
              60.7202883
            ],
            [
              -135.0468505,
              60.7190012
            ],
            [
              -135.0464879,
              60.7186162
            ],
            [
              -135.0460145,
              60.7182821
            ],
            [
              -135.0451247,
              60.7177308
            ],
            [
              -135.0444346,
              60.7171882
            ],
            [
              -135.0442456,
              60.7169356
            ],
            [
              -135.0439271,
              60.716329
            ],
            [
              -135.0439274,
              60.7153013
            ]
          ]
        ]
      },
      "id": "way/239353105"
    },
    {
      "type": "Feature",
      "properties": {
        "@id": "way/244529547",
        "addr:city": "Nuiqsut",
        "addr:housenumber": "413",
        "addr:postcode": "99789",
        "addr:state": "AK",
        "addr:street": "Nigliq Street",
        "amenity": "clinic",
        "building": "yes",
        "healthcare": "clinic",
        "name": "North Slope Borough Village Health Clinic - Nuiqsut",
        "operator": "North Slope Borough",
        "website": "http://www.north-slope.org/departments/health-social-services/community-health-services/community-health-aide-program-chap"
      },
      "geometry": {
        "type": "Polygon",
        "coordinates": [
          [
            [
              -151.0006727,
              70.2156073
            ],
            [
              -151.0006385,
              70.2155636
            ],
            [
              -151.0007547,
              70.2155531
            ],
            [
              -151.0006702,
              70.215445
            ],
            [
              -151.0003861,
              70.2154705
            ],
            [
              -151.0002768,
              70.2153306
            ],
            [
              -150.9999273,
              70.2153618
            ],
            [
              -151.0000373,
              70.2155025
            ],
            [
              -150.9998327,
              70.2155208
            ],
            [
              -150.999951,
              70.215672
            ],
            [
              -151.0006727,
              70.2156073
            ]
          ]
        ]
      },
      "id": "way/244529547"
    },
    {
      "type": "Feature",
      "properties": {
        "@id": "way/253924738",
        "amenity": "clinic",
        "building": "yes",
        "name": "Shungnak Clinic",
        "source": "DCRA"
      },
      "geometry": {
        "type": "Polygon",
        "coordinates": [
          [
            [
              -157.139106,
              66.8879325
            ],
            [
              -157.1388753,
              66.8878905
            ],
            [
              -157.1387784,
              66.8879726
            ],
            [
              -157.1388087,
              66.8879781
            ],
            [
              -157.1387729,
              66.8880085
            ],
            [
              -157.1389424,
              66.8880392
            ],
            [
              -157.1389781,
              66.8880089
            ],
            [
              -157.1390091,
              66.8880145
            ],
            [
              -157.139106,
              66.8879325
            ]
          ]
        ]
      },
      "id": "way/253924738"
    },
    {
      "type": "Feature",
      "properties": {
        "@id": "way/254035270",
        "amenity": "clinic",
        "building": "yes",
        "name": "Health Clinic",
        "source": "DCRA"
      },
      "geometry": {
        "type": "Polygon",
        "coordinates": [
          [
            [
              -157.8565291,
              67.0870482
            ],
            [
              -157.856675,
              67.0869853
            ],
            [
              -157.856567,
              67.0869473
            ],
            [
              -157.8565975,
              67.0869342
            ],
            [
              -157.8564267,
              67.0868742
            ],
            [
              -157.8562298,
              67.086959
            ],
            [
              -157.8564094,
              67.0870222
            ],
            [
              -157.8564299,
              67.0870134
            ],
            [
              -157.8565291,
              67.0870482
            ]
          ]
        ]
      },
      "id": "way/254035270"
    },
    {
      "type": "Feature",
      "properties": {
        "@id": "way/254078891",
        "amenity": "clinic",
        "building": "public",
        "healthcare": "clinic",
        "name": "Noorvik Clinic",
        "source": "DCRA"
      },
      "geometry": {
        "type": "Polygon",
        "coordinates": [
          [
            [
              -161.0424038,
              66.8352078
            ],
            [
              -161.0422431,
              66.8351539
            ],
            [
              -161.0419985,
              66.8352666
            ],
            [
              -161.0421592,
              66.8353206
            ],
            [
              -161.042324,
              66.8352446
            ],
            [
              -161.0423686,
              66.8352595
            ],
            [
              -161.0424344,
              66.8352291
            ],
            [
              -161.0423899,
              66.8352142
            ],
            [
              -161.0424038,
              66.8352078
            ]
          ]
        ]
      },
      "id": "way/254078891"
    },
    {
      "type": "Feature",
      "properties": {
        "@id": "way/254083062",
        "amenity": "clinic",
        "building": "public",
        "healthcare": "clinic",
        "name": "New Noorvik Clinic",
        "source": "DCRA"
      },
      "geometry": {
        "type": "Polygon",
        "coordinates": [
          [
            [
              -161.0467453,
              66.8300765
            ],
            [
              -161.046801,
              66.829974
            ],
            [
              -161.0469089,
              66.8299831
            ],
            [
              -161.0469506,
              66.8299063
            ],
            [
              -161.046839,
              66.8298969
            ],
            [
              -161.0468604,
              66.8298575
            ],
            [
              -161.0466266,
              66.8298378
            ],
            [
              -161.046607,
              66.8298738
            ],
            [
              -161.0463688,
              66.8298537
            ],
            [
              -161.046319,
              66.8299455
            ],
            [
              -161.0462223,
              66.8299373
            ],
            [
              -161.0461671,
              66.8300389
            ],
            [
              -161.0462638,
              66.830047
            ],
            [
              -161.0462404,
              66.8300901
            ],
            [
              -161.0466,
              66.8301204
            ],
            [
              -161.0466291,
              66.8300667
            ],
            [
              -161.0467453,
              66.8300765
            ]
          ]
        ]
      },
      "id": "way/254083062"
    },
    {
      "type": "Feature",
      "properties": {
        "@id": "way/255270203",
        "amenity": "clinic",
        "building": "yes",
        "healthcare": "clinic",
        "name": "USFS/ Public Health Clinic",
        "source": "DCRA"
      },
      "geometry": {
        "type": "Polygon",
        "coordinates": [
          [
            [
              -139.72947,
              59.5451499
            ],
            [
              -139.7294695,
              59.5448687
            ],
            [
              -139.7291785,
              59.5448688
            ],
            [
              -139.729179,
              59.5451501
            ],
            [
              -139.72947,
              59.5451499
            ]
          ]
        ]
      },
      "id": "way/255270203"
    },
    {
      "type": "Feature",
      "properties": {
        "@id": "way/261003949",
        "addr:city": "Sand Point",
        "addr:housenumber": "5001",
        "addr:postcode": "99661",
        "addr:state": "AK",
        "addr:street": "Red Cove Road",
        "amenity": "clinic",
        "building": "yes",
        "healthcare": "clinic",
        "name": "Sand Point Clinic"
      },
      "geometry": {
        "type": "Polygon",
        "coordinates": [
          [
            [
              -160.4854036,
              55.3476174
            ],
            [
              -160.4859396,
              55.3476996
            ],
            [
              -160.4863506,
              55.3475681
            ],
            [
              -160.4863006,
              55.3475177
            ],
            [
              -160.4864316,
              55.3474759
            ],
            [
              -160.4863486,
              55.3473923
            ],
            [
              -160.4859506,
              55.3475196
            ],
            [
              -160.4854836,
              55.3474481
            ],
            [
              -160.4854036,
              55.3476174
            ]
          ]
        ]
      },
      "id": "way/261003949"
    },
    {
      "type": "Feature",
      "properties": {
        "@id": "way/265010748",
        "amenity": "pharmacy",
        "brand": "Walgreens",
        "brand:wikidata": "Q1591889",
        "building": "yes",
        "healthcare": "pharmacy",
        "name": "Walgreens",
        "source": "Bing"
      },
      "geometry": {
        "type": "Polygon",
        "coordinates": [
          [
            [
              -151.056291,
              60.4858628
            ],
            [
              -151.0567145,
              60.4855693
            ],
            [
              -151.0561908,
              60.4853859
            ],
            [
              -151.0559623,
              60.4855443
            ],
            [
              -151.0558215,
              60.485495
            ],
            [
              -151.0556265,
              60.4856302
            ],
            [
              -151.056291,
              60.4858628
            ]
          ]
        ]
      },
      "id": "way/265010748"
    },
    {
      "type": "Feature",
      "properties": {
        "@id": "way/268478985",
        "amenity": "hospital",
        "building": "yes",
        "source": "NRCan-CanVec-10.0"
      },
      "geometry": {
        "type": "Polygon",
        "coordinates": [
          [
            [
              -135.8956298,
              63.5950693
            ],
            [
              -135.8956334,
              63.594993
            ],
            [
              -135.8956736,
              63.5949934
            ],
            [
              -135.8956768,
              63.5949241
            ],
            [
              -135.8956367,
              63.5949237
            ],
            [
              -135.8956466,
              63.5947117
            ],
            [
              -135.8953891,
              63.5947093
            ],
            [
              -135.895381,
              63.5948821
            ],
            [
              -135.895072,
              63.5948793
            ],
            [
              -135.8950664,
              63.5949985
            ],
            [
              -135.8953754,
              63.5950013
            ],
            [
              -135.8953724,
              63.5950669
            ],
            [
              -135.8956298,
              63.5950693
            ]
          ]
        ]
      },
      "id": "way/268478985"
    },
    {
      "type": "Feature",
      "properties": {
        "@id": "way/268524899",
        "amenity": "clinic",
        "building": "public",
        "healthcare": "clinic",
        "name": "Pelly Crossing Health Centre",
        "phone": "+1-867-537-4444"
      },
      "geometry": {
        "type": "Polygon",
        "coordinates": [
          [
            [
              -136.5733535,
              62.825693
            ],
            [
              -136.572067,
              62.8261398
            ],
            [
              -136.5724318,
              62.8263589
            ],
            [
              -136.5734878,
              62.825992
            ],
            [
              -136.5736878,
              62.8261121
            ],
            [
              -136.5729574,
              62.8263658
            ],
            [
              -136.5731032,
              62.8264533
            ],
            [
              -136.574064,
              62.8261196
            ],
            [
              -136.5733535,
              62.825693
            ]
          ]
        ]
      },
      "id": "way/268524899"
    },
    {
      "type": "Feature",
      "properties": {
        "@id": "way/268526378",
        "amenity": "clinic",
        "building": "commercial",
        "check_date": "2023-05-17",
        "emergency": "yes",
        "healthcare": "clinic",
        "name": "Carmacks Health Centre",
        "opening_hours": "Mo-Fr 08:00-16:30",
        "operator": "Yukon Government",
        "operator:type": "government",
        "phone": "+1-867-863-4444"
      },
      "geometry": {
        "type": "Polygon",
        "coordinates": [
          [
            [
              -136.2813564,
              62.0903583
            ],
            [
              -136.2811458,
              62.0901262
            ],
            [
              -136.280861,
              62.0901843
            ],
            [
              -136.2810166,
              62.090363
            ],
            [
              -136.2810816,
              62.0903502
            ],
            [
              -136.2811209,
              62.0904053
            ],
            [
              -136.2813564,
              62.0903583
            ]
          ]
        ]
      },
      "id": "way/268526378"
    },
    {
      "type": "Feature",
      "properties": {
        "@id": "way/289968067",
        "amenity": "pharmacy",
        "brand": "Shoppers Drug Mart",
        "brand:wikidata": "Q1820137",
        "brand:wikipedia": "en:Shoppers Drug Mart",
        "building": "yes",
        "healthcare": "pharmacy",
        "name": "Shoppers Drug Mart",
        "payment:apple_pay": "yes",
        "payment:contactless": "yes",
        "payment:credit_cards": "yes",
        "payment:debit_cards": "yes",
        "website": "https://www.shoppersdrugmart.ca/en/store-locator/store/298",
        "website:en": "https://www.shoppersdrugmart.ca/en/store-locator/store/298",
        "website:fr": "https://www.shoppersdrugmart.ca/fr/store-locator/store/298"
      },
      "geometry": {
        "type": "Polygon",
        "coordinates": [
          [
            [
              -135.0601981,
              60.7253111
            ],
            [
              -135.060183,
              60.7252911
            ],
            [
              -135.0598842,
              60.7248945
            ],
            [
              -135.0591531,
              60.7250262
            ],
            [
              -135.059467,
              60.7254429
            ],
            [
              -135.0601981,
              60.7253111
            ]
          ]
        ]
      },
      "id": "way/289968067"
    },
    {
      "type": "Feature",
      "properties": {
        "@id": "way/293442910",
        "addr:housenumber": "25",
        "addr:street": "улица Ленина",
        "amenity": "hospital",
        "building": "yes",
        "healthcare": "hospital",
        "name": "Участковая больница",
        "name:en": "Community Hospital",
        "name:ru": "Участковая больница"
      },
      "geometry": {
        "type": "Polygon",
        "coordinates": [
          [
            [
              -169.8120317,
              66.1600813
            ],
            [
              -169.8118454,
              66.160064
            ],
            [
              -169.8117262,
              66.1602733
            ],
            [
              -169.8119576,
              66.1602948
            ],
            [
              -169.8119707,
              66.1602717
            ],
            [
              -169.8120208,
              66.1602763
            ],
            [
              -169.8120637,
              66.160201
            ],
            [
              -169.8119603,
              66.1601914
            ],
            [
              -169.8119814,
              66.1601543
            ],
            [
              -169.8120849,
              66.1601639
            ],
            [
              -169.8121163,
              66.1601088
            ],
            [
              -169.8120212,
              66.1600999
            ],
            [
              -169.8120317,
              66.1600813
            ]
          ]
        ]
      },
      "id": "way/293442910"
    },
    {
      "type": "Feature",
      "properties": {
        "@id": "way/297957175",
        "addr:city": "Sitka",
        "addr:housenumber": "222",
        "addr:postcode": "99835",
        "addr:state": "AK",
        "addr:street": "Tongass Drive",
        "amenity": "hospital",
        "beds": "25",
        "building": "hospital",
        "ele": "18.00",
        "emergency": "yes",
        "healthcare": "hospital",
        "height": "9.20",
        "name": "Mt. Edgecumbe Hospital",
        "name:tli": "S’áxt’ Hít",
        "operator": "SouthEast Alaska Regional Health Consortium",
        "phone": "+1 907 966 2411",
        "website": "https://searhc.org/service/mt-edgecumbe-hospital-saxt-hit/"
      },
      "geometry": {
        "type": "Polygon",
        "coordinates": [
          [
            [
              -135.3551029,
              57.0522419
            ],
            [
              -135.3560737,
              57.0517095
            ],
            [
              -135.3559277,
              57.0516306
            ],
            [
              -135.3555321,
              57.0518469
            ],
            [
              -135.3552835,
              57.0517124
            ],
            [
              -135.3555922,
              57.0515437
            ],
            [
              -135.355491,
              57.051489
            ],
            [
              -135.3551373,
              57.0516823
            ],
            [
              -135.3549678,
              57.0515906
            ],
            [
              -135.355327,
              57.0513942
            ],
            [
              -135.3553724,
              57.0514188
            ],
            [
              -135.355688,
              57.0512463
            ],
            [
              -135.3555634,
              57.0511789
            ],
            [
              -135.3554375,
              57.0512477
            ],
            [
              -135.3552357,
              57.0511385
            ],
            [
              -135.3550483,
              57.051241
            ],
            [
              -135.3552153,
              57.0513314
            ],
            [
              -135.3549603,
              57.0514708
            ],
            [
              -135.3548772,
              57.0514259
            ],
            [
              -135.3549008,
              57.051413
            ],
            [
              -135.3548686,
              57.0513955
            ],
            [
              -135.3548877,
              57.0513851
            ],
            [
              -135.3547819,
              57.0513279
            ],
            [
              -135.3546348,
              57.0514083
            ],
            [
              -135.354414,
              57.0512888
            ],
            [
              -135.3544608,
              57.0512632
            ],
            [
              -135.3543663,
              57.051212
            ],
            [
              -135.3541943,
              57.0513061
            ],
            [
              -135.3542908,
              57.0513583
            ],
            [
              -135.354305,
              57.0513505
            ],
            [
              -135.3543765,
              57.0513892
            ],
            [
              -135.3542745,
              57.051444
            ],
            [
              -135.3541483,
              57.0515099
            ],
            [
              -135.3543154,
              57.0516003
            ],
            [
              -135.3544826,
              57.0515175
            ],
            [
              -135.3549096,
              57.0517518
            ],
            [
              -135.3548757,
              57.0517713
            ],
            [
              -135.3548402,
              57.0517914
            ],
            [
              -135.3547832,
              57.0518197
            ],
            [
              -135.3547734,
              57.0518271
            ],
            [
              -135.3548576,
              57.0518755
            ],
            [
              -135.354924,
              57.0518384
            ],
            [
              -135.3549957,
              57.0518026
            ],
            [
              -135.3552939,
              57.0519561
            ],
            [
              -135.3549475,
              57.0521593
            ],
            [
              -135.3551029,
              57.0522419
            ]
          ]
        ]
      },
      "id": "way/297957175"
    },
    {
      "type": "Feature",
      "properties": {
        "@id": "way/298009630",
        "amenity": "pharmacy",
        "brand": "Walgreens",
        "brand:wikidata": "Q1591889",
        "building": "retail",
        "building:levels": "1",
        "dispensing": "yes",
        "healthcare": "pharmacy",
        "name": "Walgreens",
        "source": "EsriWorldImagery"
      },
      "geometry": {
        "type": "Polygon",
        "coordinates": [
          [
            [
              -149.4071017,
              61.5776425
            ],
            [
              -149.4075837,
              61.5774602
            ],
            [
              -149.4075221,
              61.5774233
            ],
            [
              -149.4074746,
              61.5774412
            ],
            [
              -149.4073239,
              61.577351
            ],
            [
              -149.4073547,
              61.5773394
            ],
            [
              -149.4070707,
              61.5771694
            ],
            [
              -149.4069306,
              61.5771615
            ],
            [
              -149.4065652,
              61.5772996
            ],
            [
              -149.4065939,
              61.5773168
            ],
            [
              -149.4065717,
              61.5773252
            ],
            [
              -149.4069912,
              61.5775764
            ],
            [
              -149.4070954,
              61.5776388
            ],
            [
              -149.4071017,
              61.5776425
            ]
          ]
        ]
      },
      "id": "way/298009630"
    },
    {
      "type": "Feature",
      "properties": {
        "@id": "way/335838570",
        "addr:street": "Zapadni Road",
        "amenity": "clinic",
        "building": "yes",
        "healthcare": "clinic",
        "name": "St. George Clinic",
        "operator": "APIA"
      },
      "geometry": {
        "type": "Polygon",
        "coordinates": [
          [
            [
              -169.5485591,
              56.6012935
            ],
            [
              -169.5484799,
              56.6011642
            ],
            [
              -169.5480962,
              56.6012354
            ],
            [
              -169.5481755,
              56.6013648
            ],
            [
              -169.5485591,
              56.6012935
            ]
          ]
        ]
      },
      "id": "way/335838570"
    },
    {
      "type": "Feature",
      "properties": {
        "@id": "way/335841002",
        "addr:city": "Diomede",
        "addr:postcode": "99762",
        "addr:state": "AK",
        "amenity": "clinic",
        "building": "yes",
        "building:levels": "1",
        "healthcare": "clinic",
        "healthcare:speciality": "community",
        "name": "IRA Building"
      },
      "geometry": {
        "type": "Polygon",
        "coordinates": [
          [
            [
              -168.9522285,
              65.7573865
            ],
            [
              -168.9521856,
              65.757304
            ],
            [
              -168.9520662,
              65.7573144
            ],
            [
              -168.9521092,
              65.757397
            ],
            [
              -168.9522285,
              65.7573865
            ]
          ]
        ]
      },
      "id": "way/335841002"
    },
    {
      "type": "Feature",
      "properties": {
        "@id": "way/336469512",
        "amenity": "doctors",
        "building": "yes",
        "healthcare": "doctor",
        "name": "Juneau Urgent Care"
      },
      "geometry": {
        "type": "Polygon",
        "coordinates": [
          [
            [
              -134.5727195,
              58.3621532
            ],
            [
              -134.5729428,
              58.3620388
            ],
            [
              -134.5730224,
              58.3620816
            ],
            [
              -134.573243,
              58.3619686
            ],
            [
              -134.5728657,
              58.3617658
            ],
            [
              -134.5726444,
              58.3618791
            ],
            [
              -134.5727247,
              58.3619222
            ],
            [
              -134.572502,
              58.3620363
            ],
            [
              -134.5727195,
              58.3621532
            ]
          ]
        ]
      },
      "id": "way/336469512"
    },
    {
      "type": "Feature",
      "properties": {
        "@id": "way/348823187",
        "addr:city": "Homer",
        "addr:housenumber": "1020",
        "addr:postcode": "99603",
        "addr:state": "AK",
        "addr:street": "East Road",
        "amenity": "doctors",
        "building": "yes",
        "healthcare": "naturopath",
        "name": "Frontier Natural Health",
        "operator": "Dr. Patrick C. Huffman",
        "phone": "+1 907 235-3665"
      },
      "geometry": {
        "type": "Polygon",
        "coordinates": [
          [
            [
              -151.5178873,
              59.6510246
            ],
            [
              -151.5178324,
              59.65094
            ],
            [
              -151.5176304,
              59.6509735
            ],
            [
              -151.5177182,
              59.6511088
            ],
            [
              -151.5178496,
              59.651087
            ],
            [
              -151.5178167,
              59.6510363
            ],
            [
              -151.5178873,
              59.6510246
            ]
          ]
        ]
      },
      "id": "way/348823187"
    },
    {
      "type": "Feature",
      "properties": {
        "@id": "way/352423199",
        "addr:city": "Palmer",
        "addr:housenumber": "209",
        "addr:postcode": "99645",
        "addr:state": "AK",
        "addr:street": "West Evergreen Avenue",
        "amenity": "clinic",
        "building": "yes",
        "healthcare": "clinic",
        "name": "Mat Su Urgent Care",
        "source": "esri/USA_NAD_Addresses"
      },
      "geometry": {
        "type": "Polygon",
        "coordinates": [
          [
            [
              -149.1172511,
              61.6003077
            ],
            [
              -149.1172431,
              61.5999147
            ],
            [
              -149.1168831,
              61.5999163
            ],
            [
              -149.1168851,
              61.5999946
            ],
            [
              -149.1168435,
              61.5999948
            ],
            [
              -149.1168094,
              61.5999949
            ],
            [
              -149.1167531,
              61.5999952
            ],
            [
              -149.1167591,
              61.6003099
            ],
            [
              -149.1172511,
              61.6003077
            ]
          ]
        ]
      },
      "id": "way/352423199"
    },
    {
      "type": "Feature",
      "properties": {
        "@id": "way/389605424",
        "amenity": "hospital",
        "building": "hospital",
        "building:levels": "4",
        "emergency": "no",
        "healthcare": "hospital",
        "name": "Alaska Heart Institute"
      },
      "geometry": {
        "type": "Polygon",
        "coordinates": [
          [
            [
              -149.2556146,
              61.5630155
            ],
            [
              -149.2557378,
              61.5630154
            ],
            [
              -149.2557383,
              61.5631224
            ],
            [
              -149.2560116,
              61.5631222
            ],
            [
              -149.2560114,
              61.5630657
            ],
            [
              -149.2559387,
              61.5630658
            ],
            [
              -149.2559385,
              61.5630132
            ],
            [
              -149.2566523,
              61.5630124
            ],
            [
              -149.2566792,
              61.5630018
            ],
            [
              -149.2566791,
              61.5628034
            ],
            [
              -149.2566844,
              61.5627987
            ],
            [
              -149.2567138,
              61.5627722
            ],
            [
              -149.2565455,
              61.5627297
            ],
            [
              -149.2561637,
              61.5627303
            ],
            [
              -149.2559504,
              61.5627305
            ],
            [
              -149.2556129,
              61.5627307
            ],
            [
              -149.255613,
              61.5627611
            ],
            [
              -149.2556146,
              61.5630155
            ]
          ]
        ]
      },
      "id": "way/389605424"
    },
    {
      "type": "Feature",
      "properties": {
        "@id": "way/389605434",
        "alt_name": "Providence Matanuska Health Care",
        "amenity": "hospital",
        "building": "hospital",
        "building:levels": "2",
        "emergency": "no",
        "healthcare": "hospital",
        "name": "Providence Health & Services Alaska",
        "operator": "Providence Health & Services",
        "operator:wikidata": "Q7252430",
        "operator:wikipedia": "en:Providence Health & Services"
      },
      "geometry": {
        "type": "Polygon",
        "coordinates": [
          [
            [
              -149.2518845,
              61.5599611
            ],
            [
              -149.2523435,
              61.5595109
            ],
            [
              -149.2522533,
              61.55949
            ],
            [
              -149.2522342,
              61.5595087
            ],
            [
              -149.2518622,
              61.5594227
            ],
            [
              -149.2514224,
              61.5598543
            ],
            [
              -149.2518845,
              61.5599611
            ]
          ]
        ]
      },
      "id": "way/389605434"
    },
    {
      "type": "Feature",
      "properties": {
        "@id": "way/389605435",
        "amenity": "clinic",
        "building": "yes",
        "building:levels": "1",
        "healthcare": "clinic",
        "name": "Imaging Associates of Providence"
      },
      "geometry": {
        "type": "Polygon",
        "coordinates": [
          [
            [
              -149.2536078,
              61.5599796
            ],
            [
              -149.253605,
              61.5597098
            ],
            [
              -149.2532133,
              61.5596785
            ],
            [
              -149.253086,
              61.5597148
            ],
            [
              -149.2531791,
              61.5597146
            ],
            [
              -149.2531814,
              61.5599183
            ],
            [
              -149.2531545,
              61.5599183
            ],
            [
              -149.2531555,
              61.5600157
            ],
            [
              -149.2531302,
              61.5600158
            ],
            [
              -149.2531309,
              61.5600832
            ],
            [
              -149.2534748,
              61.5600824
            ],
            [
              -149.2534737,
              61.5599799
            ],
            [
              -149.2536078,
              61.5599796
            ]
          ]
        ]
      },
      "id": "way/389605435"
    },
    {
      "type": "Feature",
      "properties": {
        "@id": "way/389719870",
        "addr:city": "Palmer",
        "addr:housenumber": "2500",
        "addr:postcode": "99645",
        "addr:street": "South Woodworth Loop",
        "amenity": "hospital",
        "beds": "74",
        "emergency": "yes",
        "healthcare": "hospital",
        "name": "Mat-Su Regional Medical Center",
        "phone": "+1 907 861 6000",
        "website": "https://www.matsuregional.com/",
        "wikidata": "Q6785802"
      },
      "geometry": {
        "type": "Polygon",
        "coordinates": [
          [
            [
              -149.2539133,
              61.5614741
            ],
            [
              -149.2539107,
              61.5633229
            ],
            [
              -149.2557587,
              61.5633184
            ],
            [
              -149.2562737,
              61.5634411
            ],
            [
              -149.2571534,
              61.5641767
            ],
            [
              -149.2607261,
              61.5633491
            ],
            [
              -149.2610051,
              61.5636505
            ],
            [
              -149.261681,
              61.5635024
            ],
            [
              -149.2617454,
              61.5628433
            ],
            [
              -149.2619966,
              61.5626843
            ],
            [
              -149.2615621,
              61.5624901
            ],
            [
              -149.25947,
              61.5615935
            ],
            [
              -149.2589534,
              61.5613747
            ],
            [
              -149.2583014,
              61.5615252
            ],
            [
              -149.2539133,
              61.5614741
            ]
          ]
        ]
      },
      "id": "way/389719870"
    },
    {
      "type": "Feature",
      "properties": {
        "@id": "way/392023892",
        "addr:city": "Fairbanks",
        "addr:housenumber": "1275",
        "addr:postcode": "99701",
        "addr:street": "Sadler Way",
        "addr:unit": "101",
        "amenity": "clinic",
        "building": "yes",
        "contact:phone": "+1-907-3747911",
        "healthcare": "clinic",
        "name": "Steese Immediate Care",
        "opening_hours": "Mo-Fr 8:30-17:00; Sa 10:00-15:00",
        "website": "https://www.steeseimmediatecare.com/"
      },
      "geometry": {
        "type": "Polygon",
        "coordinates": [
          [
            [
              -147.6805674,
              64.8550607
            ],
            [
              -147.6808652,
              64.854895
            ],
            [
              -147.680624,
              64.8548168
            ],
            [
              -147.680694,
              64.8547778
            ],
            [
              -147.680739,
              64.8547528
            ],
            [
              -147.6805948,
              64.854706
            ],
            [
              -147.6805484,
              64.8547318
            ],
            [
              -147.6804798,
              64.85477
            ],
            [
              -147.6799856,
              64.8546096
            ],
            [
              -147.6796878,
              64.8547753
            ],
            [
              -147.6805674,
              64.8550607
            ]
          ]
        ]
      },
      "id": "way/392023892"
    },
    {
      "type": "Feature",
      "properties": {
        "@id": "way/392027216",
        "addr:city": "Fairbanks",
        "addr:housenumber": "1717",
        "addr:postcode": "99701",
        "addr:state": "A:K",
        "addr:street": "West Cowles Street",
        "amenity": "clinic",
        "building": "yes",
        "healthcare": "clinic",
        "name": "Chief Andrew Isaac Health Center",
        "opening_hours": "Mo-Fr 08:00-17:00",
        "phone": "+1-907-451-6682",
        "website": "https://www.tananachiefs.org/services/health/chief-andrew-isaac-health-center/"
      },
      "geometry": {
        "type": "Polygon",
        "coordinates": [
          [
            [
              -147.7445633,
              64.8327696
            ],
            [
              -147.744775,
              64.8326847
            ],
            [
              -147.7449232,
              64.8326253
            ],
            [
              -147.7450089,
              64.832591
            ],
            [
              -147.7450234,
              64.8325851
            ],
            [
              -147.7450571,
              64.8325923
            ],
            [
              -147.7450797,
              64.8325971
            ],
            [
              -147.745749,
              64.8327399
            ],
            [
              -147.7457567,
              64.8327325
            ],
            [
              -147.7459165,
              64.8327656
            ],
            [
              -147.7461498,
              64.8325665
            ],
            [
              -147.7461841,
              64.8325405
            ],
            [
              -147.7461912,
              64.832531
            ],
            [
              -147.7461926,
              64.8325214
            ],
            [
              -147.7461888,
              64.8325098
            ],
            [
              -147.7461804,
              64.8325006
            ],
            [
              -147.7461653,
              64.8324912
            ],
            [
              -147.7461642,
              64.832488
            ],
            [
              -147.7462122,
              64.8324889
            ],
            [
              -147.7462552,
              64.832489
            ],
            [
              -147.7462864,
              64.8324875
            ],
            [
              -147.7463165,
              64.8324845
            ],
            [
              -147.7463346,
              64.8324848
            ],
            [
              -147.7463505,
              64.8324858
            ],
            [
              -147.746356,
              64.8324886
            ],
            [
              -147.7463683,
              64.832495
            ],
            [
              -147.7463806,
              64.8325013
            ],
            [
              -147.7463878,
              64.832505
            ],
            [
              -147.7463598,
              64.8325104
            ],
            [
              -147.7463734,
              64.832519
            ],
            [
              -147.7464318,
              64.8325098
            ],
            [
              -147.7466626,
              64.8326282
            ],
            [
              -147.7466058,
              64.8326357
            ],
            [
              -147.7466234,
              64.8326443
            ],
            [
              -147.7466809,
              64.832638
            ],
            [
              -147.7467929,
              64.8325988
            ],
            [
              -147.7468258,
              64.8325873
            ],
            [
              -147.7468588,
              64.8325758
            ],
            [
              -147.7470751,
              64.8325001
            ],
            [
              -147.7470938,
              64.8324994
            ],
            [
              -147.7472159,
              64.8324565
            ],
            [
              -147.7472412,
              64.8324475
            ],
            [
              -147.7472576,
              64.8324418
            ],
            [
              -147.7473975,
              64.8323925
            ],
            [
              -147.7473995,
              64.8323918
            ],
            [
              -147.7480309,
              64.8321695
            ],
            [
              -147.7481619,
              64.8321234
            ],
            [
              -147.7481998,
              64.83211
            ],
            [
              -147.7482666,
              64.8320864
            ],
            [
              -147.7483251,
              64.8320656
            ],
            [
              -147.7483471,
              64.8320574
            ],
            [
              -147.7483636,
              64.832044
            ],
            [
              -147.7484268,
              64.8320225
            ],
            [
              -147.7484549,
              64.8319977
            ],
            [
              -147.7484362,
              64.8319882
            ],
            [
              -147.7484213,
              64.8319996
            ],
            [
              -147.7479451,
              64.8317572
            ],
            [
              -147.7479664,
              64.8317454
            ],
            [
              -147.7479462,
              64.8317359
            ],
            [
              -147.7477813,
              64.8318004
            ],
            [
              -147.7477633,
              64.8318031
            ],
            [
              -147.7477418,
              64.8318029
            ],
            [
              -147.7475702,
              64.8318033
            ],
            [
              -147.7475369,
              64.8318034
            ],
            [
              -147.7474936,
              64.8318035
            ],
            [
              -147.747454,
              64.8318036
            ],
            [
              -147.7474317,
              64.8318053
            ],
            [
              -147.7474112,
              64.831808
            ],
            [
              -147.7473951,
              64.8318125
            ],
            [
              -147.7473761,
              64.831819
            ],
            [
              -147.7469548,
              64.8319684
            ],
            [
              -147.7469484,
              64.8319714
            ],
            [
              -147.746937,
              64.8319767
            ],
            [
              -147.7469222,
              64.8319874
            ],
            [
              -147.74691,
              64.8320019
            ],
            [
              -147.7466938,
              64.8322587
            ],
            [
              -147.7466917,
              64.8322612
            ],
            [
              -147.7466535,
              64.8322553
            ],
            [
              -147.7466295,
              64.8322516
            ],
            [
              -147.7466124,
              64.8322489
            ],
            [
              -147.7465212,
              64.8323617
            ],
            [
              -147.7465038,
              64.8323787
            ],
            [
              -147.7464827,
              64.8323924
            ],
            [
              -147.746454,
              64.8324055
            ],
            [
              -147.7464261,
              64.8324165
            ],
            [
              -147.7464018,
              64.8324236
            ],
            [
              -147.7463758,
              64.83243
            ],
            [
              -147.7463487,
              64.8324353
            ],
            [
              -147.7463197,
              64.8324404
            ],
            [
              -147.7462863,
              64.8324446
            ],
            [
              -147.7462521,
              64.8324467
            ],
            [
              -147.7462007,
              64.8324478
            ],
            [
              -147.7461297,
              64.8324439
            ],
            [
              -147.7461193,
              64.8324434
            ],
            [
              -147.7460991,
              64.8324425
            ],
            [
              -147.7460789,
              64.8324415
            ],
            [
              -147.7458452,
              64.8324303
            ],
            [
              -147.7458183,
              64.832428
            ],
            [
              -147.7457929,
              64.8324242
            ],
            [
              -147.745771,
              64.8324195
            ],
            [
              -147.7457469,
              64.8324133
            ],
            [
              -147.7457242,
              64.8324057
            ],
            [
              -147.7456963,
              64.8323924
            ],
            [
              -147.7456818,
              64.8323837
            ],
            [
              -147.7456668,
              64.8323705
            ],
            [
              -147.745659,
              64.8323609
            ],
            [
              -147.745652,
              64.8323491
            ],
            [
              -147.7456489,
              64.8323365
            ],
            [
              -147.74565,
              64.8323226
            ],
            [
              -147.7456546,
              64.8323103
            ],
            [
              -147.7456656,
              64.8322969
            ],
            [
              -147.7456751,
              64.8322865
            ],
            [
              -147.7456871,
              64.8322768
            ],
            [
              -147.7457649,
              64.8322409
            ],
            [
              -147.7457568,
              64.8322374
            ],
            [
              -147.7456898,
              64.8322089
            ],
            [
              -147.7457153,
              64.832189
            ],
            [
              -147.7457341,
              64.8321485
            ],
            [
              -147.7457233,
              64.8321194
            ],
            [
              -147.7456871,
              64.8320914
            ],
            [
              -147.7456281,
              64.8320703
            ],
            [
              -147.745612,
              64.8320692
            ],
            [
              -147.7455396,
              64.8320287
            ],
            [
              -147.7455004,
              64.8319566
            ],
            [
              -147.7454924,
              64.831942
            ],
            [
              -147.7454845,
              64.8319274
            ],
            [
              -147.7454407,
              64.8318469
            ],
            [
              -147.7454365,
              64.8318392
            ],
            [
              -147.7454307,
              64.8318285
            ],
            [
              -147.7454078,
              64.8317864
            ],
            [
              -147.7450621,
              64.8318224
            ],
            [
              -147.7450948,
              64.8318795
            ],
            [
              -147.7450723,
              64.8318817
            ],
            [
              -147.7450788,
              64.8318928
            ],
            [
              -147.7450847,
              64.8319029
            ],
            [
              -147.7451306,
              64.8319819
            ],
            [
              -147.7451393,
              64.8319911
            ],
            [
              -147.7452701,
              64.8320658
            ],
            [
              -147.7453908,
              64.8320886
            ],
            [
              -147.7453693,
              64.8321006
            ],
            [
              -147.7453975,
              64.8321103
            ],
            [
              -147.745368,
              64.8321411
            ],
            [
              -147.7452867,
              64.8321311
            ],
            [
              -147.7452741,
              64.832145
            ],
            [
              -147.745166,
              64.8321439
            ],
            [
              -147.7451369,
              64.8321405
            ],
            [
              -147.7451078,
              64.8321348
            ],
            [
              -147.7450394,
              64.8321046
            ],
            [
              -147.7449522,
              64.8320652
            ],
            [
              -147.7449053,
              64.8320572
            ],
            [
              -147.7447819,
              64.8320584
            ],
            [
              -147.7447229,
              64.8320555
            ],
            [
              -147.7446894,
              64.8320464
            ],
            [
              -147.7446652,
              64.8320321
            ],
            [
              -147.7446478,
              64.8320527
            ],
            [
              -147.7445818,
              64.8320557
            ],
            [
              -147.7445689,
              64.8320671
            ],
            [
              -147.7445557,
              64.8320787
            ],
            [
              -147.7445214,
              64.8320739
            ],
            [
              -147.7444765,
              64.8320748
            ],
            [
              -147.7444275,
              64.832078
            ],
            [
              -147.7443819,
              64.8320874
            ],
            [
              -147.7443434,
              64.8321051
            ],
            [
              -147.7441489,
              64.8322699
            ],
            [
              -147.7444788,
              64.8323407
            ],
            [
              -147.7440134,
              64.832526
            ],
            [
              -147.7445633,
              64.8327696
            ]
          ]
        ]
      },
      "id": "way/392027216"
    },
    {
      "type": "Feature",
      "properties": {
        "@id": "way/397379728",
        "amenity": "doctors",
        "amenity_1": "midwife",
        "building": "yes",
        "name": "Juneau Family Birth Center"
      },
      "geometry": {
        "type": "Polygon",
        "coordinates": [
          [
            [
              -134.466064,
              58.3319903
            ],
            [
              -134.4659277,
              58.3317525
            ],
            [
              -134.4658764,
              58.3316632
            ],
            [
              -134.465473,
              58.3317376
            ],
            [
              -134.4656712,
              58.3320497
            ],
            [
              -134.466064,
              58.3319903
            ]
          ]
        ]
      },
      "id": "way/397379728"
    },
    {
      "type": "Feature",
      "properties": {
        "@id": "way/397379730",
        "amenity": "doctors",
        "building": "yes",
        "name": "SEARHC"
      },
      "geometry": {
        "type": "Polygon",
        "coordinates": [
          [
            [
              -134.4675728,
              58.3313816
            ],
            [
              -134.4674505,
              58.331294
            ],
            [
              -134.4673384,
              58.3312138
            ],
            [
              -134.4672163,
              58.3311263
            ],
            [
              -134.4672588,
              58.3309905
            ],
            [
              -134.4668986,
              58.3309594
            ],
            [
              -134.4668463,
              58.3311263
            ],
            [
              -134.4667913,
              58.3311475
            ],
            [
              -134.4668314,
              58.3311762
            ],
            [
              -134.4667671,
              58.3312009
            ],
            [
              -134.4667939,
              58.3312201
            ],
            [
              -134.4667403,
              58.3312407
            ],
            [
              -134.4667814,
              58.3312701
            ],
            [
              -134.4667274,
              58.3312909
            ],
            [
              -134.4671055,
              58.3315615
            ],
            [
              -134.4675728,
              58.3313816
            ]
          ]
        ]
      },
      "id": "way/397379730"
    },
    {
      "type": "Feature",
      "properties": {
        "@id": "way/397379736",
        "amenity": "doctors",
        "building": "yes",
        "healthcare": "doctor",
        "name": "SERHC"
      },
      "geometry": {
        "type": "Polygon",
        "coordinates": [
          [
            [
              -134.4691674,
              58.3298869
            ],
            [
              -134.4695293,
              58.3297615
            ],
            [
              -134.4692949,
              58.3295751
            ],
            [
              -134.468933,
              58.3297005
            ],
            [
              -134.4691674,
              58.3298869
            ]
          ]
        ]
      },
      "id": "way/397379736"
    },
    {
      "type": "Feature",
      "properties": {
        "@id": "way/397379752",
        "amenity": "clinic",
        "building": "yes",
        "healthcare": "counselling",
        "healthcare:counselling": "antenatal;sexual",
        "name": "Planned Parenthood",
        "operator": "Planned Parenthood",
        "operator:wikidata": "Q2553262"
      },
      "geometry": {
        "type": "Polygon",
        "coordinates": [
          [
            [
              -134.4730268,
              58.3302645
            ],
            [
              -134.4726921,
              58.3301443
            ],
            [
              -134.4725463,
              58.3302561
            ],
            [
              -134.4726438,
              58.3302912
            ],
            [
              -134.4725598,
              58.3303556
            ],
            [
              -134.4726947,
              58.3304041
            ],
            [
              -134.4727814,
              58.3303376
            ],
            [
              -134.4728836,
              58.3303743
            ],
            [
              -134.4730268,
              58.3302645
            ]
          ]
        ]
      },
      "id": "way/397379752"
    },
    {
      "type": "Feature",
      "properties": {
        "@id": "way/409580620",
        "addr:city": "Juneau",
        "addr:housenumber": "3260",
        "addr:postcode": "99801",
        "addr:state": "AK",
        "addr:street": "Hospital Drive",
        "amenity": "hospital",
        "beds": "78",
        "emergency": "yes",
        "healthcare": "hospital",
        "name": "Bartlett Regional Hospital",
        "phone": "+1 907 796 8900",
        "website": "https://www.bartletthospital.org/",
        "wikidata": "Q20712149",
        "wikipedia": "en:Bartlett Regional Hospital"
      },
      "geometry": {
        "type": "Polygon",
        "coordinates": [
          [
            [
              -134.4677996,
              58.3290907
            ],
            [
              -134.4675223,
              58.3287963
            ],
            [
              -134.4653849,
              58.3279092
            ],
            [
              -134.4648972,
              58.3280651
            ],
            [
              -134.4637819,
              58.327913
            ],
            [
              -134.4626789,
              58.3279421
            ],
            [
              -134.4620134,
              58.3286086
            ],
            [
              -134.4620503,
              58.329013
            ],
            [
              -134.4628637,
              58.3294272
            ],
            [
              -134.4635206,
              58.3295351
            ],
            [
              -134.4640653,
              58.3296245
            ],
            [
              -134.4651745,
              58.3302942
            ],
            [
              -134.4677996,
              58.3290907
            ]
          ]
        ]
      },
      "id": "way/409580620"
    },
    {
      "type": "Feature",
      "properties": {
        "@id": "way/423202817",
        "amenity": "doctors",
        "building": "office",
        "healthcare": "doctor",
        "name": "Dr. Rene Alvarez, General Surgeon",
        "source": "Bing;survey"
      },
      "geometry": {
        "type": "Polygon",
        "coordinates": [
          [
            [
              -151.543619,
              59.6497212
            ],
            [
              -151.543696,
              59.6497222
            ],
            [
              -151.5436998,
              59.6496456
            ],
            [
              -151.5435919,
              59.6496442
            ],
            [
              -151.5435907,
              59.6496687
            ],
            [
              -151.5434597,
              59.649667
            ],
            [
              -151.5434537,
              59.6497846
            ],
            [
              -151.5436157,
              59.6497867
            ],
            [
              -151.543619,
              59.6497212
            ]
          ]
        ]
      },
      "id": "way/423202817"
    },
    {
      "type": "Feature",
      "properties": {
        "@id": "way/431945985",
        "amenity": "clinic",
        "building": "yes",
        "healthcare": "clinic",
        "name": "Peninsula Allergy & Asthma Center",
        "source": "Bing"
      },
      "geometry": {
        "type": "Polygon",
        "coordinates": [
          [
            [
              -151.0704678,
              60.4821538
            ],
            [
              -151.0708366,
              60.4819288
            ],
            [
              -151.0704532,
              60.4817762
            ],
            [
              -151.0700844,
              60.4820011
            ],
            [
              -151.0704678,
              60.4821538
            ]
          ]
        ]
      },
      "id": "way/431945985"
    },
    {
      "type": "Feature",
      "properties": {
        "@id": "way/435795485",
        "amenity": "clinic",
        "building": "yes",
        "healthcare": "clinic",
        "image": "https://www.facebook.com/USCoastGuardBaseKetchikan/photos/a.1321832891166130/2557122997637107/?type=3&theater",
        "note": "Street level imagery shows road sign at intersection of Stedman St. and Upper Coast Guard Base Access giving directions to this building. Name of Coast Guard Base Ketchikan website."
      },
      "geometry": {
        "type": "Polygon",
        "coordinates": [
          [
            [
              -131.6246586,
              55.3336737
            ],
            [
              -131.624439,
              55.3335133
            ],
            [
              -131.624329,
              55.3335621
            ],
            [
              -131.6242782,
              55.3335249
            ],
            [
              -131.624216,
              55.3334795
            ],
            [
              -131.6240253,
              55.3335639
            ],
            [
              -131.624291,
              55.333758
            ],
            [
              -131.624352,
              55.333731
            ],
            [
              -131.624419,
              55.3337799
            ],
            [
              -131.6246586,
              55.3336737
            ]
          ]
        ]
      },
      "id": "way/435795485"
    },
    {
      "type": "Feature",
      "properties": {
        "@id": "way/438276213",
        "amenity": "clinic",
        "building": "yes",
        "healthcare": "clinic",
        "name": "SEARHC Health Clinic"
      },
      "geometry": {
        "type": "Polygon",
        "coordinates": [
          [
            [
              -133.9426496,
              56.9752179
            ],
            [
              -133.9425523,
              56.9751988
            ],
            [
              -133.9425693,
              56.9751731
            ],
            [
              -133.9423692,
              56.9751338
            ],
            [
              -133.9422703,
              56.9752834
            ],
            [
              -133.9425677,
              56.9753418
            ],
            [
              -133.9426496,
              56.9752179
            ]
          ]
        ]
      },
      "id": "way/438276213"
    },
    {
      "type": "Feature",
      "properties": {
        "@id": "way/442362513",
        "amenity": "pharmacy",
        "building": "yes",
        "healthcare": "pharmacy"
      },
      "geometry": {
        "type": "Polygon",
        "coordinates": [
          [
            [
              -131.6923902,
              55.3558141
            ],
            [
              -131.6921477,
              55.3559773
            ],
            [
              -131.6925612,
              55.3561758
            ],
            [
              -131.6927291,
              55.3560628
            ],
            [
              -131.6926162,
              55.3560086
            ],
            [
              -131.6924725,
              55.3559396
            ],
            [
              -131.6925471,
              55.3558894
            ],
            [
              -131.6923902,
              55.3558141
            ]
          ]
        ]
      },
      "id": "way/442362513"
    },
    {
      "type": "Feature",
      "properties": {
        "@id": "way/449529338",
        "addr:city": "Nome",
        "addr:housenumber": "1000",
        "addr:postcode": "99762",
        "addr:street": "Greg Kruschek Avenue",
        "amenity": "hospital",
        "emergency": "yes",
        "healthcare": "hospital",
        "name": "Norton Sound Regional Hospital",
        "phone": "+1 907 443 3311",
        "website": "https://www.nortonsoundhealth.org/Locations/Norton-Sound-Regional-Hospital"
      },
      "geometry": {
        "type": "Polygon",
        "coordinates": [
          [
            [
              -165.3755346,
              64.497832
            ],
            [
              -165.3748961,
              64.4984926
            ],
            [
              -165.3745421,
              64.4995896
            ],
            [
              -165.3764948,
              64.4997951
            ],
            [
              -165.3781682,
              64.4999502
            ],
            [
              -165.3811135,
              64.5000469
            ],
            [
              -165.3815319,
              64.4998367
            ],
            [
              -165.3821167,
              64.4991785
            ],
            [
              -165.3755346,
              64.497832
            ]
          ]
        ]
      },
      "id": "way/449529338"
    },
    {
      "type": "Feature",
      "properties": {
        "@id": "way/449550160",
        "addr:city": "Anchorage",
        "addr:housenumber": "3200",
        "addr:postcode": "99515",
        "addr:street": "Providence Drive",
        "amenity": "hospital",
        "beds": "401",
        "emergency": "yes",
        "healthcare": "hospital",
        "name": "Providence Alaska Medical Center",
        "opening_hours": "24/7",
        "phone": "+1 907 562 2211",
        "website": "https://alaska.providence.org/locations/p/pamc",
        "wikidata": "Q7252388",
        "wikipedia": "en:Providence Alaska Medical Center"
      },
      "geometry": {
        "type": "Polygon",
        "coordinates": [
          [
            [
              -149.8174319,
              61.1845375
            ],
            [
              -149.8164931,
              61.1845168
            ],
            [
              -149.816249,
              61.1845439
            ],
            [
              -149.8160988,
              61.1846383
            ],
            [
              -149.8160371,
              61.1852407
            ],
            [
              -149.816039,
              61.1853655
            ],
            [
              -149.8160068,
              61.1860144
            ],
            [
              -149.8159747,
              61.1890729
            ],
            [
              -149.8161624,
              61.1893314
            ],
            [
              -149.8161463,
              61.1895615
            ],
            [
              -149.8161785,
              61.1896313
            ],
            [
              -149.816259,
              61.1896572
            ],
            [
              -149.8168061,
              61.1897166
            ],
            [
              -149.8186354,
              61.1897295
            ],
            [
              -149.8207436,
              61.1897192
            ],
            [
              -149.8215483,
              61.1896236
            ],
            [
              -149.8221598,
              61.1894684
            ],
            [
              -149.822766,
              61.189228
            ],
            [
              -149.8240964,
              61.1885403
            ],
            [
              -149.8238879,
              61.1883742
            ],
            [
              -149.8237324,
              61.1881532
            ],
            [
              -149.8236948,
              61.1879464
            ],
            [
              -149.8236814,
              61.1878197
            ],
            [
              -149.8236251,
              61.187671
            ],
            [
              -149.8234829,
              61.1874952
            ],
            [
              -149.822284,
              61.1868398
            ],
            [
              -149.8222625,
              61.1867791
            ],
            [
              -149.8222652,
              61.1867093
            ],
            [
              -149.822284,
              61.1866214
            ],
            [
              -149.8223645,
              61.1865684
            ],
            [
              -149.8233515,
              61.1862659
            ],
            [
              -149.8231503,
              61.1860228
            ],
            [
              -149.8231262,
              61.185807
            ],
            [
              -149.823086,
              61.1849757
            ],
            [
              -149.8230404,
              61.1847417
            ],
            [
              -149.8229437,
              61.1846506
            ],
            [
              -149.822807,
              61.1845905
            ],
            [
              -149.8224127,
              61.1845517
            ],
            [
              -149.8213801,
              61.1845388
            ],
            [
              -149.820334,
              61.184562
            ],
            [
              -149.819127,
              61.1845504
            ],
            [
              -149.8181051,
              61.1845698
            ],
            [
              -149.8174319,
              61.1845375
            ]
          ]
        ]
      },
      "id": "way/449550160"
    },
    {
      "type": "Feature",
      "properties": {
        "@id": "way/449555028",
        "addr:city": "Anchorage",
        "addr:housenumber": "2801",
        "addr:postcode": "99508",
        "addr:state": "AK",
        "addr:street": "Debarr Road",
        "amenity": "hospital",
        "beds": "250",
        "emergency": "yes",
        "healthcare": "hospital",
        "name": "Alaska Regional Hospital",
        "phone": "+1 907 276 1131",
        "source": "Bing",
        "website": "https://alaskaregional.com/"
      },
      "geometry": {
        "type": "Polygon",
        "coordinates": [
          [
            [
              -149.8235232,
              61.2115144
            ],
            [
              -149.8239382,
              61.2115142
            ],
            [
              -149.8270395,
              61.2115131
            ],
            [
              -149.8270932,
              61.2125723
            ],
            [
              -149.8293409,
              61.2125891
            ],
            [
              -149.8328197,
              61.210875
            ],
            [
              -149.8347294,
              61.2100379
            ],
            [
              -149.8367786,
              61.2092344
            ],
            [
              -149.8374278,
              61.2086713
            ],
            [
              -149.83805,
              61.2083638
            ],
            [
              -149.8380393,
              61.2079323
            ],
            [
              -149.8379107,
              61.2078605
            ],
            [
              -149.8373848,
              61.2078652
            ],
            [
              -149.8361296,
              61.2078962
            ],
            [
              -149.8353678,
              61.2079788
            ],
            [
              -149.834649,
              61.2081752
            ],
            [
              -149.8340052,
              61.2084336
            ],
            [
              -149.8334688,
              61.2087436
            ],
            [
              -149.8326749,
              61.209188
            ],
            [
              -149.8320097,
              61.2094412
            ],
            [
              -149.8315269,
              61.209591
            ],
            [
              -149.8309131,
              61.2097046
            ],
            [
              -149.8308295,
              61.2097202
            ],
            [
              -149.8307032,
              61.2097342
            ],
            [
              -149.8301321,
              61.2097977
            ],
            [
              -149.8294562,
              61.2098235
            ],
            [
              -149.8272783,
              61.2098287
            ],
            [
              -149.8255759,
              61.209836
            ],
            [
              -149.8247324,
              61.2098397
            ],
            [
              -149.8236841,
              61.2098442
            ],
            [
              -149.8235057,
              61.2098906
            ],
            [
              -149.8234734,
              61.2099292
            ],
            [
              -149.8235232,
              61.2115144
            ]
          ]
        ]
      },
      "id": "way/449555028"
    },
    {
      "type": "Feature",
      "properties": {
        "@id": "way/450914877",
        "amenity": "doctors",
        "building": "yes"
      },
      "geometry": {
        "type": "Polygon",
        "coordinates": [
          [
            [
              -134.4671619,
              58.3299321
            ],
            [
              -134.4675546,
              58.3300201
            ],
            [
              -134.4676396,
              58.3299154
            ],
            [
              -134.4677077,
              58.3299307
            ],
            [
              -134.4677972,
              58.3298205
            ],
            [
              -134.4676925,
              58.3297971
            ],
            [
              -134.4677167,
              58.3297673
            ],
            [
              -134.4673606,
              58.3296875
            ],
            [
              -134.4671619,
              58.3299321
            ]
          ]
        ]
      },
      "id": "way/450914877"
    },
    {
      "type": "Feature",
      "properties": {
        "@id": "way/450914880",
        "amenity": "doctors",
        "building": "yes"
      },
      "geometry": {
        "type": "Polygon",
        "coordinates": [
          [
            [
              -134.4674866,
              58.3295708
            ],
            [
              -134.4679792,
              58.3296849
            ],
            [
              -134.4680927,
              58.3295499
            ],
            [
              -134.4679872,
              58.3295254
            ],
            [
              -134.4680255,
              58.3294798
            ],
            [
              -134.4679117,
              58.3294535
            ],
            [
              -134.4679387,
              58.3294213
            ],
            [
              -134.467805,
              58.3293903
            ],
            [
              -134.4677708,
              58.3294311
            ],
            [
              -134.4675863,
              58.3293883
            ],
            [
              -134.4674864,
              58.3295071
            ],
            [
              -134.4675313,
              58.3295175
            ],
            [
              -134.4674866,
              58.3295708
            ]
          ]
        ]
      },
      "id": "way/450914880"
    },
    {
      "type": "Feature",
      "properties": {
        "@id": "way/450914882",
        "amenity": "clinic",
        "building": "yes",
        "healthcare": "clinic"
      },
      "geometry": {
        "type": "Polygon",
        "coordinates": [
          [
            [
              -134.4652695,
              58.3309823
            ],
            [
              -134.4653943,
              58.3309235
            ],
            [
              -134.4651075,
              58.3307556
            ],
            [
              -134.4645885,
              58.331
            ],
            [
              -134.4648642,
              58.3311613
            ],
            [
              -134.4649384,
              58.3311264
            ],
            [
              -134.4650538,
              58.3311939
            ],
            [
              -134.4653737,
              58.3310432
            ],
            [
              -134.4652695,
              58.3309823
            ]
          ]
        ]
      },
      "id": "way/450914882"
    },
    {
      "type": "Feature",
      "properties": {
        "@id": "way/475648643",
        "amenity": "clinic",
        "building": "yes",
        "healthcare": "clinic",
        "name": "Susie Husky Health Centre",
        "wheelchair": "yes"
      },
      "geometry": {
        "type": "Polygon",
        "coordinates": [
          [
            [
              -135.007514,
              68.2217874
            ],
            [
              -135.0073962,
              68.2217417
            ],
            [
              -135.0074531,
              68.2217215
            ],
            [
              -135.006984,
              68.2215396
            ],
            [
              -135.0066064,
              68.2216737
            ],
            [
              -135.007102,
              68.2218659
            ],
            [
              -135.0071502,
              68.2218488
            ],
            [
              -135.0072414,
              68.2218841
            ],
            [
              -135.007514,
              68.2217874
            ]
          ]
        ]
      },
      "id": "way/475648643"
    },
    {
      "type": "Feature",
      "properties": {
        "@id": "way/480280192",
        "amenity": "clinic",
        "building": "yes",
        "healthcare": "clinic",
        "name": "Atka Medical Clinic"
      },
      "geometry": {
        "type": "Polygon",
        "coordinates": [
          [
            [
              -174.1980021,
              52.2007011
            ],
            [
              -174.1977952,
              52.2005962
            ],
            [
              -174.1977126,
              52.2006574
            ],
            [
              -174.1979195,
              52.2007623
            ],
            [
              -174.1980021,
              52.2007011
            ]
          ]
        ]
      },
      "id": "way/480280192"
    },
    {
      "type": "Feature",
      "properties": {
        "@id": "way/486696377",
        "amenity": "clinic",
        "building": "yes",
        "healthcare": "clinic"
      },
      "geometry": {
        "type": "Polygon",
        "coordinates": [
          [
            [
              -149.3699467,
              61.5867765
            ],
            [
              -149.3699068,
              61.5858178
            ],
            [
              -149.3695485,
              61.5858178
            ],
            [
              -149.3695803,
              61.5867765
            ],
            [
              -149.3699467,
              61.5867765
            ]
          ]
        ]
      },
      "id": "way/486696377"
    },
    {
      "type": "Feature",
      "properties": {
        "@id": "way/496063321",
        "amenity": "clinic",
        "building": "yes",
        "healthcare": "clinic",
        "name": "Cornerstone Health Alaska",
        "phone": "+19075227090"
      },
      "geometry": {
        "type": "Polygon",
        "coordinates": [
          [
            [
              -149.8425964,
              61.1381837
            ],
            [
              -149.8425936,
              61.1380996
            ],
            [
              -149.8425745,
              61.1380997
            ],
            [
              -149.8425711,
              61.1379942
            ],
            [
              -149.8425901,
              61.1379941
            ],
            [
              -149.8425896,
              61.1379805
            ],
            [
              -149.8424859,
              61.1379784
            ],
            [
              -149.8424743,
              61.1379222
            ],
            [
              -149.8423965,
              61.1378963
            ],
            [
              -149.842312,
              61.137895
            ],
            [
              -149.8423021,
              61.1378651
            ],
            [
              -149.8422933,
              61.1378374
            ],
            [
              -149.8418641,
              61.1378393
            ],
            [
              -149.8418641,
              61.1379921
            ],
            [
              -149.8422656,
              61.1381865
            ],
            [
              -149.8425964,
              61.1381837
            ]
          ]
        ]
      },
      "id": "way/496063321"
    },
    {
      "type": "Feature",
      "properties": {
        "@id": "way/500252069",
        "amenity": "clinic",
        "building": "yes",
        "name": "Health Clinic"
      },
      "geometry": {
        "type": "Polygon",
        "coordinates": [
          [
            [
              -163.0124599,
              69.7411695
            ],
            [
              -163.0124821,
              69.740901
            ],
            [
              -163.0120378,
              69.7408966
            ],
            [
              -163.0120157,
              69.7411651
            ],
            [
              -163.0124599,
              69.7411695
            ]
          ]
        ]
      },
      "id": "way/500252069"
    },
    {
      "type": "Feature",
      "properties": {
        "@id": "way/500279596",
        "addr:city": "Point Hope",
        "addr:housenumber": "1729",
        "addr:postcode": "99766",
        "addr:state": "AK",
        "addr:street": "Qalgi Avenue",
        "amenity": "clinic",
        "building": "yes",
        "healthcare": "clinic",
        "name": "Point Hope Health Clinic",
        "phone": "+1 907-368-2234"
      },
      "geometry": {
        "type": "Polygon",
        "coordinates": [
          [
            [
              -166.7365009,
              68.3484239
            ],
            [
              -166.7366734,
              68.3481071
            ],
            [
              -166.7363987,
              68.3480867
            ],
            [
              -166.7363685,
              68.3481422
            ],
            [
              -166.7361601,
              68.3481267
            ],
            [
              -166.736151,
              68.3481436
            ],
            [
              -166.7361085,
              68.3481405
            ],
            [
              -166.7359754,
              68.348385
            ],
            [
              -166.7365009,
              68.3484239
            ]
          ]
        ]
      },
      "id": "way/500279596"
    },
    {
      "type": "Feature",
      "properties": {
        "@id": "way/500281513",
        "amenity": "hospital",
        "building": "yes"
      },
      "geometry": {
        "type": "Polygon",
        "coordinates": [
          [
            [
              -157.4240997,
              70.4818711
            ],
            [
              -157.424303,
              70.4816156
            ],
            [
              -157.4238474,
              70.4815751
            ],
            [
              -157.423644,
              70.4818306
            ],
            [
              -157.4240997,
              70.4818711
            ]
          ]
        ]
      },
      "id": "way/500281513"
    },
    {
      "type": "Feature",
      "properties": {
        "@id": "way/503534267",
        "amenity": "clinic",
        "building": "yes",
        "healthcare": "clinic"
      },
      "geometry": {
        "type": "Polygon",
        "coordinates": [
          [
            [
              -168.8599309,
              52.9384948
            ],
            [
              -168.859781,
              52.9384369
            ],
            [
              -168.8597172,
              52.9384969
            ],
            [
              -168.859867,
              52.9385548
            ],
            [
              -168.8599309,
              52.9384948
            ]
          ]
        ]
      },
      "id": "way/503534267"
    },
    {
      "type": "Feature",
      "properties": {
        "@id": "way/505343629",
        "addr:city": "Utkiagvik",
        "addr:housenumber": "7000",
        "addr:postcode": "99723",
        "addr:state": "AK",
        "addr:street": "Uula Street",
        "amenity": "hospital",
        "beds": "14",
        "emergency": "yes",
        "healthcare": "hospital",
        "name": "Samuel Simmonds Memorial Hospital",
        "opening_hours": "24/7",
        "operator": "Arctic Slope Native Association",
        "phone": "+1 907 852 2762",
        "website": "https://www.arcticslope.org/services/hospital-services/"
      },
      "geometry": {
        "type": "Polygon",
        "coordinates": [
          [
            [
              -156.728902,
              71.298532
            ],
            [
              -156.7316479,
              71.2981098
            ],
            [
              -156.7318721,
              71.2980439
            ],
            [
              -156.7319655,
              71.297969
            ],
            [
              -156.7319842,
              71.2978941
            ],
            [
              -156.73176,
              71.2977115
            ],
            [
              -156.7322457,
              71.2976036
            ],
            [
              -156.7325165,
              71.2975258
            ],
            [
              -156.732666,
              71.2974449
            ],
            [
              -156.7326566,
              71.2973611
            ],
            [
              -156.7315639,
              71.2965883
            ],
            [
              -156.7314144,
              71.2965284
            ],
            [
              -156.7312089,
              71.2965015
            ],
            [
              -156.7309101,
              71.2964895
            ],
            [
              -156.7304991,
              71.2965105
            ],
            [
              -156.7302096,
              71.2963398
            ],
            [
              -156.7300414,
              71.2962829
            ],
            [
              -156.7298827,
              71.2962589
            ],
            [
              -156.7296772,
              71.2962529
            ],
            [
              -156.729397,
              71.2962739
            ],
            [
              -156.7267257,
              71.2967022
            ],
            [
              -156.726651,
              71.2967351
            ],
            [
              -156.726623,
              71.29678
            ],
            [
              -156.7266043,
              71.2968459
            ],
            [
              -156.7265957,
              71.2969433
            ],
            [
              -156.7265857,
              71.2970556
            ],
            [
              -156.728902,
              71.298532
            ]
          ]
        ]
      },
      "id": "way/505343629"
    },
    {
      "type": "Feature",
      "properties": {
        "@id": "way/506877550",
        "addr:city": "Soldotna",
        "addr:housenumber": "215",
        "addr:state": "AK",
        "addr:street": "North Fireweed Street",
        "amenity": "clinic",
        "building": "office",
        "healthcare": "clinic",
        "name": "Advanced Biomechanics, Inc.",
        "office": "yes",
        "operator": "Eric O'Guinn",
        "phone": "+1 907-262-1515",
        "postal_code": "99669",
        "source": "personal_knowledge",
        "website": "https://akbiomech.com/"
      },
      "geometry": {
        "type": "Polygon",
        "coordinates": [
          [
            [
              -151.0803944,
              60.4917987
            ],
            [
              -151.0804211,
              60.4917986
            ],
            [
              -151.0804196,
              60.4917173
            ],
            [
              -151.0802419,
              60.491718
            ],
            [
              -151.0802427,
              60.4917664
            ],
            [
              -151.0802039,
              60.4917666
            ],
            [
              -151.0802051,
              60.4918369
            ],
            [
              -151.080244,
              60.4918368
            ],
            [
              -151.0802442,
              60.4918483
            ],
            [
              -151.0801628,
              60.4918486
            ],
            [
              -151.0801636,
              60.4918937
            ],
            [
              -151.080245,
              60.4918934
            ],
            [
              -151.0802459,
              60.4919413
            ],
            [
              -151.0803969,
              60.4919406
            ],
            [
              -151.0803944,
              60.4917987
            ]
          ]
        ]
      },
      "id": "way/506877550"
    },
    {
      "type": "Feature",
      "properties": {
        "@id": "way/511800417",
        "amenity": "clinic",
        "building": "yes",
        "health_facility_type": "clinic",
        "health_person:type": "midwife",
        "healthcare": "clinic",
        "name": "Homer Birth & Wellness Center",
        "owner": "Sarah Robertson",
        "source": "geolocated photo;survey"
      },
      "geometry": {
        "type": "Polygon",
        "coordinates": [
          [
            [
              -151.5421272,
              59.6468983
            ],
            [
              -151.5421166,
              59.6468022
            ],
            [
              -151.5418966,
              59.6468062
            ],
            [
              -151.5419018,
              59.6468997
            ],
            [
              -151.5421272,
              59.6468983
            ]
          ]
        ]
      },
      "id": "way/511800417"
    },
    {
      "type": "Feature",
      "properties": {
        "@id": "way/511832677",
        "addr:city": "Ketchikan",
        "addr:housenumber": "3100",
        "addr:postcode": "99901",
        "addr:state": "AK",
        "addr:street": "Tongass Avenue",
        "amenity": "hospital",
        "building": "yes",
        "healthcare": "hospital",
        "name": "Peace Health Ketchikan Medical Ceneter",
        "operator": "PeaceHealth",
        "operator:wikidata": "Q16966652",
        "operator:wikipedia": "en:PeaceHealth",
        "source": "Employee"
      },
      "geometry": {
        "type": "Polygon",
        "coordinates": [
          [
            [
              -131.68599,
              55.3537575
            ],
            [
              -131.685958,
              55.3537789
            ],
            [
              -131.686551,
              55.354072
            ],
            [
              -131.686957,
              55.353831
            ],
            [
              -131.687041,
              55.353822
            ],
            [
              -131.687084,
              55.353797
            ],
            [
              -131.687196,
              55.3537901
            ],
            [
              -131.687296,
              55.353724
            ],
            [
              -131.6873847,
              55.3536493
            ],
            [
              -131.6875982,
              55.3537365
            ],
            [
              -131.6879218,
              55.353426
            ],
            [
              -131.687743,
              55.3533561
            ],
            [
              -131.6874544,
              55.35322
            ],
            [
              -131.6871845,
              55.353129
            ],
            [
              -131.686857,
              55.3533364
            ],
            [
              -131.686797,
              55.3533708
            ],
            [
              -131.686759,
              55.3533934
            ],
            [
              -131.686631,
              55.3533331
            ],
            [
              -131.686536,
              55.3533122
            ],
            [
              -131.686749,
              55.3531635
            ],
            [
              -131.686326,
              55.3529398
            ],
            [
              -131.685973,
              55.353208
            ],
            [
              -131.685991,
              55.3532924
            ],
            [
              -131.686313,
              55.3534437
            ],
            [
              -131.686271,
              55.3534781
            ],
            [
              -131.686152,
              55.3535886
            ],
            [
              -131.685951,
              55.3535681
            ],
            [
              -131.685895,
              55.3537128
            ],
            [
              -131.68599,
              55.3537575
            ]
          ]
        ]
      },
      "id": "way/511832677"
    },
    {
      "type": "Feature",
      "properties": {
        "@id": "way/520311563",
        "amenity": "hospital",
        "healthcare": "hospital",
        "name": "Клиника душевно больных"
      },
      "geometry": {
        "type": "Polygon",
        "coordinates": [
          [
            [
              -170.9918652,
              65.5870924
            ],
            [
              -170.9916917,
              65.5867803
            ],
            [
              -170.9917453,
              65.5867752
            ],
            [
              -170.9916853,
              65.5866672
            ],
            [
              -170.9913239,
              65.5867015
            ],
            [
              -170.9914557,
              65.5869388
            ],
            [
              -170.991355,
              65.5869484
            ],
            [
              -170.9914377,
              65.5870973
            ],
            [
              -170.9915579,
              65.5870858
            ],
            [
              -170.9916915,
              65.5873262
            ],
            [
              -170.9919777,
              65.587299
            ],
            [
              -170.9919014,
              65.5871618
            ],
            [
              -170.9919888,
              65.5871535
            ],
            [
              -170.9919503,
              65.5870843
            ],
            [
              -170.9918652,
              65.5870924
            ]
          ]
        ]
      },
      "id": "way/520311563"
    },
    {
      "type": "Feature",
      "properties": {
        "@id": "way/520311591",
        "amenity": "clinic",
        "building": "yes",
        "building:levels": "2",
        "healthcare": "clinic",
        "name": "Чукотская районная поликлиника"
      },
      "geometry": {
        "type": "Polygon",
        "coordinates": [
          [
            [
              -171.0136212,
              65.583692
            ],
            [
              -171.0134576,
              65.5835942
            ],
            [
              -171.0135833,
              65.5835583
            ],
            [
              -171.0135571,
              65.5835426
            ],
            [
              -171.0137214,
              65.5834957
            ],
            [
              -171.0134819,
              65.5833524
            ],
            [
              -171.0131852,
              65.5834371
            ],
            [
              -171.0128205,
              65.583219
            ],
            [
              -171.0124533,
              65.5833239
            ],
            [
              -171.0128265,
              65.5835471
            ],
            [
              -171.0127902,
              65.5835575
            ],
            [
              -171.0128925,
              65.5836187
            ],
            [
              -171.0128162,
              65.5836405
            ],
            [
              -171.012908,
              65.5836954
            ],
            [
              -171.0129923,
              65.5836713
            ],
            [
              -171.0130442,
              65.5837024
            ],
            [
              -171.0130836,
              65.5836912
            ],
            [
              -171.0132716,
              65.5838036
            ],
            [
              -171.0133517,
              65.5837807
            ],
            [
              -171.0133794,
              65.5837973
            ],
            [
              -171.0135708,
              65.5837426
            ],
            [
              -171.0135298,
              65.5837181
            ],
            [
              -171.0136212,
              65.583692
            ]
          ]
        ]
      },
      "id": "way/520311591"
    },
    {
      "type": "Feature",
      "properties": {
        "@id": "way/521577965",
        "amenity": "clinic",
        "building": "yes",
        "building:levels": "1",
        "healthcare": "clinic",
        "name": "Anna Livingston Medical Clinic",
        "operator": "Eastern Aleutian Tribes"
      },
      "geometry": {
        "type": "Polygon",
        "coordinates": [
          [
            [
              -162.7180372,
              55.20115
            ],
            [
              -162.7183525,
              55.2010898
            ],
            [
              -162.7182569,
              55.2009265
            ],
            [
              -162.7179415,
              55.2009866
            ],
            [
              -162.7180372,
              55.20115
            ]
          ]
        ]
      },
      "id": "way/521577965"
    },
    {
      "type": "Feature",
      "properties": {
        "@id": "way/531324260",
        "amenity": "pharmacy",
        "brand": "Walgreens",
        "brand:wikidata": "Q1591889",
        "building": "yes",
        "healthcare": "pharmacy",
        "name": "Walgreens"
      },
      "geometry": {
        "type": "Polygon",
        "coordinates": [
          [
            [
              -149.739692,
              61.2094124
            ],
            [
              -149.7396787,
              61.209043
            ],
            [
              -149.7389779,
              61.2090418
            ],
            [
              -149.7389908,
              61.2094402
            ],
            [
              -149.73961,
              61.2094424
            ],
            [
              -149.739692,
              61.2094124
            ]
          ]
        ]
      },
      "id": "way/531324260"
    },
    {
      "type": "Feature",
      "properties": {
        "@id": "way/532543472",
        "addr:city": "Dease Lake",
        "addr:housenumber": "48875",
        "addr:postcode": "V0C 1L0",
        "addr:province": "BC",
        "addr:street": "BC 37",
        "amenity": "hospital",
        "building": "hospital",
        "emergency": "yes",
        "healthcare": "hospital",
        "name": "Stikine Regional Health Centre",
        "phone": "+1-250-842-4456",
        "website": "https://www.northernhealth.ca/find-a-facility/medical-clinics/stikine-health-centre"
      },
      "geometry": {
        "type": "Polygon",
        "coordinates": [
          [
            [
              -129.992516,
              58.4418298
            ],
            [
              -129.9924445,
              58.4415118
            ],
            [
              -129.9920197,
              58.4415379
            ],
            [
              -129.9920619,
              58.4417256
            ],
            [
              -129.9919123,
              58.4418235
            ],
            [
              -129.9919716,
              58.4418483
            ],
            [
              -129.9916774,
              58.4419638
            ],
            [
              -129.9919832,
              58.4421772
            ],
            [
              -129.9924132,
              58.4420084
            ],
            [
              -129.9923372,
              58.4419554
            ],
            [
              -129.9925241,
              58.4418331
            ],
            [
              -129.992516,
              58.4418298
            ]
          ]
        ]
      },
      "id": "way/532543472"
    },
    {
      "type": "Feature",
      "properties": {
        "@id": "way/539533961",
        "amenity": "hospital",
        "building": "hospital",
        "healthcare": "hospital",
        "name": "North Star Behavorial Hospital"
      },
      "geometry": {
        "type": "Polygon",
        "coordinates": [
          [
            [
              -149.8340187,
              61.2076959
            ],
            [
              -149.8343348,
              61.2076947
            ],
            [
              -149.8343325,
              61.2075538
            ],
            [
              -149.8339972,
              61.2075551
            ],
            [
              -149.8339979,
              61.2075958
            ],
            [
              -149.8338594,
              61.2076691
            ],
            [
              -149.8337634,
              61.2076234
            ],
            [
              -149.8334206,
              61.2077906
            ],
            [
              -149.8330638,
              61.207621
            ],
            [
              -149.8329761,
              61.2076637
            ],
            [
              -149.8329324,
              61.2076429
            ],
            [
              -149.8328006,
              61.2077072
            ],
            [
              -149.833093,
              61.2078462
            ],
            [
              -149.8329396,
              61.207921
            ],
            [
              -149.8329444,
              61.2080492
            ],
            [
              -149.8330772,
              61.2080492
            ],
            [
              -149.8331362,
              61.2080145
            ],
            [
              -149.8332654,
              61.2080596
            ],
            [
              -149.8335543,
              61.2080606
            ],
            [
              -149.8337736,
              61.2080601
            ],
            [
              -149.833894,
              61.2080568
            ],
            [
              -149.833957,
              61.208055
            ],
            [
              -149.8338906,
              61.2080221
            ],
            [
              -149.8336313,
              61.2079002
            ],
            [
              -149.8339838,
              61.2077282
            ],
            [
              -149.8339679,
              61.2077206
            ],
            [
              -149.8340187,
              61.2076959
            ]
          ]
        ]
      },
      "id": "way/539533961"
    },
    {
      "type": "Feature",
      "properties": {
        "@id": "way/541992000",
        "addr:country": "CA",
        "addr:housenumber": "347",
        "addr:postcode": "V0T 1M0",
        "addr:street": "Eagle Avenue",
        "amenity": "clinic",
        "building": "yes",
        "healthcare": "clinic",
        "name": "Niislaa Naay"
      },
      "geometry": {
        "type": "Polygon",
        "coordinates": [
          [
            [
              -132.1742082,
              54.0344803
            ],
            [
              -132.1742328,
              54.0344001
            ],
            [
              -132.1743111,
              54.0343988
            ],
            [
              -132.1743469,
              54.0342437
            ],
            [
              -132.1743604,
              54.0341898
            ],
            [
              -132.1744902,
              54.0340635
            ],
            [
              -132.1744342,
              54.0340399
            ],
            [
              -132.1744566,
              54.0340228
            ],
            [
              -132.1742619,
              54.0339623
            ],
            [
              -132.1741186,
              54.0341122
            ],
            [
              -132.1741365,
              54.0341214
            ],
            [
              -132.1741253,
              54.0341477
            ],
            [
              -132.1740179,
              54.0341385
            ],
            [
              -132.1739978,
              54.0342502
            ],
            [
              -132.1740895,
              54.0342594
            ],
            [
              -132.1740425,
              54.0344619
            ],
            [
              -132.1742082,
              54.0344803
            ]
          ]
        ]
      },
      "id": "way/541992000"
    },
    {
      "type": "Feature",
      "properties": {
        "@id": "way/580285217",
        "addr:city": "Homer",
        "addr:housenumber": "4300",
        "addr:postcode": "99603",
        "addr:street": "Bartlett Street",
        "amenity": "hospital",
        "beds": "22",
        "emergency": "yes",
        "healthcare": "hospital",
        "name": "South Peninsula Hospital",
        "opening_hours": "24/7",
        "phone": "+1 907 235 8101",
        "website": "https://www.sphosp.org/"
      },
      "geometry": {
        "type": "Polygon",
        "coordinates": [
          [
            [
              -151.5501104,
              59.6516394
            ],
            [
              -151.5485267,
              59.6516158
            ],
            [
              -151.5485463,
              59.6520172
            ],
            [
              -151.548001,
              59.6520298
            ],
            [
              -151.5479497,
              59.6531376
            ],
            [
              -151.5490902,
              59.6530947
            ],
            [
              -151.5496785,
              59.6530205
            ],
            [
              -151.5514328,
              59.652742
            ],
            [
              -151.5520835,
              59.6525824
            ],
            [
              -151.5522444,
              59.6523385
            ],
            [
              -151.5519333,
              59.6516528
            ],
            [
              -151.5501104,
              59.6516394
            ]
          ]
        ]
      },
      "id": "way/580285217"
    },
    {
      "type": "Feature",
      "properties": {
        "@id": "way/580287248",
        "addr:city": "Cordova",
        "addr:housenumber": "602",
        "addr:postcode": "99574",
        "addr:street": "Chase Avenue",
        "amenity": "hospital",
        "beds": "23",
        "emergency": "yes",
        "healthcare": "hospital",
        "name": "Cordova Community Medical Center",
        "opening_hours": "24/7",
        "phone": "+1 907 424 8000",
        "website": "https://www.cdvcmc.com/"
      },
      "geometry": {
        "type": "Polygon",
        "coordinates": [
          [
            [
              -145.7496202,
              60.5413945
            ],
            [
              -145.7500845,
              60.5415302
            ],
            [
              -145.7504118,
              60.5415777
            ],
            [
              -145.7507712,
              60.5416015
            ],
            [
              -145.7510179,
              60.5415909
            ],
            [
              -145.7514245,
              60.5415432
            ],
            [
              -145.75149,
              60.5415355
            ],
            [
              -145.752182,
              60.541401
            ],
            [
              -145.7528787,
              60.5412181
            ],
            [
              -145.752655,
              60.5410956
            ],
            [
              -145.7524671,
              60.5410488
            ],
            [
              -145.752251,
              60.5410402
            ],
            [
              -145.7519368,
              60.5411107
            ],
            [
              -145.7517091,
              60.5409924
            ],
            [
              -145.7514219,
              60.5409004
            ],
            [
              -145.7511484,
              60.5407971
            ],
            [
              -145.7508083,
              60.5406966
            ],
            [
              -145.750524,
              60.5406143
            ],
            [
              -145.75031,
              60.5404264
            ],
            [
              -145.7501276,
              60.5403357
            ],
            [
              -145.749863,
              60.5402864
            ],
            [
              -145.7497425,
              60.540388
            ],
            [
              -145.7496453,
              60.5404676
            ],
            [
              -145.7495988,
              60.540545
            ],
            [
              -145.7496003,
              60.540603
            ],
            [
              -145.7496664,
              60.5407189
            ],
            [
              -145.7497782,
              60.5408609
            ],
            [
              -145.7498186,
              60.5409459
            ],
            [
              -145.7498174,
              60.5410168
            ],
            [
              -145.749773,
              60.5411572
            ],
            [
              -145.7496202,
              60.5413945
            ]
          ]
        ]
      },
      "id": "way/580287248"
    },
    {
      "type": "Feature",
      "properties": {
        "@id": "way/581386468",
        "amenity": "clinic",
        "building": "yes",
        "healthcare": "clinic",
        "name": "Katherine Miksruaq Olanna Memorial Clinic",
        "operator": "Norton Sound Health Corporation"
      },
      "geometry": {
        "type": "Polygon",
        "coordinates": [
          [
            [
              -166.070244,
              66.2549431
            ],
            [
              -166.0701716,
              66.2547725
            ],
            [
              -166.0701045,
              66.2547683
            ],
            [
              -166.0700838,
              66.2547454
            ],
            [
              -166.0700218,
              66.2547516
            ],
            [
              -166.0700269,
              66.2547745
            ],
            [
              -166.0699546,
              66.2547787
            ],
            [
              -166.0700166,
              66.2549597
            ],
            [
              -166.070244,
              66.2549431
            ]
          ]
        ]
      },
      "id": "way/581386468"
    },
    {
      "type": "Feature",
      "properties": {
        "@id": "way/586389180",
        "addr:city": "Seward",
        "addr:housenumber": "417",
        "addr:postcode": "99664",
        "addr:street": "1st Avenue",
        "amenity": "hospital",
        "beds": "6",
        "emergency": "yes",
        "healthcare": "hospital",
        "name": "Providence Seward Medical Center",
        "opening_hours": "24/7",
        "operator": "Providence Health & Services",
        "operator:wikidata": "Q7252430",
        "operator:wikipedia": "en:Providence Health & Services",
        "phone": "+1 907 224 5205",
        "website": "https://alaska.providence.org/locations/p/psmcc"
      },
      "geometry": {
        "type": "Polygon",
        "coordinates": [
          [
            [
              -149.4455212,
              60.1047203
            ],
            [
              -149.4455258,
              60.105825
            ],
            [
              -149.4469915,
              60.1058383
            ],
            [
              -149.4470023,
              60.1055463
            ],
            [
              -149.4469775,
              60.1054868
            ],
            [
              -149.4468288,
              60.1051236
            ],
            [
              -149.4468271,
              60.1051005
            ],
            [
              -149.4468173,
              60.104853
            ],
            [
              -149.446812,
              60.1047189
            ],
            [
              -149.4467551,
              60.104719
            ],
            [
              -149.4461742,
              60.1047196
            ],
            [
              -149.4457749,
              60.10472
            ],
            [
              -149.4455212,
              60.1047203
            ]
          ]
        ]
      },
      "id": "way/586389180"
    },
    {
      "type": "Feature",
      "properties": {
        "@id": "way/586414092",
        "addr:city": "Dillingham",
        "addr:housenumber": "6000",
        "addr:postcode": "99576",
        "addr:state": "AK",
        "addr:street": "Kanakanak Road",
        "amenity": "hospital",
        "beds": "16",
        "emergency": "yes",
        "healthcare": "hospital",
        "name": "Kanakanak Hospital",
        "old_name": "Ans Hospital",
        "opening_hours": "24/7",
        "operator": "Bristol Bay Area Health Corporation",
        "phone": "+1 907 842 5201",
        "website": "http://www.bbahc.org/"
      },
      "geometry": {
        "type": "Polygon",
        "coordinates": [
          [
            [
              -158.5367328,
              59.0012489
            ],
            [
              -158.5369527,
              59.0012406
            ],
            [
              -158.537221,
              59.0011467
            ],
            [
              -158.5375804,
              59.0009008
            ],
            [
              -158.5377922,
              59.0007709
            ],
            [
              -158.5376984,
              59.0004173
            ],
            [
              -158.5375563,
              59.0002418
            ],
            [
              -158.5372478,
              59.0001825
            ],
            [
              -158.5366094,
              59.0000498
            ],
            [
              -158.536545,
              58.9999366
            ],
            [
              -158.5361615,
              58.9997335
            ],
            [
              -158.5356304,
              58.9996962
            ],
            [
              -158.5351342,
              58.999768
            ],
            [
              -158.534866,
              58.9998924
            ],
            [
              -158.5349679,
              59.0003372
            ],
            [
              -158.5350698,
              59.0004532
            ],
            [
              -158.5357726,
              59.0007323
            ],
            [
              -158.5363948,
              59.0009726
            ],
            [
              -158.5367328,
              59.0012489
            ]
          ]
        ]
      },
      "id": "way/586414092"
    },
    {
      "type": "Feature",
      "properties": {
        "@id": "way/592806011",
        "amenity": "clinic",
        "building": "yes",
        "fax": "+1-907-836-2224",
        "healthcare": "clinic",
        "name": "Akhiok Health Clinic",
        "opening_hours": "Mo-Fr 08:00-16:30",
        "operator": "Kodiak Area Native Association",
        "phone": "+1-907-836-2230",
        "website": "https://kodiakhealthcare.org/"
      },
      "geometry": {
        "type": "Polygon",
        "coordinates": [
          [
            [
              -154.1742268,
              56.9455231
            ],
            [
              -154.174379,
              56.9453939
            ],
            [
              -154.174332,
              56.9453774
            ],
            [
              -154.1743416,
              56.9453693
            ],
            [
              -154.1742508,
              56.9453374
            ],
            [
              -154.1741917,
              56.9453876
            ],
            [
              -154.1740917,
              56.9453525
            ],
            [
              -154.1740193,
              56.9454138
            ],
            [
              -154.1741194,
              56.9454489
            ],
            [
              -154.1740889,
              56.9454748
            ],
            [
              -154.1742268,
              56.9455231
            ]
          ]
        ]
      },
      "id": "way/592806011"
    },
    {
      "type": "Feature",
      "properties": {
        "@id": "way/598178730",
        "addr:city": "Stewart",
        "addr:housenumber": "904",
        "addr:postcode": "V0T 1W0",
        "addr:province": "BC",
        "addr:street": "Brightwell Street",
        "amenity": "hospital",
        "building": "yes",
        "healthcare": "hospital",
        "name": "Stewart Health Centre",
        "phone": "+1-250-636-2221",
        "source": "NRCan-CanVec-10.0",
        "website": "https://www.northernhealth.ca/find-a-facility/health-units/stewart-health-centre"
      },
      "geometry": {
        "type": "Polygon",
        "coordinates": [
          [
            [
              -129.9900212,
              55.9398302
            ],
            [
              -129.9900131,
              55.9399591
            ],
            [
              -129.9894162,
              55.9399473
            ],
            [
              -129.9894129,
              55.9399991
            ],
            [
              -129.9893815,
              55.9399984
            ],
            [
              -129.9893736,
              55.940123
            ],
            [
              -129.9894052,
              55.9401236
            ],
            [
              -129.9894011,
              55.9401878
            ],
            [
              -129.989456,
              55.9401889
            ],
            [
              -129.9894539,
              55.9402223
            ],
            [
              -129.9897397,
              55.9402279
            ],
            [
              -129.9897418,
              55.9401945
            ],
            [
              -129.9900985,
              55.9402016
            ],
            [
              -129.9900964,
              55.9402351
            ],
            [
              -129.9903578,
              55.9402403
            ],
            [
              -129.9903599,
              55.9402068
            ],
            [
              -129.9904634,
              55.9402088
            ],
            [
              -129.9904676,
              55.9401415
            ],
            [
              -129.9905294,
              55.9401427
            ],
            [
              -129.9905325,
              55.9400934
            ],
            [
              -129.9905371,
              55.9400201
            ],
            [
              -129.9904753,
              55.9400189
            ],
            [
              -129.9904958,
              55.9396937
            ],
            [
              -129.9900306,
              55.9396845
            ],
            [
              -129.990026,
              55.9397573
            ],
            [
              -129.9899876,
              55.9397566
            ],
            [
              -129.989983,
              55.9398295
            ],
            [
              -129.9900212,
              55.9398302
            ]
          ]
        ]
      },
      "id": "way/598178730"
    },
    {
      "type": "Feature",
      "properties": {
        "@id": "way/600962971",
        "addr:city": "Wasilla",
        "addr:housenumber": "5851",
        "addr:postcode": "99623",
        "addr:street": "South Knik Goose Bay Road",
        "amenity": "clinic",
        "building": "yes",
        "building:levels": "1",
        "healthcare": "clinic",
        "name": "Mat-Su Urgent Care"
      },
      "geometry": {
        "type": "Polygon",
        "coordinates": [
          [
            [
              -149.6258021,
              61.5152095
            ],
            [
              -149.6257009,
              61.5151449
            ],
            [
              -149.6257784,
              61.5151173
            ],
            [
              -149.6256615,
              61.5150426
            ],
            [
              -149.6255822,
              61.5150708
            ],
            [
              -149.6254842,
              61.5150081
            ],
            [
              -149.6250449,
              61.5151644
            ],
            [
              -149.6253609,
              61.5153665
            ],
            [
              -149.6258021,
              61.5152095
            ]
          ]
        ]
      },
      "id": "way/600962971"
    },
    {
      "type": "Feature",
      "properties": {
        "@id": "way/616794251",
        "amenity": "hospital",
        "healthcare": "hospital",
        "name": "Joint Base Elmendorf-Richardson Hospital"
      },
      "geometry": {
        "type": "Polygon",
        "coordinates": [
          [
            [
              -149.7484794,
              61.2373114
            ],
            [
              -149.7485728,
              61.2361339
            ],
            [
              -149.7486195,
              61.234781
            ],
            [
              -149.7486195,
              61.2333697
            ],
            [
              -149.7484981,
              61.2325831
            ],
            [
              -149.7463312,
              61.2325966
            ],
            [
              -149.741325,
              61.2350552
            ],
            [
              -149.741325,
              61.2371091
            ],
            [
              -149.7414277,
              61.2372035
            ],
            [
              -149.7416052,
              61.2372619
            ],
            [
              -149.7419694,
              61.2372979
            ],
            [
              -149.7484794,
              61.2373114
            ]
          ]
        ]
      },
      "id": "way/616794251"
    },
    {
      "type": "Feature",
      "properties": {
        "@id": "way/623687923",
        "amenity": "hospital",
        "beds": "173",
        "contact:phone": "+1 907-729-1729",
        "emergency": "yes",
        "healthcare": "hospital",
        "name": "Alaska Native Medical Center Health Campus",
        "operator": "Alaska Native Medical Center"
      },
      "geometry": {
        "type": "Polygon",
        "coordinates": [
          [
            [
              -149.8081411,
              61.1844222
            ],
            [
              -149.8079511,
              61.1839535
            ],
            [
              -149.8078875,
              61.1834506
            ],
            [
              -149.8079144,
              61.1810342
            ],
            [
              -149.8078405,
              61.180957
            ],
            [
              -149.8072478,
              61.1809559
            ],
            [
              -149.8059322,
              61.1809533
            ],
            [
              -149.8037194,
              61.180949
            ],
            [
              -149.793352,
              61.180929
            ],
            [
              -149.7933518,
              61.1835379
            ],
            [
              -149.7933517,
              61.1838973
            ],
            [
              -149.7933517,
              61.1844181
            ],
            [
              -149.7952382,
              61.1844186
            ],
            [
              -149.7977866,
              61.1844193
            ],
            [
              -149.7998397,
              61.1844199
            ],
            [
              -149.8002891,
              61.1843542
            ],
            [
              -149.802466,
              61.1844206
            ],
            [
              -149.8025987,
              61.1844207
            ],
            [
              -149.8081411,
              61.1844222
            ]
          ]
        ]
      },
      "id": "way/623687923"
    },
    {
      "type": "Feature",
      "properties": {
        "@id": "way/627010919",
        "addr:city": "Delta Junction",
        "addr:housenumber": "2360",
        "addr:postcode": "99737",
        "addr:state": "AK",
        "addr:street": "Remington Road",
        "amenity": "clinic",
        "building": "commercial",
        "building:levels": "2",
        "contact:facebook": "pages/Family-Med-Center/181383371892667",
        "healthcare": "clinic",
        "name": "Family Medical Center",
        "opening_hours": "Mo-Th 08:00-17:00; Fr 08:00-12:00",
        "phone": "+1 907-895-5100",
        "website": "https://www.fmcak.com/"
      },
      "geometry": {
        "type": "Polygon",
        "coordinates": [
          [
            [
              -145.7313946,
              64.0553304
            ],
            [
              -145.731392,
              64.0552812
            ],
            [
              -145.7312616,
              64.0552825
            ],
            [
              -145.7312604,
              64.0552608
            ],
            [
              -145.7310318,
              64.0552632
            ],
            [
              -145.7310304,
              64.0552361
            ],
            [
              -145.7309563,
              64.0552369
            ],
            [
              -145.7309577,
              64.0552635
            ],
            [
              -145.73093,
              64.0552638
            ],
            [
              -145.730928,
              64.0552279
            ],
            [
              -145.7308595,
              64.0552286
            ],
            [
              -145.7308613,
              64.0552622
            ],
            [
              -145.7306008,
              64.0552649
            ],
            [
              -145.7306079,
              64.0553971
            ],
            [
              -145.7311325,
              64.0553917
            ],
            [
              -145.7311332,
              64.0554044
            ],
            [
              -145.7312934,
              64.0554028
            ],
            [
              -145.7312896,
              64.0553315
            ],
            [
              -145.7313946,
              64.0553304
            ]
          ]
        ]
      },
      "id": "way/627010919"
    },
    {
      "type": "Feature",
      "properties": {
        "@id": "way/636180717",
        "addr:city": "Wasilla",
        "addr:housenumber": "1363",
        "addr:postcode": "99654",
        "addr:state": "AK",
        "addr:street": "West Spruce Avenue",
        "amenity": "clinic",
        "building": "public",
        "emergency": "no",
        "name": "Mat-Su Health Services Medical Clinic",
        "opening_hours": "Mo-Fr 07:00-17:00, Sa-Su closed",
        "operator": "Mat-Su Health Services Inc.",
        "phone": "+1 907-376-2411",
        "source": "EsriWorldImagery;esri_USDOT_MatanuskaSusitnaAK",
        "website": "https://www.mshsak.org/"
      },
      "geometry": {
        "type": "Polygon",
        "coordinates": [
          [
            [
              -149.4851188,
              61.6013026
            ],
            [
              -149.4850395,
              61.6014084
            ],
            [
              -149.4851867,
              61.6014333
            ],
            [
              -149.4851684,
              61.6014578
            ],
            [
              -149.4853298,
              61.6014852
            ],
            [
              -149.4853481,
              61.6014607
            ],
            [
              -149.4854565,
              61.601479
            ],
            [
              -149.4854759,
              61.6014532
            ],
            [
              -149.4856146,
              61.6014767
            ],
            [
              -149.4856662,
              61.6015291
            ],
            [
              -149.4858535,
              61.6014869
            ],
            [
              -149.4858316,
              61.6014649
            ],
            [
              -149.4860524,
              61.6014151
            ],
            [
              -149.4860711,
              61.6014338
            ],
            [
              -149.4862524,
              61.6013929
            ],
            [
              -149.4862337,
              61.6013742
            ],
            [
              -149.4863304,
              61.6013523
            ],
            [
              -149.4862262,
              61.6012479
            ],
            [
              -149.4861963,
              61.6012179
            ],
            [
              -149.486121,
              61.6012349
            ],
            [
              -149.4861281,
              61.6012419
            ],
            [
              -149.4861067,
              61.6012467
            ],
            [
              -149.4860912,
              61.6012312
            ],
            [
              -149.4859099,
              61.6012721
            ],
            [
              -149.4859253,
              61.6012876
            ],
            [
              -149.4857119,
              61.6013358
            ],
            [
              -149.4856932,
              61.6013326
            ],
            [
              -149.4855805,
              61.6013135
            ],
            [
              -149.4855586,
              61.6013427
            ],
            [
              -149.4854502,
              61.6013243
            ],
            [
              -149.4854599,
              61.6013114
            ],
            [
              -149.4852985,
              61.6012841
            ],
            [
              -149.4852888,
              61.601297
            ],
            [
              -149.4851417,
              61.6012721
            ],
            [
              -149.4851188,
              61.6013026
            ]
          ]
        ]
      },
      "id": "way/636180717"
    },
    {
      "type": "Feature",
      "properties": {
        "@id": "way/648902642",
        "amenity": "clinic",
        "building": "yes",
        "healthcare": "clinic"
      },
      "geometry": {
        "type": "Polygon",
        "coordinates": [
          [
            [
              -134.6173473,
              58.3724229
            ],
            [
              -134.6173737,
              58.3723796
            ],
            [
              -134.6174544,
              58.3723932
            ],
            [
              -134.6175511,
              58.3722347
            ],
            [
              -134.6174696,
              58.3722211
            ],
            [
              -134.617493,
              58.3721829
            ],
            [
              -134.6172457,
              58.3721413
            ],
            [
              -134.6172218,
              58.3721805
            ],
            [
              -134.6171345,
              58.3721658
            ],
            [
              -134.6170444,
              58.3723134
            ],
            [
              -134.6171171,
              58.3723256
            ],
            [
              -134.6170846,
              58.3723788
            ],
            [
              -134.6173473,
              58.3724229
            ]
          ]
        ]
      },
      "id": "way/648902642"
    },
    {
      "type": "Feature",
      "properties": {
        "@id": "way/655271885",
        "amenity": "clinic",
        "building": "yes",
        "healthcare": "clinic"
      },
      "geometry": {
        "type": "Polygon",
        "coordinates": [
          [
            [
              -134.4710697,
              58.329953
            ],
            [
              -134.4712871,
              58.329787
            ],
            [
              -134.4709757,
              58.3296746
            ],
            [
              -134.4709909,
              58.3296546
            ],
            [
              -134.4708363,
              58.3295994
            ],
            [
              -134.4706047,
              58.3297778
            ],
            [
              -134.4708738,
              58.3298741
            ],
            [
              -134.4708504,
              58.3298922
            ],
            [
              -134.470886,
              58.329905
            ],
            [
              -134.4708694,
              58.3299177
            ],
            [
              -134.4708947,
              58.3299363
            ],
            [
              -134.4709453,
              58.3299337
            ],
            [
              -134.4709757,
              58.3299191
            ],
            [
              -134.4710697,
              58.329953
            ]
          ]
        ]
      },
      "id": "way/655271885"
    },
    {
      "type": "Feature",
      "properties": {
        "@id": "way/672943071",
        "amenity": "clinic",
        "building": "yes",
        "healthcare": "clinic",
        "name": "Hughes Clinic"
      },
      "geometry": {
        "type": "Polygon",
        "coordinates": [
          [
            [
              -154.2555902,
              66.0438597
            ],
            [
              -154.2553884,
              66.043868
            ],
            [
              -154.2554064,
              66.0439401
            ],
            [
              -154.2553587,
              66.0439421
            ],
            [
              -154.2553713,
              66.0439925
            ],
            [
              -154.2554183,
              66.0439906
            ],
            [
              -154.2554253,
              66.044019
            ],
            [
              -154.2556278,
              66.0440107
            ],
            [
              -154.2555902,
              66.0438597
            ]
          ]
        ]
      },
      "id": "way/672943071"
    },
    {
      "type": "Feature",
      "properties": {
        "@id": "way/672960874",
        "amenity": "clinic",
        "building": "yes",
        "healthcare": "clinic",
        "name": "Frank Tobuk Sr. Clinic"
      },
      "geometry": {
        "type": "Polygon",
        "coordinates": [
          [
            [
              -151.505653,
              66.9244301
            ],
            [
              -151.5055192,
              66.9243937
            ],
            [
              -151.5054115,
              66.9244545
            ],
            [
              -151.5055453,
              66.9244909
            ],
            [
              -151.505653,
              66.9244301
            ]
          ]
        ]
      },
      "id": "way/672960874"
    },
    {
      "type": "Feature",
      "properties": {
        "@id": "way/672964333",
        "amenity": "clinic",
        "building": "yes",
        "healthcare": "clinic",
        "name": "Alatna Clinic & Washeteria"
      },
      "geometry": {
        "type": "Polygon",
        "coordinates": [
          [
            [
              -152.7014743,
              66.5544146
            ],
            [
              -152.7011689,
              66.5544164
            ],
            [
              -152.7011768,
              66.5546244
            ],
            [
              -152.7014511,
              66.5546227
            ],
            [
              -152.7014498,
              66.5545869
            ],
            [
              -152.7015339,
              66.5545864
            ],
            [
              -152.7015318,
              66.5545315
            ],
            [
              -152.7014787,
              66.5545318
            ],
            [
              -152.7014743,
              66.5544146
            ]
          ]
        ]
      },
      "id": "way/672964333"
    },
    {
      "type": "Feature",
      "properties": {
        "@id": "way/672970198",
        "amenity": "clinic",
        "building": "yes",
        "healthcare": "clinic",
        "name": "Allakaket Clinic"
      },
      "geometry": {
        "type": "Polygon",
        "coordinates": [
          [
            [
              -152.6454763,
              66.5467614
            ],
            [
              -152.6453151,
              66.5466981
            ],
            [
              -152.6452129,
              66.5467394
            ],
            [
              -152.6451787,
              66.546726
            ],
            [
              -152.645133,
              66.5467444
            ],
            [
              -152.6451761,
              66.5467613
            ],
            [
              -152.6451257,
              66.5467817
            ],
            [
              -152.6452781,
              66.5468414
            ],
            [
              -152.6454763,
              66.5467614
            ]
          ]
        ]
      },
      "id": "way/672970198"
    },
    {
      "type": "Feature",
      "properties": {
        "@id": "way/672977162",
        "amenity": "clinic",
        "building": "office",
        "healthcare": "clinic",
        "name": "Anaktuvuk Pass Health Clinic"
      },
      "geometry": {
        "type": "Polygon",
        "coordinates": [
          [
            [
              -151.7336265,
              68.1427589
            ],
            [
              -151.7331401,
              68.1425359
            ],
            [
              -151.7329866,
              68.1425823
            ],
            [
              -151.7328989,
              68.142542
            ],
            [
              -151.7327642,
              68.1425827
            ],
            [
              -151.7328677,
              68.1426302
            ],
            [
              -151.7328295,
              68.1426417
            ],
            [
              -151.7332628,
              68.1428404
            ],
            [
              -151.7333563,
              68.1428121
            ],
            [
              -151.7333808,
              68.1428233
            ],
            [
              -151.7334703,
              68.1427963
            ],
            [
              -151.7334833,
              68.1428022
            ],
            [
              -151.7336265,
              68.1427589
            ]
          ]
        ]
      },
      "id": "way/672977162"
    },
    {
      "type": "Feature",
      "properties": {
        "@id": "way/690882877",
        "addr:city": "Cordova",
        "addr:housenumber": "705",
        "addr:postcode": "99574",
        "addr:state": "AK",
        "addr:street": "Second Street",
        "amenity": "clinic",
        "building": "hospital",
        "contact:phone": "+1 907 4243622",
        "healthcare": "clinic",
        "name": "Ilanka Community Health Center",
        "website": "http://nveyak.com/ilanka-community-health-center/"
      },
      "geometry": {
        "type": "Polygon",
        "coordinates": [
          [
            [
              -145.7572912,
              60.5424287
            ],
            [
              -145.7572915,
              60.5429163
            ],
            [
              -145.7575591,
              60.5429162
            ],
            [
              -145.7575591,
              60.5427051
            ],
            [
              -145.7576707,
              60.5427051
            ],
            [
              -145.7576706,
              60.5424287
            ],
            [
              -145.7572912,
              60.5424287
            ]
          ]
        ]
      },
      "id": "way/690882877"
    },
    {
      "type": "Feature",
      "properties": {
        "@id": "way/691961323",
        "addr:city": "Anchorage",
        "addr:housenumber": "1650",
        "addr:postcode": "99508",
        "addr:state": "AK",
        "addr:street": "South Bragaw Street",
        "amenity": "hospital",
        "beds": "56",
        "healthcare": "hospital",
        "healthcare:speciality": "psychiatry",
        "name": "Chris Kyle Patriots Hospital",
        "operator": "North Star Behavioral Health System",
        "phone": "+1 907-258-7575",
        "website": "https://chriskylepatriotshospital.com/"
      },
      "geometry": {
        "type": "Polygon",
        "coordinates": [
          [
            [
              -149.8085932,
              61.2059862
            ],
            [
              -149.8086417,
              61.2060252
            ],
            [
              -149.8102639,
              61.2060294
            ],
            [
              -149.8102726,
              61.2052515
            ],
            [
              -149.8085812,
              61.2052471
            ],
            [
              -149.8085932,
              61.2059862
            ]
          ]
        ]
      },
      "id": "way/691961323"
    },
    {
      "type": "Feature",
      "properties": {
        "@id": "way/691963149",
        "amenity": "hospital",
        "beds": "30",
        "healthcare": "hospital",
        "name": "North Star Palmer Residential Treatment Center"
      },
      "geometry": {
        "type": "Polygon",
        "coordinates": [
          [
            [
              -149.0684092,
              61.6246345
            ],
            [
              -149.0687612,
              61.6244892
            ],
            [
              -149.069215,
              61.6238465
            ],
            [
              -149.0692891,
              61.6237673
            ],
            [
              -149.0681498,
              61.6233051
            ],
            [
              -149.0676219,
              61.6233447
            ],
            [
              -149.0668346,
              61.6233931
            ],
            [
              -149.0661399,
              61.6237497
            ],
            [
              -149.0662788,
              61.6243968
            ],
            [
              -149.0667697,
              61.6246389
            ],
            [
              -149.0684092,
              61.6246345
            ]
          ]
        ]
      },
      "id": "way/691963149"
    },
    {
      "type": "Feature",
      "properties": {
        "@id": "way/695558849",
        "amenity": "clinic",
        "building": "yes",
        "healthcare": "clinic",
        "name": "Wasilla Medical Clinic"
      },
      "geometry": {
        "type": "Polygon",
        "coordinates": [
          [
            [
              -149.4083471,
              61.5754499
            ],
            [
              -149.408356,
              61.5756908
            ],
            [
              -149.4087079,
              61.5756878
            ],
            [
              -149.4087072,
              61.5756684
            ],
            [
              -149.4089806,
              61.5756661
            ],
            [
              -149.4089764,
              61.575552
            ],
            [
              -149.4088181,
              61.5755533
            ],
            [
              -149.4088141,
              61.575446
            ],
            [
              -149.4083471,
              61.5754499
            ]
          ]
        ]
      },
      "id": "way/695558849"
    },
    {
      "type": "Feature",
      "properties": {
        "@id": "way/696450126",
        "amenity": "clinic",
        "building": "yes",
        "name": "Clinic"
      },
      "geometry": {
        "type": "Polygon",
        "coordinates": [
          [
            [
              -164.0399962,
              59.9343443
            ],
            [
              -164.0398521,
              59.9342473
            ],
            [
              -164.0397403,
              59.9342889
            ],
            [
              -164.0397816,
              59.9343168
            ],
            [
              -164.0394138,
              59.9344538
            ],
            [
              -164.0395165,
              59.934523
            ],
            [
              -164.0399962,
              59.9343443
            ]
          ]
        ]
      },
      "id": "way/696450126"
    },
    {
      "type": "Feature",
      "properties": {
        "@id": "way/711857085",
        "addr:city": "Haines",
        "addr:housenumber": "131",
        "addr:postcode": "99827",
        "addr:street": "1st Avenue",
        "amenity": "doctors",
        "building": "yes",
        "name": "Haines Health Center",
        "opening_hours": "Mo,Tu,Th,Fr 08:00-17:00; We 10:00-17:00",
        "phone": "+1 907 766 6300",
        "website": "https://searhc.org/location/haines/"
      },
      "geometry": {
        "type": "Polygon",
        "coordinates": [
          [
            [
              -135.4446276,
              59.2334993
            ],
            [
              -135.4448884,
              59.2335191
            ],
            [
              -135.4449002,
              59.2334789
            ],
            [
              -135.4449142,
              59.23348
            ],
            [
              -135.4449597,
              59.2333241
            ],
            [
              -135.4449001,
              59.2333195
            ],
            [
              -135.4449036,
              59.2333076
            ],
            [
              -135.4446842,
              59.2332909
            ],
            [
              -135.44468,
              59.2333054
            ],
            [
              -135.4445303,
              59.233294
            ],
            [
              -135.4445418,
              59.2332547
            ],
            [
              -135.4444483,
              59.2332476
            ],
            [
              -135.4444334,
              59.2332989
            ],
            [
              -135.4443819,
              59.2332949
            ],
            [
              -135.4443525,
              59.2333957
            ],
            [
              -135.4444932,
              59.2334064
            ],
            [
              -135.4444875,
              59.2334259
            ],
            [
              -135.4446454,
              59.233438
            ],
            [
              -135.4446276,
              59.2334993
            ]
          ]
        ]
      },
      "id": "way/711857085"
    },
    {
      "type": "Feature",
      "properties": {
        "@id": "way/737463364",
        "amenity": "hospital",
        "healthcare": "hospital",
        "name": "Inuvik Regional Hospital"
      },
      "geometry": {
        "type": "Polygon",
        "coordinates": [
          [
            [
              -133.7015239,
              68.353509
            ],
            [
              -133.7009494,
              68.3538506
            ],
            [
              -133.7018416,
              68.3544215
            ],
            [
              -133.7043693,
              68.3545212
            ],
            [
              -133.7049604,
              68.3538424
            ],
            [
              -133.7050655,
              68.3536985
            ],
            [
              -133.7053209,
              68.3533668
            ],
            [
              -133.7050182,
              68.3532024
            ],
            [
              -133.704295,
              68.3531525
            ],
            [
              -133.7025512,
              68.3532697
            ],
            [
              -133.7019565,
              68.3533744
            ],
            [
              -133.7015239,
              68.353509
            ]
          ]
        ]
      },
      "id": "way/737463364"
    },
    {
      "type": "Feature",
      "properties": {
        "@id": "way/763231221",
        "amenity": "doctors",
        "building": "yes",
        "healthcare": "doctor",
        "name": "Thomas P. Senter M.D. Dermatology"
      },
      "geometry": {
        "type": "Polygon",
        "coordinates": [
          [
            [
              -149.8816599,
              61.2158422
            ],
            [
              -149.8816573,
              61.2156698
            ],
            [
              -149.8814508,
              61.2156705
            ],
            [
              -149.8814534,
              61.215843
            ],
            [
              -149.8816599,
              61.2158422
            ]
          ]
        ]
      },
      "id": "way/763231221"
    },
    {
      "type": "Feature",
      "properties": {
        "@id": "way/763994832",
        "addr:city": "Anchorage",
        "addr:housenumber": "3330",
        "addr:postcode": "99503",
        "addr:state": "AK",
        "addr:street": "Eagle Street",
        "amenity": "doctors",
        "building": "yes",
        "contact:facebook": "NaturalHealthCenterLLC",
        "contact:instagram": "naturalhealthcenterllc",
        "email": "nhc@gci.net",
        "fax": "+1-907-561-1282",
        "healthcare": "doctor",
        "name": "Natural Health Center, LLC",
        "opening_hours": "M: 8:00-17:00 | T: 8:00-17:00 | W: 8:00-17:00 | Th: 8:00-17:00 | F: 8:00-17:00 | Sat: 9:00-15:00 | Sun: closed",
        "operator": "Sy Cloud",
        "phone": "+1-907-561-2330",
        "start_date": "1988",
        "website": "https://www.nhcak.com"
      },
      "geometry": {
        "type": "Polygon",
        "coordinates": [
          [
            [
              -149.8746169,
              61.189674
            ],
            [
              -149.8745584,
              61.1896752
            ],
            [
              -149.8743169,
              61.18968
            ],
            [
              -149.8743209,
              61.18973
            ],
            [
              -149.8742669,
              61.189731
            ],
            [
              -149.8742829,
              61.18993
            ],
            [
              -149.8744447,
              61.1899267
            ],
            [
              -149.8745829,
              61.189924
            ],
            [
              -149.8745809,
              61.189899
            ],
            [
              -149.8746269,
              61.189898
            ],
            [
              -149.8746189,
              61.189807
            ],
            [
              -149.8747159,
              61.189806
            ],
            [
              -149.8747119,
              61.189759
            ],
            [
              -149.8746239,
              61.189761
            ],
            [
              -149.8746169,
              61.189674
            ]
          ]
        ]
      },
      "id": "way/763994832"
    },
    {
      "type": "Feature",
      "properties": {
        "@id": "way/772511607",
        "amenity": "pharmacy",
        "brand": "Walgreens",
        "brand:wikidata": "Q1591889",
        "building": "yes",
        "healthcare": "pharmacy",
        "name": "Walgreens",
        "payment:cash": "yes",
        "payment:credit_cards": "yes",
        "payment:debit_cards": "yes"
      },
      "geometry": {
        "type": "Polygon",
        "coordinates": [
          [
            [
              -149.868555,
              61.196369
            ],
            [
              -149.869113,
              61.196368
            ],
            [
              -149.869112,
              61.196336
            ],
            [
              -149.869118,
              61.196336
            ],
            [
              -149.869114,
              61.19593
            ],
            [
              -149.868551,
              61.195931
            ],
            [
              -149.868555,
              61.196369
            ]
          ]
        ]
      },
      "id": "way/772511607"
    },
    {
      "type": "Feature",
      "properties": {
        "@id": "way/773892689",
        "amenity": "hospital",
        "healthcare": "hospital",
        "name": "Providence Extended Stay"
      },
      "geometry": {
        "type": "Polygon",
        "coordinates": [
          [
            [
              -149.7781714,
              61.2132432
            ],
            [
              -149.778176,
              61.2131237
            ],
            [
              -149.7782388,
              61.2116422
            ],
            [
              -149.7781163,
              61.2116407
            ],
            [
              -149.7764706,
              61.2116208
            ],
            [
              -149.7744523,
              61.2115963
            ],
            [
              -149.7744273,
              61.2098953
            ],
            [
              -149.7720175,
              61.2098467
            ],
            [
              -149.7718151,
              61.2098449
            ],
            [
              -149.7718196,
              61.2118714
            ],
            [
              -149.7718243,
              61.2137802
            ],
            [
              -149.7756978,
              61.2137546
            ],
            [
              -149.7756771,
              61.2132382
            ],
            [
              -149.7781714,
              61.2132432
            ]
          ]
        ]
      },
      "id": "way/773892689"
    },
    {
      "type": "Feature",
      "properties": {
        "@id": "way/778131472",
        "amenity": "hospital",
        "healthcare": "hospital",
        "landuse": "commercial",
        "name": "Providence Extended Care",
        "operator": "Providence"
      },
      "geometry": {
        "type": "Polygon",
        "coordinates": [
          [
            [
              -149.8787444,
              61.1771577
            ],
            [
              -149.8788019,
              61.177126
            ],
            [
              -149.8788841,
              61.1757007
            ],
            [
              -149.8756667,
              61.1756983
            ],
            [
              -149.8757241,
              61.1771696
            ],
            [
              -149.8787444,
              61.1771577
            ]
          ]
        ]
      },
      "id": "way/778131472"
    },
    {
      "type": "Feature",
      "properties": {
        "@id": "way/778131473",
        "addr:city": "Anchorage",
        "addr:housenumber": "4800",
        "addr:postcode": "99508",
        "addr:state": "AK",
        "addr:street": "Cordova Street",
        "amenity": "hospital",
        "beds": "59",
        "emergency": "no",
        "healthcare": "hospital",
        "landuse": "commercial",
        "name": "St. Elias",
        "operator": "Providence"
      },
      "geometry": {
        "type": "Polygon",
        "coordinates": [
          [
            [
              -149.8790317,
              61.1771656
            ],
            [
              -149.8829302,
              61.1771616
            ],
            [
              -149.8829288,
              61.1755636
            ],
            [
              -149.8811371,
              61.1755714
            ],
            [
              -149.879057,
              61.1755548
            ],
            [
              -149.8790317,
              61.1771656
            ]
          ]
        ]
      },
      "id": "way/778131473"
    },
    {
      "type": "Feature",
      "properties": {
        "@id": "way/779986946",
        "amenity": "clinic",
        "building": "yes",
        "healthcare": "clinic",
        "source": "microsoft/BuildingFootprints"
      },
      "geometry": {
        "type": "Polygon",
        "coordinates": [
          [
            [
              -149.815294,
              61.199237
            ],
            [
              -149.815278,
              61.199235
            ],
            [
              -149.814916,
              61.199237
            ],
            [
              -149.814908,
              61.199252
            ],
            [
              -149.814573,
              61.199255
            ],
            [
              -149.814451,
              61.199239
            ],
            [
              -149.814423,
              61.199239
            ],
            [
              -149.814286,
              61.199221
            ],
            [
              -149.814286,
              61.199197
            ],
            [
              -149.814232,
              61.19919
            ],
            [
              -149.814157,
              61.19919
            ],
            [
              -149.814158,
              61.199227
            ],
            [
              -149.813711,
              61.19923
            ],
            [
              -149.813721,
              61.199515
            ],
            [
              -149.813792,
              61.199524
            ],
            [
              -149.814317,
              61.19952
            ],
            [
              -149.814343,
              61.199475
            ],
            [
              -149.814391,
              61.199475
            ],
            [
              -149.814394,
              61.199552
            ],
            [
              -149.814409,
              61.199554
            ],
            [
              -149.814927,
              61.19955
            ],
            [
              -149.814939,
              61.199527
            ],
            [
              -149.815292,
              61.199525
            ],
            [
              -149.815303,
              61.199506
            ],
            [
              -149.815294,
              61.199237
            ]
          ]
        ]
      },
      "id": "way/779986946"
    },
    {
      "type": "Feature",
      "properties": {
        "@id": "way/785150879",
        "amenity": "clinic",
        "building": "yes",
        "healthcare": "clinic",
        "name": "Alaska Hand Rehabilitation",
        "source": "microsoft/BuildingFootprints"
      },
      "geometry": {
        "type": "Polygon",
        "coordinates": [
          [
            [
              -149.837659,
              61.183962
            ],
            [
              -149.83766,
              61.183773
            ],
            [
              -149.836697,
              61.183772
            ],
            [
              -149.836696,
              61.183918
            ],
            [
              -149.83683,
              61.183919
            ],
            [
              -149.83683,
              61.183961
            ],
            [
              -149.837659,
              61.183962
            ]
          ]
        ]
      },
      "id": "way/785150879"
    },
    {
      "type": "Feature",
      "properties": {
        "@id": "way/785150880",
        "amenity": "clinic",
        "building": "yes",
        "healthcare": "clinic",
        "name": "Alaska Internal Medicine & Pediatrics",
        "source": "microsoft/BuildingFootprints"
      },
      "geometry": {
        "type": "Polygon",
        "coordinates": [
          [
            [
              -149.835949,
              61.183562
            ],
            [
              -149.835358,
              61.183562
            ],
            [
              -149.835356,
              61.183787
            ],
            [
              -149.835948,
              61.183788
            ],
            [
              -149.835949,
              61.183562
            ]
          ]
        ]
      },
      "id": "way/785150880"
    },
    {
      "type": "Feature",
      "properties": {
        "@id": "way/785150883",
        "amenity": "clinic",
        "building": "yes",
        "healthcare": "clinic",
        "name": "Alaska Family Medical Care",
        "source": "microsoft/BuildingFootprints"
      },
      "geometry": {
        "type": "Polygon",
        "coordinates": [
          [
            [
              -149.837095,
              61.183462
            ],
            [
              -149.837559,
              61.18346
            ],
            [
              -149.8375567,
              61.1833207
            ],
            [
              -149.837556,
              61.183281
            ],
            [
              -149.837054,
              61.183283
            ],
            [
              -149.837053,
              61.18322
            ],
            [
              -149.836646,
              61.183222
            ],
            [
              -149.836649,
              61.183404
            ],
            [
              -149.837094,
              61.183402
            ],
            [
              -149.837095,
              61.183462
            ]
          ]
        ]
      },
      "id": "way/785150883"
    },
    {
      "type": "Feature",
      "properties": {
        "@id": "way/785150886",
        "amenity": "clinic",
        "building": "yes",
        "healthcare": "clinic",
        "name": "Aurora Maternal-Fetal Medicine",
        "source": "microsoft/BuildingFootprints"
      },
      "geometry": {
        "type": "Polygon",
        "coordinates": [
          [
            [
              -149.834797,
              61.183251
            ],
            [
              -149.834794,
              61.183426
            ],
            [
              -149.835246,
              61.183427
            ],
            [
              -149.835245,
              61.183477
            ],
            [
              -149.835381,
              61.183477
            ],
            [
              -149.835381,
              61.18346
            ],
            [
              -149.835597,
              61.18346
            ],
            [
              -149.835599,
              61.183303
            ],
            [
              -149.835377,
              61.183302
            ],
            [
              -149.835377,
              61.183277
            ],
            [
              -149.835252,
              61.183276
            ],
            [
              -149.835253,
              61.183253
            ],
            [
              -149.834797,
              61.183251
            ]
          ]
        ]
      },
      "id": "way/785150886"
    },
    {
      "type": "Feature",
      "properties": {
        "@id": "way/785175879",
        "addr:housenumber": "3",
        "addr:street": "Набережная улица",
        "amenity": "hospital",
        "building": "hospital",
        "name": "Участковая больница села Нешкан"
      },
      "geometry": {
        "type": "Polygon",
        "coordinates": [
          [
            [
              -172.9664734,
              67.0385746
            ],
            [
              -172.9664929,
              67.0385132
            ],
            [
              -172.9665836,
              67.0385176
            ],
            [
              -172.9666055,
              67.0384487
            ],
            [
              -172.9665148,
              67.0384443
            ],
            [
              -172.9665774,
              67.0382477
            ],
            [
              -172.9667215,
              67.0382546
            ],
            [
              -172.9667401,
              67.0381961
            ],
            [
              -172.9662751,
              67.0381736
            ],
            [
              -172.9662049,
              67.0383943
            ],
            [
              -172.9661757,
              67.0383929
            ],
            [
              -172.9661233,
              67.0385577
            ],
            [
              -172.9664734,
              67.0385746
            ]
          ]
        ]
      },
      "id": "way/785175879"
    },
    {
      "type": "Feature",
      "properties": {
        "@id": "way/791456357",
        "addr:city": "Anchorage",
        "addr:housenumber": "5600",
        "addr:state": "AK",
        "addr:street": "B Street",
        "amenity": "clinic",
        "building": "office",
        "healthcare:speciality": "ophthalmology",
        "name": "Alaska Retinal Consultants",
        "phone": "+1 907-561-1530",
        "postal_code": "99518",
        "source": "microsoft/BuildingFootprints"
      },
      "geometry": {
        "type": "Polygon",
        "coordinates": [
          [
            [
              -149.8857082,
              61.1696939
            ],
            [
              -149.8856022,
              61.1696923
            ],
            [
              -149.8856016,
              61.1696458
            ],
            [
              -149.8855446,
              61.1696458
            ],
            [
              -149.8855446,
              61.1696593
            ],
            [
              -149.8853828,
              61.1696622
            ],
            [
              -149.8853883,
              61.1697573
            ],
            [
              -149.8852918,
              61.1698039
            ],
            [
              -149.8853146,
              61.169812
            ],
            [
              -149.8852408,
              61.1698107
            ],
            [
              -149.8852354,
              61.1699555
            ],
            [
              -149.8856592,
              61.1699552
            ],
            [
              -149.8857088,
              61.1699248
            ],
            [
              -149.8857082,
              61.1696939
            ]
          ]
        ]
      },
      "id": "way/791456357"
    },
    {
      "type": "Feature",
      "properties": {
        "@id": "way/819238547",
        "amenity": "hospital",
        "healthcare": "hospital"
      },
      "geometry": {
        "type": "Polygon",
        "coordinates": [
          [
            [
              -149.8229659,
              61.211447
            ],
            [
              -149.8229424,
              61.2100382
            ],
            [
              -149.8207285,
              61.2100515
            ],
            [
              -149.8207452,
              61.2114321
            ],
            [
              -149.8229659,
              61.211447
            ]
          ]
        ]
      },
      "id": "way/819238547"
    },
    {
      "type": "Feature",
      "properties": {
        "@id": "way/823951501",
        "amenity": "pharmacy",
        "building": "commercial",
        "healthcare": "pharmacy",
        "name": "Stikine Drug",
        "source": "Wrangell Open Data"
      },
      "geometry": {
        "type": "Polygon",
        "coordinates": [
          [
            [
              -132.3839711,
              56.4717723
            ],
            [
              -132.3840585,
              56.471793
            ],
            [
              -132.3840469,
              56.471803
            ],
            [
              -132.3842025,
              56.47184
            ],
            [
              -132.3843321,
              56.4716731
            ],
            [
              -132.3842398,
              56.4716442
            ],
            [
              -132.3840924,
              56.4716161
            ],
            [
              -132.3839711,
              56.4717723
            ]
          ]
        ]
      },
      "id": "way/823951501"
    },
    {
      "type": "Feature",
      "properties": {
        "@id": "way/823951982",
        "amenity": "clinic",
        "building": "commercial",
        "healthcare": "clinic",
        "name": "Alaska Island Community Services",
        "source": "Wrangell Open Data"
      },
      "geometry": {
        "type": "Polygon",
        "coordinates": [
          [
            [
              -132.3844323,
              56.4711621
            ],
            [
              -132.3845525,
              56.470984
            ],
            [
              -132.3842078,
              56.4709127
            ],
            [
              -132.3840876,
              56.4710908
            ],
            [
              -132.3841362,
              56.4711033
            ],
            [
              -132.384115,
              56.471127
            ],
            [
              -132.3841824,
              56.4711392
            ],
            [
              -132.3841995,
              56.4711177
            ],
            [
              -132.3842176,
              56.4711141
            ],
            [
              -132.3844323,
              56.4711621
            ]
          ]
        ]
      },
      "id": "way/823951982"
    },
    {
      "type": "Feature",
      "properties": {
        "@id": "way/841686016",
        "addr:city": "Metlakatla",
        "addr:postcode": "99926",
        "amenity": "clinic",
        "building": "yes",
        "emergency": "yes",
        "healthcare": "clinic",
        "name": "Annette Island Service Unit",
        "phone": "+1 907 886 4741"
      },
      "geometry": {
        "type": "Polygon",
        "coordinates": [
          [
            [
              -131.5752321,
              55.1244123
            ],
            [
              -131.5752208,
              55.12455
            ],
            [
              -131.5752697,
              55.1245513
            ],
            [
              -131.5752771,
              55.124462
            ],
            [
              -131.5753559,
              55.1245492
            ],
            [
              -131.5755893,
              55.1244802
            ],
            [
              -131.5755787,
              55.1244685
            ],
            [
              -131.5756013,
              55.1244645
            ],
            [
              -131.575662,
              55.1245646
            ],
            [
              -131.5757445,
              55.1245482
            ],
            [
              -131.5756848,
              55.1244499
            ],
            [
              -131.5757476,
              55.1244388
            ],
            [
              -131.5757623,
              55.1244691
            ],
            [
              -131.5760224,
              55.1244277
            ],
            [
              -131.5759807,
              55.1243419
            ],
            [
              -131.5760178,
              55.1243361
            ],
            [
              -131.5760326,
              55.1243666
            ],
            [
              -131.5761864,
              55.1243421
            ],
            [
              -131.5761519,
              55.1242709
            ],
            [
              -131.576238,
              55.1242584
            ],
            [
              -131.576175,
              55.1241174
            ],
            [
              -131.5760838,
              55.1241307
            ],
            [
              -131.5760475,
              55.1240559
            ],
            [
              -131.5758937,
              55.1240803
            ],
            [
              -131.5759165,
              55.1241274
            ],
            [
              -131.5758791,
              55.1241333
            ],
            [
              -131.5758303,
              55.1240329
            ],
            [
              -131.5755701,
              55.1240743
            ],
            [
              -131.57565,
              55.1242384
            ],
            [
              -131.5754088,
              55.1242807
            ],
            [
              -131.5753609,
              55.1242277
            ],
            [
              -131.5751275,
              55.1242967
            ],
            [
              -131.5752321,
              55.1244123
            ]
          ]
        ]
      },
      "id": "way/841686016"
    },
    {
      "type": "Feature",
      "properties": {
        "@id": "way/875976710",
        "amenity": "hospital",
        "emergency": "yes",
        "healthcare": "hospital",
        "name": "Dawson City Medical Center"
      },
      "geometry": {
        "type": "Polygon",
        "coordinates": [
          [
            [
              -139.4341518,
              64.0561259
            ],
            [
              -139.4326606,
              64.0571125
            ],
            [
              -139.432753,
              64.0571853
            ],
            [
              -139.4333815,
              64.0573686
            ],
            [
              -139.4350638,
              64.0563954
            ],
            [
              -139.4341518,
              64.0561259
            ]
          ]
        ]
      },
      "id": "way/875976710"
    },
    {
      "type": "Feature",
      "properties": {
        "@id": "way/876559344",
        "addr:city": "Fairbanks",
        "addr:housenumber": "1626",
        "addr:postcode": "99701",
        "addr:state": "AK",
        "addr:street": "30th Avenue",
        "amenity": "clinic",
        "building": "yes",
        "healthcare": "clinic",
        "name": "Interior Women's Health",
        "phone": "+1 907-479-7701",
        "source": "microsoft/BuildingFootprints"
      },
      "geometry": {
        "type": "Polygon",
        "coordinates": [
          [
            [
              -147.7433185,
              64.8205192
            ],
            [
              -147.7434873,
              64.8204367
            ],
            [
              -147.7435313,
              64.8204367
            ],
            [
              -147.743531,
              64.8203637
            ],
            [
              -147.7434891,
              64.8203637
            ],
            [
              -147.7433239,
              64.8202992
            ],
            [
              -147.7423622,
              64.8203009
            ],
            [
              -147.7423644,
              64.8205209
            ],
            [
              -147.7433185,
              64.8205192
            ]
          ]
        ]
      },
      "id": "way/876559344"
    },
    {
      "type": "Feature",
      "properties": {
        "@id": "way/891349578",
        "amenity": "hospital",
        "healthcare": "hospital"
      },
      "geometry": {
        "type": "Polygon",
        "coordinates": [
          [
            [
              -135.3559023,
              57.0501787
            ],
            [
              -135.3557736,
              57.0502093
            ],
            [
              -135.3555831,
              57.0502589
            ],
            [
              -135.3555603,
              57.0503318
            ],
            [
              -135.3555584,
              57.0505309
            ],
            [
              -135.3553549,
              57.0506229
            ],
            [
              -135.3554232,
              57.0508094
            ],
            [
              -135.3555901,
              57.0509616
            ],
            [
              -135.3555804,
              57.0510102
            ],
            [
              -135.3554613,
              57.0510097
            ],
            [
              -135.3552913,
              57.0509743
            ],
            [
              -135.3549828,
              57.0508969
            ],
            [
              -135.3545116,
              57.0511181
            ],
            [
              -135.3545518,
              57.0511572
            ],
            [
              -135.3544811,
              57.0511705
            ],
            [
              -135.3544184,
              57.0511528
            ],
            [
              -135.3542152,
              57.0512276
            ],
            [
              -135.3541032,
              57.0512823
            ],
            [
              -135.3539664,
              57.051364
            ],
            [
              -135.3536553,
              57.0515627
            ],
            [
              -135.3536218,
              57.0516025
            ],
            [
              -135.3533883,
              57.0518173
            ],
            [
              -135.3532596,
              57.051888
            ],
            [
              -135.3530745,
              57.0519896
            ],
            [
              -135.3540056,
              57.0524893
            ],
            [
              -135.354574,
              57.0527979
            ],
            [
              -135.354932,
              57.0529865
            ],
            [
              -135.3553387,
              57.0527577
            ],
            [
              -135.355571,
              57.0526303
            ],
            [
              -135.3556459,
              57.0525871
            ],
            [
              -135.3558793,
              57.0524689
            ],
            [
              -135.3561233,
              57.0523099
            ],
            [
              -135.3562467,
              57.0521976
            ],
            [
              -135.3563138,
              57.0520852
            ],
            [
              -135.3563487,
              57.0519933
            ],
            [
              -135.356475,
              57.051612
            ],
            [
              -135.3566279,
              57.051636
            ],
            [
              -135.3566828,
              57.0516353
            ],
            [
              -135.3567606,
              57.0516521
            ],
            [
              -135.3569417,
              57.0516637
            ],
            [
              -135.357206,
              57.0516929
            ],
            [
              -135.3574473,
              57.0517257
            ],
            [
              -135.3576431,
              57.0516821
            ],
            [
              -135.357652,
              57.0510522
            ],
            [
              -135.3575691,
              57.0508477
            ],
            [
              -135.3573033,
              57.0508727
            ],
            [
              -135.3572189,
              57.0508764
            ],
            [
              -135.3570141,
              57.0508855
            ],
            [
              -135.3566821,
              57.0508606
            ],
            [
              -135.356593,
              57.0508461
            ],
            [
              -135.3565031,
              57.0508395
            ],
            [
              -135.3564291,
              57.0506731
            ],
            [
              -135.3563326,
              57.0504586
            ],
            [
              -135.3562628,
              57.0503215
            ],
            [
              -135.3561609,
              57.0501552
            ],
            [
              -135.3559023,
              57.0501787
            ]
          ]
        ]
      },
      "id": "way/891349578"
    },
    {
      "type": "Feature",
      "properties": {
        "@id": "way/893646649",
        "addr:housename": "PeaceHealth Medical Group",
        "addr:housenumber": "212",
        "addr:postcode": "99901",
        "addr:street": "Carlanna Lake Road",
        "amenity": "clinic",
        "building": "yes",
        "healthcare": "clinic",
        "name": "PeaceHealth Medical Group"
      },
      "geometry": {
        "type": "Polygon",
        "coordinates": [
          [
            [
              -131.6876084,
              55.3543863
            ],
            [
              -131.6878058,
              55.3542545
            ],
            [
              -131.687205,
              55.3539496
            ],
            [
              -131.6869839,
              55.3540801
            ],
            [
              -131.6876084,
              55.3543863
            ]
          ]
        ]
      },
      "id": "way/893646649"
    },
    {
      "type": "Feature",
      "properties": {
        "@id": "way/897596675",
        "addr:city": "Wasilla",
        "addr:housenumber": "3543",
        "addr:postcode": "99654",
        "addr:state": "AK",
        "addr:street": "East Meridian Park Loop",
        "addr:unit": "A",
        "amenity": "clinic",
        "building": "yes",
        "healthcare": "clinic",
        "name": "Ptarmigan Pediatrics"
      },
      "geometry": {
        "type": "Polygon",
        "coordinates": [
          [
            [
              -149.3615248,
              61.5935569
            ],
            [
              -149.3615262,
              61.5933025
            ],
            [
              -149.3615281,
              61.5930831
            ],
            [
              -149.361529,
              61.592986
            ],
            [
              -149.3611447,
              61.5929853
            ],
            [
              -149.3611407,
              61.5935563
            ],
            [
              -149.3615248,
              61.5935569
            ]
          ]
        ]
      },
      "id": "way/897596675"
    },
    {
      "type": "Feature",
      "properties": {
        "@id": "way/903370947",
        "amenity": "clinic",
        "building": "yes",
        "healthcare": "clinic",
        "name": "Gambell Clinic",
        "opening_hours": "Mo-Fr 08:00-17:00",
        "phone": "+1 844-586-8773",
        "wheelchair": "yes"
      },
      "geometry": {
        "type": "Polygon",
        "coordinates": [
          [
            [
              -171.727291,
              63.7786547
            ],
            [
              -171.7273189,
              63.7785881
            ],
            [
              -171.7272401,
              63.7785817
            ],
            [
              -171.727291,
              63.7784604
            ],
            [
              -171.726653,
              63.7784081
            ],
            [
              -171.7265741,
              63.778596
            ],
            [
              -171.727291,
              63.7786547
            ]
          ]
        ]
      },
      "id": "way/903370947"
    },
    {
      "type": "Feature",
      "properties": {
        "@id": "way/928700925",
        "amenity": "clinic",
        "building": "yes",
        "name": "Alakanuk Clinic"
      },
      "geometry": {
        "type": "Polygon",
        "coordinates": [
          [
            [
              -164.6565467,
              62.6829875
            ],
            [
              -164.6561685,
              62.6830379
            ],
            [
              -164.6562247,
              62.6831265
            ],
            [
              -164.6566029,
              62.6830761
            ],
            [
              -164.6565467,
              62.6829875
            ]
          ]
        ]
      },
      "id": "way/928700925"
    },
    {
      "type": "Feature",
      "properties": {
        "@id": "way/953597807",
        "addr:city": "City Of Palmer",
        "addr:housenumber": "258",
        "addr:postcode": "99645",
        "addr:state": "AK",
        "addr:street": "South Alaska Street",
        "amenity": "clinic",
        "building": "yes",
        "healthcare": "clinic",
        "name": "Palmer Family Medicine",
        "opening_hours": "Mo-Fr 09:00-17:00",
        "source": "esri/USA_NAD_Addresses"
      },
      "geometry": {
        "type": "Polygon",
        "coordinates": [
          [
            [
              -149.1149361,
              61.6047008
            ],
            [
              -149.1153961,
              61.6047022
            ],
            [
              -149.1153981,
              61.6045608
            ],
            [
              -149.1151431,
              61.60456
            ],
            [
              -149.1151431,
              61.6045718
            ],
            [
              -149.1149381,
              61.6045711
            ],
            [
              -149.1149361,
              61.6047008
            ]
          ]
        ]
      },
      "id": "way/953597807"
    },
    {
      "type": "Feature",
      "properties": {
        "@id": "way/954419823",
        "addr:city": "Palmer",
        "addr:housenumber": "12039",
        "addr:postcode": "99645",
        "addr:state": "AK",
        "addr:street": "East Maple Springs Way",
        "addr:unit": "A",
        "amenity": "clinic",
        "building": "yes",
        "healthcare": "clinic",
        "name": "Capstone Clinic",
        "opening_hours": "Mo-Fr 08:30-17:00",
        "phone": "+1-907-745-9088",
        "website": "https://www.capstoneclinic.net/"
      },
      "geometry": {
        "type": "Polygon",
        "coordinates": [
          [
            [
              -149.1465595,
              61.5989733
            ],
            [
              -149.1467255,
              61.598973
            ],
            [
              -149.1467265,
              61.5991247
            ],
            [
              -149.1468625,
              61.5991244
            ],
            [
              -149.1468625,
              61.5991429
            ],
            [
              -149.1471455,
              61.5991424
            ],
            [
              -149.1471445,
              61.5991187
            ],
            [
              -149.1476435,
              61.5991178
            ],
            [
              -149.1476415,
              61.5988895
            ],
            [
              -149.1470625,
              61.5988906
            ],
            [
              -149.1470615,
              61.5987837
            ],
            [
              -149.1465575,
              61.5987846
            ],
            [
              -149.1465595,
              61.5989733
            ]
          ]
        ]
      },
      "id": "way/954419823"
    },
    {
      "type": "Feature",
      "properties": {
        "@id": "way/974394918",
        "amenity": "clinic",
        "building": "yes"
      },
      "geometry": {
        "type": "Polygon",
        "coordinates": [
          [
            [
              -157.3748379,
              58.2088693
            ],
            [
              -157.3748928,
              58.2089415
            ],
            [
              -157.3751125,
              58.208895
            ],
            [
              -157.3749872,
              58.2087304
            ],
            [
              -157.3747696,
              58.2087764
            ],
            [
              -157.3748017,
              58.2088185
            ],
            [
              -157.3746805,
              58.2088441
            ],
            [
              -157.3747188,
              58.2088945
            ],
            [
              -157.3748379,
              58.2088693
            ]
          ]
        ]
      },
      "id": "way/974394918"
    },
    {
      "type": "Feature",
      "properties": {
        "@id": "way/974846296",
        "amenity": "clinic",
        "building": "yes",
        "healthcare": "clinic",
        "name": "Alaska Regional MyHealth Clinic"
      },
      "geometry": {
        "type": "Polygon",
        "coordinates": [
          [
            [
              -149.844273,
              61.1414593
            ],
            [
              -149.8442784,
              61.1412936
            ],
            [
              -149.8436695,
              61.1412936
            ],
            [
              -149.8436615,
              61.1414451
            ],
            [
              -149.8440262,
              61.1414412
            ],
            [
              -149.8440229,
              61.1414764
            ],
            [
              -149.8440209,
              61.1415098
            ],
            [
              -149.8441577,
              61.1415124
            ],
            [
              -149.8441496,
              61.1414567
            ],
            [
              -149.844273,
              61.1414593
            ]
          ]
        ]
      },
      "id": "way/974846296"
    },
    {
      "type": "Feature",
      "properties": {
        "@id": "way/977034530",
        "amenity": "clinic",
        "building": "yes",
        "healthcare": "clinic",
        "name": "John Afcan Memorial Clinic"
      },
      "geometry": {
        "type": "Polygon",
        "coordinates": [
          [
            [
              -163.1837533,
              62.0526105
            ],
            [
              -163.183965,
              62.0522959
            ],
            [
              -163.1834297,
              62.0522168
            ],
            [
              -163.1832179,
              62.0525313
            ],
            [
              -163.1837533,
              62.0526105
            ]
          ]
        ]
      },
      "id": "way/977034530"
    },
    {
      "type": "Feature",
      "properties": {
        "@id": "way/977037127",
        "amenity": "clinic",
        "building": "yes",
        "healthcare": "clinic",
        "name": "Nunam Iqua Health Clinic"
      },
      "geometry": {
        "type": "Polygon",
        "coordinates": [
          [
            [
              -164.8495961,
              62.5314068
            ],
            [
              -164.8499545,
              62.531303
            ],
            [
              -164.849909,
              62.5312695
            ],
            [
              -164.8498564,
              62.5312309
            ],
            [
              -164.8496464,
              62.5312916
            ],
            [
              -164.8496233,
              62.5312747
            ],
            [
              -164.8495758,
              62.5312884
            ],
            [
              -164.8496003,
              62.5313065
            ],
            [
              -164.8494994,
              62.5313357
            ],
            [
              -164.8495961,
              62.5314068
            ]
          ]
        ]
      },
      "id": "way/977037127"
    },
    {
      "type": "Feature",
      "properties": {
        "@id": "way/977038458",
        "amenity": "clinic",
        "building": "yes",
        "healthcare": "clinic",
        "name": "Russian Mission Clinic"
      },
      "geometry": {
        "type": "Polygon",
        "coordinates": [
          [
            [
              -161.3302857,
              61.7840838
            ],
            [
              -161.3304342,
              61.7840514
            ],
            [
              -161.330406,
              61.7840225
            ],
            [
              -161.3304668,
              61.7840093
            ],
            [
              -161.3304301,
              61.7839716
            ],
            [
              -161.3303843,
              61.7839815
            ],
            [
              -161.3302776,
              61.783872
            ],
            [
              -161.3301142,
              61.7839075
            ],
            [
              -161.3302857,
              61.7840838
            ]
          ]
        ]
      },
      "id": "way/977038458"
    },
    {
      "type": "Feature",
      "properties": {
        "@id": "way/983908478",
        "addr:city": "Kotzeblue",
        "addr:housenumber": "436",
        "addr:postcode": "99752",
        "addr:street": "5th Avenue",
        "amenity": "hospital",
        "beds": "17",
        "emergency": "yes",
        "healthcare": "hospital",
        "name": "Maniilaq Health Center",
        "phone": "+1-907-442-3321",
        "website": "https://www.maniilaq.org/health-services/"
      },
      "geometry": {
        "type": "Polygon",
        "coordinates": [
          [
            [
              -162.584321,
              66.8960966
            ],
            [
              -162.5853758,
              66.8964949
            ],
            [
              -162.5863819,
              66.8968749
            ],
            [
              -162.5866022,
              66.8969581
            ],
            [
              -162.5866679,
              66.8969762
            ],
            [
              -162.5867242,
              66.8969823
            ],
            [
              -162.5867685,
              66.896982
            ],
            [
              -162.5868295,
              66.8969757
            ],
            [
              -162.5868691,
              66.896962
            ],
            [
              -162.5890666,
              66.896129
            ],
            [
              -162.5899053,
              66.8958111
            ],
            [
              -162.5876623,
              66.8949646
            ],
            [
              -162.5861214,
              66.8955251
            ],
            [
              -162.5857794,
              66.8953935
            ],
            [
              -162.5856078,
              66.895362
            ],
            [
              -162.5854898,
              66.8953641
            ],
            [
              -162.5853235,
              66.8953919
            ],
            [
              -162.5851746,
              66.8954509
            ],
            [
              -162.5850619,
              66.8955477
            ],
            [
              -162.5850874,
              66.8956303
            ],
            [
              -162.5851886,
              66.8957447
            ],
            [
              -162.5844742,
              66.8960345
            ],
            [
              -162.584321,
              66.8960966
            ]
          ]
        ]
      },
      "id": "way/983908478"
    },
    {
      "type": "Feature",
      "properties": {
        "@id": "way/992672370",
        "addr:housenumber": "1305",
        "addr:postcode": "V8J 2A6",
        "addr:street": "Summit Avenue",
        "amenity": "hospital",
        "healthcare": "hospital",
        "name": "Prince Rupert Regional Hospital"
      },
      "geometry": {
        "type": "Polygon",
        "coordinates": [
          [
            [
              -130.3322609,
              54.3047031
            ],
            [
              -130.3315132,
              54.3033728
            ],
            [
              -130.3289498,
              54.3040032
            ],
            [
              -130.3277091,
              54.3045808
            ],
            [
              -130.3277584,
              54.3047151
            ],
            [
              -130.3289498,
              54.3049644
            ],
            [
              -130.329718,
              54.3055133
            ],
            [
              -130.3295413,
              54.3061125
            ],
            [
              -130.3311887,
              54.30617
            ],
            [
              -130.331924,
              54.3055732
            ],
            [
              -130.3322609,
              54.3047031
            ]
          ]
        ]
      },
      "id": "way/992672370"
    },
    {
      "type": "Feature",
      "properties": {
        "@id": "way/1033367233",
        "amenity": "doctors",
        "building": "yes",
        "healthcare": "doctor",
        "name": "EMT Shack"
      },
      "geometry": {
        "type": "Polygon",
        "coordinates": [
          [
            [
              -149.5972256,
              68.6268585
            ],
            [
              -149.5972734,
              68.6268333
            ],
            [
              -149.5971446,
              68.6268009
            ],
            [
              -149.5970968,
              68.6268261
            ],
            [
              -149.5972256,
              68.6268585
            ]
          ]
        ]
      },
      "id": "way/1033367233"
    },
    {
      "type": "Feature",
      "properties": {
        "@id": "way/1034500243",
        "amenity": "clinic",
        "building": "yes",
        "healthcare": "clinic"
      },
      "geometry": {
        "type": "Polygon",
        "coordinates": [
          [
            [
              -159.2382933,
              61.5756272
            ],
            [
              -159.2382963,
              61.5756095
            ],
            [
              -159.2382986,
              61.5755953
            ],
            [
              -159.2383078,
              61.5755406
            ],
            [
              -159.2384271,
              61.5755451
            ],
            [
              -159.2384376,
              61.5754823
            ],
            [
              -159.2383186,
              61.5754778
            ],
            [
              -159.2383286,
              61.5754176
            ],
            [
              -159.2381637,
              61.5754114
            ],
            [
              -159.2381287,
              61.575621
            ],
            [
              -159.2382933,
              61.5756272
            ]
          ]
        ]
      },
      "id": "way/1034500243"
    },
    {
      "type": "Feature",
      "properties": {
        "@id": "way/1046904887",
        "amenity": "clinic",
        "building": "yes",
        "name": "Nicholas Kompkoff Clinic"
      },
      "geometry": {
        "type": "Polygon",
        "coordinates": [
          [
            [
              -148.0167091,
              60.0656606
            ],
            [
              -148.0166585,
              60.0655759
            ],
            [
              -148.0164748,
              60.0656032
            ],
            [
              -148.0165253,
              60.065688
            ],
            [
              -148.0165927,
              60.0658008
            ],
            [
              -148.0169843,
              60.0657426
            ],
            [
              -148.0169676,
              60.0657146
            ],
            [
              -148.0170974,
              60.0656953
            ],
            [
              -148.0170468,
              60.0656104
            ],
            [
              -148.0169169,
              60.0656297
            ],
            [
              -148.0167091,
              60.0656606
            ]
          ]
        ]
      },
      "id": "way/1046904887"
    },
    {
      "type": "Feature",
      "properties": {
        "@id": "way/1051743314",
        "addr:city": "Talkeetna",
        "addr:full": "Mile 4.4 Talkeetna Spur Rd Talkeetna Alaska 99676",
        "addr:postcode": "99676",
        "addr:state": "AK",
        "addr:street": "South Talkeetna Spur",
        "alt_name": "Sunshine Clinic",
        "amenity": "clinic",
        "building": "yes",
        "healthcare": "clinic",
        "name": "Sunshine Community Health Center",
        "phone": "+1 907-733-2273",
        "website": "https://www.sunshineclinic.org/"
      },
      "geometry": {
        "type": "Polygon",
        "coordinates": [
          [
            [
              -150.0528459,
              62.1905783
            ],
            [
              -150.0529363,
              62.1905042
            ],
            [
              -150.0530039,
              62.1905222
            ],
            [
              -150.0530548,
              62.1904805
            ],
            [
              -150.0528151,
              62.1904168
            ],
            [
              -150.0528689,
              62.1903727
            ],
            [
              -150.0529378,
              62.190391
            ],
            [
              -150.0530787,
              62.1902755
            ],
            [
              -150.052892,
              62.1902259
            ],
            [
              -150.0528148,
              62.1902893
            ],
            [
              -150.0522385,
              62.1901363
            ],
            [
              -150.0521997,
              62.1901681
            ],
            [
              -150.0521408,
              62.1901525
            ],
            [
              -150.0519993,
              62.1902684
            ],
            [
              -150.0524022,
              62.1903754
            ],
            [
              -150.0523561,
              62.1904132
            ],
            [
              -150.0523202,
              62.1904037
            ],
            [
              -150.0522376,
              62.1904712
            ],
            [
              -150.0525106,
              62.1905438
            ],
            [
              -150.052561,
              62.1905026
            ],
            [
              -150.0528459,
              62.1905783
            ]
          ]
        ]
      },
      "id": "way/1051743314"
    },
    {
      "type": "Feature",
      "properties": {
        "@id": "way/1078063478",
        "amenity": "clinic",
        "building": "yes",
        "healthcare": "clinic"
      },
      "geometry": {
        "type": "Polygon",
        "coordinates": [
          [
            [
              -149.2589835,
              61.575096
            ],
            [
              -149.258984,
              61.5749904
            ],
            [
              -149.2589328,
              61.5749903
            ],
            [
              -149.2589333,
              61.5748865
            ],
            [
              -149.2586152,
              61.5748861
            ],
            [
              -149.2586151,
              61.574914
            ],
            [
              -149.2585549,
              61.574914
            ],
            [
              -149.2585549,
              61.5749256
            ],
            [
              -149.2585545,
              61.5750109
            ],
            [
              -149.2585541,
              61.5750956
            ],
            [
              -149.2589835,
              61.575096
            ]
          ]
        ]
      },
      "id": "way/1078063478"
    },
    {
      "type": "Feature",
      "properties": {
        "@id": "way/1093124913",
        "amenity": "hospital",
        "healthcare": "hospital",
        "name": "Central Peninsula Hospital"
      },
      "geometry": {
        "type": "Polygon",
        "coordinates": [
          [
            [
              -151.0795793,
              60.4922993
            ],
            [
              -151.0745737,
              60.4923124
            ],
            [
              -151.0746384,
              60.4941379
            ],
            [
              -151.0779821,
              60.4941682
            ],
            [
              -151.0779592,
              60.4949483
            ],
            [
              -151.0796345,
              60.4949652
            ],
            [
              -151.0795793,
              60.4922993
            ]
          ]
        ]
      },
      "id": "way/1093124913"
    },
    {
      "type": "Feature",
      "properties": {
        "@id": "way/1138527905",
        "amenity": "doctors",
        "building": "yes",
        "healthcare": "doctor",
        "healthcare:speciality": "radiology",
        "name": "Imaging Associates",
        "phone": "+19072224624",
        "website": "https://imagingak.com/"
      },
      "geometry": {
        "type": "Polygon",
        "coordinates": [
          [
            [
              -149.8300142,
              61.1878632
            ],
            [
              -149.8300153,
              61.1877723
            ],
            [
              -149.8299609,
              61.1877722
            ],
            [
              -149.8299618,
              61.1877009
            ],
            [
              -149.8296915,
              61.187464
            ],
            [
              -149.8295855,
              61.1874638
            ],
            [
              -149.8295866,
              61.1873678
            ],
            [
              -149.8294004,
              61.1873673
            ],
            [
              -149.8293956,
              61.1877956
            ],
            [
              -149.8295055,
              61.1877959
            ],
            [
              -149.8295047,
              61.1878618
            ],
            [
              -149.8300142,
              61.1878632
            ]
          ]
        ]
      },
      "id": "way/1138527905"
    },
    {
      "type": "Feature",
      "properties": {
        "@id": "way/1138530031",
        "amenity": "doctors",
        "building": "yes",
        "healthcare": "doctor",
        "healthcare:speciality": "surgery",
        "name": "Alaska Surgery Center",
        "website": "https://aksurgery.com/"
      },
      "geometry": {
        "type": "Polygon",
        "coordinates": [
          [
            [
              -149.8144838,
              61.2107861
            ],
            [
              -149.8144846,
              61.2107395
            ],
            [
              -149.8146141,
              61.21074
            ],
            [
              -149.8146146,
              61.2107078
            ],
            [
              -149.8149483,
              61.2107091
            ],
            [
              -149.8149536,
              61.2103802
            ],
            [
              -149.8147974,
              61.2103796
            ],
            [
              -149.8147983,
              61.210324
            ],
            [
              -149.8141158,
              61.2103215
            ],
            [
              -149.8141162,
              61.2103009
            ],
            [
              -149.8137288,
              61.2102995
            ],
            [
              -149.8137278,
              61.2103607
            ],
            [
              -149.8134716,
              61.2103597
            ],
            [
              -149.8134646,
              61.2107822
            ],
            [
              -149.8144838,
              61.2107861
            ]
          ]
        ]
      },
      "id": "way/1138530031"
    },
    {
      "type": "Feature",
      "properties": {
        "@id": "way/1162955357",
        "amenity": "clinic",
        "building": "yes",
        "healthcare": "clinic",
        "name": "Rose Ambrose Health Clinic"
      },
      "geometry": {
        "type": "Polygon",
        "coordinates": [
          [
            [
              -156.3845976,
              65.7019869
            ],
            [
              -156.384894,
              65.7018887
            ],
            [
              -156.3849584,
              65.7019246
            ],
            [
              -156.3850898,
              65.7018848
            ],
            [
              -156.3850093,
              65.7018467
            ],
            [
              -156.3850683,
              65.7018269
            ],
            [
              -156.3849463,
              65.7017579
            ],
            [
              -156.3844528,
              65.7019102
            ],
            [
              -156.3845976,
              65.7019869
            ]
          ]
        ]
      },
      "id": "way/1162955357"
    },
    {
      "type": "Feature",
      "properties": {
        "@id": "way/1206226641",
        "amenity": "clinic",
        "building": "yes",
        "healthcare": "clinic"
      },
      "geometry": {
        "type": "Polygon",
        "coordinates": [
          [
            [
              -154.8694807,
              59.7545403
            ],
            [
              -154.8695862,
              59.7543168
            ],
            [
              -154.8698182,
              59.7543687
            ],
            [
              -154.8701123,
              59.7542768
            ],
            [
              -154.8699721,
              59.7540479
            ],
            [
              -154.869274,
              59.7539535
            ],
            [
              -154.8690557,
              59.7542469
            ],
            [
              -154.869003,
              59.7544736
            ],
            [
              -154.8694807,
              59.7545403
            ]
          ]
        ]
      },
      "id": "way/1206226641"
    },
    {
      "type": "Feature",
      "properties": {
        "@id": "way/1230934702",
        "addr:housenumber": "1101",
        "addr:street": "Noble Street",
        "amenity": "clinic",
        "building": "yes",
        "healthcare": "clinic",
        "name": "Tanana Valley Clinic 1st Care",
        "opening_hours": "Mo-Su 08:00-19:00"
      },
      "geometry": {
        "type": "Polygon",
        "coordinates": [
          [
            [
              -147.7136612,
              64.8387149
            ],
            [
              -147.7135946,
              64.8383418
            ],
            [
              -147.7133235,
              64.8383481
            ],
            [
              -147.7133358,
              64.8384194
            ],
            [
              -147.713008,
              64.8384288
            ],
            [
              -147.7130696,
              64.8387013
            ],
            [
              -147.7133802,
              64.8386897
            ],
            [
              -147.71339,
              64.8387254
            ],
            [
              -147.7136612,
              64.8387149
            ]
          ]
        ]
      },
      "id": "way/1230934702"
    },
    {
      "type": "Feature",
      "properties": {
        "@id": "way/1290592702",
        "amenity": "hospital",
        "healthcare": "hospital"
      },
      "geometry": {
        "type": "Polygon",
        "coordinates": [
          [
            [
              -132.3745309,
              56.4627249
            ],
            [
              -132.3733025,
              56.4621914
            ],
            [
              -132.3720365,
              56.4622062
            ],
            [
              -132.3710387,
              56.4629975
            ],
            [
              -132.371087,
              56.4635666
            ],
            [
              -132.3711835,
              56.4641356
            ],
            [
              -132.3717996,
              56.4644495
            ],
            [
              -132.3734741,
              56.4634747
            ],
            [
              -132.3745309,
              56.4627249
            ]
          ]
        ]
      },
      "id": "way/1290592702"
    },
    {
      "type": "Feature",
      "properties": {
        "@id": "way/1297731839",
        "amenity": "clinic",
        "building": "yes",
        "healthcare": "clinic"
      },
      "geometry": {
        "type": "Polygon",
        "coordinates": [
          [
            [
              -135.7280887,
              58.4077152
            ],
            [
              -135.7280887,
              58.4076188
            ],
            [
              -135.7277419,
              58.4076151
            ],
            [
              -135.7276782,
              58.4076596
            ],
            [
              -135.7277348,
              58.4077078
            ],
            [
              -135.7280887,
              58.4077152
            ]
          ]
        ]
      },
      "id": "way/1297731839"
    },
    {
      "type": "Feature",
      "properties": {
        "@id": "way/1299861684",
        "amenity": "clinic",
        "building": "yes",
        "healthcare": "clinic",
        "name": "Camai Clinic"
      },
      "geometry": {
        "type": "Polygon",
        "coordinates": [
          [
            [
              -157.0077289,
              58.7329304
            ],
            [
              -157.0077305,
              58.7327689
            ],
            [
              -157.0074471,
              58.7327681
            ],
            [
              -157.0074454,
              58.7329296
            ],
            [
              -157.0077289,
              58.7329304
            ]
          ]
        ]
      },
      "id": "way/1299861684"
    },
    {
      "type": "Feature",
      "properties": {
        "@id": "way/1323332892",
        "amenity": "clinic",
        "building": "yes",
        "healthcare": "clinic",
        "name": "Atla Qiaramtome Clinic"
      },
      "geometry": {
        "type": "Polygon",
        "coordinates": [
          [
            [
              -174.1978851,
              52.2009744
            ],
            [
              -174.197689,
              52.2008827
            ],
            [
              -174.1976227,
              52.200936
            ],
            [
              -174.1978188,
              52.2010277
            ],
            [
              -174.1978851,
              52.2009744
            ]
          ]
        ]
      },
      "id": "way/1323332892"
    },
    {
      "type": "Feature",
      "properties": {
        "@id": "way/1346283844",
        "amenity": "hospital",
        "healthcare": "hospital",
        "name": "Colonel Mary Louise Rasmuson Campus"
      },
      "geometry": {
        "type": "Polygon",
        "coordinates": [
          [
            [
              -149.748427,
              61.2323954
            ],
            [
              -149.748438,
              61.2315487
            ],
            [
              -149.7478411,
              61.231568
            ],
            [
              -149.7471848,
              61.2315888
            ],
            [
              -149.7465655,
              61.2316125
            ],
            [
              -149.7448709,
              61.2315903
            ],
            [
              -149.7415033,
              61.2314138
            ],
            [
              -149.7413493,
              61.2320054
            ],
            [
              -149.7413585,
              61.2321967
            ],
            [
              -149.7413647,
              61.2327365
            ],
            [
              -149.741325,
              61.2350552
            ],
            [
              -149.7463312,
              61.2325966
            ],
            [
              -149.7470305,
              61.2323338
            ],
            [
              -149.7478998,
              61.232273
            ],
            [
              -149.7478931,
              61.2323886
            ],
            [
              -149.748427,
              61.2323954
            ]
          ]
        ]
      },
      "id": "way/1346283844"
    },
    {
      "type": "Feature",
      "properties": {
        "@id": "way/1347742631",
        "addr:city": "King Cove",
        "addr:housenumber": "238",
        "addr:postcode": "99612",
        "addr:state": "AK",
        "addr:street": "Slocum Drive",
        "amenity": "clinic",
        "building": "yes",
        "healthcare": "clinic",
        "name": "King Cove Clinic",
        "operator": "Eastern Aleutian Tribes EATS",
        "operator:type": "private_non_profit",
        "website": "https://cityofkingcove.com/medical/"
      },
      "geometry": {
        "type": "Polygon",
        "coordinates": [
          [
            [
              -162.2958058,
              55.0486791
            ],
            [
              -162.2958242,
              55.0486585
            ],
            [
              -162.2958758,
              55.0486736
            ],
            [
              -162.2959665,
              55.0485719
            ],
            [
              -162.2959071,
              55.0485545
            ],
            [
              -162.2959384,
              55.0485195
            ],
            [
              -162.2961635,
              55.0485853
            ],
            [
              -162.2961905,
              55.048555
            ],
            [
              -162.2962089,
              55.0485604
            ],
            [
              -162.2963021,
              55.0484558
            ],
            [
              -162.295711,
              55.0482829
            ],
            [
              -162.2955756,
              55.0484348
            ],
            [
              -162.2956776,
              55.0484647
            ],
            [
              -162.2956268,
              55.0485217
            ],
            [
              -162.2955525,
              55.0486051
            ],
            [
              -162.2957159,
              55.0486528
            ],
            [
              -162.2958058,
              55.0486791
            ]
          ]
        ]
      },
      "id": "way/1347742631"
    },
    {
      "type": "Feature",
      "properties": {
        "@id": "way/1348431775",
        "amenity": "hospital",
        "healthcare": "hospital"
      },
      "geometry": {
        "type": "Polygon",
        "coordinates": [
          [
            [
              -162.2954558,
              55.0486787
            ],
            [
              -162.2954758,
              55.0487294
            ],
            [
              -162.2955436,
              55.0487744
            ],
            [
              -162.2957608,
              55.0488115
            ],
            [
              -162.296032,
              55.0487912
            ],
            [
              -162.2963231,
              55.0488089
            ],
            [
              -162.296508,
              55.0487427
            ],
            [
              -162.2967005,
              55.0485838
            ],
            [
              -162.2964417,
              55.048492
            ],
            [
              -162.2963354,
              55.0483746
            ],
            [
              -162.295693,
              55.0482493
            ],
            [
              -162.2954698,
              55.0484995
            ],
            [
              -162.2955648,
              55.0485254
            ],
            [
              -162.2954558,
              55.0486787
            ]
          ]
        ]
      },
      "id": "way/1348431775"
    },
    {
      "type": "Feature",
      "properties": {
        "@id": "way/1427206315",
        "amenity": "hospital",
        "emergency": "yes",
        "healthcare": "hospital",
        "name": "Yukon-Kuskokwim Delta Regional Hospital"
      },
      "geometry": {
        "type": "Polygon",
        "coordinates": [
          [
            [
              -161.7894432,
              60.7876047
            ],
            [
              -161.7861709,
              60.7873075
            ],
            [
              -161.7862379,
              60.7872211
            ],
            [
              -161.7858222,
              60.7867904
            ],
            [
              -161.7852482,
              60.7866229
            ],
            [
              -161.7830354,
              60.7884123
            ],
            [
              -161.7826813,
              60.7887134
            ],
            [
              -161.7823353,
              60.7889726
            ],
            [
              -161.7819142,
              60.7892959
            ],
            [
              -161.7828771,
              60.7902475
            ],
            [
              -161.7871391,
              60.7892632
            ],
            [
              -161.7879492,
              60.7890838
            ],
            [
              -161.7888504,
              60.789148
            ],
            [
              -161.7894432,
              60.7876047
            ]
          ]
        ]
      },
      "id": "way/1427206315"
    },
    {
      "type": "Feature",
      "properties": {
        "@id": "way/1427237158",
        "amenity": "clinic",
        "building": "yes",
        "healthcare": "clinic",
        "name": "Medical Clinic"
      },
      "geometry": {
        "type": "Polygon",
        "coordinates": [
          [
            [
              -161.7705011,
              60.7222767
            ],
            [
              -161.7705928,
              60.722203
            ],
            [
              -161.7704415,
              60.722158
            ],
            [
              -161.7704264,
              60.7221702
            ],
            [
              -161.7703958,
              60.7221611
            ],
            [
              -161.7703392,
              60.7222067
            ],
            [
              -161.7703669,
              60.7222149
            ],
            [
              -161.770347,
              60.7222309
            ],
            [
              -161.7705011,
              60.7222767
            ]
          ]
        ]
      },
      "id": "way/1427237158"
    },
    {
      "type": "Feature",
      "properties": {
        "@id": "way/1427425956",
        "addr:city": "Bethel",
        "addr:housenumber": "430",
        "addr:postcode": "99559",
        "addr:state": "AK",
        "addr:street": "Main Street",
        "amenity": "clinic",
        "building": "yes",
        "healthcare": "clinic",
        "name": "Bethel Family Clinic"
      },
      "geometry": {
        "type": "Polygon",
        "coordinates": [
          [
            [
              -161.7616832,
              60.7961685
            ],
            [
              -161.7620234,
              60.7961136
            ],
            [
              -161.7618591,
              60.7958712
            ],
            [
              -161.7616215,
              60.7959096
            ],
            [
              -161.7616794,
              60.7959948
            ],
            [
              -161.7616143,
              60.7960053
            ],
            [
              -161.7616977,
              60.7961282
            ],
            [
              -161.7616599,
              60.7961343
            ],
            [
              -161.7616832,
              60.7961685
            ]
          ]
        ]
      },
      "id": "way/1427425956"
    },
    {
      "type": "Feature",
      "properties": {
        "@id": "way/1428909070",
        "addr:city": "Fairbanks",
        "addr:housenumber": "605",
        "addr:postcode": "99709",
        "addr:state": "AK",
        "addr:street": "Chief Thomas Drive",
        "amenity": "clinic",
        "building": "yes",
        "healthcare": "clinic",
        "name": "Alpine Medical Group-North",
        "opening_hours": "Mo-Fr 08:00-17:00; Sa-Su off",
        "phone": "+1-907-455-4555",
        "website": "https://www.amgfairbanks.com/"
      },
      "geometry": {
        "type": "Polygon",
        "coordinates": [
          [
            [
              -147.7802962,
              64.8457711
            ],
            [
              -147.7802928,
              64.8455711
            ],
            [
              -147.7799415,
              64.8455722
            ],
            [
              -147.7799426,
              64.8456383
            ],
            [
              -147.779879,
              64.8456385
            ],
            [
              -147.7798802,
              64.845707
            ],
            [
              -147.7799402,
              64.8457068
            ],
            [
              -147.7799414,
              64.8457749
            ],
            [
              -147.7802815,
              64.8457738
            ],
            [
              -147.7802814,
              64.8457712
            ],
            [
              -147.7802962,
              64.8457711
            ]
          ]
        ]
      },
      "id": "way/1428909070"
    },
    {
      "type": "Feature",
      "properties": {
        "@id": "way/1428909443",
        "addr:city": "Fairbanks",
        "addr:housenumber": "2555",
        "addr:postcode": "99709",
        "addr:state": "AK",
        "addr:street": "Phillips Field Road",
        "amenity": "clinic",
        "building": "yes",
        "healthcare": "clinic",
        "name": "Mountain View Medical Center"
      },
      "geometry": {
        "type": "Polygon",
        "coordinates": [
          [
            [
              -147.7847241,
              64.8469225
            ],
            [
              -147.7847241,
              64.8469188
            ],
            [
              -147.7847251,
              64.8468314
            ],
            [
              -147.7847271,
              64.8466497
            ],
            [
              -147.7847279,
              64.8465718
            ],
            [
              -147.7845929,
              64.846572
            ],
            [
              -147.7845504,
              64.8465721
            ],
            [
              -147.7845029,
              64.8465721
            ],
            [
              -147.7839041,
              64.8465729
            ],
            [
              -147.7839039,
              64.8467765
            ],
            [
              -147.7838178,
              64.8467893
            ],
            [
              -147.7837923,
              64.8467931
            ],
            [
              -147.7837923,
              64.8468206
            ],
            [
              -147.7837922,
              64.8468482
            ],
            [
              -147.7837922,
              64.846857
            ],
            [
              -147.783816,
              64.846857
            ],
            [
              -147.7838706,
              64.846857
            ],
            [
              -147.7838705,
              64.8469224
            ],
            [
              -147.78389,
              64.8469224
            ],
            [
              -147.7839676,
              64.8469224
            ],
            [
              -147.7840452,
              64.8469224
            ],
            [
              -147.7845345,
              64.8469225
            ],
            [
              -147.7845539,
              64.8469225
            ],
            [
              -147.7845733,
              64.8469225
            ],
            [
              -147.7847241,
              64.8469225
            ]
          ]
        ]
      },
      "id": "way/1428909443"
    },
    {
      "type": "Feature",
      "properties": {
        "@id": "way/1430915980",
        "amenity": "hospital",
        "healthcare": "hospital",
        "landuse": "construction"
      },
      "geometry": {
        "type": "Polygon",
        "coordinates": [
          [
            [
              -149.8545615,
              61.2214386
            ],
            [
              -149.8545733,
              61.2205816
            ],
            [
              -149.8533575,
              61.2205777
            ],
            [
              -149.8533459,
              61.2214347
            ],
            [
              -149.8545615,
              61.2214386
            ]
          ]
        ]
      },
      "id": "way/1430915980"
    },
    {
      "type": "Feature",
      "properties": {
        "@id": "way/1450447673",
        "addr:city": "Juneau",
        "addr:housenumber": "1600",
        "addr:postcode": "99801",
        "addr:state": "AK",
        "addr:street": "Glacier Avenue",
        "amenity": "doctors",
        "building": "yes",
        "contact:facebook": "https://www.facebook.com/glacierpediatrics/",
        "healthcare": "doctor",
        "healthcare:speciality": "paediatrics",
        "name": "Glacier Pediatrics",
        "phone": "+1-888-504-2423",
        "start_date": "1999",
        "website": "https://www.glacierpediatrics.com/"
      },
      "geometry": {
        "type": "Polygon",
        "coordinates": [
          [
            [
              -134.4269399,
              58.3049976
            ],
            [
              -134.4268912,
              58.3049719
            ],
            [
              -134.4269072,
              58.3049623
            ],
            [
              -134.4268872,
              58.3049518
            ],
            [
              -134.4269316,
              58.3049261
            ],
            [
              -134.4268613,
              58.3048884
            ],
            [
              -134.4269162,
              58.304858
            ],
            [
              -134.4267925,
              58.3047926
            ],
            [
              -134.4267442,
              58.3047457
            ],
            [
              -134.4267008,
              58.3047274
            ],
            [
              -134.4266141,
              58.304742
            ],
            [
              -134.426656,
              58.3048292
            ],
            [
              -134.4267459,
              58.3048779
            ],
            [
              -134.4266282,
              58.3049439
            ],
            [
              -134.4267855,
              58.3050239
            ],
            [
              -134.4267924,
              58.3050202
            ],
            [
              -134.4268481,
              58.3050486
            ],
            [
              -134.4269399,
              58.3049976
            ]
          ]
        ]
      },
      "id": "way/1450447673"
    },
    {
      "type": "Feature",
      "properties": {
        "@id": "node/554116080",
        "addr:city": "Anchorage",
        "addr:country": "US",
        "addr:housenumber": "12350",
        "addr:postcode": "99515",
        "addr:street": "Industry Way",
        "amenity": "doctors",
        "healthcare": "doctor",
        "name": "Primary Care Associates",
        "opening_hours": "08:00-21:00; PH \"Call ahead\"",
        "phone": "+1 907 345 4343",
        "website": "https://www.primarycareak.com/centers/south-anchorage.html"
      },
      "geometry": {
        "type": "Point",
        "coordinates": [
          -149.8625692,
          61.1091108
        ]
      },
      "id": "node/554116080"
    },
    {
      "type": "Feature",
      "properties": {
        "@id": "node/1286891893",
        "addr:city": "Petersburg",
        "addr:housenumber": "103",
        "addr:postcode": "99833",
        "addr:state": "AK",
        "addr:street": "Fram Street",
        "amenity": "hospital",
        "beds": "12",
        "emergency": "yes",
        "healthcare": "hospital",
        "name": "Petersburg Medical Center",
        "opening_hours": "24/7",
        "phone": "+1 907 772 4291",
        "website": "https://www.pmcak.org/"
      },
      "geometry": {
        "type": "Point",
        "coordinates": [
          -132.955361,
          56.8128844
        ]
      },
      "id": "node/1286891893"
    },
    {
      "type": "Feature",
      "properties": {
        "@id": "node/1673721460",
        "addr:city": "Unalaska",
        "addr:housenumber": "34",
        "addr:postcode": "99685",
        "addr:street": "Lavelle Court",
        "amenity": "clinic",
        "healthcare": "clinic",
        "name": "Iliuliuk Family and Health Services",
        "opening_hours": "Mo-Fr 08:30-18:00; Sa 08:30-13:00",
        "phone": "+1 907 581 1202",
        "website": "https://www.ifhs.org/"
      },
      "geometry": {
        "type": "Point",
        "coordinates": [
          -166.5392208,
          53.8721667
        ]
      },
      "id": "node/1673721460"
    },
    {
      "type": "Feature",
      "properties": {
        "@id": "node/1883602947",
        "amenity": "pharmacy",
        "healthcare": "pharmacy",
        "name": "Здоровье"
      },
      "geometry": {
        "type": "Point",
        "coordinates": [
          -173.2242355,
          64.4239623
        ]
      },
      "id": "node/1883602947"
    },
    {
      "type": "Feature",
      "properties": {
        "@id": "node/2049279276",
        "amenity": "pharmacy",
        "dispensing": "yes",
        "healthcare": "pharmacy",
        "name": "Homer Rexall Drugs"
      },
      "geometry": {
        "type": "Point",
        "coordinates": [
          -151.5233,
          59.6469636
        ]
      },
      "id": "node/2049279276"
    },
    {
      "type": "Feature",
      "properties": {
        "@id": "node/2312081056",
        "amenity": "clinic",
        "healthcare": "clinic",
        "name": "Peninsula Surgical Clinic",
        "owner": "M. Todd Boling D.O.",
        "phone": "+1 907 235-3225"
      },
      "geometry": {
        "type": "Point",
        "coordinates": [
          -151.5474112,
          59.644106
        ]
      },
      "id": "node/2312081056"
    },
    {
      "type": "Feature",
      "properties": {
        "@id": "node/2568543746",
        "addr:city": "Petersburg",
        "addr:postcode": "99833",
        "amenity": "pharmacy",
        "healthcare": "pharmacy",
        "name": "People's Drug - Rexall"
      },
      "geometry": {
        "type": "Point",
        "coordinates": [
          -132.957684,
          56.8129001
        ]
      },
      "id": "node/2568543746"
    },
    {
      "type": "Feature",
      "properties": {
        "@id": "node/2711802056",
        "amenity": "clinic",
        "name": "Healy Clinic",
        "operator": "Interior Community Health Center",
        "phone": "+1 907 455 4567",
        "website": "https://www.interiorcommunityhealth.org/contents/healy-clinic"
      },
      "geometry": {
        "type": "Point",
        "coordinates": [
          -149.0060712,
          63.8704949
        ]
      },
      "id": "node/2711802056"
    },
    {
      "type": "Feature",
      "properties": {
        "@id": "node/2711802062",
        "amenity": "clinic",
        "healthcare": "clinic",
        "name": "Canyon Clinic",
        "phone": "+1 907-683-4433"
      },
      "geometry": {
        "type": "Point",
        "coordinates": [
          -148.901478,
          63.7474852
        ]
      },
      "id": "node/2711802062"
    },
    {
      "type": "Feature",
      "properties": {
        "@id": "node/2972398342",
        "addr:city": "Massett",
        "addr:housenumber": "2520",
        "addr:street": "Harrison Avenue",
        "amenity": "hospital",
        "emergency": "yes",
        "healthcare": "hospital",
        "name": "Northern Haida Gwaii Hospital and Health Centre"
      },
      "geometry": {
        "type": "Point",
        "coordinates": [
          -132.1573868,
          54.0204029
        ]
      },
      "id": "node/2972398342"
    },
    {
      "type": "Feature",
      "properties": {
        "@id": "node/3118792193",
        "addr:housename": "Island Pharmacy",
        "addr:housenumber": "3526",
        "addr:postcode": "99901",
        "addr:street": "Tongass Avenue",
        "amenity": "pharmacy",
        "dispensing": "yes",
        "healthcare": "pharmacy",
        "name": "Island Pharmacy",
        "website": "https://www.islandpharmacyak.com/"
      },
      "geometry": {
        "type": "Point",
        "coordinates": [
          -131.69235,
          55.35596
        ]
      },
      "id": "node/3118792193"
    },
    {
      "type": "Feature",
      "properties": {
        "@id": "node/3464551371",
        "amenity": "clinic",
        "healthcare": "clinic",
        "name": "Gustavus Clinic"
      },
      "geometry": {
        "type": "Point",
        "coordinates": [
          -135.7278199,
          58.4076632
        ]
      },
      "id": "node/3464551371"
    },
    {
      "type": "Feature",
      "properties": {
        "@id": "node/3677868352",
        "amenity": "clinic",
        "healthcare": "yes",
        "name": "Hope Clinic"
      },
      "geometry": {
        "type": "Point",
        "coordinates": [
          -149.6203984,
          60.9194267
        ]
      },
      "id": "node/3677868352"
    },
    {
      "type": "Feature",
      "properties": {
        "@id": "node/3796258133",
        "addr:city": "Haines Junction",
        "addr:housenumber": "3940",
        "addr:postcode": "Y0B 1L0",
        "addr:province": "YT",
        "addr:street": "Bates Street",
        "amenity": "clinic",
        "healthcare": "clinic",
        "name": "Haines Junction Health Centre"
      },
      "geometry": {
        "type": "Point",
        "coordinates": [
          -137.510185,
          60.7501353
        ]
      },
      "id": "node/3796258133"
    },
    {
      "type": "Feature",
      "properties": {
        "@id": "node/3796258136",
        "addr:city": "Haines Junction",
        "addr:housenumber": "137",
        "addr:postcode": "Y0B 1L0",
        "addr:province": "YT",
        "addr:street": "Haines Road",
        "amenity": "doctors",
        "healthcare": "doctor",
        "name": "Rural Yukon Mental Health Consultant"
      },
      "geometry": {
        "type": "Point",
        "coordinates": [
          -137.509792,
          60.7508413
        ]
      },
      "id": "node/3796258136"
    },
    {
      "type": "Feature",
      "properties": {
        "@id": "node/3960741819",
        "amenity": "clinic",
        "healthcare": "clinic",
        "name": "Fairbanks Urgent Care"
      },
      "geometry": {
        "type": "Point",
        "coordinates": [
          -147.756874,
          64.8360099
        ]
      },
      "id": "node/3960741819"
    },
    {
      "type": "Feature",
      "properties": {
        "@id": "node/3960741820",
        "amenity": "pharmacy",
        "healthcare": "pharmacy",
        "name": "Medical Center Pharmacy"
      },
      "geometry": {
        "type": "Point",
        "coordinates": [
          -147.756374,
          64.8359269
        ]
      },
      "id": "node/3960741820"
    },
    {
      "type": "Feature",
      "properties": {
        "@id": "node/4114706836",
        "addr:city": "Juneau",
        "addr:housenumber": "3260",
        "addr:postcode": "99801",
        "addr:street": "Hospital Drive",
        "addr:unit": "Suite D",
        "amenity": "doctors",
        "healthcare": "doctor",
        "healthcare:speciality": "paediatrics",
        "name": "Rainforest Pediatrics",
        "website": "https://www.pcpcc.org/practice/rainforest-pediatric-care"
      },
      "geometry": {
        "type": "Point",
        "coordinates": [
          -134.4651154,
          58.3295414
        ]
      },
      "id": "node/4114706836"
    },
    {
      "type": "Feature",
      "properties": {
        "@id": "node/4184379716",
        "addr:housenumber": "211",
        "addr:street": "Main Street",
        "addr:unit": "100",
        "amenity": "pharmacy",
        "brand": "Shoppers Drug Mart",
        "brand:wikidata": "Q1820137",
        "dispensing": "yes",
        "drive_through": "no",
        "healthcare": "pharmacy",
        "level": "0",
        "name": "Shoppers Drug Mart",
        "opening_hours": "Mo-Fr 08:00-20:00; Sa 09:00-18:00; Su 10:00-18:00",
        "payment:apple_pay": "yes",
        "payment:cash": "yes",
        "payment:coins": "yes",
        "payment:contactless": "yes",
        "payment:credit_cards": "yes",
        "payment:debit_cards": "yes",
        "website": "https://www.shoppersdrugmart.ca/en/store-locator/store/299",
        "website:en": "https://www.shoppersdrugmart.ca/en/store-locator/store/299",
        "website:fr": "https://www.shoppersdrugmart.ca/fr/store-locator/store/299"
      },
      "geometry": {
        "type": "Point",
        "coordinates": [
          -135.053769,
          60.7192067
        ]
      },
      "id": "node/4184379716"
    },
    {
      "type": "Feature",
      "properties": {
        "@id": "node/4227921289",
        "amenity": "clinic",
        "name": "Creative Abilities Physical Therapy"
      },
      "geometry": {
        "type": "Point",
        "coordinates": [
          -150.7501218,
          60.5355567
        ]
      },
      "id": "node/4227921289"
    },
    {
      "type": "Feature",
      "properties": {
        "@id": "node/4299235582",
        "amenity": "doctors",
        "healthcare": "doctor",
        "level": "1",
        "name": "Alaska Children's Eye and Strabismus"
      },
      "geometry": {
        "type": "Point",
        "coordinates": [
          -149.8591045,
          61.1888584
        ]
      },
      "id": "node/4299235582"
    },
    {
      "type": "Feature",
      "properties": {
        "@id": "node/4299235583",
        "amenity": "doctors",
        "healthcare": "doctor",
        "level": "1",
        "name": "Alaska Retinal Consultants"
      },
      "geometry": {
        "type": "Point",
        "coordinates": [
          -149.8591018,
          61.1889036
        ]
      },
      "id": "node/4299235583"
    },
    {
      "type": "Feature",
      "properties": {
        "@id": "node/4546643332",
        "amenity": "pharmacy",
        "brand": "Shoppers Drug Mart",
        "brand:wikidata": "Q1820137",
        "brand:wikipedia": "en:Shoppers Drug Mart",
        "healthcare": "pharmacy",
        "name": "Shoppers Drug Mart",
        "phone": "+1-250-624-9656",
        "website": "https://www.shoppersdrugmart.ca/en/store-locator/store/2256",
        "website:en": "https://www.shoppersdrugmart.ca/en/store-locator/store/2256",
        "website:fr": "https://www.shoppersdrugmart.ca/fr/store-locator/store/2256"
      },
      "geometry": {
        "type": "Point",
        "coordinates": [
          -130.327803,
          54.3128636
        ]
      },
      "id": "node/4546643332"
    },
    {
      "type": "Feature",
      "properties": {
        "@id": "node/4633313841",
        "addr:city": "Anchorage",
        "addr:housenumber": "1301",
        "addr:postcode": "99515",
        "addr:street": "Huffman Road",
        "addr:unit": "Suite 100",
        "amenity": "doctors",
        "healthcare": "doctor",
        "name": "First Care",
        "opening_hours": "07:00-23:00",
        "phone": "+1 907 345 1199",
        "urgent_care": "yes",
        "website": "https://www.firstcareak.com/"
      },
      "geometry": {
        "type": "Point",
        "coordinates": [
          -149.8579289,
          61.1090012
        ]
      },
      "id": "node/4633313841"
    },
    {
      "type": "Feature",
      "properties": {
        "@id": "node/4800326035",
        "amenity": "doctors",
        "healthcare": "doctor",
        "name": "Arctic Chiropractic"
      },
      "geometry": {
        "type": "Point",
        "coordinates": [
          -162.598659,
          66.8987589
        ]
      },
      "id": "node/4800326035"
    },
    {
      "type": "Feature",
      "properties": {
        "@id": "node/4937638100",
        "amenity": "clinic",
        "name": "Tok Public Health Center",
        "office": "yes"
      },
      "geometry": {
        "type": "Point",
        "coordinates": [
          -142.9841933,
          63.3362202
        ]
      },
      "id": "node/4937638100"
    },
    {
      "type": "Feature",
      "properties": {
        "@id": "node/4956083424",
        "addr:housenumber": "9000",
        "addr:postcode": "99801",
        "addr:street": "Glacier Highway",
        "amenity": "clinic",
        "email": "moontide.massage@gmail.com",
        "healthcare": "clinic",
        "name": "Moontide Healing Arts LLC",
        "name:en": "Moontide Healing Arts LLC",
        "phone": "+1-907-209-9518",
        "website": "http://moontidehealing.com"
      },
      "geometry": {
        "type": "Point",
        "coordinates": [
          -134.581511,
          58.3632272
        ]
      },
      "id": "node/4956083424"
    },
    {
      "type": "Feature",
      "properties": {
        "@id": "node/5030889501",
        "amenity": "clinic",
        "health_facility": "yes",
        "healthcare": "clinic",
        "level": "1",
        "name": "Valdez Chiropractic Center"
      },
      "geometry": {
        "type": "Point",
        "coordinates": [
          -146.357661,
          61.1287415
        ]
      },
      "id": "node/5030889501"
    },
    {
      "type": "Feature",
      "properties": {
        "@id": "node/5071689055",
        "amenity": "pharmacy",
        "brand": "36,6",
        "brand:wikidata": "Q226889",
        "brand:wikipedia": "ru:36,6 (аптечная сеть)",
        "healthcare": "pharmacy",
        "name": "36,6"
      },
      "geometry": {
        "type": "Point",
        "coordinates": [
          -171.005066,
          65.5798341
        ]
      },
      "id": "node/5071689055"
    },
    {
      "type": "Feature",
      "properties": {
        "@id": "node/5678336018",
        "amenity": "clinic",
        "healthcare": "clinic",
        "healthcare:speciality": "physiatry",
        "name": "Summit Physical Therapy"
      },
      "geometry": {
        "type": "Point",
        "coordinates": [
          -151.5291399,
          59.6479719
        ]
      },
      "id": "node/5678336018"
    },
    {
      "type": "Feature",
      "properties": {
        "@id": "node/5812609330",
        "amenity": "clinic",
        "healthcare": "clinic"
      },
      "geometry": {
        "type": "Point",
        "coordinates": [
          -173.2202822,
          64.4265906
        ]
      },
      "id": "node/5812609330"
    },
    {
      "type": "Feature",
      "properties": {
        "@id": "node/5891493744",
        "addr:city": "Anchorage",
        "addr:state": "AK",
        "addr:street": "Piper Street",
        "amenity": "clinic",
        "healthcare": "clinic",
        "name": "Alaska Heart Institute",
        "opening_hours": "Mo-Fr 08:00-17:00",
        "wheelchair": "yes"
      },
      "geometry": {
        "type": "Point",
        "coordinates": [
          -149.8215774,
          61.1862962
        ]
      },
      "id": "node/5891493744"
    },
    {
      "type": "Feature",
      "properties": {
        "@id": "node/5891877019",
        "amenity": "clinic",
        "healthcare": "clinic",
        "healthcare:speciality": "psychiatry",
        "name": "Providence Crisis Recovery Center",
        "opening_hours": "24/7",
        "phone": "+1 907 563 5006",
        "website": "https://alaska.providence.org/services/c/crisis-recovery-center"
      },
      "geometry": {
        "type": "Point",
        "coordinates": [
          -149.8271607,
          61.185697
        ]
      },
      "id": "node/5891877019"
    },
    {
      "type": "Feature",
      "properties": {
        "@id": "node/5919657729",
        "addr:city": "Palmer",
        "addr:housenumber": "8151",
        "addr:postcode": "99645",
        "addr:state": "AK",
        "addr:street": "East Palmer-Wasilla Highway",
        "alt_name": "Three Bears Pharmacy",
        "amenity": "pharmacy",
        "dispensing": "yes",
        "fax": "+1-907-746-3892",
        "healthcare": "pharmacy",
        "name": "Three Bears Alaska",
        "opening_hours": "Mo-Fr 09:30-19:00, Sa 10:00-14:00, Su closed",
        "phone": "+1-907-746-3891",
        "source": "EsriWorldImagery",
        "website": "https://threebearsalaska.com/mat-su/"
      },
      "geometry": {
        "type": "Point",
        "coordinates": [
          -149.246166,
          61.6005599
        ]
      },
      "id": "node/5919657729"
    },
    {
      "type": "Feature",
      "properties": {
        "@id": "node/5936026050",
        "addr:city": "Wasilla",
        "addr:housenumber": "3674",
        "addr:postcode": "99654",
        "addr:state": "AK",
        "addr:street": "East Country Field Circle",
        "amenity": "pharmacy",
        "dispensing": "yes",
        "healthcare": "pharmacy",
        "name": "Geneva Woods Pharmacy",
        "opening_hours": "Mo-Fr 08:00-18:00, Sa-Su closed",
        "phone": "+1-907-376-8200",
        "website": "https://www.genevawoodshealth.com/locations/pharmacy-wasilla/"
      },
      "geometry": {
        "type": "Point",
        "coordinates": [
          -149.357993,
          61.5890709
        ]
      },
      "id": "node/5936026050"
    },
    {
      "type": "Feature",
      "properties": {
        "@id": "node/5960089986",
        "addr:housenumber": "8920",
        "addr:street": "Old Seward Highway",
        "amenity": "clinic",
        "healthcare": "clinic",
        "name": "Blood Bank of Alaska"
      },
      "geometry": {
        "type": "Point",
        "coordinates": [
          -149.8652051,
          61.1399232
        ]
      },
      "id": "node/5960089986"
    },
    {
      "type": "Feature",
      "properties": {
        "@id": "node/5968097548",
        "addr:city": "Palmer",
        "addr:housenumber": "535",
        "addr:postcode": "99645",
        "addr:state": "AK",
        "addr:street": "West Evergreen Avenue",
        "amenity": "pharmacy",
        "brand": "Fred Meyer",
        "brand:wikidata": "Q5495932",
        "dispensing": "yes",
        "healthcare": "pharmacy",
        "name": "Fred Meyer Pharmacy",
        "opening_hours": "Mo-Fr 09:00-21:00, Sa 09:00-19:00, Su 11:00-18:00",
        "phone": "+1 907-707-0433",
        "source": "EsriWorldImagery",
        "website": "https://www.fredmeyer.com/stores/details/701/00649",
        "wheelchair": "yes"
      },
      "geometry": {
        "type": "Point",
        "coordinates": [
          -149.126565,
          61.6005436
        ]
      },
      "id": "node/5968097548"
    },
    {
      "type": "Feature",
      "properties": {
        "@id": "node/5970749525",
        "addr:city": "Palmer",
        "addr:housenumber": "664",
        "addr:postcode": "99645",
        "addr:state": "AK",
        "addr:street": "West Evergreen Avenue",
        "alt_name": "Carrs Safeway",
        "amenity": "pharmacy",
        "brand": "Carrs",
        "brand:wikidata": "Q5046735",
        "dispensing": "yes",
        "healthcare": "pharmacy",
        "name": "Carrs",
        "opening_hours": "Mo-Fr 09:00-21:00, Sa 09:00-18:00, Su 11:00-18:00",
        "phone": "+1 907-761-1480",
        "website": "https://local.pharmacy.carrsqc.com/ak/palmer/664-w-evergreen-ave.html"
      },
      "geometry": {
        "type": "Point",
        "coordinates": [
          -149.1264971,
          61.597964
        ]
      },
      "id": "node/5970749525"
    },
    {
      "type": "Feature",
      "properties": {
        "@id": "node/6038345210",
        "amenity": "pharmacy",
        "brand": "Walgreens",
        "brand:wikidata": "Q1591889",
        "dispensing": "yes",
        "healthcare": "pharmacy",
        "name": "Walgreens",
        "source": "EsriWorldImagery"
      },
      "geometry": {
        "type": "Point",
        "coordinates": [
          -149.5669949,
          61.328837
        ]
      },
      "id": "node/6038345210"
    },
    {
      "type": "Feature",
      "properties": {
        "@id": "node/6122910892",
        "amenity": "pharmacy",
        "dispensing": "yes",
        "healthcare": "pharmacy",
        "name": "Rons Apothecary"
      },
      "geometry": {
        "type": "Point",
        "coordinates": [
          -134.5873783,
          58.3715402
        ]
      },
      "id": "node/6122910892"
    },
    {
      "type": "Feature",
      "properties": {
        "@id": "node/6386880478",
        "addr:city": "Sitka",
        "addr:housenumber": "106",
        "addr:postcode": "99835",
        "addr:state": "AK",
        "addr:street": "Lincoln Street",
        "amenity": "pharmacy",
        "dispensing": "yes",
        "drive_through": "no",
        "healthcare": "pharmacy",
        "name": "Harry Race Pharmacy",
        "payment:apple_pay": "yes",
        "website": "https://www.sitkapharmacies.com/"
      },
      "geometry": {
        "type": "Point",
        "coordinates": [
          -135.3382166,
          57.0492118
        ]
      },
      "id": "node/6386880478"
    },
    {
      "type": "Feature",
      "properties": {
        "@id": "node/6392540938",
        "addr:city": "Anchorage",
        "addr:housenumber": "4361",
        "addr:postcode": "99504",
        "addr:state": "AK",
        "addr:street": "Boniface Parkway",
        "amenity": "clinic",
        "healthcare": "clinic",
        "name": "CAPSTONE CLINIC"
      },
      "geometry": {
        "type": "Point",
        "coordinates": [
          -149.7772614,
          61.1810884
        ]
      },
      "id": "node/6392540938"
    },
    {
      "type": "Feature",
      "properties": {
        "@id": "node/6392562522",
        "addr:city": "Anchorage",
        "addr:postcode": "99504",
        "addr:state": "AK",
        "addr:street": "Boniface Parkway",
        "amenity": "clinic",
        "healthcare": "clinic",
        "name": "EMPOWER PHYSICAL THERAPY"
      },
      "geometry": {
        "type": "Point",
        "coordinates": [
          -149.777023,
          61.1811346
        ]
      },
      "id": "node/6392562522"
    },
    {
      "type": "Feature",
      "properties": {
        "@id": "node/6405286514",
        "addr:city": "Anchorage",
        "addr:housenumber": "3300",
        "addr:postcode": "99508",
        "addr:state": "AK",
        "addr:street": "Providence Drive",
        "amenity": "pharmacy",
        "dispensing": "yes",
        "healthcare": "pharmacy",
        "name": "Providence Medical Arts Pharmacy"
      },
      "geometry": {
        "type": "Point",
        "coordinates": [
          -149.8195054,
          61.1894607
        ]
      },
      "id": "node/6405286514"
    },
    {
      "type": "Feature",
      "properties": {
        "@id": "node/6770554143",
        "amenity": "hospital",
        "healthcare": "hospital"
      },
      "geometry": {
        "type": "Point",
        "coordinates": [
          -179.1221738,
          66.3187153
        ]
      },
      "id": "node/6770554143"
    },
    {
      "type": "Feature",
      "properties": {
        "@id": "node/7040770092",
        "amenity": "clinic",
        "healthcare": "clinic",
        "name": "Rosie Ovayuak Health Centre"
      },
      "geometry": {
        "type": "Point",
        "coordinates": [
          -133.0391486,
          69.4497507
        ]
      },
      "id": "node/7040770092"
    },
    {
      "type": "Feature",
      "properties": {
        "@id": "node/7351756587",
        "amenity": "clinic",
        "healthcare": "clinic",
        "healthcare:speciality": "community",
        "name": "Teslin Health Centre",
        "operational_status": "operational",
        "operator": "Government of Yukon",
        "phone": "+1 867 390 4444"
      },
      "geometry": {
        "type": "Point",
        "coordinates": [
          -132.7234429,
          60.1634161
        ]
      },
      "id": "node/7351756587"
    },
    {
      "type": "Feature",
      "properties": {
        "@id": "node/7351756588",
        "addr:full": "9010 Quartz Road, 1st Floor",
        "amenity": "clinic",
        "healthcare": "clinic",
        "name": "Whitehorse Health Centre",
        "operator": "Government of Yukon",
        "phone": "+1 867 667 8864"
      },
      "geometry": {
        "type": "Point",
        "coordinates": [
          -135.0657088,
          60.7316149
        ]
      },
      "id": "node/7351756588"
    },
    {
      "type": "Feature",
      "properties": {
        "@id": "node/7496048809",
        "addr:city": "Anchorage",
        "addr:housenumber": "5437",
        "addr:postcode": "99508",
        "addr:state": "AK",
        "addr:street": "East Northern Lights Boulevard",
        "addr:unit": "1",
        "amenity": "clinic",
        "healthcare": "clinic",
        "name": "Urgent Care Medical Clinic"
      },
      "geometry": {
        "type": "Point",
        "coordinates": [
          -149.7812138,
          61.1960415
        ]
      },
      "id": "node/7496048809"
    },
    {
      "type": "Feature",
      "properties": {
        "@id": "node/7818223036",
        "amenity": "clinic",
        "healthcare": "clinic",
        "name": "Edgar Nollner Health Center",
        "operator": "Tanana Chiefs Conference"
      },
      "geometry": {
        "type": "Point",
        "coordinates": [
          -156.8769569,
          64.7446924
        ]
      },
      "id": "node/7818223036"
    },
    {
      "type": "Feature",
      "properties": {
        "@id": "node/8202722667",
        "amenity": "hospital",
        "name": "ФАП"
      },
      "geometry": {
        "type": "Point",
        "coordinates": [
          -172.4966008,
          64.9097671
        ]
      },
      "id": "node/8202722667"
    },
    {
      "type": "Feature",
      "properties": {
        "@id": "node/8211506392",
        "amenity": "hospital",
        "name": "ФАП"
      },
      "geometry": {
        "type": "Point",
        "coordinates": [
          -175.3783768,
          64.7995456
        ]
      },
      "id": "node/8211506392"
    },
    {
      "type": "Feature",
      "properties": {
        "@id": "node/8572825972",
        "addr:city": "Fairbanks",
        "addr:housename": "Whitaker Building",
        "addr:housenumber": "1788",
        "addr:postcode": "99775",
        "addr:street": "Yukon Drive",
        "addr:unit": "203",
        "amenity": "clinic",
        "contact:facebook": "https://www.facebook.com/UAFStudent.Health/",
        "contact:instagram": "https://www.instagram.com/uafshcc/",
        "contact:twitter": "https://twitter.com/UAFHealth_Couns",
        "email": "uaf-sh-cc@alaska.edu",
        "fax": "+1-907-474-5777",
        "healthcare": "clinic",
        "name": "UAF Student Health and Counseling Center",
        "opening_hours": "Mo,Tu,Th,Fr 08:30-17:00; We 10:00-17:00; SH off",
        "operator": "University of Alaska Fairbanks",
        "phone": "+1-907-474-7043",
        "website": "https://www.uaf.edu/chc/"
      },
      "geometry": {
        "type": "Point",
        "coordinates": [
          -147.8221594,
          64.8583545
        ]
      },
      "id": "node/8572825972"
    },
    {
      "type": "Feature",
      "properties": {
        "@id": "node/8986289394",
        "addr:city": "Soldotna",
        "addr:housenumber": "44428",
        "addr:postcode": "99669",
        "addr:state": "AK",
        "addr:street": "Sterling Highway",
        "amenity": "pharmacy",
        "brand": "Safeway",
        "brand:wikidata": "Q1508234",
        "dispensing": "yes",
        "drive_through": "no",
        "healthcare": "pharmacy",
        "name": "Safeway",
        "opening_hours": "Mo-Fr 09:00-20:00, Sa 10:00-18:00, Su 10:00-17:00",
        "payment:cash": "yes",
        "payment:credit_cards": "yes",
        "payment:debit_cards": "yes",
        "phone": "+1 907-714-5460",
        "website": "https://local.pharmacy.safeway.com/safeway/ak/soldotna/44428-sterling-hwy.html"
      },
      "geometry": {
        "type": "Point",
        "coordinates": [
          -151.0712459,
          60.4841932
        ]
      },
      "id": "node/8986289394"
    },
    {
      "type": "Feature",
      "properties": {
        "@id": "node/8986298257",
        "addr:city": "Anchorage",
        "addr:housenumber": "4000",
        "addr:postcode": "99502",
        "addr:state": "AK",
        "addr:street": "West Dimond Boulevard",
        "amenity": "pharmacy",
        "brand": "Carrs",
        "brand:wikidata": "Q5046735",
        "dispensing": "yes",
        "drive_through": "no",
        "healthcare": "pharmacy",
        "name": "Carrs",
        "not:brand:wikidata": "Q1508234",
        "opening_hours": "Mo-Fr 09:00-21:00, Sa-Su 10:00-18:00",
        "payment:cash": "yes",
        "payment:credit_cards": "yes",
        "payment:debit_cards": "yes",
        "phone": "+1 907-339-1260",
        "website": "https://local.pharmacy.carrsqc.com/ak/anchorage/4000-w-dimond-blvd.html",
        "wheelchair": "yes"
      },
      "geometry": {
        "type": "Point",
        "coordinates": [
          -149.95359,
          61.1361985
        ]
      },
      "id": "node/8986298257"
    },
    {
      "type": "Feature",
      "properties": {
        "@id": "node/8986323285",
        "addr:city": "Soldotna",
        "addr:housenumber": "43843",
        "addr:postcode": "99669",
        "addr:state": "AK",
        "addr:street": "Sterling Highway",
        "amenity": "pharmacy",
        "brand": "Fred Meyer",
        "brand:wikidata": "Q5495932",
        "dispensing": "yes",
        "healthcare": "pharmacy",
        "name": "Fred Meyer Pharmacy",
        "opening_hours": "Mo-Su 09:00-21:00, Sa 09:00-18:00, Su 11:00-18:00"
      },
      "geometry": {
        "type": "Point",
        "coordinates": [
          -151.0484069,
          60.4893067
        ]
      },
      "id": "node/8986323285"
    },
    {
      "type": "Feature",
      "properties": {
        "@id": "node/8986375118",
        "addr:city": "Anchorage",
        "addr:housenumber": "2000",
        "addr:postcode": "99502",
        "addr:state": "AK",
        "addr:street": "West Dimond Boulevard",
        "amenity": "pharmacy",
        "brand": "Fred Meyer",
        "brand:wikidata": "Q5495932",
        "dispensing": "yes",
        "drive_through": "yes",
        "healthcare": "pharmacy",
        "name": "Fred Meyer Pharmacy",
        "opening_hours": "Mo-Fr 09:00-21:00,Sa 09:00-19:00, Su 11:00-18:00",
        "payment:cash": "yes",
        "phone": "+1 907-267-6733",
        "website": "https://www.fredmeyer.com/stores/details/701/00071"
      },
      "geometry": {
        "type": "Point",
        "coordinates": [
          -149.9188842,
          61.1364161
        ]
      },
      "id": "node/8986375118"
    },
    {
      "type": "Feature",
      "properties": {
        "@id": "node/8986491021",
        "addr:city": "Anchorage",
        "addr:housenumber": "2197",
        "addr:postcode": "99502",
        "addr:state": "AK",
        "addr:street": "West Dimond Boulevard",
        "amenity": "pharmacy",
        "brand": "Walgreens",
        "brand:wikidata": "Q1591889",
        "dispensing": "yes",
        "drive_through": "yes",
        "healthcare": "pharmacy",
        "name": "Walgreens",
        "note": "Lunch break from 1 pm to 2 pm daily",
        "opening_hours": "Mo-Fr 09:00-13:30, Mo-Fr 2:00-18:00",
        "payment:cash": "yes",
        "payment:credit_cards": "yes",
        "payment:debit_cards": "yes",
        "phone": "+1 907-339-9600",
        "website": "https://www.walgreens.com/locator/walgreens-2197+w+dimond+blvd-anchorage-ak-99515/id=12680",
        "wheelchair": "yes"
      },
      "geometry": {
        "type": "Point",
        "coordinates": [
          -149.919666,
          61.1382731
        ]
      },
      "id": "node/8986491021"
    },
    {
      "type": "Feature",
      "properties": {
        "@id": "node/8986982542",
        "addr:city": "Anchorage",
        "addr:housenumber": "9150",
        "addr:postcode": "99502",
        "addr:state": "AK",
        "addr:street": "Jewel Lake Road",
        "addr:unit": "B",
        "amenity": "clinic",
        "check_date:opening_hours": "2024-02-19",
        "fax": "+1-907-248-8563",
        "healthcare": "clinic",
        "healthcare:speciality": "general",
        "name": "Urgent Care Medical Clinic, LLC",
        "opening_hours": "Mo-Fr 08:00-18:00, Sa-Su 11:00-16:00",
        "payment:cash": "yes",
        "payment:credit_cards": "yes",
        "payment:debit_cards": "yes",
        "phone": "+1-907-248-8561",
        "website": "https://www.alaskaurgentcaremedicalclinic.com/",
        "wheelchair": "yes"
      },
      "geometry": {
        "type": "Point",
        "coordinates": [
          -149.952715,
          61.1383079
        ]
      },
      "id": "node/8986982542"
    },
    {
      "type": "Feature",
      "properties": {
        "@id": "node/8993640416",
        "amenity": "clinic",
        "healthcare": "clinic",
        "name": "Calm Harbor",
        "phone": "+1-907-821-2256"
      },
      "geometry": {
        "type": "Point",
        "coordinates": [
          -131.68754,
          55.3530247
        ]
      },
      "id": "node/8993640416"
    },
    {
      "type": "Feature",
      "properties": {
        "@id": "node/8997410158",
        "amenity": "clinic",
        "name": "Upper Tanana Heath Center"
      },
      "geometry": {
        "type": "Point",
        "coordinates": [
          -142.9912126,
          63.333188
        ]
      },
      "id": "node/8997410158"
    },
    {
      "type": "Feature",
      "properties": {
        "@id": "node/9750869245",
        "addr:city": "Fairbanks",
        "addr:country": "US",
        "addr:housenumber": "3550",
        "addr:postcode": "99709",
        "addr:state": "AK",
        "addr:street": "Airport Way",
        "addr:unit": "4",
        "amenity": "hospital",
        "emergency": "yes",
        "healthcare": "hospital",
        "healthcare:speciality": "paediatrics",
        "name": "Fairbanks Family Wellness",
        "opening_hours": "Mo-Fr 09:00-18:00",
        "operator": "Amy Williamson",
        "operator:type": "private",
        "payment:american_express": "yes",
        "payment:cash": "yes",
        "payment:cheque": "yes",
        "payment:debit_cards": "yes",
        "payment:discover_card": "yes",
        "payment:mastercard": "yes",
        "payment:visa": "yes",
        "phone": "+1 907-479-2331",
        "website": "https://fairbanksfamilywellness.com"
      },
      "geometry": {
        "type": "Point",
        "coordinates": [
          -147.807663,
          64.8373102
        ]
      },
      "id": "node/9750869245"
    },
    {
      "type": "Feature",
      "properties": {
        "@id": "node/9847605734",
        "addr:housenumber": "150",
        "addr:street": "West 100th Avenue",
        "amenity": "pharmacy",
        "brand": "CVS Pharmacy",
        "brand:website": "https://www.cvs.com/",
        "brand:wikidata": "Q2078880",
        "dispensing": "yes",
        "healthcare": "pharmacy",
        "name": "CVS Pharmacy",
        "opening_hours": "Mo-Fr 09:00-21:00; Sa-Su 09:00-18:00",
        "phone": "+1-907-267-7501",
        "short_name": "CVS",
        "website": "https://www.cvs.com/store-locator/anchorage-ak-pharmacies/150-w-100th-ave-anchorage-ak-99515/storeid=17436"
      },
      "geometry": {
        "type": "Point",
        "coordinates": [
          -149.879976,
          61.1299096
        ]
      },
      "id": "node/9847605734"
    },
    {
      "type": "Feature",
      "properties": {
        "@id": "node/9866778101",
        "addr:city": "Whitehorse",
        "addr:province": "YT",
        "amenity": "pharmacy",
        "dispensing": "yes",
        "drive_through": "no",
        "healthcare": "pharmacy",
        "payment:apple_pay": "yes",
        "payment:cash": "yes",
        "payment:credit_cards": "yes"
      },
      "geometry": {
        "type": "Point",
        "coordinates": [
          -135.055797,
          60.7174604
        ]
      },
      "id": "node/9866778101"
    },
    {
      "type": "Feature",
      "properties": {
        "@id": "node/9866778102",
        "addr:city": "Whitehorse",
        "addr:housenumber": "406",
        "addr:province": "YT",
        "addr:street": "Lambert Street",
        "amenity": "clinic",
        "healthcare": "clinic",
        "name": "Yukon Sexual Health Clinic"
      },
      "geometry": {
        "type": "Point",
        "coordinates": [
          -135.056453,
          60.7173824
        ]
      },
      "id": "node/9866778102"
    },
    {
      "type": "Feature",
      "properties": {
        "@id": "node/9883633684",
        "amenity": "hospital",
        "healthcare": "hospital",
        "name": "Wrangell Medical Center",
        "operator": "Southeast Alaska Regional Health Consortium SEARHC",
        "operator:type": "private"
      },
      "geometry": {
        "type": "Point",
        "coordinates": [
          -132.3726365,
          56.4631625
        ]
      },
      "id": "node/9883633684"
    },
    {
      "type": "Feature",
      "properties": {
        "@id": "node/9885856475",
        "addr:city": "Whitehorse",
        "addr:housenumber": "2157",
        "addr:province": "YT",
        "addr:street": "Second Avenue",
        "addr:unit": "F",
        "amenity": "clinic",
        "healthcare": "clinic",
        "name": "Aurora Medical, Surgical & Cosmetic Clinic",
        "phone": "+1 867 456 2169",
        "website": "https://auroracosmetics.ca"
      },
      "geometry": {
        "type": "Point",
        "coordinates": [
          -135.0550184,
          60.7236039
        ]
      },
      "id": "node/9885856475"
    },
    {
      "type": "Feature",
      "properties": {
        "@id": "node/9887877307",
        "addr:city": "Anchorage",
        "addr:housenumber": "582",
        "addr:postcode": "99502",
        "addr:state": "AK",
        "addr:street": "East 36th Avenue",
        "amenity": "clinic",
        "branch": "Midtown Anchorage",
        "email": "midtownanc@verawholehealth.com",
        "fax": "+1-907-302-4955",
        "healthcare": "clinic",
        "healthcare:speciality": "general",
        "name": "Vera Whole Health",
        "opening_hours": "Mo-Th 08:00-19:00; Fr 06:00-17:00",
        "payment:cash": "yes",
        "payment:credit_cards": "yes",
        "payment:debit_cards": "yes",
        "phone": "+1 907-302-4950",
        "website": "https://patients.verawholehealth.com/clinic/Midtown-Anchorage",
        "wheelchair": "yes"
      },
      "geometry": {
        "type": "Point",
        "coordinates": [
          -149.8728543,
          61.1878045
        ]
      },
      "id": "node/9887877307"
    },
    {
      "type": "Feature",
      "properties": {
        "@id": "node/9895922178",
        "amenity": "clinic",
        "healthcare": "clinic",
        "name": "Ninilchik Community Clinic"
      },
      "geometry": {
        "type": "Point",
        "coordinates": [
          -151.5293571,
          59.6479122
        ]
      },
      "id": "node/9895922178"
    },
    {
      "type": "Feature",
      "properties": {
        "@id": "node/9895922195",
        "amenity": "clinic",
        "healthcare": "clinic",
        "level": "0",
        "name": "South Peninsula Annex"
      },
      "geometry": {
        "type": "Point",
        "coordinates": [
          -151.5452868,
          59.6453532
        ]
      },
      "id": "node/9895922195"
    },
    {
      "type": "Feature",
      "properties": {
        "@id": "node/9923453317",
        "amenity": "doctors",
        "name": "Health Care Center"
      },
      "geometry": {
        "type": "Point",
        "coordinates": [
          -155.4840351,
          64.7364249
        ]
      },
      "id": "node/9923453317"
    },
    {
      "type": "Feature",
      "properties": {
        "@id": "node/10065193698",
        "addr:city": "Girdwood",
        "addr:housenumber": "131",
        "addr:postcode": "99587",
        "addr:state": "AK",
        "addr:street": "Lindblad Avenue",
        "amenity": "clinic",
        "healthcare": "clinic",
        "name": "Girdwood Health Clinic"
      },
      "geometry": {
        "type": "Point",
        "coordinates": [
          -149.134003,
          60.9636035
        ]
      },
      "id": "node/10065193698"
    },
    {
      "type": "Feature",
      "properties": {
        "@id": "node/10612195666",
        "addr:city": "Anchorage",
        "addr:housenumber": "3841",
        "addr:postcode": "99508",
        "addr:state": "AK",
        "addr:street": "Piper Street",
        "addr:unit": "t300",
        "amenity": "doctors",
        "description": "Monday-Thursday 8 AM–5 PM Friday 8 AM–1 PM",
        "healthcare": "doctor",
        "healthcare:speciality": "urology",
        "name": "Alaska Urology",
        "opening_hours": "Mo-Th 08:00-17:00; Fr 08:00-13:00",
        "phone": "+1 907-563-3103",
        "website": "https://www.alaskaurology.com/"
      },
      "geometry": {
        "type": "Point",
        "coordinates": [
          -149.8212711,
          61.1862652
        ]
      },
      "id": "node/10612195666"
    },
    {
      "type": "Feature",
      "properties": {
        "@id": "node/10613061485",
        "addr:city": "Anchorage",
        "addr:housenumber": "3841",
        "addr:postcode": "99508",
        "addr:state": "AK",
        "addr:street": "Piper Street",
        "addr:unit": "T4-020",
        "amenity": "doctors",
        "healthcare": "doctor",
        "healthcare:speciality": "dermatology",
        "name": "Alaska Center for Dermatology",
        "opening_hours": "Mo-Th 08:00-17:00; Fr 08:00-16:00",
        "phone": "+1 907-562-6228",
        "website": "https://dermalaska.com/"
      },
      "geometry": {
        "type": "Point",
        "coordinates": [
          -149.8211265,
          61.1862041
        ]
      },
      "id": "node/10613061485"
    },
    {
      "type": "Feature",
      "properties": {
        "@id": "node/10660682574",
        "addr:city": "Fairbanks",
        "addr:housenumber": "3745",
        "addr:postcode": "99709",
        "addr:state": "AK",
        "addr:street": "Geist Road",
        "amenity": "doctors",
        "healthcare": "doctor",
        "healthcare:speciality": "orthopaedics;sports_medicine",
        "name": "McKinley Orthopedic, Sports Medicine & Spine",
        "opening_hours": "Mo-Sa 08:00-20:00"
      },
      "geometry": {
        "type": "Point",
        "coordinates": [
          -147.8163869,
          64.8486446
        ]
      },
      "id": "node/10660682574"
    },
    {
      "type": "Feature",
      "properties": {
        "@id": "node/10749743206",
        "addr:housenumber": "122",
        "addr:postcode": "99701",
        "addr:street": "1st Avenue",
        "amenity": "clinic",
        "name": "Chief Peter John Building",
        "operator": "Tanana Chiefs Conference"
      },
      "geometry": {
        "type": "Point",
        "coordinates": [
          -147.7086932,
          64.8444537
        ]
      },
      "id": "node/10749743206"
    },
    {
      "type": "Feature",
      "properties": {
        "@id": "node/10782728301",
        "amenity": "clinic",
        "healthcare": "clinic"
      },
      "geometry": {
        "type": "Point",
        "coordinates": [
          -149.9124386,
          61.1892525
        ]
      },
      "id": "node/10782728301"
    },
    {
      "type": "Feature",
      "properties": {
        "@id": "node/10782728302",
        "amenity": "clinic",
        "healthcare": "clinic",
        "name": "Providence Urgent Care"
      },
      "geometry": {
        "type": "Point",
        "coordinates": [
          -149.906055,
          61.1945636
        ]
      },
      "id": "node/10782728302"
    },
    {
      "type": "Feature",
      "properties": {
        "@id": "node/10783476492",
        "amenity": "clinic",
        "healthcare": "clinic",
        "healthcare:for": "veterans",
        "name": "U.S. Department of Veterans Affairs, Domiciliary Care Program",
        "operator": "VA",
        "operator:wikidata": "Q6580225",
        "short_name": "VA"
      },
      "geometry": {
        "type": "Point",
        "coordinates": [
          -149.8856976,
          61.1934524
        ]
      },
      "id": "node/10783476492"
    },
    {
      "type": "Feature",
      "properties": {
        "@id": "node/10783489304",
        "addr:housenumber": "2211",
        "addr:street": "E. Northern Lights Blvd",
        "amenity": "doctors",
        "healthcare": "doctor",
        "name": "Medical Park Family Care",
        "opening_hours": "Mo-Fr 07:30-18:00; Sa 09:00-14:00",
        "phone": "+1 907-279-8486",
        "website": "https://mpfcak.com/",
        "wheelchair": "yes"
      },
      "geometry": {
        "type": "Point",
        "coordinates": [
          -149.8404206,
          61.1957942
        ]
      },
      "id": "node/10783489304"
    },
    {
      "type": "Feature",
      "properties": {
        "@id": "node/10783493206",
        "amenity": "doctors",
        "healthcare": "doctor",
        "name": "Anchorage Neighborhood Health Center"
      },
      "geometry": {
        "type": "Point",
        "coordinates": [
          -149.8875524,
          61.1758911
        ]
      },
      "id": "node/10783493206"
    },
    {
      "type": "Feature",
      "properties": {
        "@id": "node/10783493207",
        "amenity": "doctors",
        "healthcare": "doctor",
        "name": "Lemon Tree Family Medicine"
      },
      "geometry": {
        "type": "Point",
        "coordinates": [
          -149.8913396,
          61.1451456
        ]
      },
      "id": "node/10783493207"
    },
    {
      "type": "Feature",
      "properties": {
        "@id": "node/10783493208",
        "amenity": "pharmacy",
        "brand": "Carrs",
        "brand:wikidata": "Q5046735",
        "healthcare": "pharmacy",
        "name": "Carrs Aurora Village",
        "website": "https://local.pharmacy.carrsqc.com/ak/anchorage/1650-w-northern-lights-blvd.html"
      },
      "geometry": {
        "type": "Point",
        "coordinates": [
          -149.9161769,
          61.1941968
        ]
      },
      "id": "node/10783493208"
    },
    {
      "type": "Feature",
      "properties": {
        "@id": "node/10790644239",
        "amenity": "clinic",
        "healthcare": "clinic",
        "name": "Alaska Urgent Care & Sports Medicine"
      },
      "geometry": {
        "type": "Point",
        "coordinates": [
          -149.8584184,
          61.1440729
        ]
      },
      "id": "node/10790644239"
    },
    {
      "type": "Feature",
      "properties": {
        "@id": "node/10790645579",
        "amenity": "pharmacy",
        "brand": "Fred Meyer",
        "brand:wikidata": "Q5495932",
        "healthcare": "pharmacy",
        "name": "Fred Meyer Pharmacy"
      },
      "geometry": {
        "type": "Point",
        "coordinates": [
          -149.7358546,
          61.2117499
        ]
      },
      "id": "node/10790645579"
    },
    {
      "type": "Feature",
      "properties": {
        "@id": "node/10791222414",
        "amenity": "pharmacy",
        "brand": "Fred Meyer",
        "brand:wikidata": "Q5495932",
        "healthcare": "pharmacy",
        "name": "Fred Meyer Pharmacy"
      },
      "geometry": {
        "type": "Point",
        "coordinates": [
          -149.8642474,
          61.1946074
        ]
      },
      "id": "node/10791222414"
    },
    {
      "type": "Feature",
      "properties": {
        "@id": "node/10793371375",
        "amenity": "clinic",
        "healthcare": "clinic",
        "name": "PM Pediatric Urgent Care"
      },
      "geometry": {
        "type": "Point",
        "coordinates": [
          -149.8689087,
          61.1886486
        ]
      },
      "id": "node/10793371375"
    },
    {
      "type": "Feature",
      "properties": {
        "@id": "node/10794030647",
        "addr:city": "Anchorage",
        "addr:housenumber": "4353",
        "addr:postcode": "99508",
        "addr:state": "AK",
        "addr:street": "Lake Otis Parkway",
        "amenity": "pharmacy",
        "branch": "Store #15653",
        "brand": "Walgreens",
        "brand:wikidata": "Q1591889",
        "dispensing": "yes",
        "drive_through": "yes",
        "healthcare": "pharmacy",
        "name": "Walgreens",
        "note": "Pharmacy Services Mon - Fri 9am – 5pm* Sat - Sun Closed* Drive-thru service available *Pharmacy closed 1:30 - 2pm for meal break",
        "opening_hours": "Mo-Fr 07:00-22:00, Sa-Su 08:00-22:00",
        "phone": "+1 907-561-2005",
        "website": "https://www.walgreens.com/locator/walgreens-4353+lake+otis+pkwy-anchorage-ak-99508/id=15653"
      },
      "geometry": {
        "type": "Point",
        "coordinates": [
          -149.836877,
          61.181517
        ]
      },
      "id": "node/10794030647"
    },
    {
      "type": "Feature",
      "properties": {
        "@id": "node/10797780543",
        "amenity": "pharmacy",
        "brand": "Carrs",
        "brand:wikidata": "Q5046735",
        "healthcare": "pharmacy",
        "name": "Carr's Pharmacy",
        "website": "https://local.pharmacy.carrsqc.com/ak/anchorage/7731-e-northern-lights-blvd.html"
      },
      "geometry": {
        "type": "Point",
        "coordinates": [
          -149.7359128,
          61.1964458
        ]
      },
      "id": "node/10797780543"
    },
    {
      "type": "Feature",
      "properties": {
        "@id": "node/10799991903",
        "amenity": "clinic",
        "healthcare": "clinic",
        "name": "Alaska Cares, Prividence Multidisciplinary Center",
        "operator": "Providence",
        "operator:type": "private"
      },
      "geometry": {
        "type": "Point",
        "coordinates": [
          -149.8822748,
          61.1762572
        ]
      },
      "id": "node/10799991903"
    },
    {
      "type": "Feature",
      "properties": {
        "@id": "node/10800009750",
        "amenity": "pharmacy",
        "healthcare": "pharmacy",
        "name": "Geneva Woods"
      },
      "geometry": {
        "type": "Point",
        "coordinates": [
          -149.892531,
          61.1743089
        ]
      },
      "id": "node/10800009750"
    },
    {
      "type": "Feature",
      "properties": {
        "@id": "node/10861355326",
        "addr:city": "Eielson AFB",
        "addr:housenumber": "2630",
        "addr:postcode": "99702-2325",
        "addr:state": "AK",
        "addr:street": "Central Avenue",
        "amenity": "clinic",
        "healthcare": "clinic",
        "name": "354th Medical Group",
        "phone": "+1 907 377 1847",
        "website": "https://eielson.tricare.mil"
      },
      "geometry": {
        "type": "Point",
        "coordinates": [
          -147.0926245,
          64.6784067
        ]
      },
      "id": "node/10861355326"
    },
    {
      "type": "Feature",
      "properties": {
        "@id": "node/10861357867",
        "addr:city": "Glennallen",
        "addr:housenumber": "187",
        "addr:postcode": "99588",
        "addr:state": "AK",
        "addr:street": "Glenn Highway",
        "amenity": "clinic",
        "beds": "4",
        "healthcare": "clinic",
        "name": "Cross Road Medical Center",
        "phone": "+1 907 822 3203",
        "website": "https://www.crossroadmc.org"
      },
      "geometry": {
        "type": "Point",
        "coordinates": [
          -145.540928,
          62.108932
        ]
      },
      "id": "node/10861357867"
    },
    {
      "type": "Feature",
      "properties": {
        "@id": "node/10861359480",
        "addr:city": "Fort Greely",
        "addr:housenumber": "655",
        "addr:postcode": "99731",
        "addr:state": "AK",
        "addr:street": "East 5th Street",
        "amenity": "clinic",
        "healthcare": "clinic",
        "name": "Fort Greely Army Medical Home",
        "phone": "+1 907 873 4975",
        "website": "https://bassett-wainwright.tricare.mil/Clinics/Fort-Greely-AMH"
      },
      "geometry": {
        "type": "Point",
        "coordinates": [
          -145.7134337,
          63.9716633
        ]
      },
      "id": "node/10861359480"
    },
    {
      "type": "Feature",
      "properties": {
        "@id": "node/10861369853",
        "addr:city": "Adak",
        "addr:housenumber": "100",
        "addr:postcode": "99546",
        "addr:street": "Mechanic Road",
        "amenity": "clinic",
        "healthcare": "clinic",
        "name": "Adak Medical Center - EAT",
        "phone": "+1 907 592 8383",
        "website": "https://www.eatribes.org"
      },
      "geometry": {
        "type": "Point",
        "coordinates": [
          -176.640263,
          51.868005
        ]
      },
      "id": "node/10861369853"
    },
    {
      "type": "Feature",
      "properties": {
        "@id": "node/10861374698",
        "addr:city": "Fort Wainwright",
        "addr:housenumber": "4076",
        "addr:postcode": "99703-7400",
        "addr:state": "AK",
        "addr:street": "Neely Road",
        "amenity": "hospital",
        "beds": "23",
        "healthcare": "hospital",
        "name": "Bassett Army Community Hospital",
        "phone": "+1 800 478 5172",
        "website": "https://bassett-wainwright.tricare.mil"
      },
      "geometry": {
        "type": "Point",
        "coordinates": [
          -147.6622292,
          64.8297002
        ]
      },
      "id": "node/10861374698"
    },
    {
      "type": "Feature",
      "properties": {
        "@id": "node/10861375518",
        "addr:city": "Kodiak",
        "addr:housenumber": "1915",
        "addr:postcode": "99615",
        "addr:state": "AK",
        "addr:street": "East Rezanof Drive",
        "amenity": "hospital",
        "beds": "25",
        "healthcare": "hospital",
        "name": "Providence Kodiak Island Medical Center",
        "phone": "+1 907 486 3281"
      },
      "geometry": {
        "type": "Point",
        "coordinates": [
          -152.3756077,
          57.8009
        ]
      },
      "id": "node/10861375518"
    },
    {
      "type": "Feature",
      "properties": {
        "@id": "node/10861380778",
        "addr:city": "Anchorage",
        "addr:housenumber": "3700",
        "addr:postcode": "99508",
        "addr:state": "AK",
        "addr:street": "Piper Street",
        "amenity": "hospital",
        "beds": "80",
        "healthcare": "hospital",
        "healthcare:speciality": "psychiatry",
        "name": "Alaska Psychiatric Institute",
        "phone": "+1 907 269 7100",
        "wikidata": "Q16868887",
        "wikipedia": "en:Alaska Psychiatric Institute"
      },
      "geometry": {
        "type": "Point",
        "coordinates": [
          -149.8298016,
          61.1850968
        ]
      },
      "id": "node/10861380778"
    },
    {
      "type": "Feature",
      "properties": {
        "@id": "node/10861387188",
        "addr:city": "Wasilla",
        "addr:housenumber": "950",
        "addr:postcode": "99654",
        "addr:street": "East Bogard",
        "amenity": "hospital",
        "healthcare": "hospital",
        "name": "Mat-Su Regional Outpatient Center",
        "phone": "+1 907 352 2860",
        "website": "https://www.matsuregional.com"
      },
      "geometry": {
        "type": "Point",
        "coordinates": [
          -149.4270914,
          61.5864231
        ]
      },
      "id": "node/10861387188"
    },
    {
      "type": "Feature",
      "properties": {
        "@id": "node/10876941028",
        "amenity": "clinic",
        "healthcare:speciality": "physical_therapy",
        "name": "Progressive Physical Therapy"
      },
      "geometry": {
        "type": "Point",
        "coordinates": [
          -149.9025182,
          61.2153317
        ]
      },
      "id": "node/10876941028"
    },
    {
      "type": "Feature",
      "properties": {
        "@id": "node/10924109175",
        "amenity": "clinic",
        "name": "SEARHC Alicia Roberts Medical Center"
      },
      "geometry": {
        "type": "Point",
        "coordinates": [
          -133.0959374,
          55.5480121
        ]
      },
      "id": "node/10924109175"
    },
    {
      "type": "Feature",
      "properties": {
        "@id": "node/10924841486",
        "amenity": "pharmacy",
        "healthcare": "pharmacy",
        "name": "Whale Tail Pharmacy",
        "website": "https://www.whaletailrx.com"
      },
      "geometry": {
        "type": "Point",
        "coordinates": [
          -133.140818,
          55.477113
        ]
      },
      "id": "node/10924841486"
    },
    {
      "type": "Feature",
      "properties": {
        "@id": "node/11034920779",
        "amenity": "doctors",
        "healthcare": "doctor",
        "healthcare:speciality": "orthopaedics",
        "name": "Orthopedic Physicians Of Alaska",
        "opening_hours": "Mo-Fr 07:30-18:00"
      },
      "geometry": {
        "type": "Point",
        "coordinates": [
          -149.8088364,
          61.1870287
        ]
      },
      "id": "node/11034920779"
    },
    {
      "type": "Feature",
      "properties": {
        "@id": "node/11034920797",
        "amenity": "clinic",
        "healthcare": "clinic",
        "healthcare:speciality": "general",
        "name": "Providence Family Medicine"
      },
      "geometry": {
        "type": "Point",
        "coordinates": [
          -149.8603723,
          61.1884788
        ]
      },
      "id": "node/11034920797"
    },
    {
      "type": "Feature",
      "properties": {
        "@id": "node/11036065205",
        "addr:city": "Juneau",
        "addr:housenumber": "202",
        "addr:postcode": "99801",
        "addr:state": "AK",
        "addr:street": "Front Street",
        "amenity": "pharmacy",
        "dispensing": "yes",
        "drive_through": "no",
        "email": "juneaudrug@hotmail.com",
        "facebook": "https://www.facebook.com/juneaudrugco/",
        "healthcare": "pharmacy",
        "name": "Juneau Drug Store",
        "opening_hours": "Mo-Fr 10:00-18:00 open \"Pharmacy\" || Mo-Fr 09:00-19:00 open \"Store\", Sa-Su 10:00-18:00 open \"Store\"",
        "phone": "+1-907-586-1233"
      },
      "geometry": {
        "type": "Point",
        "coordinates": [
          -134.407223,
          58.3007013
        ]
      },
      "id": "node/11036065205"
    },
    {
      "type": "Feature",
      "properties": {
        "@id": "node/11062753305",
        "amenity": "pharmacy",
        "brand": "Carrs",
        "brand:wikidata": "Q5046735",
        "healthcare": "pharmacy",
        "name": "Carrs Pharmacy",
        "website": "https://local.pharmacy.carrsqc.com/ak/anchorage/2920-seward-hwy.html"
      },
      "geometry": {
        "type": "Point",
        "coordinates": [
          -149.8708391,
          61.1937805
        ]
      },
      "id": "node/11062753305"
    },
    {
      "type": "Feature",
      "properties": {
        "@id": "node/11062753309",
        "amenity": "clinic",
        "healthcare": "clinic",
        "name": "Providence express care"
      },
      "geometry": {
        "type": "Point",
        "coordinates": [
          -149.8706462,
          61.1941283
        ]
      },
      "id": "node/11062753309"
    },
    {
      "type": "Feature",
      "properties": {
        "@id": "node/11115508329",
        "amenity": "doctors",
        "healthcare": "doctor",
        "healthcare:speciality": "dermatology",
        "name": "Anchorage Dermatology and Cosmetics"
      },
      "geometry": {
        "type": "Point",
        "coordinates": [
          -149.8711683,
          61.1467129
        ]
      },
      "id": "node/11115508329"
    },
    {
      "type": "Feature",
      "properties": {
        "@id": "node/11115508335",
        "amenity": "clinic",
        "healthcare": "dialysis",
        "healthcare:speciality": "nephrology",
        "name": "Liberty Dialysis"
      },
      "geometry": {
        "type": "Point",
        "coordinates": [
          -149.8653962,
          61.1457085
        ]
      },
      "id": "node/11115508335"
    },
    {
      "type": "Feature",
      "properties": {
        "@id": "node/11115524719",
        "amenity": "doctors",
        "healthcare": "doctor",
        "healthcare:speciality": "ophthalmology",
        "name": "Don Davis"
      },
      "geometry": {
        "type": "Point",
        "coordinates": [
          -149.881425,
          61.1458845
        ]
      },
      "id": "node/11115524719"
    },
    {
      "type": "Feature",
      "properties": {
        "@id": "node/11115524736",
        "amenity": "clinic",
        "healthcare": "clinic",
        "name": "Alaska Urgent Care"
      },
      "geometry": {
        "type": "Point",
        "coordinates": [
          -149.8767714,
          61.1439792
        ]
      },
      "id": "node/11115524736"
    },
    {
      "type": "Feature",
      "properties": {
        "@id": "node/11129488220",
        "amenity": "clinic",
        "healthcare": "clinic",
        "name": "Wellness Center"
      },
      "geometry": {
        "type": "Point",
        "coordinates": [
          -156.7919946,
          71.2906944
        ]
      },
      "id": "node/11129488220"
    },
    {
      "type": "Feature",
      "properties": {
        "@id": "node/11142419452",
        "amenity": "pharmacy",
        "brand": "Walgreens",
        "brand:wikidata": "Q1591889",
        "healthcare": "pharmacy",
        "name": "Walgreens"
      },
      "geometry": {
        "type": "Point",
        "coordinates": [
          -149.8552492,
          61.1083021
        ]
      },
      "id": "node/11142419452"
    },
    {
      "type": "Feature",
      "properties": {
        "@id": "node/11142419453",
        "amenity": "pharmacy",
        "healthcare": "pharmacy",
        "name": "Carrs Pharmacy"
      },
      "geometry": {
        "type": "Point",
        "coordinates": [
          -149.8539724,
          61.1091159
        ]
      },
      "id": "node/11142419453"
    },
    {
      "type": "Feature",
      "properties": {
        "@id": "node/11142419456",
        "amenity": "doctors",
        "healthcare": "doctor",
        "healthcare:speciality": "general",
        "name": "Matthew Dow"
      },
      "geometry": {
        "type": "Point",
        "coordinates": [
          -149.8348858,
          61.1367711
        ]
      },
      "id": "node/11142419456"
    },
    {
      "type": "Feature",
      "properties": {
        "@id": "node/11142419461",
        "amenity": "doctors",
        "healthcare": "doctor",
        "healthcare:speciality": "general",
        "name": "Christina Brown"
      },
      "geometry": {
        "type": "Point",
        "coordinates": [
          -149.8480072,
          61.1378483
        ]
      },
      "id": "node/11142419461"
    },
    {
      "type": "Feature",
      "properties": {
        "@id": "node/11142419462",
        "amenity": "clinic",
        "healthcare": "clinic",
        "name": "Advanced Pain Center-Alaska"
      },
      "geometry": {
        "type": "Point",
        "coordinates": [
          -149.844295,
          61.1400544
        ]
      },
      "id": "node/11142419462"
    },
    {
      "type": "Feature",
      "properties": {
        "@id": "node/11142419464",
        "amenity": "pharmacy",
        "brand": "Carrs",
        "brand:wikidata": "Q5046735",
        "check_date": "2023-08-24",
        "healthcare": "pharmacy",
        "website": "https://local.pharmacy.carrsqc.com/ak/anchorage/1725-abbott-rd.html"
      },
      "geometry": {
        "type": "Point",
        "coordinates": [
          -149.8442467,
          61.1424545
        ]
      },
      "id": "node/11142419464"
    },
    {
      "type": "Feature",
      "properties": {
        "@id": "node/11153696214",
        "amenity": "doctors",
        "healthcare": "doctor",
        "name": "Pediatric Speech-Language Services"
      },
      "geometry": {
        "type": "Point",
        "coordinates": [
          -149.8341471,
          61.1814709
        ]
      },
      "id": "node/11153696214"
    },
    {
      "type": "Feature",
      "properties": {
        "@id": "node/11153696215",
        "amenity": "doctors",
        "healthcare": "doctor",
        "healthcare:speciality": "physiatry",
        "name": "Ability Group Pediatric Therapy"
      },
      "geometry": {
        "type": "Point",
        "coordinates": [
          -149.8337179,
          61.1814709
        ]
      },
      "id": "node/11153696215"
    },
    {
      "type": "Feature",
      "properties": {
        "@id": "node/11153696222",
        "amenity": "clinic",
        "healthcare": "dialysis",
        "healthcare:speciality": "nephrology",
        "name": "Fresenius Kidney Care Tudor Road Dialysis",
        "operator": "Dialysis Clinic",
        "operator:wikidata": "Q5270633",
        "short_name": "DCI"
      },
      "geometry": {
        "type": "Point",
        "coordinates": [
          -149.8296262,
          61.1814402
        ]
      },
      "id": "node/11153696222"
    },
    {
      "type": "Feature",
      "properties": {
        "@id": "node/11153696229",
        "amenity": "doctors",
        "healthcare": "doctor",
        "healthcare:speciality": "gynaecology",
        "name": "Alaska OB/GYN"
      },
      "geometry": {
        "type": "Point",
        "coordinates": [
          -149.8391543,
          61.1812727
        ]
      },
      "id": "node/11153696229"
    },
    {
      "type": "Feature",
      "properties": {
        "@id": "node/11153696234",
        "amenity": "doctors",
        "healthcare": "doctor",
        "name": "Caring for Women",
        "opening_hours": "Mo-Th 08:00-16:00; Fr 08:00-15:00"
      },
      "geometry": {
        "type": "Point",
        "coordinates": [
          -149.8386654,
          61.1820958
        ]
      },
      "id": "node/11153696234"
    },
    {
      "type": "Feature",
      "properties": {
        "@id": "node/11153696236",
        "amenity": "pharmacy",
        "healthcare": "pharmacy",
        "name": "Lake Otis Medical Supply"
      },
      "geometry": {
        "type": "Point",
        "coordinates": [
          -149.8378083,
          61.1822863
        ]
      },
      "id": "node/11153696236"
    },
    {
      "type": "Feature",
      "properties": {
        "@id": "node/11153696239",
        "amenity": "pharmacy",
        "healthcare": "pharmacy",
        "name": "Bernie's Pharmacy"
      },
      "geometry": {
        "type": "Point",
        "coordinates": [
          -149.8400047,
          61.1828447
        ]
      },
      "id": "node/11153696239"
    },
    {
      "type": "Feature",
      "properties": {
        "@id": "node/11153696240",
        "amenity": "clinic",
        "healthcare": "clinic",
        "name": "PCA Urgent Care - Lake Otis"
      },
      "geometry": {
        "type": "Point",
        "coordinates": [
          -149.8408016,
          61.1829932
        ]
      },
      "id": "node/11153696240"
    },
    {
      "type": "Feature",
      "properties": {
        "@id": "node/11153696241",
        "amenity": "doctors",
        "healthcare": "doctor",
        "name": "Primary Care Associates: Glotfelty Beth"
      },
      "geometry": {
        "type": "Point",
        "coordinates": [
          -149.8401855,
          61.1831191
        ]
      },
      "id": "node/11153696241"
    },
    {
      "type": "Feature",
      "properties": {
        "@id": "node/11153696242",
        "amenity": "doctors",
        "healthcare": "doctor",
        "name": "Tara Wood"
      },
      "geometry": {
        "type": "Point",
        "coordinates": [
          -149.8402659,
          61.1830061
        ]
      },
      "id": "node/11153696242"
    },
    {
      "type": "Feature",
      "properties": {
        "@id": "node/11153696244",
        "amenity": "doctors",
        "healthcare": "doctor",
        "name": "Alaska Women's Advanced Pelvic Surgery & Urogynecology"
      },
      "geometry": {
        "type": "Point",
        "coordinates": [
          -149.8394154,
          61.183855
        ]
      },
      "id": "node/11153696244"
    },
    {
      "type": "Feature",
      "properties": {
        "@id": "node/11153696245",
        "amenity": "doctors",
        "healthcare": "doctor",
        "name": "Alaska Endodontics Specialists LLC"
      },
      "geometry": {
        "type": "Point",
        "coordinates": [
          -149.8371922,
          61.1841552
        ]
      },
      "id": "node/11153696245"
    },
    {
      "type": "Feature",
      "properties": {
        "@id": "node/11153696248",
        "amenity": "doctors",
        "healthcare": "doctor",
        "healthcare:speciality": "orthopaedics",
        "name": "OPA–Orthopedic Physicians Alaska"
      },
      "geometry": {
        "type": "Point",
        "coordinates": [
          -149.8376408,
          61.1856819
        ]
      },
      "id": "node/11153696248"
    },
    {
      "type": "Feature",
      "properties": {
        "@id": "node/11170440040",
        "amenity": "pharmacy",
        "brand": "Costco Pharmacy",
        "brand:wikidata": "Q715583",
        "healthcare": "pharmacy",
        "name": "Costco Pharmacy"
      },
      "geometry": {
        "type": "Point",
        "coordinates": [
          -149.8045032,
          61.2112621
        ]
      },
      "id": "node/11170440040"
    },
    {
      "type": "Feature",
      "properties": {
        "@id": "node/11170440043",
        "amenity": "pharmacy",
        "brand": "Carrs",
        "brand:wikidata": "Q5046735",
        "healthcare": "pharmacy",
        "name": "Carrs Pharmacy",
        "website": "https://local.pharmacy.carrsqc.com/ak/anchorage/5600-debarr-rd.html"
      },
      "geometry": {
        "type": "Point",
        "coordinates": [
          -149.7767952,
          61.2081229
        ]
      },
      "id": "node/11170440043"
    },
    {
      "type": "Feature",
      "properties": {
        "@id": "node/11225972869",
        "amenity": "clinic",
        "healthcare": "clinic",
        "name": "YKHC Health Clinic"
      },
      "geometry": {
        "type": "Point",
        "coordinates": [
          -160.0661999,
          62.9066104
        ]
      },
      "id": "node/11225972869"
    },
    {
      "type": "Feature",
      "properties": {
        "@id": "node/11225972874",
        "amenity": "clinic",
        "healthcare": "clinic"
      },
      "geometry": {
        "type": "Point",
        "coordinates": [
          -158.1130196,
          64.7346938
        ]
      },
      "id": "node/11225972874"
    },
    {
      "type": "Feature",
      "properties": {
        "@id": "node/11225972884",
        "amenity": "clinic",
        "healthcare": "clinic"
      },
      "geometry": {
        "type": "Point",
        "coordinates": [
          -158.7254195,
          64.328724
        ]
      },
      "id": "node/11225972884"
    },
    {
      "type": "Feature",
      "properties": {
        "@id": "node/11225972889",
        "amenity": "clinic",
        "healthcare": "clinic"
      },
      "geometry": {
        "type": "Point",
        "coordinates": [
          -160.1994357,
          62.6522662
        ]
      },
      "id": "node/11225972889"
    },
    {
      "type": "Feature",
      "properties": {
        "@id": "node/11509106839",
        "amenity": "clinic",
        "healthcare:speciality": "Flight Medicine",
        "name": "Aerospace Medicine",
        "phone": "+1 907-551-2992"
      },
      "geometry": {
        "type": "Point",
        "coordinates": [
          -149.8080696,
          61.242361
        ]
      },
      "id": "node/11509106839"
    },
    {
      "type": "Feature",
      "properties": {
        "@id": "node/11535028093",
        "amenity": "pharmacy",
        "name": "JBER Satellite Pharmacy",
        "opening_hours": "Mo-Fr 08:00-17:00; ph off",
        "phone": "+1 907-580-1170"
      },
      "geometry": {
        "type": "Point",
        "coordinates": [
          -149.765792,
          61.2345733
        ]
      },
      "id": "node/11535028093"
    },
    {
      "type": "Feature",
      "properties": {
        "@id": "node/11545365827",
        "amenity": "doctors",
        "description": "chiropractor",
        "fixme": "true",
        "healthcare": "doctor"
      },
      "geometry": {
        "type": "Point",
        "coordinates": [
          -149.877701,
          61.1452768
        ]
      },
      "id": "node/11545365827"
    },
    {
      "type": "Feature",
      "properties": {
        "@id": "node/11583074337",
        "amenity": "hospital",
        "source": "NRCan-CanVec-10.0"
      },
      "geometry": {
        "type": "Point",
        "coordinates": [
          -133.7009492,
          59.5733001
        ]
      },
      "id": "node/11583074337"
    },
    {
      "type": "Feature",
      "properties": {
        "@id": "node/11647210332",
        "amenity": "doctors",
        "name": "Live Well Chiropractic",
        "opening_hours": "Mo-Fr 09:00-13:00, 15:00-18:00",
        "phone": "+1 907-334-6492"
      },
      "geometry": {
        "type": "Point",
        "coordinates": [
          -149.88358,
          61.1803005
        ]
      },
      "id": "node/11647210332"
    },
    {
      "type": "Feature",
      "properties": {
        "@id": "node/12083300489",
        "amenity": "pharmacy",
        "name": "IDA",
        "opening_hours": "Mo-Fr 09:00-17:00",
        "wheelchair": "yes"
      },
      "geometry": {
        "type": "Point",
        "coordinates": [
          -132.0703703,
          53.2549653
        ]
      },
      "id": "node/12083300489"
    },
    {
      "type": "Feature",
      "properties": {
        "@id": "node/12302820153",
        "amenity": "doctors",
        "healthcare": "doctor"
      },
      "geometry": {
        "type": "Point",
        "coordinates": [
          -175.8414632,
          65.012139
        ]
      },
      "id": "node/12302820153"
    },
    {
      "type": "Feature",
      "properties": {
        "@id": "node/12322969645",
        "amenity": "clinic",
        "healthcare": "clinic",
        "name": "Anchorage Fracture and Orthopedic Clinic"
      },
      "geometry": {
        "type": "Point",
        "coordinates": [
          -149.5646607,
          61.3408538
        ]
      },
      "id": "node/12322969645"
    },
    {
      "type": "Feature",
      "properties": {
        "@id": "node/12322969646",
        "amenity": "clinic",
        "healthcare": "clinic",
        "name": "Capstone Clinic"
      },
      "geometry": {
        "type": "Point",
        "coordinates": [
          -149.5643032,
          61.3407859
        ]
      },
      "id": "node/12322969646"
    },
    {
      "type": "Feature",
      "properties": {
        "@id": "node/12470392132",
        "amenity": "hospital",
        "healthcare": "hospital"
      },
      "geometry": {
        "type": "Point",
        "coordinates": [
          -162.2961011,
          55.0484928
        ]
      },
      "id": "node/12470392132"
    },
    {
      "type": "Feature",
      "properties": {
        "@id": "node/12616540801",
        "addr:housenumber": "2110",
        "addr:postcode": "99508",
        "addr:street": "East Northern Lights Boulevard",
        "amenity": "hospital",
        "name": "Northern Lights Imaging",
        "opening_hours": "Mo-Fr 08:00-18:00",
        "phone": "+1 907-644-2997",
        "website": "https://nliak.com/"
      },
      "geometry": {
        "type": "Point",
        "coordinates": [
          -149.8409453,
          61.1949647
        ]
      },
      "id": "node/12616540801"
    },
    {
      "type": "Feature",
      "properties": {
        "@id": "node/12621409887",
        "amenity": "pharmacy",
        "branch": "Drugs",
        "brand": "I.D.A.",
        "brand:wikidata": "Q65553883",
        "healthcare": "pharmacy",
        "name": "I.D.A.",
        "shop": "chemist"
      },
      "geometry": {
        "type": "Point",
        "coordinates": [
          -133.7272489,
          68.3585626
        ]
      },
      "id": "node/12621409887"
    },
    {
      "type": "Feature",
      "properties": {
        "@id": "node/12634173020",
        "amenity": "clinic",
        "healthcare": "clinic"
      },
      "geometry": {
        "type": "Point",
        "coordinates": [
          -165.7737431,
          54.1344421
        ]
      },
      "id": "node/12634173020"
    },
    {
      "type": "Feature",
      "properties": {
        "@id": "node/13159162934",
        "amenity": "pharmacy",
        "brand": "Safeway",
        "healthcare": "pharmacy",
        "name": "Safeway Pharmacy",
        "opening_hours": "Mo-Fr 09:00-20:00; Sa-Su 10:00-18:00; PH closed",
        "wheelchair": "yes"
      },
      "geometry": {
        "type": "Point",
        "coordinates": [
          -130.3241412,
          54.3147444
        ]
      },
      "id": "node/13159162934"
    },
    {
      "type": "Feature",
      "properties": {
        "@id": "node/13159162935",
        "amenity": "pharmacy",
        "healthcare": "pharmacy",
        "name": "Save-On-Foods Pharmacy",
        "opening_hours": "Mo-Fr 07:00-19:00; Sa,Su 10:00-14:00; PH off"
      },
      "geometry": {
        "type": "Point",
        "coordinates": [
          -130.3293016,
          54.3092495
        ]
      },
      "id": "node/13159162935"
    },
    {
      "type": "Feature",
      "properties": {
        "@id": "node/13347441325",
        "addr:city": "Fairbanks",
        "addr:housenumber": "2555",
        "addr:postcode": "99709",
        "addr:state": "AK",
        "addr:street": "Phillips Field Road",
        "amenity": "clinic",
        "healthcare": "clinic",
        "healthcare:for": "veteran",
        "name": "VA Clinic",
        "opening_hours": "Mo-Fr 07:00-16:30; Sa-Su off",
        "operator": "Veterans Health Administration",
        "operator:short": "VA",
        "operator:type": "government",
        "operator:wikidata": "Q6580225",
        "phone": "+1-907-328-1750",
        "short_name": "VA",
        "website": "https://www.va.gov/alaska-health-care/locations/fairbanks-va-clinic/"
      },
      "geometry": {
        "type": "Point",
        "coordinates": [
          -147.7841034,
          64.8466694
        ]
      },
      "id": "node/13347441325"
    },
    {
      "type": "Feature",
      "properties": {
        "@id": "node/13347651995",
        "addr:city": "Fairbanks",
        "addr:housenumber": "2485",
        "addr:postcode": "99709",
        "addr:state": "AK",
        "addr:street": "Chief William Drive",
        "addr:unit": "100",
        "amenity": "clinic",
        "healthcare": "clinic",
        "name": "Aurora Plastic & Hand Surgery",
        "phone": "+1-907-457-5277"
      },
      "geometry": {
        "type": "Point",
        "coordinates": [
          -147.781793,
          64.8457219
        ]
      },
      "id": "node/13347651995"
    }
  ]
}