X,Y,OBJECTID,CommunityName,CommunityID,Airport,HarborDock,StateFerry,CargoBarge,RoadConnection,Coastal,Description,AsOfDate
-1537200.80409957,470990.071658981,1,Adak,{C712D789-18CD-4C6C-A0FB-E5B7BB9B1B86},Yes,Yes,No,Yes,No,Yes,"Adak Airport is a State of Alaska owned and maintained certificated airport and has two asphalt paved runways. The community participates in the Essential Air Services program, which helps funds commercial air flights. Alaska Airlines operates passenger and cargo jet service. There are three deep water docks and fueling facilities and additional facilities that service the fishing industry. In 2006, a 315 foot sheet pile dock was installed, and in 2011 dredging of the harbor basin and entrance was completed. In 2014, plans were in place to expand the basin of Sweeper Cove Small Boat Harbor and install moorage floats, vessel haul-out capabilities, new breakwaters and utility services. This project will go forward as funding is secured. There is no harbormaster for the Adak Small Boat Harbor, but there is a private harbormaster for the other docks. Adak has approximately 16 miles of paved roads, as well as gravel and dirt roads.",2023/08/24 08:00:00+00
-1537200.80409957,470990.071658981,2,Adak Station,{A497C6A1-5CD2-4D23-8F63-B8F6B7E98F94},Yes,Yes,No,No,No,Yes,,2023/08/24 08:00:00+00
72481.1057280804,890170.012883828,3,Afognak,{E9058891-286D-4157-9647-CD6050993960},No,No,No,No,No,Yes,Transportation is provided by float plane or boat from Kodiak. Float plane access is found in various areas around the island.,2023/08/24 08:00:00+00
-10519.3318614154,771139.191692125,4,Akhiok,{68670103-A544-40F0-AD9E-7215DEC2434C},Yes,Yes,No,Yes,No,Yes,"Akhiok is accessible by water or air only. The State of Alaska maintains a runway south of town. No crosswind runway or tower services exist and flights are often limited due to severe weather. There is also a floatplane harbor available. Akhiok does not have a deep water dock or boat harbor and no regular barge service is available. One company transports cargo via landing craft as needed. Alitak cannery possesses full docking facilities and residents are able to obtain supplies at the cannery store when the facility is operating. Otherwise, freight is most often moved by small personal craft from off-shore freight vessels or by air.",2023/08/24 08:00:00+00
-401780.778584857,1237051.63336104,5,Akiachak,{D381614D-1B3D-4C01-A916-B139441D4A88},Yes,Yes,No,Yes,No,No,"A state-owned gravel airstrip and public seaplane facility provides scheduled and chartered services year-round to Akiachak. Most transportation within the community is via four-wheelers in the summer and snow machines in the winter. Boats, snow machines, and ATVs are used extensively by locals on the Kuskokwim River. Although no formal boat landing area exists, there is a shallow area, separated from the main channel of the Kuskokwim River by a small isthmus, where boats are hauled up on shore and stored for the winter. Mail is often delivered by hovercraft. Barges deliver bulk fuel and supplies during the summer. Bethel provides full jet service to Anchorage year-round. Road networks are severely limited due to the delta's topography, especially in the summer. The river is used as an ice road during the winter months. A 2011, community plan identified several future projects: a road to provide access to land for housing and other projects, a trail for access to important fishing and subsistence areas, improving current streets, and providing winter trail markings to improve safety of winter travel.",2023/08/24 08:00:00+00
-390087.745779022,1235043.28228904,6,Akiak,{B9E3D976-5DA3-4850-884A-E7818D521898},Yes,No,No,Yes,No,No,"Akiak has a state-owned airport with a gravel runway in good condition. The strip provides chartered or private air access year-round. Several air carriers offer passenger flight service. Snow machines, ATVs, and skiffs are used extensively for local transportation to nearby villages. There are no docking facilities.",2023/08/24 08:00:00+00
-766479.910475392,525927.743350198,7,Akutan,{D57C95FC-45D5-44E0-B99B-5325C15EBE66},Yes,Yes,Yes,Yes,No,Yes,"Akutan is only accessible by boat and amphibious aircraft. The land-based Akutan Airport was opened in September 2012 on Akun Island, and services Akutan by a helicopter. Daily scheduled air service is provided by Grant Aviation from nearby Dutch Harbor/Unalaska, and is subsidized by the Essential Air Service. The state ferry M/V Tustumena serves Akutan on its westbound route to Dutch Harbor and its eastbound route to Homer during the months of April and October. Akutan is the second largest seafood port in north America. Akutan has a 100-foot public dock and a 58-vessel mooring basin and breakwater was completed by the Army Corps of Engineers in September 2013. Trident Seafoods owns several commercial docks. In 2013, the city applied for ARRA funding for a two-mile harbor access road, with the purpose of connecting the village/city of Akutan with the Trident Seafoods shore plant and the harbor.",2023/08/24 08:00:00+00
-542392.68206103,1456437.72182411,8,Alakanuk,{8142710A-7405-430F-9A0B-C44338B4B31A},Yes,Yes,No,Yes,No,Yes,"A state-owned and -managed gravel airstrip is available. Alakanuk is easily accessible from the Yukon River and Bering Sea by barge and riverboat. Most passengers and mail arrive by air. There are no roads connecting Alakanuk with other population centers in the region, but ice roads are used in winter. Snow machines and boats are used for local travel.",2023/08/24 08:00:00+00
57879.5116973947,1844678.29560101,9,Alatna,{88A2EC6A-4FB2-4D64-9FA0-19C13D5A37FB},No,No,No,No,No,No,"Alatna has no road link, but winter trails connect it with Hughes, Bettles, and Tanana. River transportation is important during the summer. A state-owned lighted, runway is accessible year-round in Allakaket. There is no barge service due to shallow water.",2023/08/24 08:00:00+00
660487.360363678,1470329.38068821,10,Alcan Border,{3A2BEA63-41B6-445E-BF20-B04461C94803},No,No,No,No,Yes,No,"The Alcan Highway connects through Whitehorse, Yukon, Canada, to the lower 48 states or through Tok to Fairbanks and Anchorage.",2023/08/24 08:00:00+00
-262308.612461073,1040822.18417894,11,Aleknagik,{D9F6FF1F-CC12-41CB-B678-41BBCC900FF9},Yes,Yes,No,Yes,No,No,"Aleknagik is the only village in the region with surface access to Dillingham via the 22-mile Aleknagik Lake Road, which was paved in 2004. Regular flights from Dillingham arrive at the New Aleknagik airport. The city owns and operates a 100' dock on the north shore of Aleknagik Lake, which is not road-accessible. A breakwater, barge landing, boat launch ramp and boatlift are also available on the north shore. Moody's Marina serves as a fueling station for boats and seaplanes. Skiffs are used to travel to Dillingham, across the lake. The Lake Aleknagik State Recreation Site on the south shore, the gateway to Wood-Tikchik state parks, has a boat launch and float plane accommodations. An ice road connects north and south shores in the winter. Several barge companies provide lighterage service from Dillingham to Aleknagik via the Wood River. Vehicles, skiffs and ATVs and snow machines are the most frequent means of local transportation.",2023/08/24 08:00:00+00
65959.5057005171,889737.633820026,12,Aleneva,{29D4602C-A471-4961-BBEC-AB22938F5F26},No,No,No,No,No,Yes,There are no roads to Aleneva. Transportation is provided by float plane or boat from Kodiak.,2023/08/24 08:00:00+00
-410419.292109424,612521.081979354,13,Aleutians East Borough,{A09E0C50-C6BB-40A4-BE7F-FDEBE561CD5C},No,Yes,Yes,Yes,No,No,"Several airports are accessible in the borough, and float planes can land in many communities. Marine cargo vessels also provide transportation. The state ferry operates during the summer months. Local transportation is primarily by fishing boats or skiffs, since there are no roads.",2023/08/24 08:00:00+00
180877.748212484,1275095.13493074,14,Alexander Creek,{F3B878CB-1AAF-4507-AFDB-6F4B0A6C751D},No,No,No,No,No,No,,2023/08/24 08:00:00+00
60176.824355894,1845337.73673645,15,Allakaket,{D9E1C7EB-2990-486A-BEC6-DF457C95E944},Yes,No,No,No,No,No,"Allakaket has no road link, but winter trails connect it with Hughes, Bettles, and Tanana. River transportation is important in summer, but there is no commercial barge access due to shallow water. A state-owned gravel runway is accessible year-round.",2023/08/24 08:00:00+00
117646.359142503,2265293.8585107,16,Alpine,{15E0FA55-2267-4960-928D-990DA22C2D43},Yes,Yes,No,Yes,No,No,,2023/08/24 08:00:00+00
-168357.796042103,1908076.86269952,17,Ambler,{E98663F6-E635-4427-85F1-48E3042D196E},Yes,Yes,No,Yes,No,No,"Ambler's major means of transportation are by barge, plane, small boat, and snow machine. There are no roads linking the city to other parts of the state. A state-owned lighted, gravel airstrip, with a gravel crosswind airstrip is located one and a half miles from the city. In addition, daily scheduled services are provided out of Kotzebue, and air taxis provide charter flights. Crowley Marine Services barges fuel and supplies to Ambler each summer. Boats are used for inter-village travel and subsistence activities. ATVs and snow machines are commonly used in winter.",2023/08/24 08:00:00+00
94894.1751459759,2021732.21131396,18,Anaktuvuk Pass,{C8F22DE3-2D24-49CD-A867-3855226D712F},Yes,No,No,No,No,No,"A gravel airstrip is owned and operated by the North Slope Borough and provides Anaktuvuk Pass with year-round access. There is no road to Anaktuvuk Pass, all goods and services are received by air. Snow machines and ATVs are used for local transportation.",2023/08/24 08:00:00+00
121200.627885157,1089266.44100893,19,Anchor Point,{C20E1D6B-1DBC-4F69-B3F3-1AEC09EDDD83},Yes,No,No,No,Yes,Yes,"The Sterling Highway provides access to Anchorage. Nearby Homer offers an airport, state ferry access, and docking and boat launching facilities.",2023/08/24 08:00:00+00
219654.775923324,1255116.01268035,20,Anchorage,{41989645-CCA3-466B-9817-909C7EBD3FF1},Yes,Yes,No,Yes,Yes,Yes,"Controlled airports include the state-owned Ted Stevens Anchorage International Airport and Lake Hood Float Plane Base, the municipality's Merrill Field, and U.S. Army and Air Force facilities. The Port of Anchorage handles 85% of the general cargo for the Alaska Railbelt area. There are five terminal berths, with 3,488 linear feet available. Several barge and trucking companies are available. The Alaska Railroad connects Anchorage to Seward, Whittier, and Fairbanks. Highway networks connect Anchorage with the statewide highway system as well as the rest of the United States and Canada. Anchorage also has one of the busiest airports in the world for air cargo.",2023/08/24 08:00:00+00
231980.126647679,1606209.55215741,21,Anderson,{3999FA6E-F8E0-4528-9406-C991F8BB8C52},No,No,No,No,Yes,No,"Anderson is located about 55 air miles (76 driving miles) southwest of Fairbanks. The 6 mile access road runs west from the George Parks Highway at Mile Post 283.5. The Alaska Railroad runs close to Anderson but doesn't have a station there. Most goods are brought in by truck. A state-owned, lighted asphalt runway is located at Clear Airport, 4 miles south of town along the access road. Charters and private aircraft serve the airstrip. A private dirt strip is located at Clear Sky Lodge. Lost Slough, a large slough of the Nenana River, is located less than a mile west of town. It is used for fishing, but the river is too shallow for cargo transportation.",2023/08/24 08:00:00+00
-477710.913865003,1374361.95588113,22,Andreafsky,{EC457701-43EB-47F8-BD08-A820436CEBE6},No,Yes,No,Yes,No,Yes,Andreafsky is across the river from St. Mary's which has an airport and is served by barges during the summer months.,2023/08/24 08:00:00+00
1144736.49530355,1001399.30409643,23,Angoon,{B81542E6-6232-4F35-AEC4-F6C46F2BBDE1},Yes,Yes,Yes,Yes,No,Yes,"Angoon is accessible only by float plane or boat. Scheduled and charter float plane services are available from the state-owned seaplane base on Kootznahoo Inlet. Angoon's facilities also include a deep draft dock, a small boat harbor with 45 berths, and state ferry terminal. Freight arrives by barge and ferry.",2023/08/24 08:00:00+00
-292239.010092156,1301035.34428872,24,Aniak,{4D22DC8A-9F5A-4C83-B835-F1133D6A8060},Yes,Yes,No,Yes,No,No,"Access to Aniak is limited to air and water. The state-owned airport has an asphalt runway that is lighted, and is equipped for instrument approaches. Regular flights are provided by several carriers, including charter operators. Float planes can also land on Aniak Slough. Fuel and supplies are brought in by barge during the summer; other goods are delivered by air year-round. There is no road connection to other villages, although trails and the frozen Kuskokwim River are used by snow machines during winter. When the river is frozen, it is used as an ice road to access Chuathbaluk, Crooked Creek and Bethel. A winter trail is marked to Kalskag (15 mi).",2023/08/24 08:00:00+00
-316464.020166387,1423712.40568258,25,Anvik,{AED9D55C-5519-4DA0-A4A7-28349D8498CD},Yes,Yes,No,Yes,No,No,"The Anvik River, west of the Yukon, allows access during the summer by barge and float plane. The city would like to develop additional dock and harbor facilities. The state-owned gravel airstrip provides year-round access. Three miles of local roads are used by all-terrain vehicles, snow machines, and dog teams.",2023/08/24 08:00:00+00
354055.304168875,2041227.33626006,26,Arctic Village,{3FD9E5F5-DE1E-47BC-A8FC-ECEFCA7C2EA8},Yes,No,No,No,No,No,Air transportation provides the only year-round access to Arctic Village. Ice fog frequently interferes with air service in winter months. A gravel airstrip is owned and managed by the tribal government. Local transportation is by ATVs and snow machines. Some residents maintain dog teams.,2023/08/24 08:00:00+00
-1366062.6920054,452266.93070329,27,Atka,{C80F8014-AF4E-4834-B4A8-DED62C0786C1},Yes,Yes,No,Yes,No,Yes,"Atka has a state-owned, city-maintained asphalt, lighted runway. Scheduled air services are available three times weekly from Unalaska. Planes can be chartered from Cold Bay or Unalaska. Freight service is provided from April to October. The city dock and port facility is located 5 miles from town in Nazan Bay.",2023/08/24 08:00:00+00
-446969.846134871,1236061.98697927,28,Atmautluak,{887F3239-34EE-4A3A-9B7A-522E212DA730},Yes,No,No,Yes,No,No,"A state-owned gravel airstrip is available for chartered or private planes year-round. Locals use skiffs in the summer to travel to Bethel and other area villages, and snow machines, ATVs, and dog sleds are used in the winter. A winter trail exists to Nunapitchuk (7.0 mi).",2023/08/24 08:00:00+00
-130178.283503762,2281005.01007065,29,Atqasuk,{A79A606F-AA69-4994-A5A0-5E8AFE9EBA9A},Yes,No,No,No,No,No,"Air travel provides the only year-round access, while land transportation provides seasonal access. The North Slope Borough owns and operates the Edward Burnell Sr. Memorial Airport, which has a gravel runway. 'Cat-trains' are sometimes used to transport freight overland from Barrow during winter months. Snow machines, ATVs, and boats are used for local transportation.",2023/08/24 08:00:00+00
-2130972.68843085,850222.276556596,30,Attu Station,{4B169010-F268-45A8-8444-F0B5873ABDEE},Yes,Yes,No,No,No,Yes,"The Casco Cove Airport is maintained by the Coast Guard. The airstrip is authorized for public use only in an emergency; all others must obtain permission from the U.S. Coast Guard 17th District, located in Juneau at 907-392-3315.",2023/08/24 08:00:00+00
1111716.766134,1093027.65444088,31,Auke Bay,{264BA029-8F71-450A-942F-FA605B96F137},No,Yes,Yes,No,No,Yes,"Auke Bay, located approximately 11 miles by road north of Juneau, is accessible only by air and sea. Automobiles are either shipped to Juneau or brought on the Alaska Marine Highway from connections to the highway system in Bellingham, Prince Rupert, Skagway, Haines, and Whittier. Scheduled jet flights and air taxis are available at the municipally-owned Juneau International Airport. The airport has a paved runway and a seaplane landing area. Juneau's state ferry terminal is located in Auke Bay. The Alaska Marine Highway System and cargo barges provide year-round services. Capital Transit provides public transportation from Auke Bay to Downtown Juneau and Douglas Island. There is an extensive network of hiking trails in the Juneau area. Private boats and kayaks are commonly used to reach areas off of the road system.",2023/08/24 08:00:00+00
-32213.032609164,799243.790544822,32,Ayakulik,{51F92D19-8E24-4522-B62B-EA2524B4E516},No,No,No,No,No,Yes,,2023/08/24 08:00:00+00
312413.402713213,1664768.66144981,33,Badger,{DAC7203E-0D8F-434C-A2FA-C699EDD5B8CB},No,No,No,No,Yes,No,Badger is a CDP in the Fairbanks Northstar Borough and is connected by road to the borough.,2023/08/24 08:00:00+00
254075.683593308,1139939.0694567,34,Bear Creek,{2B076D8C-6D9B-439C-90F1-92FEAE651E60},Yes,No,No,No,Yes,No,"Bear Creek is connected to the Alaska Highway system and is 5 miles north of Seward. The Seward Airport also provides daily air service and charters. The Port of Seward serves cruise ships, the state ferry, cargo barges, and ocean freighters from Seattle and overseas. Its small boat harbor has moorage and two boat launch ramps. The Alaska Railroad provides over 1.4 billion pounds of cargo transit each year, importing cargo for the Interior and exporting coal to the Pacific Rim.",2023/08/24 08:00:00+00
295946.081733104,1837251.58905714,35,Beaver,{FF43C1B1-9D83-4F8A-B3B2-E404ACC9D5B1},Yes,No,No,Yes,No,No,"Beaver has no road connections and is located along the Yukon River. There is a state-maintained public airport with a gravel runway in good condition, with daily flights from Fairbanks. Fuel and groceries are often shipped by air during the winter months. There is some barge service during the summers. Trucks and ATVs are used by many residents, as well as boats to travel along the Yukon River. Snow machines and dog teams are used during winter.",2023/08/24 08:00:00+00
-511523.25954914,594822.391934288,36,Belkofski,{385A78C0-3F4F-4A2C-B935-ECC9E8305CAA},No,No,No,No,No,Yes,"Belkofski is accessible by boat or seaplane. It has no harbor, dock, boat-landing facilities, airstrip, roads, or vehicles",2023/08/24 08:00:00+00
158487.061740693,1246918.22514287,37,Beluga,{D72A5701-11AB-4596-AA0D-A2881CCB42B1},Yes,Yes,No,Yes,No,Yes,"Beluga has two private gravel runways. A road connects Beluga to nearby Tyonek. Barges deliver heavy goods to the area, and a dock is available.",2023/08/24 08:00:00+00
-420708.278583235,1225426.14136511,38,Bethel,{7B1302D1-C2B4-402C-8C43-141B93681692},Yes,Yes,No,Yes,No,Yes,"Bethel is the regional transportation hub for the Yukon-Kuskokwim Delta and the main port on the Kuskokwim River. Bethel has 38 miles of public roads and is connected by road to several nearby villages during the summer. A 28-mile ice road along the Kuskokwim River connects the community with neighboring villages in the winter. The Bethel Airport is the third busiest in the state, with daily service to and from Anchorage and 56 surrounding villages. Bethel maintains a medium-draft port for ocean-going vessels, as well as the Bethel cargo dock, a petro port, a small boat harbor, a float plane beach and a seawall. Transportation within the community is served by taxi and a public transit system. A series of traditional trails provide access within the city and to nearby communities. Trail users walk, ride bicycles, or use ATVs during the summer and rely on snowmachines, dog teams, or cross country skis in the winter.",2023/08/24 08:00:00+00
109496.401507577,1886970.73243223,39,Bettles,{C4674250-987C-40CD-B550-D246607343D4},Yes,No,No,No,No,No,"During four months of the year, the Bettles Winter Road, a 30-mile winter trail, gives residents access to the Dalton Highway, which leads to Fairbanks. The Koyukuk River is used in the summer, but no commercial barge is available. The state-owned airport is classified as a transport center, with a manned FAA contract weather station, a gravel runway, and a float pond. Trucks, cars, snow machines, and ATVs are used for local transportation.",2023/08/24 08:00:00+00
395909.044841519,1600283.06870339,40,Big Delta,{3DD78FBE-F02D-4634-B206-835BAF4DDD8E},No,No,No,No,Yes,No,An airstrip is available nearby at Delta Junction for chartered or private aircraft. Big Delta is 8.9 road miles from Delta Junction. ,2023/08/24 08:00:00+00
221335.130288721,1292873.46128974,41,Big Lake,{2AA584CB-3B03-4D75-8F91-A995C37D4C4D},Yes,Yes,No,No,Yes,No,Big Lake Road is accessible from mile 52 of the George Parks Highway. A state-owned gravel airstrip and float plane dock are available. Several boat launches and a marina support recreational watercraft.,2023/08/24 08:00:00+00
1296749.85462015,826496.682441108,42,Big Salt,{8CE0B6D0-3B5A-4A3B-A0FF-CF88A52A2F48},No,No,No,No,No,Yes,,2023/08/24 08:00:00+00
-493203.878182539,1478597.50260003,43,Bill Moore's Slough,{DC681D17-42C5-45C8-B477-39645A113EC0},No,No,No,No,No,No,"Transportation is provided to Bill Moore's Slough by boat or floatplane from Kotlik. Snowmachine trails provide access in the winter. As of 2014, the Bureau of Indian Affairs is considering plans to build a road from Kotlik.",2023/08/24 08:00:00+00
367734.179577302,1834380.62764397,44,Birch Creek,{6EA0B92C-E267-478F-99A6-DA6EAC948390},Yes,No,No,No,No,No,"Access to Birch Creek is primarily by a state-owned airstrip. Birch Creek is approximately 26 miles southwest of Fort Yukon. ATVs, motor bikes, snow machines, and skiffs are used for fishing, hunting, and recreation. The village used to be served by barge during high water. There is a 26-mile winter trail to Ft. Yukon. Historically the village was used seasonally for subsistence related activities.",2023/08/24 08:00:00+00
239475.154008878,1277980.59331584,45,Birchwood,{C753E53C-E790-4D8B-9C86-48B540A139F7},Yes,No,No,No,Yes,No,Birchwood is located approximately 18 miles northeast of Anchorage on the Glenn Highway.,2023/08/24 08:00:00+00
245340.214868538,1229431.98961048,46,Bird Creek,{2602E025-8462-49F3-BCA3-9910A76C31B0},No,No,No,No,Yes,Yes,,2023/08/24 08:00:00+00
624208.284516599,1628964.14697204,47,Boundary,{43437DA7-7BFD-4A06-844D-01F829F04C91},Yes,No,No,No,Yes,No,,2023/08/24 08:00:00+00
-578884.171153793,1762943.25312878,48,Brevig Mission,{01088110-F1CF-4DF6-A7C8-446D20A2B257},Yes,No,No,Yes,No,Yes,"Brevig Mission is accessible by air and sea and, in the winter, over land or ice. A cargo ship visits annually. The state-owned gravel airstrip with a gravel crosswind strip enables year-round access. Regular air service is available from Nome, and charters are provided from Nome and Teller. Teller is 5 miles away by boat. A 72-mile gravel road between Teller and Nome is maintained by the state during the summer.",2023/08/24 08:00:00+00
-174131.512002457,973954.57522615,49,Bristol Bay Borough,{CBAA2CFE-4E76-4196-AD94-319FF272CF9A},No,Yes,No,Yes,No,No,"King Salmon is the hub for the area. There are scheduled and charter flights available from Anchorage. There is a runway, and the Naknek River is used by float planes. Barge service is available into Naknek and is delivered by a 15.5-mile road connecting to King Salmon. Goods are flown or lightered to South Naknek.",2023/08/24 08:00:00+00
-324000.541170265,1797365.1997631,50,Buckland,{2FD931D4-12DB-45C2-834A-4B4559E54BA5},Yes,Yes,No,Yes,No,Yes,"Buckland's major means of transportation are plane, small boat, barge, and snow machine; there are no roads outside of the village. Buckland has a state-owned gravel airstrip, which serves a number of scheduled and chartered flights. Crowley Marine barges in fuel and various lighterage companies deliver cargo and supplies each summer.",2023/08/24 08:00:00+00
262872.57109151,1311332.9811816,51,Buffalo Soapstone,{2D6814D6-89F0-4625-BF64-3C6A59C5FA97},No,No,No,No,Yes,No,"Buffalo Soapstone is located off of the Glenn Highway. Commercial airlines serve the Anchorage International Airport, but the Palmer Municipal Airport supports private and chartered services. There are seven additional privately-owned airstrips in the vicinity. Float planes may land at nearby Finger Lake or Wolf Lake. The Alaska Railroad connects Palmer to Whittier, Seward, or Anchorage for ocean freight delivery.",2023/08/24 08:00:00+00
262843.234540305,1294542.00560752,52,Butte,{9A9D4747-657F-4044-BB90-7E45B94AB987},No,No,No,No,Yes,No,"Butte lies along the Old Glenn Highway. A public airstrip, owned and operated by the Butte Airman's Association, is available. The railroad and other means of transportation are also accessible in Palmer and Anchorage.",2023/08/24 08:00:00+00
-361002.814432681,1794292.97269381,53,Candle,{DDD5F954-2B31-49D1-9B59-06A536708CB0},Yes,No,No,No,No,No,,2023/08/24 08:00:00+00
254355.572007311,1501399.42060633,54,Cantwell,{E263C114-3707-494D-84BF-BCBDC754E133},No,No,No,No,Yes,No,"Cantwell is accessible by road, rail, and air. The George Parks Highway connects to Fairbanks and Anchorage, and the Denali Highway links Denali Park with the Richardson Highway during summer months only. A privately-owned dirt runway is open to the public. The town began as a stop on the Alaska Railway and the railroad still provides train service.",2023/08/24 08:00:00+00
515775.025860326,1956293.74742881,55,Canyon Village,{2B55B7BE-E871-4781-AF5C-7EF7A8816098},No,No,No,No,No,No,,2023/08/24 08:00:00+00
-494153.901226475,2147218.6806878,56,Cape Lisburne,{0293B806-F9C9-4353-BA1F-83ED22564EB0},No,No,No,No,No,Yes,,2023/08/24 08:00:00+00
638543.564807164,1175806.4753165,57,Cape Yakataga,{BF09E142-4B49-4FD5-B2E5-63AC8854E528},No,No,No,No,No,Yes,,2023/08/24 08:00:00+00
210115.288997908,1344237.6523176,58,Caswell,{E52E36F1-45AB-411B-A62D-6EC2D3DD6E25},No,No,No,No,Yes,No,,2023/08/24 08:00:00+00
422843.028275784,1763917.53285218,59,Central,{5729F5A2-2D55-4611-8C20-838834BEA9AA},Yes,No,No,No,Yes,No,"The community is on the Steese Highway, by which residents can reach Fairbanks. Year-round maintenance by the Department of Transportation enabled goods to be delivered on a regular schedule by truck. A state-owned gravel airstrip is available. Boats are used for recreation and fishing. Snow machines and dog sleds are also used.",2023/08/24 08:00:00+00
454360.989405363,1889974.85638339,60,Chalkyitsik,{98D5F010-433A-452A-8E40-1DC756B3B809},Yes,No,No,No,No,No,"Access is primarily by air; there is a gravel runway. Residents own ATVs, snow machines, and skiffs for fishing, hunting, and recreation. No roads connect Chalkyitsik with other villages, although there is a winter trail to Fort Yukon. It is accessible by small riverboat. Chalkyitsik received cargo by barge at one time, but the service is no longer provided.",2023/08/24 08:00:00+00
203098.644718641,1392307.5224306,61,Chase,{427130A7-E294-4C77-9945-66799C9AE903},No,No,No,No,No,No,"The railroad will drop travelers at the head of a trail leading into Chase. There is no direct road access, except from the George Parks Highway to nearby Talkeetna. The nearest airport is at Talkeetna. There is a system of trails throughout the community.",2023/08/24 08:00:00+00
305918.248261257,1698445.32948414,62,Chatanika,{02BC7C57-294A-400A-A4A4-7D06347BBF7D},No,No,No,No,Yes,No,,2023/08/24 08:00:00+00
-566470.863051303,1173895.33647436,63,Chefornak,{A446B551-74BE-4F56-B131-523C342C41BA},Yes,No,No,Yes,No,Yes,"A state-owned gravel airstrip provides chartered and private air access year-round, and a seaplane base is available. There are two cars that provide transportation to the airport. Although there are no docking facilities, a number of fishing boats and skiffs are used for local travel. Snow machines are relied upon during the winter. Winter trails are marked to Kipnuk (20 mi) and Kasigluk (83 mi). Boardwalks are located within the village for pedestrians.",2023/08/24 08:00:00+00
373063.139231601,1699239.84797198,64,Chena Hot Springs,{7DF47FFB-F5ED-4B9D-A9F7-4B2DA1E989D1},Yes,No,No,No,Yes,No,,2023/08/24 08:00:00+00
285879.42225823,1664626.4506395,65,Chena Ridge,{ED0D2D29-01A6-4CF8-83BC-B974F9DDF83B},No,No,No,No,Yes,No,Chena Ridge is a CDP that is connected by road to the Fairbanks Northstar Borough. See the borough description for more information.,2023/08/24 08:00:00+00
331739.412198896,1134592.127647,66,Chenega,{05CB5D5F-15BA-4574-8F40-04CAFA9B5770},Yes,Yes,Yes,No,No,Yes,"Chenega has a small boat harbor and dock. A 3,000' long by 75' wide gravel runway and float plane landing area are available. Scheduled and chartered flights depart from Cordova, Valdez, Anchorage, and Seward. In 1996, the Alaska Marine Highway began 'whistle-stop' service.",2023/08/24 08:00:00+00
-611354.424221957,1336742.93808656,67,Chevak,{8ECE306F-1205-474A-AF5D-5A82326AFDD3},Yes,No,No,Yes,No,No,"Local transportation is done by small boat, small aircraft, ATV, or snow machine. The community is connected by a system of sand and gravel roads, and wooden boardwalks. Trails in the area are utilized for subsistence activities, and winter trails connect to Hooper Bay (17 miles), Scammon Bay (25 miles), and Newtok (50 miles). The airport, completed in 2006, is owned and maintained by the State of Alaska. The airstrip provides regional charter and private air access year-round. As of 2014, the community was seeking funds to widen and extend the runway. Seaplanes have the use of a dock. Each spring the community experiences flooding that adversely affects major traffic areas within town.",2023/08/24 08:00:00+00
289883.811011003,1325244.65001646,68,Chickaloon,{CF24E3C4-5B20-4D19-BAA0-498A17870CA8},No,No,No,No,Yes,No,"Chickaloon is accessible by the statewide highway system and a local road network. Goods are most often brought in from the Palmer/Wasilla area or Anchorage. There is a scheduled freight service, as well as a scheduled passenger service providing flag stop bus service on a route between Anchorage and Valdez. There is also a privately-owned runway.",2023/08/24 08:00:00+00
584807.021745509,1620860.55338054,69,Chicken,{0C46910A-CF22-422A-A69E-499EC6219D46},Yes,No,No,No,Yes,No,"During the summer months only, Chicken is accessible from Tok via the Taylor Highway or Dawson City in the Yukon Territory via the Top of the World Highway. A state-owned gravel airstrip is available. There is no gas station between Eagle and Chicken.",2023/08/24 08:00:00+00
-272640.696692714,708170.914671806,70,Chignik,{99F023D0-9290-48CE-8E68-5683A57192DC},Yes,Yes,Yes,Yes,No,Yes,"Chignik is accessible by air and sea. There is a state-owned gravel runway maintained by the city. Regular flights run from King Salmon. Flights directly from Anchorage can be scheduled on an as-needed basis. Barge services arrive weekly, from late spring through early fall, and monthly during the remainder of the year. The state ferry operates bi-monthly from Kodiak between May and October. A 600' privately-owned dock and boat haul-out are available. A public small boat harbor accommodates more than thirty fishing vessels, and a regional public dock is under development. Four-wheel drive vehicles are the primary means of local transportation, ATVs are a secondary means, and skiffs are used to travel to surrounding communities.",2023/08/24 08:00:00+00
-280193.742651678,709704.775156877,71,Chignik Lagoon,{5FBF89C8-6F1F-4610-B81F-18286B0993C8},Yes,Yes,No,Yes,No,Yes,"Chignik Lagoon is primarily accessible by air and sea. There are no roads connecting it to other villages. There is a strong regional interest in constructing roads between Chignik, Chignik Lagoon, Chignik Lake, and the landfill. There is a state-maintained gravel airstrip, public domain small boat harbor, and seaplane base. Regular and charter flights are available from King Salmon. A cargo ship brings supplies annually, and goods are lightered to shore. Boat haul-outs are available. ATVs and skiffs are the primary means of local transportation.",2023/08/24 08:00:00+00
-294536.616202522,704372.952104132,72,Chignik Lake,{F821657B-F119-4950-BB18-F827B06C680C},Yes,No,No,Yes,No,Yes,"Chignik Lake is primarily accessible by air. There is a state-owned gravel airstrip; seaplanes may land at Chignik Lagoon. Regularly-scheduled and charter flights are provided. Goods are lightered, weekly during the summer and monthly during winter, to the lake via Chignik Lagoon and are then transported over land. The state ferry provides service to Chignik Lagoon four times per year. There is no harbor, dock, barge access, or boat haul-outs. Skiffs and ATVs are the primary means of local transportation. There is a strong regional interest in constructing roads between Chignik, Chignik Lagoon, Chignik Lake, and the city landfill.",2023/08/24 08:00:00+00
105905.41525663,847470.810269413,73,Chiniak,{9C0DF89A-A248-470E-82A5-F25ED75A098A},No,No,No,No,No,Yes,"Local boat owners anchor in Thumb's Up Bay, and a small dock is available. An old airstrip may be used for emergency landings. Chiniak can be reached by road from Kodiak. Although 45 miles away, Kodiak offers jet service, float plane services, ferry service, and boat harbors.",2023/08/24 08:00:00+00
620242.684819761,1398669.27984144,74,Chisana,{6DF664D4-9279-4A4A-9BF8-BCA1A2EF6222},Yes,No,No,No,No,No,"There is no road access. A gravel and turf airstrip is available, but it is not maintained. (Skis only during winter months.) There are several private airstrips. A mail plane provides passenger service twice weekly.",2023/08/24 08:00:00+00
477050.767528564,1432884.56382823,75,Chistochina,{72692AC5-B991-4B3E-A2AD-8EA498D7AF48},Yes,No,No,No,Yes,No,Chistochina is accessible year-round by the Glenn and Richardson Highways via the Tok Cutoff. Small aircraft may land at a state-owned turf/gravel airstrip.,2023/08/24 08:00:00+00
505210.692464188,1318323.26146793,76,Chitina,{5CD6634F-015C-4D3A-8F00-755FB6A3D186},Yes,No,No,No,Yes,No,"The Edgerton Highway and Richardson Highway link Chitina with the rest of the state road system. The state owns the Chitina Airport, with a gravel airstrip, 5 miles north of town along the Edgerton Highway.",2023/08/24 08:00:00+00
-277207.120872475,1299381.93357958,77,Chuathbaluk,{493BC9A8-7869-476D-9319-B88C76EB388A},Yes,No,No,Yes,No,No,"The Kuskokwim River serves as the major carrier for supply barges, skiffs, and float planes from Aniak and Bethel. A state-owned gravel airstrip is located one mile north of the village and has scheduled air service. In the winter, ski planes land on the frozen river, and vehicles are sometimes driven on the ice road to neighboring communities.",2023/08/24 08:00:00+00
237716.200426471,1273503.83411811,78,Chugiak,{E1126274-8E5A-4696-914E-4CBC91C33643},Yes,No,No,No,Yes,No,Chugiak is located approximately 21 miles northeast of Anchorage on the Glenn Highway.,2023/08/24 08:00:00+00
-513362.777338133,1481049.50942722,79,Chuloonawick,{0B65A22E-634B-4843-95FC-744D9BB509F0},No,No,No,No,No,Yes,The village is no longer populated and can be accessed by boat or float plane.,2023/08/24 08:00:00+00
453138.587430948,1797102.49217214,80,Circle,{98B27D83-9E27-4EE6-A6AB-CEED07523629},Yes,No,No,Yes,Yes,No,"Circle has direct road access to Fairbanks by way of the Steese Highway. Barges deliver goods by the Yukon River during summer. Residents use ATVs, snowmobiles, and dog sleds for recreation and subsistence activities. A state-owned gravel airstrip is available. Float planes land on the river. Circle participates in the federal Essential Air Service program, which helps pay for fights. The community is located 130 air miles from Fairbanks, and is 155 miles by road. The Circle Hot Springs is 41.6 miles from Circle.",2023/08/24 08:00:00+00
432584.182188562,1755425.55823639,81,Circle Hot Springs,{9D80642E-BFD8-4CC1-B095-333008C33407},Yes,No,No,No,Yes,No,,2023/08/24 08:00:00+00
260017.169094229,1295081.72304061,82,Circle View Stampede,{D002FD44-4D3F-4469-A0F3-C616C192C566},No,No,No,No,Yes,No,,2023/08/24 08:00:00+00
143381.640364235,1140419.32995447,83,Clam Gulch,{EC16CE1C-0D9C-429D-A6DE-133FCC9D3FF9},No,No,No,No,Yes,Yes,The Sterling Highway provides access to Anchorage and beyond. Nearby Kenai offers an airport and docking facilities.,2023/08/24 08:00:00+00
-261536.801805181,990939.243875891,84,Clark's Point,{16FFACBB-CCBD-4A00-829F-F89904105FD5},Yes,Yes,No,Yes,No,Yes,"Air transport is the primary method of reaching Clark's Point. Regular and charter flights are available from Dillingham. There is a state-owned gravel runway, and float planes land on Nushagak River. Freight is brought by barge to Dillingham and then flown or lightered to the community. The only boat moorage is an undeveloped spit dock owned by the city; boats land on the beach. Trident Seafoods owns a private dock for vessels delivering landings. ATVs and snowmobiles are the primary means of local transportation. The fishing community of Ekuk and City of Dillingham are both within close proximity of Clark's Point, and residents regularly commute between them.",2023/08/24 08:00:00+00
232703.191938075,1596422.62540636,85,Clear,{EDA4CF54-30B2-4BD0-9587-8C4C2B8F39D3},Yes,No,No,No,Yes,No,,2023/08/24 08:00:00+00
1296627.69138198,875531.322046869,86,Coffman Cove,{1F684F46-814E-4675-B09B-A8449105B5E9},Yes,Yes,No,Yes,No,Yes,"The Inter-Island Ferry Authority provides access to the Prince of Wales Island road system by operating a daily service from Ketchikan to Hollis. There is a ferry terminal located in Coffman Cove with service estimated to start in 2015 between Coffman Cove, Wrangell and Petersburg. A state-owned seaplane base is available, and there is scheduled air service from Ketchikan three times a week. The nearest landing strip is in Klawock where wheel plane service is available thee times daily. The Coffman Cove Boat Harbor can accommodate boats up to 200 feet with fresh water and shore power available. Freight arrives by float plane or barge via the port in Thorne Bay or Craig.",2023/08/24 08:00:00+00
147297.591593765,1156546.05870085,87,Cohoe,{9F0FE231-3223-4A37-89B8-9182CD7AB22F},No,No,No,No,Yes,Yes,The Sterling Highway provides access to Anchorage. Kenai offers an airport and docking facilities.,2023/08/24 08:00:00+00
-553098.010157236,613456.142454847,88,Cold Bay,{E5A46A8B-30C9-4FDF-A19D-A6A96277A26C},Yes,Yes,Yes,Yes,No,Yes,"A state-owned paved and lighted runway with a crosswind runway, an FAA flight service station, and a seaplane base are available. Cold Bay is a regional transportation center and provides scheduled flights to surrounding communities. The community has a dock but wants to develop a breakwater, boat harbor, and boat launch. Marine cargo services are available monthly from Seattle but not from Anchorage. The state ferry operates bi-monthly from Kodiak between May and October. There are approximately 40 miles of local gravel roads.",2023/08/24 08:00:00+00
165268.751059972,1926764.27617386,89,Coldfoot,{1210EAEB-20DF-40DD-8BAB-A09C48AE9887},Yes,No,No,No,Yes,No,Coldfoot is located on the Dalton Highway. There is a state-owned gravel runway.,2023/08/24 08:00:00+00
293420.165039597,1668798.2876742,90,College,{BF7F929A-CAE2-486C-83EF-C7AF2FADFA2B},No,No,No,No,Yes,No,"Fairbanks provides jet service, railroad, and connection to the George Parks and Richardson Highways. The privately-owned Goldstream airstrip lies in College.",2023/08/24 08:00:00+00
229363.096929844,1174878.63973561,91,Cooper Landing,{CB929A5F-AF01-4DE3-8855-87193B97F75F},Yes,No,No,No,Yes,No,"The Sterling Highway provides access to Anchorage and beyond. Kenai offers air transportation and docking facilities. A privately-owned boat launch is available. The state-owned Quartz Creek Airport provides a gravel runway, and float planes may land at Cooper Lake.",2023/08/24 08:00:00+00
453408.873249887,1360664.78477063,92,Copper Center,{609CFD2F-EC75-4F32-BDD7-C33D0C9FECE2},Yes,No,No,No,Yes,No,Copper Center lies on the Richardson Highway. A state-owned gravel airstrip provides for chartered flights and general aviation.,2023/08/24 08:00:00+00
446096.899406404,1372723.64793617,93,Copperville,{2BE07C58-20E2-481E-BB3F-3CD55ACB44F9},No,No,No,No,Yes,No,The Richardson Highway connects the area to the remainder of the state. An airstrip is nearby at Brenwick's,2023/08/24 08:00:00+00
449342.259478468,1201051.13508385,94,Cordova,{3921BE55-50DD-4433-8958-D5D2F2D001AE},Yes,Yes,Yes,Yes,No,Yes,"Cordova is accessed by plane or boat. It is linked directly to the North Pacific Ocean shipping lanes through the Gulf of Alaska. It receives year-round barge services and state ferry service. The Merle K. 'Mudhole' Smith Airport at mile 13 is state owned and operated, with an asphalt runway and a gravel crosswind runway. The state owned and city operated Cordova Municipal Airport has a gravel runway. Daily scheduled jet flights and air taxis are available. Float planes land at the Lake Eyak seaplane base or the boat harbor. Harbor facilities include a breakwater, dock, small boat harbor with 850 berths, boat launch, boat haul-out, ferry terminal, and marine repair services. A 48-mile gravel road provides access to the Copper River Delta to the east. As of 2014, the road is impassable beyond mile 36 due to a bridge across the Copper River which is washed out.",2023/08/24 08:00:00+00
-456573.957691685,1692668.27250089,95,Council,{A2E6A4DA-8E4B-40EE-8887-9C8766EBF373},Yes,No,No,No,No,No,"Council is connected by road to Nome. There is a state-owned gravel airstrip, but it is not maintained in the winter. Air charter services are available from Nome. Snow machines are the main means of transportation during the winter. Nome residents visit the area to hunt and fish. In 2011, a Bering Sea storm washed out sections of the road from Nome but it has been repaired since that time.",2023/08/24 08:00:00+00
1007108.68796088,1181897.71287361,96,Covenant Life,{E4085300-359F-4509-9843-50524D6A0692},No,No,No,No,Yes,No,"The community is accessible by road from Haines and, from there, to the statewide highway system. The state ferry at Haines provides transportation to Skagway, Juneau, Southeast Alaska, and Seattle. Other transportation facilities are available at Haines.",2023/08/24 08:00:00+00
1296030.65760968,812250.477347349,97,Craig,{CAEF7CF3-5B35-45C3-9D11-A9E32B99E79B},Yes,Yes,No,Yes,No,Yes,"Scheduled air transportation to Ketchikan is available from the nearby Klawock Airport. Scheduled seaplane service is available from a city-owned seaplane base in Craig. A U.S. Coast Guard heliport is maintained in Craig. The Interisland Ferry Authority provides daily service to Hollis 30 miles away and enables transportation of passengers, cargo, and vehicles to the island. There are two small boat harbors at North Cove and South Cove, a small transient float and dock in the downtown area, and a boat launch ramp at North Cove. The J.T. Brown Marine Industrial Center was completed in 2006 and includes a dock, boat launch, and boat haulout services. Freight arrives by cargo plane, barge, and ferry in Hollis. A paved road exists between Hollis, Craig, Klawock, Coffman Cove, Thorne Bay and the Klawock airport.",2023/08/24 08:00:00+00
-215167.684534527,1328137.39160367,98,Crooked Creek,{8B69F4F5-9833-40B1-B264-CBE2A5544BC8},Yes,No,No,Yes,No,No,"The Kuskokwim River is the local highway in both summer and winter. ATVs and snow machines are used by residents. The frozen river becomes an ice road in winter. Skiffs and barges provide cargo in summer. A state-owned and operated gravel airstrip is southwest of the village, with scheduled weekday air services. A suspension bridge over Crooked Creek connects the upper and lower villages with the airport.",2023/08/24 08:00:00+00
253928.986759285,1168042.73568521,99,Crown Point,{07E54FE2-DCBE-4AD4-8894-6E012A80DDB1},Yes,No,No,No,Yes,No,"The Seward and Sterling Highways provide access to Anchorage and beyond. The Lawing Airport serves Crown Point, in addition to the nearby Kenai and Seward airport and docking facilities.",2023/08/24 08:00:00+00
1121864.90126978,1046072.43729542,100,Cube Cove,{A660F99C-9DBA-4B43-A0BA-7B387B163E6E},No,No,No,No,No,No,"Float planes and boats provide transportation to the cove, although there are no facilities.",2023/08/24 08:00:00+00
-394885.190734183,1816964.93492238,101,Deering,{A2CE0B1C-09FD-4927-A2E9-B20CC0109806},Yes,No,No,Yes,No,Yes,"Deering is accessible year-round by plane. A state-owned gravel airstrip, with a gravel crosswind strip, enables flights by several Kotzebue air services. Fuel supplies and goods are delivered yearly by barge. Small boats, ATVs, and snow machines are used for local travel. Winter trails are available to Candle and Buckland.",2023/08/24 08:00:00+00
402016.95373835,1589787.53174982,102,Delta Junction,{763EEB4F-118C-4AEA-A931-D707FE999A12},Yes,No,No,Yes,Yes,No,"Delta Junction is located at the convergence of the Richardson and Alaska Highways, approximately 95 miles southeast of Fairbanks and 236 miles northeast of Anchorage. The city developed along the east bank of the Delta River, south of its junction with the Tanana River. Buses provide transportation to Fairbanks and Whitehorse. The state-maintained Delta Junction airport has a gravel runway in good condition. The U.S. Army maintains the Allen AAF airport, which has a asphalt runway. Plans are underway for joint use of the Allen Airfield on Fort Greely. Snowmobiles are used for recreation. Freight and mail are shipped by truck from Fairbanks.",2023/08/24 08:00:00+00
431612.624504383,1575600.45343026,103,Deltana,{AB4874F1-29EA-49F7-9573-6DC9A2C45F81},No,No,No,No,Yes,No,Deltana is accessible by the Alaska and Richardson Highways. Buses provide transportation to Fairbanks and Whitehorse. The City of Delta Junction airstrip is located nearby. There are five other privately-owned airstrips in the vicinity. Snowmobiles are used for recreation.,2023/08/24 08:00:00+00
244851.204268498,1554216.24330167,104,Denali Borough,{E39576F3-5473-4050-AD4E-430B55770A08},No,No,No,No,Yes,No,"The George Parks Highway provides access to Anchorage and Fairbanks year-round. The Denali Highway is open only during the summer, from Cantwell to Paxson, to provide a shorter route to the Alaska Highway. The Alaska Railroad also serves Interior Alaska. There are several airstrips within the borough. Tours by bus, aircraft, and helicopter operate during summer months. As of Spring 2014, several road enhancement projects were in progress to widen the road, create passing lanes, and add intersections. This project was intended to enchance public safety and support construction of natural gas pipeline by improving the road.",2023/08/24 08:00:00+00
137079.18021596,1078591.90157087,105,Diamond Ridge,{C8495E9B-FA1E-4A9D-90EA-248D8DB63522},No,No,No,No,Yes,No,"The Sterling Highway provides access to Anchorage. Nearby Homer offers an airport, state ferry access, and docking and boat-launching facilities.",2023/08/24 08:00:00+00
-255124.356889429,1013454.33727143,106,Dillingham,{08E18522-8DAC-4DFC-975E-26751FE81958},Yes,Yes,No,Yes,No,No,"Dillingham can be reached by air and sea. The state-owned airport provides a paved runway and regular jet flights are available from Anchorage. A seaplane base is available 3 miles west at Shannon's Pond; it is owned by the U.S. Bureau of Land Management, Division of Lands. A heliport is available at Kanakanak Hospital. There is a city-operated small boat harbor with 320 slips, a dock, barge landing, boat launch, and boat haul-out facilities. It is a tidal harbor and only for seasonal use. Two barge lines make scheduled trips from Seattle. There is a 23-mile DOT-maintained paved road to Aleknagik; it was first constructed in 1960.",2023/08/24 08:00:00+00
-680551.237413938,1832482.86785282,107,Diomede,{9E47594D-5392-4A49-8FCD-026556C904AE},No,No,No,Yes,No,Yes,"Due to constant winds from the north, accessibility by air to Little Diomede is often limited. A state-owned heliport allows for weekly mail delivery. In 2012, Diomede was awarded grant funds to participate in the Essential Air Services program. Weekly flights by helicopter are available year round, weather permitting. There is no airstrip due to the steep slopes and rocky terrain, so ski planes must land on an ice strip in winter. Regular flights are scheduled from Nome, weather permitting. Skin boats are still a popular method of sea travel to cover the 28 miles to Wales. Cargo barge stops are irregular, due to sea or ice conditions, but deliver at least annually. There are plans to construct a breakwater and small boat harbor to allow for more regular sea travel between the Mainland and Diomede. Cargo Barge stops are irregular due to sea or ice conditions, but deliver at least annually. Transportation on Little Diomede is primarily by foot on a system of boardwalks and trails. The boardwalks are owned by the city, though are maintained by the IRA through Bureau of Indian Affairs (BIA) funding. A project to reconstruct 1.5 miles of boardwalks was completed during the summer of 2005.",2023/08/24 08:00:00+00
489565.635201638,1557989.91244552,108,Dot Lake,{03A313E3-0987-4B72-8EC9-6C92E01A12A2},No,No,No,No,Yes,No,"Dot Lake lies along the Alaska Highway. Supplies are brought in by truck or bus. Regular bus service to Fairbanks and Delta Junction is available. The nearest public airstrips are at Delta Junction and Tok; a privately-owned strip in Dot Lake was converted to a helicopter landing pad. Cars, trucks, snow machines, and ATVs are used for local transportation. A few residents own riverboats on the near-by Tanana River, which they use for fishing and hunting.",2023/08/24 08:00:00+00
490071.142611037,1557800.75447036,109,Dot Lake Village,{4B63BED6-48D5-4881-B4C0-D73B0D2651F2},No,No,No,No,Yes,No,"Dot Lake lies along the Alaska Highway. Supplies are brought in by truck or bus. Regular bus services to Fairbanks and Delta Junction are available. The nearest public airstrips are at Delta Junction and Tok. Cars, trucks, snow machines, and ATVs are used for local transportation. Dot Lake is not accessible by water, since the Tanana River is over 2 miles away. A few residents own riverboats which they use for fishing and hunting.",2023/08/24 08:00:00+00
1129708.66151453,1087835.24611806,110,Douglas,{5C5B2A9F-554B-4E45-BCE1-FC861227421C},No,Yes,No,No,No,No,Douglas is an island that is connected by a bridge to Juneau. A road runs approxiamtely nine miles from Sandy Beach to the north end of the island. There are several recreational boat launches available and trails on the island. Douglas harbor offers space for boats. Access to Eaglecrest Ski area is also available from the North Doughlas Highway. The residential areas on the south part of the island are connected to the CBJ public transportation system.,2023/08/24 08:00:00+00
462740.521621466,1556002.91143198,111,Dry Creek,{64B2729B-A777-4917-9D20-77822FE68CFE},No,No,No,No,Yes,No,"Dry Creek lies on the Alaska Highway, which provides access to the statewide road system. The nearest airstrips are at Delta Junction and Tok. Dry Creek Community has a gravel airstrip.",2023/08/24 08:00:00+00
1038667.57136345,1200901.60761105,112,Dyea,{8D61F020-CB6F-45AE-85C5-2086F72C61F4},No,No,No,Yes,Yes,No,,2023/08/24 08:00:00+00
604270.153138677,1705897.93684688,113,Eagle,{99E4149C-E691-4714-88EC-9EDCEF72C195},Yes,No,No,Yes,Yes,No,"Eagle has access to the state road system and Canada only during summer months via the Taylor and Top of the World Highways. It's located 370 miles by road from Fairbanks, or 198 air miles. A state-owned gravel airstrip is available; flights originate from Fairbanks. Goods are shipped in by air during the winter months. The community is located on the banks of the Yukon River and some residents own boats.",2023/08/24 08:00:00+00
237525.488448193,1267348.44888482,114,Eagle River,{4B5629C0-F411-485E-B5C2-E5C9EADD9869},Yes,No,No,No,Yes,No,Eagle River-Chugiak is now part of the Municipality of Anchorage with access to the same transprotation infrastrucure as Anchorage.,2023/08/24 08:00:00+00
612762.782281341,1702592.27570171,115,Eagle Village,{F6BC6030-25E0-4E0A-BA46-B294A0338BDA},No,No,No,Yes,Yes,No,The village has access to the state road system and Canada only during summer months via the Taylor and Klondike Highways. Eagle Village located about 3 miles downriver along the Yukon River from Eagle.,2023/08/24 08:00:00+00
-2079913.05363954,810444.996738459,116,Eareckson Station,{17AA4233-9435-4013-B2C1-D61FBB303CCE},No,No,No,Yes,No,Yes,"A United States Air Force radar, surveillance, and weather station and aircraft refueling station are in operation.",2023/08/24 08:00:00+00
1249416.38957705,853372.98493417,117,Edna Bay,{85B7409D-F9A3-4D1C-8587-BA31448CD26E},No,Yes,No,No,No,Yes,"Transportation and cargo are provided by float plane or boat from Craig, Ketchikan, or Petersburg. Edna Bay is not connected to the island's road system. A dock and harbor with breakwater are available.",2023/08/24 08:00:00+00
-442312.968289999,1163544.89979583,118,Eek,{59543E82-DA08-4E48-BAA3-B0E7C0FF4767},Yes,Yes,No,Yes,No,No,"A state-owned gravel airstrip provides chartered and private air access. A seaplane base is also available on the Eek River. Fishing boats, skiffs, and snow machines are used for local transportation to Bethel and other villages. There is a one-mile gravel road in the city. Winter trails are marked to Quinhagak (39 mi), Eek Island (15 mi), Bethel (40 mi), and the Kwethluk River (45 mi). Barges deliver fuel and supplies during the summer months. A dock is available.",2023/08/24 08:00:00+00
-197745.899534609,917108.324736896,119,Egegik,{F7D03E2F-5588-4343-BE94-44E824B7A836},Yes,Yes,No,Yes,No,Yes,"The community is accessible by air and water. A City-owned lighted gravel runway with crosswind airstrip is located approximately two miles south of Egegik. Scheduled and charter flights are available. There is also a private airstrip across from Coffee Point. A boat haul-out is available and the City has a deep water dock that that services barges from Anchorage and Seattle. Two privately-owned docks and marine storage are also available. Motorized vehicles used by residents include automobiles, trucks, skiffs, ATVs and snowmobiles.",2023/08/24 08:00:00+00
329641.524476165,1651455.25649912,120,Eielson AFB,{A74F371F-C334-4DC3-88A4-A4FCC1B1E8FD},No,No,No,No,Yes,No,The base has an airstrip for military craft. Nearby Fairbanks offers jet service and railroad connections. The Richardson Highway connects the base to the statewide road system.,2023/08/24 08:00:00+00
246213.764030925,1284301.7030295,121,Eklutna,{CA7C607D-F2E8-455F-8B9F-08F7B2BB7215},No,No,No,No,Yes,No,"The village lies on the highway between Anchorage and Palmer and therefore has ready access to a variety of transportation services in those communities. Two privately-owned airstrips, as well as the Alaska Railroad system, are located in the area.",2023/08/24 08:00:00+00
-262416.89970698,988920.813784893,122,Ekuk,{6FD8B74B-4F96-41CE-AFFD-97FF3064D7C4},No,Yes,No,Yes,No,Yes,"Air transport is the most frequent means of getting to Ekuk. Ekuk Village Council owns a dirt/gravel airstrip. Scheduled and charter flights are available from Dillingham during the summer months. The village has a small dock on the south side. Other private docks are in use. The cannery has two docks and a boat haul-out. Clark's Point, two miles north, can be reached by snow machine during winter.",2023/08/24 08:00:00+00
-197055.84612121,1044794.93639563,123,Ekwok,{FAF5958B-8A56-4E28-B3B1-66B772A5A166},Yes,No,No,Yes,No,No,"Air transport is most frequently used to reach Ekwok. Regular and charter flights are available from Dillingham. The state-owned gravel runway was rebuilt and lengthened in 2005. Float planes land on the Nushagak River. Cargo is brought in during ice-free months from Dillingham by Coastal Marine Transport barge service. There are no docking facilities, but a barge off-loading area exists. Skiffs, ATVs, and snow machines are used for local transportation to other villages. As of May 2014, the city was in the process of building a new road to the new landfill site, contingent on funding for a bridge. ",2023/08/24 08:00:00+00
1022927.27343356,1047160.29761342,124,Elfin Cove,{4BAA8104-672E-401E-88E8-341E10A478B8},Yes,Yes,No,No,No,Yes,A state-owned seaplane base is available. Moorage for 25 marine vessels is available. Skiffs are the primary means of local transportation. The state ferry lands at nearby Pelican. Freight arrives by plane or boat.,2023/08/24 08:00:00+00
-394183.886304622,1652848.63040226,125,Elim,{962DB38D-BABD-43F0-AF8E-6B3C0964C131},Yes,No,No,Yes,No,Yes,"Elim is best reached by air and sea. It offers a gravel runway. Elim Native Corporation also owns a private airstrip at Moses Point. There is no dock in the village, so supplies must be lightered to shore by a company operating from Nome. Plans are underway to develop a harbor and dock, and an access road is under construction. A cargo ship brings freight annually from Nome.",2023/08/24 08:00:00+00
-533862.500488994,1465251.0985118,126,Emmonak,{6E142FF4-3A51-4D60-9F7A-8B65E66A9133},Yes,Yes,No,Yes,No,No,"Emmonak relies on air and water transportation. A state-owned gravel airstrip is available. There are no connecting roads, but winter trails to Kotlik, Alakanuk, and Nunam Iqua are used by snow machines. Skiffs and ATVs are using during the summer for local transportation.",2023/08/24 08:00:00+00
285219.862264316,1667877.2286641,127,Ester,{C975E5F6-90CB-420B-9766-C43941847789},No,No,No,No,Yes,No,Ester has access to the statewide highway system and to all Fairbanks transportation facilities.,2023/08/24 08:00:00+00
281272.449231142,1670197.82040574,128,Ester Dome,{F4459E94-16D4-4F7F-B434-DF84BF0E2AD9},No,No,No,No,Yes,No,,2023/08/24 08:00:00+00
356848.823562538,1347480.28969281,129,Eureka Roadhouse,{463333A9-778A-4087-B2B6-C834DF7F1809},No,No,No,No,Yes,No,,2023/08/24 08:00:00+00
109597.858504399,1887280.71970875,130,Evansville,{FF9ACB36-15C3-4C3B-831F-7686F69D80ED},No,No,No,No,No,No,"During four months of the year, the Hickel Trail, a 30-mile winter road, gives residents access to the Dalton Highway, which leads to Fairbanks. The Koyukuk River is used in the summer, but no commercial barge is available. A state-owned airport is available in Bettles; it is classified as a transport center, with a flight service station and a float pond. Trucks, cars, snow machines, and ATVs are used for local transportation.",2023/08/24 08:00:00+00
1067007.08315127,1085346.42276831,131,Excursion Inlet,{E209147C-83F5-4D19-AD3F-CB78B1F679F5},Yes,No,No,Yes,No,Yes,The area is not accessible by road. A public seaplane base is available.,2023/08/24 08:00:00+00
456375.921012549,1199932.04478267,132,Eyak,{12808AC2-15BC-4A89-BA4F-30C945D4E9B6},No,No,No,No,No,No,"Cordova is accessed by plane or boat. It is linked directly to the North Pacific Ocean shipping lanes through the Gulf of Alaska. It receives year-round barge services and state ferry service. The Merle K. 'Mudhole' Smith Airport at mile 13 is state owned and operated, with an asphalt runway and a gravel crosswind runway. The state owned and city operated Cordova Municipal Airport has a gravel runway. Daily scheduled jet flights and air taxis are available. Float planes land at the Lake Eyak seaplane base or the boat harbor. Harbor facilities include a breakwater, dock, small boat harbor with 850 berths, boat launch, boat haul-out, ferry terminal, and marine repair services. A 48-mile gravel road provides access to the Copper River Delta to the east. As of 2014, the road is impassable beyond mile 36 due to a bridge across the Copper River which is washed out.",2023/08/24 08:00:00+00
297451.122482249,1667250.52584127,133,Fairbanks,{7102AFBB-6F0A-4C7A-92FF-6F5A6D66AB18},Yes,No,No,Yes,Yes,No,"Fairbanks is at the confluence of the Richardson Highway, George Parks Highway, Steese Highway, and Elliott Highway, connecting the Interior to Anchorage, Canada, and the lower 48 states. The Dalton Highway to Prudhoe Bay begins about 75 miles north of town. Goods are transported to Fairbanks by truck, air, and the Alaska Railroad. Regularly-scheduled jet flights are available at the state-owned Fairbanks International Airport. An asphalt runway and a gravel landing strip, heliport, and seaplane landing area are available. A public seaplane base is also located on the Chena River. In addition, there are several privately-owned airstrips and heliports in the vicinity. The Fairbanks North Star Borough Comprehensive Recreational Trail Plan program (CRTP) includes year-around multi-use motorized recreational trail corridors throughout the borough. The CRTP recognizes 36 multi-use motorized recreational trails ranging over 717 linear miles.",2023/08/24 08:00:00+00
297183.015943376,1667834.53924264,134,Fairbanks North Star Borough,{B5ACCECA-F853-4F79-AD96-1CCA33463183},No,No,No,No,Yes,No,"Fairbanks is at the confluence of the Richardson Highway, George Parks Highway, Steese Highway, and Elliott Highway, connecting the Interior to Anchorage, Canada, and the lower 48 states. The Dalton Highway to Prudhoe Bay begins about 75 miles north of town. Goods are transported to Fairbanks by truck, air, and the Alaska Railroad. Regularly-scheduled jet flights are available at the state-owned Fairbanks International Airport. An asphalt runway and a gravel landing strip, heliport, and seaplane landing area are available. A public seaplane base is also located on the Chena River, and there are several privately-owned airstrips and heliports in the vicinity. The Fairbanks North Star Borough also has 36 multi-use motorized recreational trails ranging over 717 linear miles. These trails are built and maintained year-round through the borough Comprehensive Recreational Trail Plan program.",2023/08/24 08:00:00+00
-602750.752160449,580772.977697475,135,False Pass,{223C147A-542C-4057-8AE2-C5C99FC10AB1},Yes,Yes,Yes,Yes,No,Yes,"Boats and aircraft provide the only means of transportation into False Pass. A seaplane base and a state-owned gravel airstrip are available. Mail and passenger flights arrive three times weekly. There is a boat harbor with electricity and water at the floats, and a dock and boat ramp are available. Cargo barges are available from Seattle. No local taxi or delivery services exist in False Pass. The state ferry operates once a month between May and October from Kodiak.",2023/08/24 08:00:00+00
256231.649025432,1305085.0355838,136,Farm Loop,{803C9DC0-CB68-4FB4-8746-A65C69A5905F},No,No,No,No,Yes,No,"Farm Loop is located off of the Glenn Highway. Commercial airlines serve the Anchorage International Airport, but the Palmer Municipal Airport supports private and chartered services. There are several additional privately-owned airstrips in the vicinity. Float planes may land at nearby Finger Lake or Wolf Lake. The Alaska Railroad connects Palmer to Whittier, Seward, or Anchorage for ocean freight delivery.",2023/08/24 08:00:00+00
295068.174974073,1672639.25755778,137,Farmers Loop,{69F4E278-CF90-4297-B76E-3E6C8AF33FFF},No,No,No,No,Yes,No,Farmers Loop is a suburb due north of Fairbanks. It is named for and centered on Farmers Loop Road.,2023/08/24 08:00:00+00
238269.989945074,1570151.72772141,138,Ferry,{6271DC39-C422-443B-AB71-71A2246047FD},No,No,No,No,Yes,No,"From the George Parks Highway, road access is available only on privately-owned railroad or university land. Most residents park their cars on a private lot and walk into Ferry, across a railroad bridge and catwalk. Students are taken by ATV across the river to the school bus.",2023/08/24 08:00:00+00
250361.251578821,1310626.54739092,139,Fishhook,{90DA2B6B-1B09-4D7A-A466-E6B55B21AEE8},No,No,No,No,Yes,No,"The George Parks Highway, Glenn Highway, and other local roads connect the area to Anchorage, the remainder of the state, and Canada. The Alaska Railroad serves the Fairbanks to Seward route. The Wasilla and Palmer airports provide scheduled commuter and air taxi services. Float planes land at Wasilla Lake, Jacobsen Lake, and Lake Lucille. There are ten additional private airstrips in the vicinity. Commercial jet flights are operated out of Anchorage International Airport.",2023/08/24 08:00:00+00
-206089.138868699,1392911.96511534,140,Flat,{3C695476-5C5E-4120-9E30-BF42C37A0EAF},Yes,No,No,No,No,No,"There is no road access. The state-owned turf/gravel airstrip is 4,045' long by 90' wide.",2023/08/24 08:00:00+00
-920051.268871235,471174.389125324,141,Fort Glenn,{20C57414-77B7-4491-9EF4-31C77E83238F},No,No,No,No,No,Yes,,2023/08/24 08:00:00+00
403401.069467337,1583732.90025987,142,Fort Greely,{025A0F26-3C9F-4F08-ADB2-F18FEC8DF739},No,No,No,No,Yes,No,The Richardson Highway provides access to Fairbanks and the statewide road system. The Allen Airfield has a asphalt runway but is restricted to military aircraft.,2023/08/24 08:00:00+00
301242.361861717,1666283.73876794,143,Fort Wainwright,{3D0376C5-5127-4959-91EA-4BDA2B041AD6},No,No,No,No,Yes,No,The base is connected to the Fairbanks area by road. ,2023/08/24 08:00:00+00
389073.564573699,1871099.72992694,144,Fort Yukon,{641D75DC-10FB-4C68-9F27-A8720C97B6C0},Yes,No,No,Yes,No,No,"Fort Yukon is located at the confluence of the Yukon and Porcupine Rivers, about 145 air miles northeast of Fairbanks. Fort Yukon is accessible by air year-round and by barge during the summer months. Heavy cargo is brought in by barge from the end of May through mid-September; there is a barge off-loading area but no dock. Grocery items and other supplies are also shipped by air. Riverboats and skiffs are used for recreation, hunting, fishing, and other subsistence activities. A state-owned lighted, gravel airstrip is available; Hospital Lake, adjacent to the airport, is used by float planes. Snow machines and dog sleds are used on area trails or the frozen river, which becomes an ice road to area villages during winter. Extensive erosion to the north bank of the Yukon River has caused damage to city roads, which are scheduled for repairs in Spring 2014.",2023/08/24 08:00:00+00
233383.627890657,1635058.91387974,145,Four Mile Road,{1A2DC081-51F5-4F8F-AE9B-516B4A83C31C},No,No,No,No,Yes,No,"Nenana is three miles to the south along the George Parks Highway and has excellent air, river, road, and railroad access. The railroad provides daily freight service. The Nenana Municipal Airport offers a lighted runway, with float plane and ski plane landing areas. The Nenana Port Authority operates the dry cargo loading and unloading facilities, dock, bulkhead, and warehouse.",2023/08/24 08:00:00+00
301046.446744987,1680858.24702788,146,Fox,{DF0AA24E-FAFB-4033-9E30-014BC53D341A},No,No,No,No,Yes,No,The area's highways provide access to the statewide road system. Nearby Fairbanks is 11 miles south of Fox and offers jet and railway services.,2023/08/24 08:00:00+00
172138.637355531,1099907.03794264,147,Fox River,{B93DB68F-0ECD-4E8C-8511-88FA35BB40CF},No,No,No,No,No,No,"East End Road provides access to Homer, which is 17 miles away. Residents use the Homer docking facilities.",2023/08/24 08:00:00+00
151373.868896011,1084665.79179957,148,Fritz Creek,{4B339CC2-7B7F-4B2F-8003-C1DE90E459CD},No,No,No,No,Yes,Yes,"East End Road provides road access to Homer. Nearby Homer offers an airport, harbor and docking facilities, and a state ferry landing.",2023/08/24 08:00:00+00
177179.719791345,1172748.87623511,149,Funny River,{CF70B6E1-31BB-4019-97D8-DD470A6AD914},No,No,No,No,Yes,No,The Soldotna and Kenai airports serve local air traffic. The Sterling Highway provides access to Anchorage and other destinations.,2023/08/24 08:00:00+00
448520.690108933,1399145.12097839,150,Gakona,{ED284F88-6827-4DC4-B028-5F0BFA6CF129},No,No,No,No,Yes,No,"Gakona is at the confluence of the Copper and Gakona Rivers, 15 miles northeast of Glennallen. It lies at mile 2 on the Tok Cut-Off to the Glenn Highway, just east of the Richardson Highway.A paved runway is available at nearby Gulkana.",2023/08/24 08:00:00+00
-136929.048131091,1645322.79517116,151,Galena,{9CB98028-F75A-4D46-A951-AB787D2CF82E},Yes,No,No,Yes,No,No,"Galena serves as the transportation and commercial center for surrounding villages in the western Interior of Alaska. The former Galena Air Force Station field, now the Edward G. Pitka, Sr. airport, has daily flights to Fairbanks through several small carriers. Barge companies use the Yukon River to deliver goods to Galena. The Yukon River is also used as a transportation corridor to nearby villages year-round. Galena has no paved roads, but there are 45 miles of gravel roadways and 276.8 miles of undeveloped roads which are used for subsistence and recreation. Pickups, cars, snow machines, skiffs, and ATVs are used for local travel. During winter, the frozen rivers are used for travel to Ruby, Koyukuk, Kaltag, and Nulato. A winter trail is available to Huslia.",2023/08/24 08:00:00+00
-861997.814284141,1650244.02734943,152,Gambell,{961462BD-8155-4FFF-863B-A652CC389066},Yes,No,No,Yes,No,Yes,"Gambell's isolated location on an island with no seaport results in heavy dependence upon air transport. The state-owned airport has an asphalt runway. Regular flights from Nome and charters from Unalakleet are available. Freight is shipped by barge from Anchorage. Winter transportation on St. Lawrence Island primarily consists of snow-machine travel over packed snow. However, these routes often traverse through treacherous landscapes that offer little or no points of reference during bad weather. Tripods were installed in 2013 marking the winter routes between Gambell and Savoonga, as well as other points on the southern part of St. Lawrence Island. An approximately 7 mile evacuation road was completed in 2013 which extends southward from the village of Gambell.",2023/08/24 08:00:00+00
1074354.85656595,1045499.28033585,153,Game Creek,{6506427D-91A9-4004-B55F-B5D8AC6ECBEC},No,No,No,No,No,Yes,"Nearby Hoonah provides an airport, ferry landing, seaplane dock, and harbor. Game Creek is 8.9 miles by road from Hoonah.",2023/08/24 08:00:00+00
251773.457253135,1297369.84145519,154,Gateway,{A1A00D41-E402-42E4-B4DE-FF2EE4036F66},No,No,No,No,Yes,No,"The George Parks Highway, Glenn Highway, and other local roads connect the area to Anchorage, the remainder of the state, and Canada. The Alaska Railroad serves the Fairbanks to Seward route. The Wasilla and Palmer airports provide scheduled commuter and air taxi services. Float planes land at Wasilla Lake, Jacobsen Lake, and Lake Lucille. There are ten additional private airstrips in the vicinity. Commercial jet flights are operated out of Anchorage International Airport.",2023/08/24 08:00:00+00
-196790.588863644,1329098.63936945,155,Georgetown,{84187274-E695-4735-89E5-F837DCB605AD},No,No,No,No,No,No,Georgetown is no longer populated and is accessible by river. In prior years it was used as a summer fish camp.,2023/08/24 08:00:00+00
262653.505677014,1230166.70557979,156,Girdwood,{CD547D99-6D12-4842-81D6-4087A40EA80A},Yes,No,No,No,Yes,Yes,Girdwood has a gravel airstrip. Nearby Anchorage provides a number of transportation options. Girdwood is 38 miles on the Seward highway from Anchorage.,2023/08/24 08:00:00+00
329327.55058675,1328445.60885091,157,Glacier View,{723F2211-DF24-4A26-B478-AC2F7B43D3AF},No,No,No,No,Yes,No,Glacier View is located on the Glenn Highway. A state-owned airfield is located at Sheep Mountain Lodge. Residents also use the transportation facilities of Palmer or Anchorage.,2023/08/24 08:00:00+00
439627.705608474,1376652.70899664,158,Glennallen,{0F6D14AC-19B0-4FFB-87AF-FBC82152C2A8},Yes,No,No,No,Yes,No,"Glennallen is located at milepost 187 on the Glenn Highway, northeast of Anchorage and just west of the junction with the Richardson Highway. It is the supply hub of the Copper River region. The Gulkana Airport, five miles northeast of Glennallen, provides scheduled flights to Anchorage and McGarthy.",2023/08/24 08:00:00+00
447305.30663745,1574535.33119065,159,Gold Sand Acres,{A4C10B55-783B-407A-899A-082F370C4AE8},No,No,No,No,Yes,No,,2023/08/24 08:00:00+00
289077.955790433,1676279.94651655,160,Goldstream,{C63A334D-9CE5-410F-9042-CB548BBECC87},No,No,No,No,Yes,No,"Goldstream is a suburb of Fairbanks and is located on Goldstream Road, approximately 14 miles north of the city.",2023/08/24 08:00:00+00
-431919.643857906,1649447.6365716,161,Golovin,{D18E8CFB-89C1-437A-ADAA-399023E0587C},Yes,No,No,Yes,No,Yes,"Since there are no roads connecting the city with other areas, access to Golovin is limited to air and sea. However, in the winter the village can also be accessed over land or ice. Both scheduled and chartered flights are available from Nome. A cargo ship brings supplies once each summer from Nome. Locals are interested in a road to White Mountain. The airport was recently relocated, and a new state-owned airport with a gravel runway is available. Scheduled and chartered flights are available (weather permitting) daily from Nome. Barges cannot currently land at Golovin because there is no dock. Supplies are lightered from Nome and offloaded on the beach. There is a small boat dock and a concrete boat ramp.",2023/08/24 08:00:00+00
-431808.216810717,1038370.39728577,162,Goodnews Bay,{86CBBCFB-1DC1-4C75-A1A2-84F6C19F0635},Yes,No,No,Yes,No,Yes,"A state-owned gravel airstrip is available for chartered or private planes year-round. There are no docking facilities, although locals use boats and skiffs extensively during the summer months. Snow machines are the primary means of travel during the winter. Winter trails are marked along the Coastal Trail (60.3 mi) and the Arolik Trail (60.1 mi). Barges deliver fuel and other supplies during the summer months. Groceries and other small items are bought in by plane.",2023/08/24 08:00:00+00
-307074.484708072,1451345.5736835,163,Grayling,{DD04D244-B150-4D0C-83D9-26AAE567CC97},Yes,No,No,Yes,No,No,"In summer, access to Grayling is by air, riverboat, or barge. The state owns and operates gravel runway. No roads connect Grayling with other communities. Skiffs are used for transportation up and down the river during summer. Every other year, Grayling is a checkpoint on the annual 1,049 mile Iditarod Trail Sled Dog Race. Many supplies including groceries and other small items are bought in by airplane.",2023/08/24 08:00:00+00
445413.909114173,1394980.4832258,164,Gulkana,{5A851423-1D34-45BF-9EE7-8765E762667F},Yes,No,No,No,Yes,No,The Richardson Highway passes close by the village and is maintained year-round. Gulkana is 191 miles east of Anchorage. A state-owned asphalt runway is available at the Gulkana Airport.,2023/08/24 08:00:00+00
1050532.36181576,1080255.03184299,165,Gustavus,{3D5231FD-4F19-414E-A871-FAFF3941FF8F},Yes,Yes,Yes,Yes,No,Yes,"Gustavus has a state-owned airport with jet capability and two asphalt runways. Alaska Airlines has daily flights in the summer. Commercial air service is partially funded by the Essential Air Service program. Small planes, corporate jets, and air taxi services also use the airport, and float planes land at nearby Bartlett Cove with limited tie-up time. Air traffic is relatively high during peak summer months, and some cruise ships include Glacier bay in their itinerary. The state ferry (Alaska Marine Highway System) provides weekly service from Juneau via the M/V Leconte. A new AMHS dock and corresponding float system provide a docking area for transient vessels only. The harbor has no facilities for overnight or long-term moorage. A 10-mile, state-maintained road connects Bartlett Cove and the community of Gustavus. In 2014 the city was working with the Department of Transportation to make plans for a replacement bridge at Rink Creek. Freight arrives via air or landing craft. Small boats and ferries regularly dock in Gustavus in the summer. Tours are available from Bartlett Cove, Gustavus, and Juneau. Because of the large number of tourists who arrive by boat or plane in the area, Gustavus is considered the gateway to Glacier Bay National Park.",2023/08/24 08:00:00+00
1041546.65601907,1173104.96179083,166,Haines Borough,{EE7CEC95-7451-4BA9-B25F-B1C7F2362518},No,Yes,Yes,Yes,Yes,Yes,"Haines is a major trans-shipment point because of its ice-free, deep water port and dock and year-round road access to Canada and Interior Alaska. It is a northern terminus of the Alaska State Ferry System and a hub for transportation to and from southeast Alaska. Haines has an asphalt airport runway and a landing area for float planes.",2023/08/24 08:00:00+00
1041546.65601907,1173104.96179083,167,Haines Borough,{EE7CEC95-7451-4BA9-B25F-B1C7F2362518},Yes,Yes,Yes,Yes,Yes,Yes,"Haines is a major trans-shipment point because of its ice-free, deep water port and dock and year-round road access to Canada and Interior Alaska. It is a northern terminus of the Alaska State Ferry System and a hub for transportation to and from southeast Alaska. Haines has an asphalt airport runway and a landing area for float planes.",2023/08/24 08:00:00+00
156163.973245726,1070567.11099562,168,Halibut Cove,{74696C73-F1AA-4DBA-8D8F-2D4FFAEFCC7E},No,Yes,No,No,No,Yes,There is no road access to Halibut Cove. Boats and float planes are the primary means of transportation. Kachemak Bay Ferry Service provides transportation from Homer.,2023/08/24 08:00:00+00
-499903.024783892,1473465.78065852,169,Hamilton,{4E111111-E561-4EB9-AB8B-3A099E33AC07},No,No,No,No,No,Yes,"Hamilton is a Yup'ik summer subsistence-use camp; villagers live permanently in Kotlik. Transportation is provided by boat or float plane.",2023/08/24 08:00:00+00
125967.131336441,1107168.56440516,170,Happy Valley,{452DEEAD-0063-4786-BCAF-5835043C441F},No,No,No,No,Yes,Yes,"The Sterling Highway provides a route to Anchorage and the statewide highway system. Nearby Homer offers an airport, harbor and dock, and state ferry landing.",2023/08/24 08:00:00+00
356207.713993115,1620815.87235197,171,Harding-Birch Lakes,{55DEA83C-221E-4084-B00F-536B59BE5069},No,No,No,No,No,No,"The Richardson Highway provides access to Fairbanks and Anchorage, as well as the lower-48 states.",2023/08/24 08:00:00+00
298806.233639095,1699080.3309055,172,Haystack,{B043E26D-53A6-4E96-8A4B-7A5E4AE142C0},No,No,No,No,Yes,No,,2023/08/24 08:00:00+00
244851.204268498,1554216.24330167,173,Healy,{8905A89B-A676-4C0A-BEB5-C17AD570F833},Yes,No,No,No,Yes,No,Healy is located on the George Parks Highway 110 miles south of Fairbanks. Cargo is delivered by rail or truck. The state-owned Healy River Airport has an asphalt runway. Local services provide helicopter or air tours of the Denali Park. Companies based in Anchorage and Fairbanks also provide bus tours to the park.,2023/08/24 08:00:00+00
451255.903980532,1591003.87519876,174,Healy Lake,{093A0B52-9C15-4F33-8872-681E456A939D},No,No,No,No,No,No,"The Tanana River provides boat access to Healy Lake at Big Delta. The lake is east of the Richardson Highway; however, there is no direct road access. During the winter, residents fly in by ski plane or drive in on the ice road. Healy Lake receives funds from the Essential Air Services program that subsidizes the cost of commercial flights.",2023/08/24 08:00:00+00
1216344.43677328,1019553.27160176,175,Hobart Bay,{6882E91E-F23E-4649-BC1E-168B1173F2E7},No,Yes,No,No,No,Yes,"Hobart Bay was incorporated as part of the Petersburg Borough in January, 2013. The bay is a destiatnion for sight-seeing, hunting and fishing tour operators and commercial fisherman. Access is by float plane and boat. There is a public dock.",2023/08/24 08:00:00+00
1325892.93821721,822796.348237747,176,Hollis,{6B0D4814-B112-41E9-8F10-11A29507E7CA},No,Yes,No,No,No,Yes,"Hollis is the location of the state ferry landing for Prince of Wales Island. A state-owned seaplane base, harbor, dock, and boat ramp are available on Clark Bay. An airstrip is located at nearby Klawock. The island has a system of logging roads which provide access to surrounding communities. The Inter-Island Ferry Authority operates a once-daily, year-round ferry service between Ketchikan and Hollis.",2023/08/24 08:00:00+00
-299104.583730028,1371169.35640814,177,Holy Cross,{6F84CE74-EDA0-4424-A080-4A7C0F08E5DF},Yes,No,No,Yes,No,No,"The community is dependent upon air and boat transportation. The state owns and operates a 4 gravel airstrip. Groceries and small items are shipped in by airplane. Holy Cross is serviced by barge in the summer. Residents use boats for fishing, subsistence, and recreation. The 7.5 miles of local roads are used by 3-wheelers, motor bikes, snow machines, and dog teams.",2023/08/24 08:00:00+00
138629.431092521,1075412.72159425,178,Homer,{74B62695-129C-4E06-A228-C50EFCC9A872},Yes,Yes,Yes,Yes,Yes,Yes,"Homer is accessible through the Sterling Highway. It is often referred to as 'The End of the Road,' because it lies at the terminus of the Sterling Highway. The state owns and operates the Homer Airport, which has an asphalt runway and float plane basin and a seaplane base at Beluga Lake. The city is served by scheduled and chartered aircraft services. There are additional private landing strips in the vicinity. The Alaska Marine Highway and local ferry services provide water transportation. The deep-water dock can accommodate 30-foot drafts and 340-foot vessels. There is a cruise ship dock, a boat harbor with moorage for 920 vessels, and a 4-lane boat launch ramp.",2023/08/24 08:00:00+00
1076331.88668661,1052302.38252826,179,Hoonah,{67C77481-D454-4AD4-8099-C6A3005285DE},Yes,Yes,Yes,Yes,No,Yes,Hoonah is dependent on air and water transportation for movement of small freight and passengers. The state owns and operates an airport with an asphalt runway and a seaplane base that are both served by scheduled small aircraft from Juneau. A state ferry terminal and harbor/dock area are available. Freight arrives by barge or plane. There is a widespread logging road system on northwest Chichagof Island.,2023/08/24 08:00:00+00
-637703.69598663,1341749.41966851,180,Hooper Bay,{8D01840C-135C-49A1-A1FE-5C63881EEF8A},Yes,No,No,Yes,No,Yes,"Residents of Hooper Bay rely on air and water transportation. Groceries and small items are shipped in year round by air mail. Snow machines and ATVs are the primarily used for land transportation within the community and to nearby villages. A paved runway is operated by the state of Alaska. Barge lines deliver shipments of fuel and other bulk supplies throughout the summer. A fishing dock is available. Skiffs are used during summer for local transportation. Winter trails exist to Scammon Bay (32 mi), Chevak (20 mi), and Paimiut (14 mi). In 2011, community was awarded grant funds for building an access road to a new wind turbines. At the same time, enhancements were made to 3.5 miles of ATV trails through a cooperative project with the National Park Service. The city has plans for an aiprot improvement project, a new small boat harbor and docking area with constuction scheduled to begin in 2015.",2023/08/24 08:00:00+00
236419.301095638,1222751.1515791,181,Hope,{B94A5304-F56C-49FE-A615-8E72E73F6255},Yes,No,No,No,Yes,Yes,Hope is accessible from the Seward Highway and is 88 miles from Anchorage. A state-owned gravel airstrip is available. Both nearby Anchorage and Kenai offer a variety of transportation services.,2023/08/24 08:00:00+00
221714.696270084,1301745.84373663,182,Houston,{15846556-C6AB-448D-B51D-2DE0E8727969},No,No,No,No,Yes,No,Houston lies on the Parks Highway and the Alaska railroad north of Anchorage. Full air service is available at Anchorage International Airport. Other local air service is available at Mat-Su's small airports. A local seaplane base exists on Morvro Lake.,2023/08/24 08:00:00+00
-11727.409237893,1787572.07370767,183,Hughes,{9D089209-6790-456D-85A0-4D3282C8B989},Yes,Yes,No,Yes,No,No,"River transportation is very important to Hughes, although barge service is not reliable due to shallow water. Most fuel and heavy freight is brought in by air. A lighted, gravel 3,380' long by 100' wide runway is maintained and owned by the state. Snow machines, ATVs, and skiffs are used for local transportation. The frozen river serves as an ice road during winter and links the village to other area communities.",2023/08/24 08:00:00+00
-110126.419518891,1751240.80768989,184,Huslia,{049CEFC6-7BD3-4DA4-98C6-3D0DBE9942E3},Yes,No,No,Yes,No,No,"Water travel is the principal mode of transportion during the summer. Cargo and fuel arrives by barge twice each year, in May and September. Groceries are flown in weekly by bypass mail. Huslia is accessible by air year-round. There is a 4,000' long by 75' wide lighted gravel airstrip that is owned by the state. Snowmachines, ATVs, and skiffs are used for local transportation. Huslia has a network of winter trails, and the frozen river is used as an ice road to neighboring villages.",2023/08/24 08:00:00+00
1325135.64850376,790122.786706786,185,Hydaburg,{BDF65BBA-7D3D-4EFD-8DC7-59E48EA68082},Yes,Yes,No,Yes,No,Yes,"Hydaburg has a seaplane base with scheduled flights from Hydaburg that connect in Ketchikan. Hydaburg has a heliport available as well. The city recently completed improvements to the Hydaburg Small Boat Harbor. A road leads to Craig, Klawock and Hollis, where the state ferry docks. Weekly barges from Seattle deliver goods, and cargo is also trucked to Hydaburg from the neighboring sea port communities. Hydaburg now has a Transit system with transit to Craig, Klawock and Hollis.",2023/08/24 08:00:00+00
1465088.61804823,923484.211796796,186,Hyder,{BC2CDE0E-83BC-4AC5-8095-1EB202D71049},Yes,No,No,Yes,Yes,Yes,"Hyder has a seaplane base that opens in Portland Canal. Hyder is connected to Canada's highway system, which makes it accessible by road. Combined port facilities for Hyder and Stewart provide a deep draft, ice-free port capable of handling large cargo barges. The Arrow/Cassiar Barge Ramp provides a hydraulic barge ramp, intermodal transit, and gravel storage area. Stewart Bulk Terminals are located between Hyder and Stewart, and provide 800 feet of berth face. Facilities include a 750 ton-per-hour bulk ship loader and covered storage. Deep sea log export facilities are also available. sediment. As of July 2012, Stewart was in the permitting phase of a $50 million port project which would expand existing facilities and provide a multipurpose port capable of supporting barge access, mineral concentrate loading, roll-on/roll-off cargo vessels, and break bulk cargo.",2023/08/24 08:00:00+00
-209992.280403817,1403300.58678245,187,Iditarod,{2EA8630A-A35A-4238-AB30-13F9511BD7BC},No,No,No,No,No,No,,2023/08/24 08:00:00+00
-107962.714497153,1038397.38657463,188,Igiugig,{729C1584-C0E2-49D1-B9B4-275E3D55B9D1},Yes,No,No,Yes,No,No,"Igiugig is located in southwestern Alaska, on the south bank of the mouth of the Kvichak River and Lake Iliamna. It is accessible by water and air. Charter flights are available from Iliamna and King Salmon. The state owns and maintains a gravel runway. A small public dock is available. Barges deliver goods from Naknek or Dillingham in the fall. Igiugig Corporation operates a barge system on Lake Iliamna.",2023/08/24 08:00:00+00
-50740.8886460557,1085205.2101001,189,Iliamna,{5ADEA6FC-9615-4F6E-9B68-F73ADD743B06},Yes,Yes,No,Yes,No,No,"Travel in Iliamna is usually by small plane, and seasonally by boat, four-wheeler, or snowmobile. Individuals also use personal vehicles, ATVs, and skiffs. Barges deliver bulk goods to the area via the Kvichak River. An improvised barge landing area is currently available at Iliamna. A breakwater, boat harbor, and dock are also available, although the dock is in poor condition. A state-owned airport with two gravel airstrips is located several miles west of Iliamna. Iliamna Air Taxi, Inc. provides scheduled mail, freight, and passenger air service to several Iliamna Lake communities. A private airstrip is located at the Iliamna Roadhouse, and Summit Lake provides private float plane access. A paved road connects Iliamna to the Iliamna airport, as well as the community of Newhalen located several miles to the south. During the winter, a road is passable between Iliamna and Nondalton, 15 miles to the north, although the road is only paved half way. Construction of a bridge is proposed at the western end of Six Mile Lake, which would provide year-round access to Nondalton. In addition, an unimproved trail, the Williamsport-Pile Bay Trail, runs along the northern shore of Iliamna Lake, connecting Iliamna and Newhalen with the communities of Pedro Bay and Pile Bay Village to the east. Pile Bay Village is also connected to Cook Inlet by road. This corridor is used to transport fishing boats and supplies between Cook Inlet and Bristol Bay, but is considered difficult to use.",2023/08/24 08:00:00+00
241929.271485675,1231071.08531704,190,Indian,{4B8ACE5C-5F78-407E-9A85-5F0927EE2028},No,No,No,No,No,No,,2023/08/24 08:00:00+00
-342253.119186579,668891.461576358,191,Ivanof Bay,{1D96F2EA-F1A3-4CC9-868D-090FD22E1CD6},No,No,No,No,No,Yes,"Ivanof Bay is accessible via air or water, and there is no overland connection. A private gravel airstrip, owned by Bay View, Inc., is present in the community, and float planes can land on Ivanof Bay. There are no scheduled commercial flights to Ivanof Bay; the community is only accessible by charter flights. The nearest port with barge service is Chignik Bay. No public dock or harbor is available in Ivanof Bay. Local residents use ATVs and skiffs as primary modes of transportation.",2023/08/24 08:00:00+00
139054.108442029,1055138.12759386,192,Jakolof Bay,{360ADAD3-3D36-4FBD-B83A-DECC5AF63581},No,No,No,No,No,Yes,Jakolof Bay is connected by road with Seldovia. There is a rough gravel airstrip on the beach which is underwater during some high tides.,2023/08/24 08:00:00+00
224056.214300624,1259961.58589164,193,Joint Base Elmendorf-Richardson,{3A66DA74-669C-477F-B7DF-732C814AA38A},No,No,No,No,Yes,No,,2023/08/24 08:00:00+00
1128714.87957736,1089944.96465042,194,Juneau,{E5B6208B-DD7F-4DBA-951C-0C5D616E79BF},Yes,Yes,Yes,Yes,No,Yes,"Juneau is accessible only by air and sea. Automobiles are either shipped to Juneau or brought on the Alaska Marine Highway from connections to the highway system in Bellingham, Prince Rupert, Skagway, Haines, and Whittier. Scheduled jet flights and air taxis are available at the municipally-owned Juneau International Airport. The airport has a paved runway and a seaplane landing area. Marine facilities include a seaplane landing area at Juneau Harbor, four cruise ship docks, five small boat harbors, and a state ferry terminal. The Alaska Marine Highway System and cargo barges provide year-round services. Capital Transit provides public transportation throughout the urban area. In 2013, local ridership totaled 1.25 million trips. Juneau is a busy port for cruise ships and can have more than 10,000 visitors in a single day. The city is currently expanding its docking facilities to accommodate larger ships. Approximately 1 million cruise ship passengers visit Juneau each year. There is an extensive network of hiking trails in the Juneau area. Private boats and kayaks are commonly used to reach areas off of the road system. Juneau was certified as a Bicycle Friendly Community in 2011.",2023/08/24 08:00:00+00
142995.216227501,1077791.26665928,195,Kachemak,{3D257994-65F8-4489-A35E-C42F284CB327},No,No,No,No,Yes,Yes,"Local roads connect Kachemak to the Sterling Highway. Nearby Homer has an airport, harbor/dock, and state ferry access. Kachemak City's roads are all public access roads that are maintained by the State or by neighborhood associations. The city does subsidize maintenance and improvement of privately maintained roads by partially reimbursing the neighborhood associations, on a matching grant basis, for work they accomplish.",2023/08/24 08:00:00+00
163610.124814811,1092933.37341036,196,Kachemak Selo,{42DB4ABE-BFBA-4450-A725-03EE74F34A74},No,No,No,No,Yes,Yes,,2023/08/24 08:00:00+00
14235.4931720284,761503.129363902,197,Kaguyak,{298443C2-18A4-45F6-B8AD-A9BB1745B73A},No,No,No,No,No,No,This area is used as a seasonal fish camp.,2023/08/24 08:00:00+00
1198537.96643152,956568.247197351,198,Kake,{2F5F6904-B47C-439D-9AC1-64135C4403A6},Yes,Yes,Yes,Yes,No,Yes,"Kake can be reached by air and sea. There are scheduled float plane and air taxi flights from Juneau and Sitka. Kake has a state-owned lighted, paved runway west of town and a seaplane base at the city dock. Kake does participate in the Essential Air Services program which subsidizes the cost of commercial air flights. State ferry and barge services are available. Facilities also include a small boat harbor, boat launch, deep water dock, and state ferry terminal. There are about 120 miles of logging roads in the Kake area, but no connections to other communities on Kupreanof Island.",2023/08/24 08:00:00+00
399600.549366245,2270028.55604022,199,Kaktovik,{9B8441F9-AEFE-4E1D-BD2C-725FCCBB0299},Yes,No,No,Yes,No,Yes,"Air travel provides the only year-round access to Kaktovik. In addition to serving as a crucial link for passengers and cargo, aviation is also the primary means by which Kaktovik residents receive mail. The Barter Island Airport is owned by the Air Force and operated by the North Slope Borough. As of 2014, a new airport and runway are being built. In addition to air and overland transportation, marine transportation provides seasonal access to Kaktovik. Barges deliver cargo to the community during the summer. Barges are beached in front of the community, and materials are unloaded there to be hauled to the village. As of 2014, no boat ramp was present in the community, and boats were stored on the beach of Kaktovik Lagoon. The community would like a boat ramp to allow safer ocean launching of boats, and also report that the current launching area is too shallow and should be relocated.",2023/08/24 08:00:00+00
156453.254663933,1170083.70777103,200,Kalifornsky,{644B47A1-3B29-48C4-8EF0-4585B2204F2E},No,No,No,No,Yes,Yes,Access to the Sterling Highway exists. Nearby Kenai offers an airport and boating facilities.,2023/08/24 08:00:00+00
-228052.174361995,1604048.17941984,201,Kaltag,{5790AC9E-408E-42C0-BDC7-490DB0451EAD},Yes,No,No,Yes,No,No,"The state-owned 3,986' long by 100' wide lighted gravel airstrip provides Kaltag with year-round air service. Barges typically deliver heavy cargo three times a year. Snowmachines, ATVs, and riverboats are used for local transportation. The frozen river, local trails, and the 90-mile Old Mail Trail to Unalakleet are used during the winter for woodcutting and trap lines.",2023/08/24 08:00:00+00
-121500.336311394,842308.001048458,202,Kanatak,{EB87DB2C-4CDC-4E89-859B-615181119A8D},No,No,No,No,No,Yes,Kanatak is an abandoned native village.,2023/08/24 08:00:00+00
-26064.7996387458,839943.077749614,203,Karluk,{BF30433A-BCB7-443D-A9C4-767CA6C76820},Yes,No,No,Yes,No,Yes,"Karluk is accessible by air and water. Regular and charter flights depart from nearby Kodiak. There are both a state-owned gravel airstrip and a seaplane base at Karluk Lake. Several companies offer service between Kodiak and Karluk if a minimum number of passengers charter a plane. Barge service is available twice a month from Kodiak, and goods are lightered to shore by skiff. Karluk does not have a harbor or docking facilities, so landing crafts are used to bring supplies ashore. Local residents who transport their own supplies will anchor off shore and haul their goods with smaller boats or skiffs. There is about one mile of gravel road in the community.",2023/08/24 08:00:00+00
1338594.06514505,833795.41108672,204,Kasaan,{559A9BCF-E97B-4506-925E-E21FB8E9FED9},Yes,Yes,No,No,No,Yes,"Kasaan can be accessed by automobile, float plane, and boat. A state-owned seaplane base accommodates charter flights and air freight services from Ketchikan. There is a dock at the old cannery site and a state owned small boat harbor, but no public launching facility. Kasaan is connected via a gravel road to the Prince of Wales Island road system.",2023/08/24 08:00:00+00
-459491.849515607,1241856.61615762,205,Kasigluk,{3816D857-92C5-45BF-B884-7D2529E878D4},Yes,No,No,Yes,No,No,"A state-owned gravel airstrip provides chartered or private air transportation year-round. Locals use skiffs in the summer and snowmobiles, ATVs, and dogsleds in the winter to travel to Bethel and other nearby villages. Winter trails exist to nearby Nunapitchuk (two and a half miles to the northeast) and Atmautluak (eight miles east), as well as a longer winter trail to Chefornak, a village 83 miles southwest of Kasigluk, near the coast of the Yukon-Kuskokwim Delta on the Kinia River. As of 2011 community leaders reported that no docking facilities are present in Kasigluk, and the only vessels that can be accommodated locally are barges. Barges from Bethel deliver fuel and supplies during summer months. A dock, small boat harbor, and seaplane base are located nearby in Nunapitchuk.",2023/08/24 08:00:00+00
150947.041884566,1151749.7363287,206,Kasilof,{CB8D5160-2521-4803-9207-2BBA48832C17},No,No,No,No,Yes,No,"Kasilof lies on the Sterling Highway, which provides road access to Anchorage, 162 road miles to the north. The state owns and operates a gravel airstrip, and there are three additional private airstrips in the vicinity. The nearest airport with scheduled commercial service is approximately 20 road miles north in the City of Kenai, which also offers docking facilities. At Kasilof, there is a boat launch on the Kasilof River, and DNR is planning the addition of a second boat launch to facilitate sport fishing on the lower Kasilof River.",2023/08/24 08:00:00+00
150304.99635841,1177925.70109076,207,Kenai,{C4939227-7B0D-42C1-9C0D-69118EE45B96},Yes,No,No,Yes,Yes,Yes,"Kenai has access to the Sterling Highway. The City-owned Kenai Municipal Airport provides a grooved asphalt runway, gravel strip, and a water runway at the float plane basin. A flight service station is available. Float plane facilities are also available at Island Lake and Arness Lake. There are five additional privately-owned airstrips in the vicinity. The Kenai City Dock and boat ramp are located near the mouth of the Kenai River. There are also a number of private commercial fish processing docks. Moorage is by buoys anchored in the Kenai River.",2023/08/24 08:00:00+00
160336.429556835,1170577.5215573,208,Kenai Peninsula Borough,{3D00FF95-7311-402B-9DD4-1CE3321F245E},No,Yes,Yes,No,Yes,Yes,"Kenai has access to the Sterling Highway. The City-owned Kenai Municipal Airport provides a grooved asphalt runway, gravel strip, and a water runway at the float plane basin. A flight service station is available. Float plane facilities are also available at Island Lake and Arness Lake. There are five additional privately-owned airstrips in the vicinity. The Kenai City Dock and boat ramp are located near the mouth of the Kenai River. There are also a number of private commercial fish processing docks. Moorage is by buoys anchored in the Kenai River.",2023/08/24 08:00:00+00
475265.239316729,1339051.7980426,209,Kenny Lake,{FF44E793-74FE-4F17-9EB7-78D774DF5F63},No,No,No,No,Yes,No,The Edgerton Highway connects Kenny Lake to the entire state road system. Several landing strips are available nearby for small aircraft landings.,2023/08/24 08:00:00+00
1390950.75286723,828555.095617095,210,Ketchikan,{081D88E7-5D78-4E36-AC3C-F753262F026C},Yes,Yes,Yes,Yes,No,Yes,"Regularly-scheduled jet services offer air service transportation from the state-owned Ketchikan International Airport, which has a paved, lighted, asphalt runway. The airport lies on Gravina Island, a 10-minute ferry ride from Ketchikan's waterfront. Ketchikan is a regional transportation hub, with numerous air taxi services located along the waterfront to that service the surrounding communities. There are four major float plane landing facilities: Tongass Narrows, Peninsula Point, Ketchikan Harbor, and Murphy's. Ketchikan is the first port of call in Alaska for cruise ships and Alaska Marine Highway vessels. Harbor and docking facilities include a breakwater, a deep draft dock, port located downtown, five small boat harbors, a privately-owned dry dock and ship repair yard, boat launches, and a state ferry terminal. The shipyard is privately owned. The Inter-Island Ferry Authority operates a once-daily, year-round ferry service between Ketchikan and Hollis Prince of Wales Island.",2023/08/24 08:00:00+00
1389547.45199975,828859.515709213,211,Ketchikan Gateway Borough,{E60C34A3-5913-4148-9A40-D84C112C6316},No,Yes,Yes,Yes,No,Yes,"Regularly-scheduled jet services offer air service. The state-owned Ketchikan International Airport has a paved, lighted, asphalt runway. The airport lies on Gravina Island, a 10-minute ferry ride from Ketchikan's waterfront. Ketchikan is a regional transportation hub, with numerous air taxi services to surrounding communities. There are four major float plane landing facilities: Tongass Narrows, Peninsula Point, Ketchikan Harbor, and Murphy's. Ketchikan is the first port of call in Alaska for cruise ships and Alaska Marine Highway vessels. Harbor and docking facilities include a breakwater, a deep draft dock, five small boat harbors, a dry dock and ship repair yard, boat launch, and a state ferry terminal. The shipyard is privately owned. The Inter-Island Ferry Authority operates a once-daily, year-round ferry service between Ketchikan and Hollis.",2023/08/24 08:00:00+00
-281947.629636162,1904401.94665282,212,Kiana,{A1701483-F114-4FB2-A478-D0F6039C3EA8},Yes,Yes,No,Yes,No,No,"Kiana is primarily accessible by air, as well as small boat and snowmobile. The state-owned Bob Baker Memorial Airport has a gravel runway. Daily scheduled flights and charter flights are provided by Bering Air, ERA Alaska, and Ryan Air Service. Crowley Marine Services barges fuel and supplies to Kiana each summer, and local store owners have large boats to bring supplies upriver. Local transportation takes place using boats, ATVs, snowmobiles, and some trucks owned locally. A road connects Kiana to Kobuk camp, and a network of old trading trails is still in use.",2023/08/24 08:00:00+00
-529656.810844552,593924.882474006,213,King Cove,{E3FB0AD1-05D8-4D22-919A-F24830556C1F},Yes,Yes,Yes,Yes,No,Yes,"King Cove is accessible by air and sea only. A state-owned gravel runway is available. Gale force crosswinds are common, as the airport lies in a valley between two volcanic peaks. Currently a hovercraft provides regular service to nearby Cold Bay, which enjoys more stable flying conditions. Cold Bay Airport also has a longer runway allowing the airport to handle larger planes. A high priority for local transportation has long been construction of an access road between King Cove and Cold Bay to provide a more reliable link to the outside world during emergencies. As of the Fall of 2012, the City of King Cove awaited a final decision on a proposed land transfer that would allow the access road to be extended directly to Cold Bay. In addition to air travel and limited road access, the state ferry provides bi-monthly service to King Cove between May and October. In addition, one public deep-water dock is available in King Cove. The dock can be used by fuel and cargo barges, the state ferry, and large fishing vessels. In addition, a new harbor is operated by the City and provides additional moorage for larger vessels ranging between 60 and 150 feet in length.",2023/08/24 08:00:00+00
-659021.512417337,1736713.21152062,214,King Island,{8D0A29AA-6F62-4AEF-8AEC-28A91695D5BF},No,No,No,No,No,Yes,The island is accessible by boat or helicopter.,2023/08/24 08:00:00+00
-154171.846505468,967957.788887921,215,King Salmon,{DEFFD70D-72D8-4A79-B7DF-81586E965AFF},Yes,Yes,No,Yes,No,No,"King Salmon is a transportation hub for Bristol Bay. Formerly an Air Force base, the state-owned airport has a paved, lighted runway, and an asphalt/gravel crosswind runway. There are scheduled jet flights and charter services offered by Alaska Airlines and Peninsula Air to and from Anchorage. A 4,000 foot stretch of the Naknek River is designated for float plane use. A seaplane base is also located at Lake Brooks, east of King Salmon within the Katmai National Park and Preserve. Four docks are available on the Naknek River, owned by the U.S. Park Service, U.S. Fish and Wildlife Service, Alaska State Troopers, and the Bristol Bay Borough. Cargo goods are delivered to Naknek by barge and trucked upriver to King Salmon via a 15-mile connecting road. During winter, an ice road provides access to South Naknek. Vehicles are the primary means of local transportation, and skiffs are used during summer.",2023/08/24 08:00:00+00
-556949.242780928,1147348.43634021,216,Kipnuk,{6A1D2CBB-7422-4993-9496-87DE4AB29609},Yes,No,No,Yes,No,Yes,"Kipnuk offers a gravel airstrip, with scheduled air taxi service and available charter services. A seaplane base is also available. Boats and skiffs are used by residents for local travel during the summer, with snowmobiles in the winter. Winter trails lead to Tuntutuliak (77 miles), Chefornak (20 miles), and Kwigillingok (35 miles). Although there is no dock, barges from Bethel deliver cargo each summer.",2023/08/24 08:00:00+00
-447225.791769303,2009807.19340044,217,Kivalina,{88062838-37F6-4578-9FDD-4DBF5CACD276},Yes,No,No,Yes,No,Yes,"Kivalina is not connected to any road systems, and basic modes of transportation to and from Kivalina are plane, small boat, and snowmobile. The state owns a gravel airstrip. There is daily air service from Kotzebue and twice weekly service from Point Hope. A new road was constructed in Kivalina in 2009, which doubles as a rock revetment. A road to the town's landfill as well as a dirt road which lead to the airport are no longer in use due to erosion. Two main hunting trails follow the Kivalina and Wulik Rivers and another follows the coast north to south. Northland Services barges fuel, automobiles, groceries, household goods, and general supplies to Kivalina in July and August. Cargo is shipped in daily via plane from either Anchorage or Seattle.",2023/08/24 08:00:00+00
1296632.86162785,821637.582139224,218,Klawock,{F3CDD092-3609-4B82-9B09-D35DB0E7375F},Yes,Yes,No,Yes,No,Yes,"Klawock is dependent on air transportation from Ketchikan, although it is connected to other communities through the island road system. The only airstrip on Prince of Wales Island is located here, with a paved runway. A seaplane base is operated by the state on the Klawock River. Ferry transportation is available to Hollis, 23 miles away. Klawock has a small boat harbor and boat launch ramp. A deep draft dock is located at Klawock Island, which is primarily used for loading timber. Freight arrives by cargo plane, barge, and truck.",2023/08/24 08:00:00+00
1303729.80368706,820922.507807993,219,Klawock Lake,{C57E573B-CD8F-4087-A4BC-FDD914C2B1E0},No,No,No,No,No,No,,2023/08/24 08:00:00+00
998317.04798213,1183440.80521884,220,Klehini Valley,{FBFAC70C-D19A-4FF1-A28E-2E8381629304},No,No,No,No,Yes,No,,2023/08/24 08:00:00+00
1012028.66690744,1184048.99283362,221,Klukwan,{F28EF005-C4A1-4868-9B6A-826AD9633025},No,No,No,No,Yes,No,"Klukwan is accessible from the Haines Highway, which is connected to the Alcan Highway through Canada. Residents rely on the scheduled air flights, harbor, dock, barge, ferry, and trucking services of Haines.",2023/08/24 08:00:00+00
227090.74806451,1283132.91291143,222,Knik,{756E4FDB-9CB2-4269-86D8-1D5B767239A4},No,No,No,No,Yes,No,,2023/08/24 08:00:00+00
268216.101907341,1289956.42903354,223,Knik River,{77794617-74AE-484C-B2E5-D017D4597CC2},No,No,No,No,Yes,No,Knik River lies off the Glenn Highway. Many forms of transportation are available in nearby Palmer and Anchorage.,2023/08/24 08:00:00+00
232080.794116209,1289597.03243804,224,Knik-Fairview,{7BF57869-7BB6-44A4-ADAF-FCBC10DFC7D2},No,No,No,No,Yes,Yes,"The George Parks Highway, Glenn Highway, and other local roads connect the area to Anchorage, the remainder of the state, and Canada. The Alaska Railroad serves the Fairbanks to Seward route. The Wasilla and Palmer airports provide scheduled commuter and air taxi services. Float planes land at Wasilla Lake, Jacobsen Lake, and Lake Lucille. There are ten additional private airstrips in the vicinity. Commercial jet flights are operated out of Anchorage International Airport.",2023/08/24 08:00:00+00
-126722.685988196,1886093.87198362,225,Kobuk,{319107E2-FB9A-474B-8237-6A8CFF382E09},Yes,No,No,Yes,No,No,"Kobuk's major means of transportation are barge, plane, small boat, and snow machine. A state-owned lighted gravel airstrip serves scheduled air carriers. Float planes land on the Kobuk River. Crowley Marine Services barges fuel and supplies during the spring and fall, when high water stages occur. There is a barge off-loading area. Boats, ATVs, and snow machines are used for local travel. There are many trails along the river for year-round inter-village travel and subsistence activities, including a 7-mile road to Shungnak.",2023/08/24 08:00:00+00
95027.5224326542,866747.9369809,226,Kodiak,{98F61372-E8BA-41BD-8291-B2318BB0C9F0},Yes,Yes,Yes,Yes,No,Yes,"Kodiak is accessible by air and sea. The state-owned Kodiak airport has three asphalt runways. Kodiak Municipal Airport offers another shorter, paved runway for small aircraft. Two passenger airlines serve Kodiak with several daily flights to and from Anchorage, and a number of air taxi services provide flights to five remote villages only accessible by boat or aircraft. City-owned seaplane bases at Trident Basin and Lilly Lake accommodate floatplane traffic. The Alaska Marine Highway System operates a ferry service between Kodiak and Homer, as well as other ports as far west as Dutch Harbor. The Port of Kodiak includes 2 boat harbors with 600 boat slips up to 160 feet in length. Three deep-draft piers accommodate ferries, cruise ships, container ships, military vessels and a variety of large commercial fishing vessels. Boat launch ramps and 150 ton vessel lift are also available. The City of Kodiak opened a shipyard in 2010. Vessels up to 42 feet by 180 feet and 660 tons can be lifted for maintenance and rebuild. A breakwater on Near Island provides another 60 acres of mooring space at St. Herman Harbor. Approximately 140 miles of state roads connect island communities on the east side of the island.",2023/08/24 08:00:00+00
95012.8624791748,866766.046510966,227,Kodiak Island Borough,{2A6D400C-A4AB-4D07-92B6-DA9584C8C852},No,Yes,Yes,Yes,No,No,"Kodiak is accessible by air and sea. The state-owned Kodiak airport has three asphalt runways. Kodiak Municipal Airport offers another shorter, paved runway for small aircraft. Two passenger airlines serve Kodiak with several daily flights to and from Anchorage, and a number of air taxi services provide flights to five remote villages only accessible by boat or aircraft. City-owned seaplane bases at Trident Basin and Lilly Lake accommodate floatplane traffic. The Alaska Marine Highway System operates a ferry service between Kodiak and Homer, as well as other ports as far west as Dutch Harbor. The Port of Kodiak includes 2 boat harbors with 600 boat slips up to 160 feet in length. Three deep-draft piers accommodate ferries, cruise ships, container ships, military vessels and a variety of large commercial fishing vessels. Boat launch ramps and 150 ton vessel lift are also available. The City of Kodiak opened a shipyard in 2010. Vessels up to 42 feet by 180 feet and 660 tons can be lifted for maintenance and rebuild. A breakwater on Near Island provides another 60 acres of mooring space at St. Herman Harbor. Approximately 140 miles of state roads connect island communities on the east side of the island.",2023/08/24 08:00:00+00
88868.2011327796,860470.588669438,228,Kodiak Station,{FCB82B0A-C4D2-4840-9D71-C3A5B6E31DA6},No,Yes,No,No,No,Yes,The Coast Guard uses the state-operated Kodiak Airport for transportation of personnel and materials. The station has private docking facilities for large cutters and fishing vessels. The island is also accessible by state ferry.,2023/08/24 08:00:00+00
-42350.9527616402,1049908.85482454,229,Kokhanok,{89EB5E58-676F-4DA4-9449-8BD556A1E98C},Yes,No,No,No,No,No,"Kokhanok is accessible by air and water. There is a state-owned gravel airstrip and a seaplane base. . As of July 2014, the barge was not able to travel to the village for several years and fuel and other goods had to be shipped in by plane. In the past, large amounts of freight are delivered in the summer by barge either up the Kvichak River from Naknek, or by Cook Inlet or Pile Bay portages. Small freight is delivered by air plane. Residents can generally travel to Iliamna and Anchorage through scheduled air service. Travel to Dillingham, King Salmon, and other communities typically require chartering. Local travel is done primarily by ATV, skiff, or snowmobile.",2023/08/24 08:00:00+00
-184086.739132799,1086250.01456556,230,Koliganek,{BF86DFB1-D998-4FF0-A370-8AF716F5C4BE},Yes,No,No,No,No,No,"Boats and ATVs are used in the summer and snow machines in the winter. Locals travel to New Stuyahok frequently. There are no docking facilities; goods are lightered from Dillingham. In a survey conducted in 2011, community leaders reported vessels up to 200 feet long can use moorage in Koliganek but that no dock space is available for public moorage. Community leaders also reported a road system exists in the community. A state-owned gravel runway is available.",2023/08/24 08:00:00+00
-493156.020425217,1140801.22915914,231,Kongiganak,{833744EB-91EC-4A96-AD90-A5E91FAB1250},Yes,No,No,Yes,No,No,"A state-owned airstrip is available. Snowmobiles, boats, and skiffs provide local transportation to Bethel and other area villages. Winter trails exist to Kwigillingok (11.1 mi) and Tuntutuliak (29 mi). There are no docking facilities; barges deliver cargo once or twice each summer.",2023/08/24 08:00:00+00
-480768.456775202,1486120.89410419,232,Kotlik,{9A6475BE-BEC0-49DA-8979-2C6E5FFF39CB},Yes,Yes,No,Yes,No,Yes,"The community is located on the banks of the Little Kotlik River. There is no road access to Kotlik, although the village is easily accessible by barge. Residents use the river for commercial and private travel. Boardwalks are used in the community for pedestrian and small vehicles. Local residents travel in privately owned boats during the summer and use snowmobiles, and small all-terrain vehicles for travel during the winter. Bulk fuel and heavy cargo are brought in seasonally by barge. Air transportation of passengers, cargo, and mail is provided via the state-owned gravel airstrip. A flooding event in 2013 damaged many of the town's boardwalks.",2023/08/24 08:00:00+00
-377013.715648148,1906544.48611949,233,Kotzebue,{209A76C3-F9A4-4015-987C-78C5A44BE669},Yes,Yes,No,Yes,No,Yes,"Air is the primary means of transportation year-round. The state-owned Ralph Wien Memorial Airport supports daily jet service to Anchorage and several air taxis to the region's villages. It has a crosswind gravel runway. A seaplane base is also operated by the state. The shipping season lasts 100 days, from early July to early October, when the sound is ice-free. Due to river sediments deposited by the Noatak River four miles above Kotzebue, its harbor is shallow. Deep draft vessels must anchor 15 miles out, and cargo is lightered to shore and warehoused. Crowley Marine Services operates shallow draft barges to deliver cargo to area communities. There are 26 miles of local gravel road used by cars, trucks, and motorcycles during the summer. Snow machines are preferred in winter for local transportation.",2023/08/24 08:00:00+00
-338182.669797935,1681583.81082618,234,Koyuk,{DF841D28-31A1-4978-A650-B56C189E60FD},Yes,No,No,Yes,No,Yes,"There are no roads connecting Koyuk with other villages, regular access is primarily limited to air and sea. Supplies arrive from Nome and are lightered to shore. The lack of an extensive road system increases the importance of the winter trail system. The most well-known trail is the 1,151 mile Iditarod trail from Anchorage to Nome. This trail connects the villages of Unalakleet, Shaktoolik, Koyuk, White Mountain, Koyuk, and Elim. There is also a trail connecting Koyuk to Buckland, and a coastal route between Stebbins and St. Michael, Unalakleet, Shaktoolik, Koyuk, Elim, Golovin, White Mountain and Solomon. Construction has also begun on an 18-mile road segment connecting Koyuk to Six Mile Point. There is no dock in the village, but the city has received funding from NSEDC for a fisherman's floating dock. There is a state-owned airport with a gravel runway; improvements are needed to bring the runway up to the standard minimum length of 4,000 feet. Daily flights are accommodated between Nome and Unalakleet.",2023/08/24 08:00:00+00
-175319.742638924,1662762.26264484,235,Koyukuk,{25A4F514-7ADF-4F62-873B-6D2F16141D13},Yes,No,No,Yes,No,No,"The state-owned lighted, gravel runway provides year-round transportation. The river is heavily traveled when ice-free, from mid-May through mid-October. Cargo is delivered by barge about four times each summer. Numerous local trails and winter trails to Chance and Nulato are used by residents. Snow machines, ATVs, and riverboats are used for local transportation.",2023/08/24 08:00:00+00
1259916.77991229,957698.93270322,236,Kupreanof,{3F03290E-B081-4B92-9E0F-33F6E0CD513B},No,Yes,No,No,No,Yes,"Kupreanof is a designated roadless community according to its city charter. The community is a destination for seasonal tourist activities using a local trail system in conjunction with the US Forest Service trail system. These include several miles of trails which start at sea level and go beyond 2000 ft. on one end, a convenient low elevation loop trail about 1.5 miles in length, and the 10 mile long Petersburg Creek trail which ends at the Petersburg Lake cabin. These trails provide access to the city and its rainforest environment. Small boats are the primary means of transportation to and from Kupreanof. Boat travel to Petersburg provides connection to that city's transportation services, including jet flights and the state ferry. Float planes can land at the government dock, but it is not a designated seaplane dock. There are no harbor facilities. ",2023/08/24 08:00:00+00
-402442.765696949,1225580.36430067,237,Kwethluk,{FF083E35-08C8-468F-B328-F69992F18FB7},Yes,No,No,Yes,No,No,"Kwethluk is dependent on air transportation for year-round movement of freight and passengers. A state-owned gravel airstrip and seaplane base are available. Barge services deliver cargo during the summer. There are no docking facilities. Snow machines, ATVs, and skiffs are used for local travel, and the river becomes an ice road during winter. Winter trails are marked to Eek (45 mi), Three Step Mountain (55 mi), and Columbia Creek (49 mi).",2023/08/24 08:00:00+00
-509341.421585239,1133719.63178881,238,Kwigillingok,{67C5F12A-3F7F-4EAB-88E0-136D880F8DD0},Yes,No,No,Yes,No,Yes,"Kwigillingok has no roads. In summer, residents use skiffs and other boats for travel to Bethel and other nearby villages. Snowmobiles and all-terrain vehicles provide transportation during winter. Winter trails are marked to Kipnuk (38 miles) and Kongiganak (11.1 miles). There are no docking facilities in the village, but there is a state-owned, public-use seaplane base (the Kwigillingok Seaplane Base) located in the Kwigillingok River. No services of any type are provided at the base, but there is a beaching area on the river bank adjacent to the Village. There is a state-owned public-use airport (Kwigillingok Airport) with a gravel airstrip. Improvements are currently underway for this airport to create a gravel runway, taxiway, apron, airport lighting system, and two single bay snow removal equipment buildings.",2023/08/24 08:00:00+00
-168062.499280089,899298.276394709,239,Lake and Peninsula Borough,{08965FEC-CECD-4B69-9010-FEC9535D56A9},No,Yes,Yes,Yes,No,No,"The Lake and Peninsula Borough contains seventeen small and widely scattered communities. Only two, Iliamna and Newhalen, are connected by road. There are two regional roads located in the borough: the Iliamna - Nondalton Road and the Williamsport - Pile Bay Road. Scheduled air service provides transportation of passengers to the region's hubs in Iliamna and King Salmon. Air taxi and charter service transport passengers from the hubs to local communities. Heavy cargo and durable goods are transported to borough communities by ship, barge, or ferry. Chignik is the only community served by the Alaska Marine Highway System, which calls on the community about six times per year, beginning in April and ending in October. The Williamsport - Pile Bay Road provides access from the Pacific side of the borough to the Iliamna Lake communities. Perishable goods and time-value cargo are shipped by air, typically through King Salmon, Iliamna, or Port Heiden.",2023/08/24 08:00:00+00
382513.305660675,1390870.46016493,240,Lake Louise,{5B35CAEA-BA8D-4EF3-A4F3-802613A8240F},Yes,No,No,No,Yes,No,A state-owned gravel airstrip and floatplane site is located at the south end of Lake Louise. There are two additional private strips. Lake Louise Road is accessible from the Glenn Highway.,2023/08/24 08:00:00+00
82661.9981316436,1547419.56113277,241,Lake Minchumina,{3087F3EA-5475-4180-9982-992F736DFD19},No,No,No,No,No,No,A state-owned gravel airstrip is available. The lake may be accessed by boat in the summer. There is no road connection.,2023/08/24 08:00:00+00
248656.468726726,1299057.34648475,242,Lakes,{1A5924D4-515F-4E65-8236-07D030FB3C05},No,No,No,No,Yes,No,"The George Parks Highway, Glenn Highway, and other local roads connect the area to Anchorage, the remainder of the state, and Canada. The Alaska Railroad serves the Fairbanks to Seward route. The Wasilla and Palmer airports provide scheduled commuter and air taxi services. Float planes land at Wasilla Lake, Jacobsen Lake, and Lake Lucille. There are ten additional private airstrips in the vicinity. Commercial jet flights are operated out of Ted Stevens Anchorage International Airport.",2023/08/24 08:00:00+00
1110.1843822052,837018.823366526,243,Larsen Bay,{9F0EF727-1805-4199-AD1B-40C49AF1B61C},Yes,Yes,No,Yes,No,Yes,"Larsen Bay is accessible by water or air only. No roads connect the community with any other on Kodiak Island. Docking facilities are available. In 2002, a small boat harbor was completed. A cargo barge arrives every six weeks from Seattle. The State of Alaska operates a gravel airstrip and a seaplane base. Regular and charter flights are available from Kodiak to Larsen Bay.",2023/08/24 08:00:00+00
261562.372125325,1304169.92069856,244,Lazy Mountain,{2F86B48B-D348-47DD-ABED-46CE01770ECC},No,No,No,No,Yes,No,"Community roads connect to the Glenn and George Parks Highways, and air transportation is available in Anchorage and Palmer.",2023/08/24 08:00:00+00
-163064.943324316,1016557.94380798,245,Levelock,{C99D0CCC-0034-4A9E-8A97-37B371CDC3CF},Yes,Yes,No,Yes,No,No,"Levelock is accessible by air and water. In the winter, trails to surrounding villages are used. The state owns a lighted, gravel runway in Levelock. Scheduled and charter flights are available. Bulk goods are delivered by barge. A 110' dock and beach unloading area are available.",2023/08/24 08:00:00+00
243536.124988443,1557971.53987156,246,Lignite,{8D2D74F6-118D-486C-BC0B-34FDBC4A6140},No,No,No,No,Yes,No,,2023/08/24 08:00:00+00
-76595.5868569749,1264712.55935681,247,Lime Village,{A4767A4D-9554-40BC-9D6F-F4FDD3C05647},Yes,No,No,No,No,No,"Located on the Stony River, Lime Village is dependent on small riverboats and airplanes for transportation. Due to shallow water, barges cannot supply the community. When the river freezes, residents use dog teams and snow machines for ground travel. There is a gravel runway just north of the village that is owned and maintained by the state.",2023/08/24 08:00:00+00
68865.3022331662,898441.963263172,248,Litnik,{A2B31C8E-4D68-4FB7-9435-DFBA7CC39ED5},No,No,No,No,No,No,,2023/08/24 08:00:00+00
252112.607847958,1739671.10112257,249,Livengood,{0A72A6CB-FAC9-4A65-9C48-A47E796CCA85},Yes,No,No,No,Yes,No,Livengood is located off of the Elliot Highway about 80 miles north of Fairbanks. Livengood has a state-maintained public airport with a gravel runway in good condition.,2023/08/24 08:00:00+00
1382002.87175299,856155.260648082,250,Loring,{CA4E1D93-D6D4-4CA8-8FC7-F518777BE58C},Yes,No,No,No,No,Yes,,2023/08/24 08:00:00+00
252671.273232628,1129075.08671598,251,Lowell Point,{338A7ACA-098D-4B9F-A871-233477997E11},No,No,No,No,Yes,Yes,"Lowell Point is connected to the Alaska highway system via the Seward Highway. Seward has the closest airport. The Port of Seward serves cruise ships, the state ferry, cargo barges, and ocean freighters from Seattle and overseas. Its small boat harbor has moorage and two boat launch ramps. It is the terminus and the gateway of the Alaska Railroad and a major transfer point for ocean-destined cargo.",2023/08/24 08:00:00+00
-337064.437875804,1297603.52884566,252,Lower Kalskag,{511EBD11-DE52-4BAB-8C3E-D2E9F870E1EC},No,Yes,No,Yes,No,No,"A state-maintained 4.2-mile gravel road connects Lower and Upper Kalskag. Commercial barge lines deliver fuel and other bulk supplies in the summer. Passengers and other freight arrive by air year-round, through scheduled daily air services. The state-owned gravel airstrip is shared by Upper Kalskag and Lower Kalskag. Winter trails exist to Russian Mission (40 mi) and Aniak (26 mi).",2023/08/24 08:00:00+00
1033755.937641,1180028.29625673,253,Lutak,{EA2C7BBD-7821-4F3C-9291-9F797D30FF7B},No,No,No,No,Yes,Yes,"The transportation facilities of Haines are nearby, including a deep water port and dock, airport, state ferry, and road connection.",2023/08/24 08:00:00+00
158600.182562796,1674612.23033107,254,Manley Hot Springs,{DFE91156-E4B0-4DC7-B3F9-6A61A37FF0D4},Yes,No,No,Yes,Yes,No,"The Elliott Highway is the only road leading to Manley Hot Springs. Goods and fuel are typically delivered by truck. The highway runs through Manley to the Tanana River Landing, three miles southwest. The Tanana River Landing is used to launch boats for fishing or transportation. Barge services are occasionally provided during summer months, but there is no docking facility due to erosion. The state-owned gravel runway is in service year-round.",2023/08/24 08:00:00+00
-289403.787693261,1009209.22031295,255,Manokotak,{3DF92237-DB7B-4CEB-88DE-A1481F4072AD},Yes,No,No,No,No,No,"The City of Manokotak is accessible by both air and water. A state-owned, lighted, gravel airstrip is located one mile north of the village, and a designated seaplane base is also present. Both regularly scheduled and charter flights are available from Dillingham. There are no docking facilities on the Igushik River, and supplies that are lightered each summer must be pulled up to the mud beach. Traveling by boat on the Igushik River can be difficult as the river is made up of meandering loops, which means that many miles must be traveled by water to cover a short distance in air miles. Residents use ATVs, snowmobiles, and some vehicles for transportation. During the winter months, snowmobiles are used to travel on the Manokotak Trail to Dillingham to retrieve fuel.",2023/08/24 08:00:00+00
-422939.120937902,1348502.57937497,256,Marshall,{2F8EE675-06A4-4B7A-9275-369FEB17B896},Yes,Yes,No,Yes,No,No,"Marshall is accessible for the most part by both air and water; there are no roads which connect it to other communities. The City has a state-owned gravel airstrip. In a survey conducted by the AFSC in 2011, community leaders reported that a seaplane base is also present. Local residents have boats, but in the winter months they are reliant upon dog teams and snow machines. The City receives barge services.",2023/08/24 08:00:00+00
-516805.984374473,1730626.74465231,257,Mary's Igloo,{7C5736EA-AF6B-411E-BA1E-2A602B84E4E9},No,No,No,No,No,No,Mary's Igloo can be reached by riverboat in the summer and by trails in winter. Snow machines and dog teams use the established path to Teller.,2023/08/24 08:00:00+00
258510.87220626,1300733.82621299,258,Matanuska-Susitna Borough,{851E4746-8FE8-4393-9369-E3F9F1633855},No,No,No,No,Yes,No,"The Matanuska-Susitna Borough can be accessed via the Glenn Highway, George Parks Highway, and Denali Highway. There are four public transit providers operating throughout the borough and connecting to Anchorage. Ocean access is provided thruogh Port MacKenzie, at the head of Cook Inlet along the Knik Arm. The port includes a 1250' trestle dock with -60 feet of water at low tide, and a 500 foot bulkhead barge dock with -20 feet of water at low tide. The docks are configured to handle bulk commodities. A 32-mile rail extension is being completed to connect the port to the Alaska Railroad mainline. The Alaska Railroad bisects the Matanuska-Susitna Borough on its way from Anchorage to Fairbanks. There are over 180-miles of rail within the borough along which passengers can board or disembark at 'whistle stops'. The borough has the highest concentration of public and private airports in the nation. With 10 public airports and over 200 private airports, over 1,000 aircraft, more pilots per capita than most of the rest of Alaska and the nation, and millions of dollars of economic impacts to the region's economy, aviation is vitally important to the economy of the region and lifestyle of its residents. The largest concentration of airports occurs between the Cities of Wasilla and Palmer, but the Willow and Talkeetna areas also have a significant number of airports. Most of the airports are privately owned and operated and used for travel, sightseeing, and recreation. There are also public airports at Palmer, Wasilla, and Talkeetna. The borough has many active floatplane lakes, some of which have been registered with the Federal Aviation Administration. Virtually all lakes large enough are used for floatplane operations at some time during the year. There are over 2,000 miles of hiking, snowshoeing, skiing, snowmobiling, and ATV trails throughout the borough.",2023/08/24 08:00:00+00
586268.7780969,1321554.25165022,259,McCarthy,{878A4A85-1B32-43DD-9856-7A7FE62F6DE6},Yes,No,No,No,No,No,"McCarthy is accessible from the Richardson via Edgerton Highways. The 58-mile McCarthy Road starts in Chitina and continues into the Wrangell-St. Elias Park. A footbridge is used to cross the Kennicott River. There are two gravel airstrips in the vicinity, one is owned privately and the other is state owned. DOT performs irregular winter maintenance of the McCarthy airport.",2023/08/24 08:00:00+00
-80396.1108252345,1443158.11815246,260,McGrath,{44BA33DB-984D-44E1-BF2D-7E1A353E586D},Yes,No,No,Yes,No,No,"McGrath is not connected to Alaska's road system, but local roads are used by ATVs and trucks. Winter trails are marked to Nikolai (50 mi) and Takotna (20 mi). Residents rely on air service and barges to deliver cargo. Air facilities include a state-owned asphalt runway with a crosswind landing strip. The Kuskokwim River is the seaplane base. A boat launch ramp site is available. The river is used for travel when it's frozen during the winter months.",2023/08/24 08:00:00+00
250384.104323413,1539173.82748982,261,McKinley Park,{10BA1AD9-39AC-440F-BCE9-40BC75DAD436},Yes,No,No,No,Yes,No,"Denali Park is located on the George Parks Highway about 20 miles south of Healy. Denali Park has two airports, a state-maintained public airport with a gravel runway in good condition and a private airport with a gravel runway. Chartered bus tours are available from Anchorage and Fairbanks, and shuttle buses provide tours into the park. Air and helicopter tours are also available locally.",2023/08/24 08:00:00+00
232200.569542632,1301642.87433705,262,Meadow Lakes,{2DB58EF7-4C06-407F-9B11-35502BBDB0CC},No,No,No,No,Yes,No,"The area is connected to the statewide highway system via the George Parks Highway. Nearby Palmer, Wasilla, and Anchorage offer air services. A turf runway can be used in the summer time only.",2023/08/24 08:00:00+00
-35210.4427864983,1459733.79021299,263,Medfra,{A1B3B81A-671B-4A5B-A00F-994664870019},No,No,No,No,No,No,,2023/08/24 08:00:00+00
-666097.80139643,1216835.65731049,264,Mekoryuk,{06A5691A-049B-426D-85BC-73439735D4DB},Yes,Yes,No,Yes,No,Yes,"Mekoryuk relies heavily on air transportation for passenger, mail, and cargo service. A state-owned gravel runway allows year-round access. A breakwater protects the shoreline from the Bering Sea waves. Barges deliver goods from Bethel once or twice each summer. Boats, snow machines, and ATVs are used for travel within the community.",2023/08/24 08:00:00+00
388220.661416283,1363330.25322063,265,Mendeltna,{E3BABD89-94E5-4656-A111-C38FD33CFD08},No,No,No,No,Yes,No,The community lies on the Glenn Highway and accesses the statewide road system. There are several air strips in the area that provide air taxi services.,2023/08/24 08:00:00+00
514789.763027999,1479498.63086065,266,Mentasta Lake,{138A74FA-943C-4AC3-B538-9484C09C2AD1},No,No,No,No,Yes,No,Mentasta Lake is connected to the Tok Cutoff to the Glenn Highway by a six-mile spur road. There is a small airstrip at Mentasta Lodge.,2023/08/24 08:00:00+00
-567218.99555468,1248842.02906127,267,Mertarvik,{52F580FF-4AE6-48D4-920A-DD72272CB458},No,No,No,Yes,No,Yes,Mertarvik is the new site for the village of Newtok. A road connects to an emergency evacuation center.,2023/08/24 08:00:00+00
1403405.22448079,807389.176039656,268,Metlakatla,{179D4B3A-A5AC-43B1-9AE0-6F7B6B7A3CB3},Yes,Yes,Yes,Yes,No,Yes,"Metlakatla is accessible by air and water. The Annette Island Airport, located approximately six miles south of town, is owned and operated by the Community. The airport has two asphalt runways. Two seaplane bases are also available, with scheduled float plane service from Ketchikan. The state ferry serves Metlakatla from Ketchikan between spring and fall. In addition to the state ferry terminal, port facilities in Metlakatla include an oil company pier, a city pier, a packing company wharf, a barge terminal, a barge ramp, two marine way rail haul-outs, and public and privately owned small-craft facilities, including two small boat harbors.",2023/08/24 08:00:00+00
1340265.11317441,857844.429561254,269,Meyers Chuck,{7B03C441-97CF-473F-9627-87B41A283668},No,Yes,No,Yes,No,Yes,,2023/08/24 08:00:00+00
143513.386900123,1077693.65983649,270,Millers Landing,{7610BE6A-1E27-4A96-8927-51578A86CEF9},No,Yes,No,No,Yes,yes,,2023/08/24 08:00:00+00
218083.07061332,1695656.59737064,271,Minto,{D3D709DB-0DF6-43DD-ACE0-FAF53A544273},Yes,Yes,No,No,Yes,No,"Minto is located off of the Elliot Highway, about 126 miles northwest of Fairbanks. Minto has a state-maintained public airport with a gravel runway in good condition. The Tolovana River provides boat access to the Tanana and Nenana Rivers. The area is too shallow for barge service. Trucks, cars, snow machines, ATVs, and riverboats are used for transportation, recreation, and subsistence purposes. Minto receives funds from the Essential Air Services program that subsidizes the cost of commercial flights.",2023/08/24 08:00:00+00
325901.475400626,1655381.66495783,272,Moose Creek,{7656A688-D4F7-4599-B494-E946C7AC2CF6},No,No,No,No,Yes,No,"The area has access to the transportation services of Fairbanks, as well as connection to the statewide highway system.",2023/08/24 08:00:00+00
253475.34563688,1175536.99364506,273,Moose Pass,{9A5F6C32-F2B9-425E-86F6-1C856BB6FFA8},No,No,No,No,Yes,No,"The Seward Highway connects to Alaska's road system. Nearby Seward offers an airport, railroad, harbor/dock facilities, and state ferry access. Seaplanes land at Summit Lake.",2023/08/24 08:00:00+00
1003259.47458598,1186954.47905465,274,Mosquito Lake,{4D3AB901-46B6-47E7-B8D1-D6869F97799F},No,No,No,No,Yes,No,"Nearby Haines offers a deep water port and dock, state ferry access, and an airport. The area is accessible by highway to Canada and the remainder of the state.",2023/08/24 08:00:00+00
1399403.13868996,826178.159482937,275,Mountain Point,{35E47179-ADC8-467E-B2F2-DC1D79FF2BDD},No,Yes,No,No,No,Yes,,2023/08/24 08:00:00+00
-504640.533465355,1383006.48491385,276,Mountain Village,{EDB9EEBA-7A73-42DB-9658-44DA2280EBE3},Yes,Yes,No,Yes,No,No,"A summer road links Mountain Village to Pitka's Point, Andreafsky, and St. Mary's. The community is accessible by riverboat or barge. A state-owned 3,500' long by 75' wide gravel airstrip is available, and floatplanes land on the Yukon River. In the winter, passengers, cargo, and mail are flown in by plane. Snow machines and skiffs are used for local transportation.",2023/08/24 08:00:00+00
1047830.11278108,1166265.10473529,277,Mud Bay,{81BDA0B4-0CF3-41FD-B749-2E3923D9E10F},No,No,No,No,Yes,Yes,"The transportation facilities of Haines are nearby, including a deep-water port and dock, airport, state ferry, and road connection.",2023/08/24 08:00:00+00
564353.117288903,1424358.90369303,278,Nabesna,{8DFCE93A-8EBA-43DF-B553-ABE121D98529},Yes,No,No,No,Yes,No,,2023/08/24 08:00:00+00
-174279.43217255,974059.91252268,279,Naknek,{BECA4B02-6040-43FA-93A9-D551AD5AB86B},Yes,Yes,No,Yes,No,Yes,"Naknek is accessible by air and sea and connects to King Salmon via a 15.5-mile road. The Tibbetts Airport has a lighted, gravel runway. The state-owned Naknek Airport is located one mile north of Naknek. It has two gravel runways and a float plane landing area. Jet services are available at King Salmon. The borough operates the cargo dock at Naknek, which is the port of Bristol Bay. It has 800' of berthing space, a concrete surface, and a couple of cranes. No commercial docking facilities are available at the canneries. Pickup trucks and cars are common, and taxis are available.",2023/08/24 08:00:00+00
117873.026201447,1041948.27530064,280,Nanwalek,{69A94C10-7F0D-42A7-93D9-CE014277D75A},Yes,No,No,No,No,Yes,"Nanwalek is not accessible by road. Boats are the primary means of transportation locally. A state-owned wide gravel airstrip is available for air taxis and general aviation. No scheduled commercial flights serve Nanwalek. The nearest commercial airport is in Homer, 35 miles away by water. The state ferry provides service from nearby Seldovia to Kodiak, Homer, Whittier, and Chenega Bay, as well as ports in Southeast Alaska, British Columbia, and Washington State.",2023/08/24 08:00:00+00
-250635.809370116,1293059.92483629,281,Napaimute,{FAC22325-82C3-44BC-97AA-D61D1CF9E319},Yes,No,No,Yes,No,No,"Napaimute is easily accessible by riverboat. In the summer months, all passengers, cargo, and mail arrive in the village by boat. A cargo barge stops several times during the summer. Air charters by float planes or ski planes are available. The river is used as a ice road by snow machines during winter. The Native Village of Napaimute owns a gravel runway.",2023/08/24 08:00:00+00
-432827.103657056,1215958.46314431,282,Napakiak,{16F1264E-DF67-4828-9E72-1AB821AB3F99},Yes,No,No,Yes,No,No,"Napakiak has a State-owned lighted gravel runway that is centrally located. The first airstrip was completed in 1973, enabling year-round access. There are also seaplane landing areas on the Kuskokwim River and Johnson Slough that provide air transportation for passengers, mail, and cargo. A hovercraft is used year-round to bring cargo and mail to the community. There are currently no docking facilities at the landing. The Kuskokwim River provides water transportation in the summer months (June-October) and an ice road in the winter months. For safety the ice road is marked with trail markers. In addition to the ice road there is a winter trail marking the way to Bethel, 9 miles overland. Many residents have fishing boats, and skiffs are used in the summer for subsistence fishing and travel to Bethel and other nearby villages. Snow machines and ATVs are used in winter. Barges deliver goods from Bethel during the summer months.",2023/08/24 08:00:00+00
-420788.280794596,1216092.28363176,283,Napaskiak,{6D864316-582B-4749-A178-D9BAD04003D1},Yes,No,No,Yes,No,No,"A state-owned gravel airstrip and seaplane landing area west of the village provide charter and general aviation access year-round. Many residents have fishing boats, and skiffs are used in the summer for subsistence fishing and travel to Bethel and other nearby villages. Snow machines and ATVs are used in winter. Barges deliver goods during the summer months. In winter months the river is used as an ice road for travel to surrounding villages. A winter trail is marked to along the River to Bethel.",2023/08/24 08:00:00+00
1279440.82446425,852898.63754349,284,Naukati Bay,{D95D0788-C59A-4F16-AB72-3A049B1E1AFC},No,Yes,No,No,No,Yes,"A recently constructed harbor includes a small boat launch ramp, floatplane dock, and moorage for small craft in fingered slips. There is 250 feet of moorage space for larger commercial vessels. The community is connected to the Prince of Wales Island road system, which includes both logging and paved roads. A paved highway from Coffman cove extends to 11 miles from Naukati Bay. From there a US forest Service gravel road, is under reconstruction in preparation for paving. ",2023/08/24 08:00:00+00
376474.730287998,1355325.67831851,285,Nelchina,{53719238-336A-4B67-82E2-32339DE9CD8E},No,No,No,No,Yes,No,The community lies on the Glenn Highway and accesses the statewide road system. There are several air strips in the area. Snow machining is a prevalent local means of transportation.,2023/08/24 08:00:00+00
-447900.339245922,689960.464606835,286,Nelson Lagoon,{AFAD8F2B-A3E7-42E7-A5D7-3AC28A5988D4},Yes,Yes,No,Yes,No,Yes,"Nelson Lagoon is accessible only by air and sea. A state-owned gravel runway serves regularly-scheduled flights. It has a dock, boat ramp, harbormaster's office, and warehouse. Some freight is landed at the Peter Pan Seafoods dock, 30 miles away at Port Moller.",2023/08/24 08:00:00+00
234989.287041507,1630972.24399515,287,Nenana,{3AC29D09-E0DD-4840-9E31-13F575B4BFF4},Yes,Yes,No,Yes,Yes,No,"Nenana is located in Interior Alaska, 55 road miles southwest of Fairbanks on the George Parks Highway. Nenana is located at mile 412 of the Alaska Railroad, on the south bank of the Tanana River, just east of the mouth of the Nenana River. It lies 304 road miles northeast of Anchorage. Nenana has air, river, road, and railroad access. It lies on the George Parks Highway, the road between Wasilla and Fairbanks. The railroad provides daily freight service. The Nenana Municipal Airport offers a lighted, asphalt runway and a gravel runway that doubles as a winter ski strip. There is also a float pond with parking basins. The Nenana Port Authority operates the dry cargo loading and unloading facilities, dock, bulkhead, and warehouse. The Tanana River is shallow, with a maximum draft for loaded river barges of 4.5 feet. There is a public boat launch with a recreational area to provide access to the Nenana and Tanana rivers. Daily buses to Fairbanks and Anchorage are available year-round.",2023/08/24 08:00:00+00
60120.2104678997,1843047.59464275,288,New Allakaket,{D37AAF42-E59A-4EC3-9C18-99E9434C4112},No,No,No,No,No,No,"Allakaket has no road link, but winter trails connect it with Hughes, Bettles, and Tanana. An airstrip is available in the city. River transportation is important in summer, but there is no commercial barge access due to shallow water.",2023/08/24 08:00:00+00
-187051.232425995,1055625.0881875,289,New Stuyahok,{0C233779-E987-4620-A2DB-33C5FF299964},Yes,No,No,Yes,No,No,"Air transport is the most frequent mode of transportation used to reach the New Stuyahok. The state owns a lighted, gravel airstrip in New Stuyahok. Regular and charter flights are available from Dillingham and Anchorage. Barges are used to lighter goods to New Stuyahok on a regular basis during the summer. Skiffs, ATVs, and snowmobiles are the prevalent forms of local transportation.",2023/08/24 08:00:00+00
-50158.9487624714,1081425.19631835,290,Newhalen,{510DC86B-4E8B-482F-9372-E63914E50E7D},Yes,No,No,Yes,No,No,"Due to a lack of infrastructure in the Newhalen region, travel between communities is usually by small plane, and seasonally by boat, four-wheeler, or snowmobile. Individuals also use personal vehicles, ATVs, and skiffs. Barges deliver bulk goods to the Newhalen area via the Kvichak River, which are lightered to shore. A state-owned runway is located approximately three miles north of Newhalen, between Newhalen and Iliamna. A paved road connects these communities and the airport. During the winter, a road is passable between Newhalen and Nondalton, 22 miles to the north, although the road is only paved half way. An unimproved trail, the Iliamna-Pile Bay Trail, runs along the northern shore of Iliamna Lake, connecting Newhalen with the communities of Pedro Bay and Pile Bay Village to the east. Pile Bay Village is also connected to the Cook Inlet by road.",2023/08/24 08:00:00+00
-571660.995860192,1262920.03622587,291,Newtok,{258C640B-3DF8-425C-8445-188CD6A6A660},Yes,No,No,Yes,No,No,"Newtok is not connected to the rest of Alaska by road, and is primarily accessible by air or water. A state-owned gravel airstrip provides air access. A seaplane base is also available. Boats, skiffs, and snowmobiles are used for local transportation and subsistence activities. Winter snowmobile trails are marked to nearby villages of Chevak, Tununak, Toksook Bay, Nightmute, and Manaryarapiaq. Barges deliver cargo to Newtok during ice-free summer months.",2023/08/24 08:00:00+00
-585242.257059794,1213354.10165248,292,Nightmute,{A83F4C9F-FA93-4FC6-974A-39BA917BA023},Yes,No,No,Yes,No,No,"Nightmute is not connected to the rest of Alaska by road, and is primarily accessible by air or water. A state-owned gravel airstrip provides air access. A seaplane base is also available. Fishing boats, skiffs, snowmobiles, and ATVs are used for local transportation and subsistence activities. Winter trails are marked to nearby village of Toksook Bay. Nightmute does not have docking facilities. Cargo and supplies are lightered up the Toksook River during summer months.",2023/08/24 08:00:00+00
146878.469735024,1197439.92672297,293,Nikiski,{18EF53D7-2321-4285-A7D2-2F20CC22AEE6},Yes,No,No,No,Yes,Yes,The Sterling Highway provides access to Anchorage. Nearby Kenai offers an airport and docking facilities. The Port Nikiski docks service offshore drilling platforms. There are two private airstrips in the vicinity.,2023/08/24 08:00:00+00
133416.001576512,1093589.14990784,294,Nikolaevsk,{8CB3E4E0-D9F5-4B0C-93D8-C436A193A465},No,No,No,No,Yes,No,"The nearby Sterling Highway provides access to Anchorage. Homer offers an airport, harbor/docking facilities, and a state ferry landing.",2023/08/24 08:00:00+00
-18952.5580286519,1449357.21192392,295,Nikolai,{A9A591D6-DAB0-4694-9B95-1A56A7F5914D},Yes,Yes,No,Yes,No,No,"Access to Nikolai is by air or water. A state-owned gravel airstrip is available. Barges used to supply fuel and heavy equipment but the river is now too low and everything is flown in by air. Boats, ATVs, and snow machines are used for recreation and subsistence activities. Local road traffic includes ATVSs, trucks, and heavy equipment owned by city, state, and federal entities. A winter trail is marked to McGrath (50 mi). Nikolai is a checkpoint for the Iditarod Trail Sled Dog Race held in March and the Iron Dog snow machine race in February.",2023/08/24 08:00:00+00
-993846.955920641,436840.75156824,296,Nikolski,{4B756DDD-55AC-49E9-AD29-8868DF25D4E3},Yes,No,No,No,No,Yes,"Nikolski has a unlighted gravel runway that provides passenger, mail, and cargo service. The airstrip used to be owned by the U.S. Air Force. It has no landing or port facilities for ships. Barges deliver cargo once or twice a year. Goods and passengers are lightered three miles to the beach.",2023/08/24 08:00:00+00
129045.685056062,1119364.879332,297,Ninilchik,{95A8CBA5-6323-4734-AA72-89B097FBD56F},Yes,Yes,No,No,Yes,Yes,"The community lies on the Sterling Highway. A state-owned dirt/gravel airstrip is located on Oilwell Road. Homer or Kenai have airports, and harbor/docking facilities are in Homer, which has state ferry access. Ninilchik harbor was constructed in the early 1970s. Mainly charter and recreational boats are launched from Ninilchik or Deep Creek beach; a tractor launch is also available.",2023/08/24 08:00:00+00
-384157.774716963,1983045.85661991,298,Noatak,{03C93982-6D21-4D8C-B2D5-1090F45A812A},Yes,No,No,No,No,No,"Noatak is primarily accessed by air. The state-owned lighted gravel runway is available. Six regional air services provide cargo, mail, and passenger services. There are currently no barge services to Noatak. Small boats, ATVs, and snow machines are used for local transportation. Historic trails along the Noatak River are still used for inter-village travel and subsistence activities.",2023/08/24 08:00:00+00
-545130.115627811,1662011.78006188,299,Nome,{72E9842F-ABE0-4390-9A93-917EDB1CF17B},Yes,Yes,No,Yes,No,Yes,"Nome is a regional center of transportation for surrounding villages. The Port of Nome plays an essential role in regional transportation infrastructure. Nome is primarily accessible by air, although containerized household goods, building materials, vehicles, heavy equipment, and all petroleum products arrive by water during summer months. There are 10-12 cargo barges and 8-10 fuel barges/tankers that make scheduled deliveries each season. An additional trans-loading facility in the Inner Harbor was built in 2013 to address congestion at the existing barge ramp and allow more efficient transfers of cargo and rolling stock. The Small Boat Harbor plays host to about 25 commercial fishing vessels and a large offshore mining fleet which at times exceeds capacity. Alaska DOT's Snake River Bridge Replacement Project was completed in 2013 and will facilitate the increased traffic to and from the Port. Two state-owned airports are located in the community. The Nome Airport, located one mile northwest of the City, has two paved runways. Nome City Field, less than one mile north of the City, offers an additional gravel strip. Scheduled jet flights are available, as well as charter and helicopter services. Regional travel is facilitated by a network of 230 miles of gravel roads between Nome and the communities of Teller, Solomon, and Council. A network of winter trails links with outlying communities during winter months.",2023/08/24 08:00:00+00
-47715.5850566393,1109006.41072581,300,Nondalton,{C36AA39B-6B83-4B74-A7C0-A5500A611AFB},Yes,No,No,No,No,No,"The community of Nondalton is primarily accessible by air and water. During the winter, a road is passable between Nondalton and Newhalen, 22 miles to the south on the shore of Iliamna Lake. The road is only paved half way. Air taxi, skiff, snow machine and four-wheelers are the main modes of transport for residents and visitors. A state-owned gravel runway is present in Nondalton. There are no docking facilities in Nondalton. Bulk goods are received in Iliamna then taken by a cat-trail to Fish Camp, located across from Nondalton on the east side of the Six Mile Lake. From there, they are ferried by skiff or barge to the west side of the lake.",2023/08/24 08:00:00+00
-310203.95042872,1891560.16964191,301,Noorvik,{E4853413-2729-4F25-AE7D-845D797872A7},Yes,Yes,No,Yes,No,No,"Noorvik is accessible by plane and by shallow-draft vessels, with no roads connection to other communities. The state-owned Robert (Bob) Curtis Memorial Airport has a lighted gravel runway. Several regional air taxis provide service to Kotzebue and surrounding cities. Crowley Marine Services barges fuel and supplies during the summer. Boats, ATVs, and snow machines are common means of transportation locally. Construction of two new roads, one from the old airport that will connect to the new Airport road, and the other connecting to the school, is scheduled for the summer of 2014. During the spring break up, some roads have been impacted by flooding or erosion.",2023/08/24 08:00:00+00
247687.810117119,1302044.81289611,302,North Lakes,{DCAD0CFE-6A84-4C8F-9B32-597927D02D3A},No,No,No,No,Yes,No,,2023/08/24 08:00:00+00
315855.959761862,1659546.0701719,303,North Pole,{CD260976-029D-40A9-8CC4-1ECF3F63EEFC},No,No,No,No,Yes,No,"The Alaska Railroad runs through the city center, which also lies on the Interior road system. There are four privately-owned airstrips in North Pole. The Fairbanks International Airport is also nearby.",2023/08/24 08:00:00+00
-102112.735659614,2368208.02597276,304,North Slope Borough,{2DA35656-FC1D-4370-A191-64BB54EB5787},No,No,No,No,No,No,"Air travel provides the only year-round access, while land transportation provides seasonal access. The Dalton Highway provides road access to Deadhorse at Prudhoe Bay, though it is restricted during winter months. 'Cat-trains' are sometimes used to transport freight over land from Barrow during the winter.",2023/08/24 08:00:00+00
607202.995889011,1498808.08882307,305,Northway,{F89998A2-A9FA-47B5-9FAB-810B69A3E21F},Yes,No,No,No,Yes,No,"Northway is connected to the Alaska Highway by an unpaved road. Scheduled buses are available, and trucking services deliver freight to the community. There is a state-owned asphalt-gravel runway, with an FAA station and U.S. Customs office. Regular flights are available to Fairbanks, and there are charter services available as well.",2023/08/24 08:00:00+00
612876.26791444,1505401.73313266,306,Northway Junction,{E9BBD5A8-04BF-4188-BB0D-C5C816F5822E},No,No,No,No,Yes,No,"Northway Junction lies on the Alaska Highway. Scheduled buses and trucking services are available. There is an asphalt runway at nearby Northway. Regular flights are available to Fairbanks, and charter services are available as well.",2023/08/24 08:00:00+00
605919.0008297,1500893.72891383,307,Northway Village,{75CCDD7A-C559-4B30-B62B-5EC8E663CFF8},No,No,No,No,Yes,No,"It is connected to the Alaska Highway by an unpaved road. Regular buses and truck services are available. There is an asphalt runway at nearby Northway. Regular flights are available to Fairbanks, and charter services are available as well.",2023/08/24 08:00:00+00
-377344.622897493,1906418.53323502,308,Northwest Arctic Borough,{351F5989-A7A7-4518-A5E4-E67316B8C2DD},No,No,No,Yes,No,No,"The City of Kotzebue is the 'hub' of Northwest Alaska and is the transfer point between ocean and inland shipping. It does not have a natural harbor and is ice-free for only 3 months each year. Deep draft vessels must anchor 15 miles out, and cargo is lightered to the docking facility. Local barge services provide cargo to area communities. Ralph Wien Memorial Airport supports daily jet service and air taxis to Anchorage.",2023/08/24 08:00:00+00
115434.355028723,2251263.44261842,309,Nuiqsut,{E24B0E44-1B59-4C79-8A8F-F7A2113EFF2F},Yes,No,No,Yes,No,No,"Air travel provides the only year-round access. The gravel airstrip is owned and operated by the North Slope Borough. Barrow is a primary air hub for surrounding villages. Mail is shipped to Nuiqsut along the Dalton Highway and then flown from Deadhorse. Coastal access for barged fuel and supply deliveries is possible during the ice-free season, which takes place for only a few weeks during the middle of summer. A 60-mile ice road reaches Nuiqsut approximately 5-7 months per year from Deadhorse and Prudhoe Bay, which are connected to the Alaska road system via the Dalton Highway. Additional trails connect Nuiqsut to Anaktuvak Pass (140 miles) and Atqasuk (150 miles). Snowmobiles and ATVs are commonly used for local transportation. Proposed development of the Colville River Road would provide year-round access to eastern portions of the National Petroleum Reserve Area, and would include a spur road to Nuiqsut.",2023/08/24 08:00:00+00
-195453.203694237,1646254.07648895,310,Nulato,{95F04BB3-8B3B-4FFF-841A-95C8338ED9C6},Yes,No,No,Yes,No,No,"The state-owned airstrip provides year-round access. The river is the primary mode of local transportation -- barges deliver cargo during summer months, and it becomes an ice road during winter for vehicles and snow machines. Numerous trails are used for trapping and woodcutting. Cars, trucks, snow machines, ATVs, and skiffs are used by residents.",2023/08/24 08:00:00+00
-554523.913632872,1440759.94998111,311,Nunam Iqua,{9E739177-0E1D-4131-A1AD-63F6A6F5E677},Yes,Yes,No,Yes,No,Yes,"Nunam Iqua has easy access by boat and barge. It has a state-owned and operated gravel airstrip. Float planes can land at Kwemeluk Pass. In the winter, snow machines serve as the primary mode of inter-village transportation.",2023/08/24 08:00:00+00
-456125.054896778,1241722.08129476,312,Nunapitchuk,{8D2790CB-3234-4141-9014-F2DED1D38D0C},Yes,Yes,No,Yes,No,No,"A state-owned gravel airstrip provides chartered or private air access year-round. A dock, small boat harbor, and seaplane landing area are available on the Johnson River. Snow machines, ATVs, and dog sleds are used in winter months. Winter trails exist to Atmautluak (7 mi) and Akula Heights (2.5 mi).",2023/08/24 08:00:00+00
-682491.704091307,1187494.96755669,313,Nunivak Island,{7A0BDA25-2250-4124-9F80-F088FE0B00BE},No,No,No,No,No,No,"Mekoryuk relies heavily on air transportation for passenger, mail, and cargo service. A state-owned gravel runway allows year-round access. A breakwater protects the shoreline from the Bering Sea waves. Barges deliver goods from Bethel once or twice each summer. Boats, snow machines, and ATVs are used for travel within the community.",2023/08/24 08:00:00+00
-415496.796008824,1312212.003796,314,Ohogamiut,{349B4A53-ED73-485B-8D34-F64D7ABD23AB},No,No,No,No,No,No,The site is accessible by boat or float plane.,2023/08/24 08:00:00+00
43179.509619964,801115.998141873,315,Old Harbor,{126AE679-2933-4FD0-B985-FB1844FFBCA3},Yes,Yes,Yes,Yes,No,Yes,"Old Harbor is accessible only by air and water. A state-owned gravel runway and a seaplane base serve air traffic. Regular and charter flights are available from Kodiak. There is a harbor with docking facilities for 55 boats. Seattle-based and local barge services are available. The Alaska state ferry has weekly service during the summer months. In 2014 there was a project underway to expand the runway from 2,000 to 4,700 feet. ",2023/08/24 08:00:00+00
156529.849302708,2284192.17990806,316,Oliktok,{6F7F7E27-8A83-4AB1-BE94-8D95B7106953},No,No,No,No,No,Yes,,2023/08/24 08:00:00+00
-126769.756677634,1466264.99117211,317,Ophir,{927FB853-0BA5-4491-A1E1-8F103C42E763},Yes,No,No,No,No,No,,2023/08/24 08:00:00+00
-421581.595860075,1217808.67340489,318,Oscarville,{EADA3236-1E4C-4F64-8A35-0630C3D630AE},No,No,No,Yes,No,No,"Oscarville relies on Napaskiak for passenger, mail, and cargo services. Residents use skiffs to pick up mail in Napaskiak or to shop in Bethel. Barge services deliver goods once a year. The river is an important means of transportation in summer and as an ice road in the winter. During breakup and freezeup, the community can be periodically isolated.",2023/08/24 08:00:00+00
88385.3853077032,881147.13012034,319,Ouzinkie,{758654AC-720A-4314-AC3E-4F1FC39187C4},Yes,Yes,Yes,Yes,No,Yes,"The village is accessible by air and water. There is a state-owned gravel airstrip and a float plane landing area at Ouzinkie Harbor. Facilities include a breakwater, small boat harbor, and dock. Barges provide cargo delivery from Seattle and Kodiak.",2023/08/24 08:00:00+00
-621043.941967527,1357895.58678302,320,Paimiut,{8175DE07-560A-4EB0-844A-F0D1FC9A5035},No,No,No,No,No,Yes,"The village is accessible by boat or float plane. A winter trail, used by snow machines, is marked to Hooper Bay (14 mi).",2023/08/24 08:00:00+00
258015.620438038,1300696.69892349,321,Palmer,{EDA8ED1A-C25C-4FF0-8681-021AAF1072C9},Yes,No,No,No,Yes,No,"Palmer lies on the Glenn Highway. Commercial airlines serve the Ted Stevens Anchorage International Airport. The Palmer Municipal Airport supports private and chartered services, as well as freight service aircraft and the State Division of Forestry's fire bomber operations. There are several privately-owned airstrips in the vicinity. Float planes may land at nearby Finger Lake or Wolf Lake. The Alaska Railroad connects Palmer to Whittier, Seward, and Anchorage for ocean freight delivery.",2023/08/24 08:00:00+00
-563047.787185863,530495.765565473,322,Pauloff Harbor,{81521823-08F8-4CA6-8DB4-7E4F7263C002},No,No,No,No,No,Yes,Float planes or personal boats from False Pass or King Cove are the primary means of transportation.,2023/08/24 08:00:00+00
428137.202419773,1478844.69873438,323,Paxson,{6A728042-64AA-46F0-A81D-FDE32F20CFCB},No,No,No,No,Yes,No,"Paxson Lodge owns and maintains a gravel airstrip, and float planes can land at Summit Lake. Paxson is 175 miles south of Fairbanks. The Richardson Highway provides access to Anchorage or Fairbanks. The Denali Highway provides summer access to Cantwell and the Denali Park.",2023/08/24 08:00:00+00
-5569.10746326236,1088614.32857205,324,Pedro Bay,{EC18C954-9E22-45E3-BD54-DD7AF4302791},Yes,Yes,No,Yes,No,No,"Pedro Bay is accessible by air and water. There is a state-owned gravel airstrip. Barge service is available from Naknek via the Kvichak River. Goods are also sent by barge from Homer to Iliamna Bay on the Cook Inlet side and portaged over a 14-mile road to Pile Bay, a village 10 miles to the east of Pedro Bay. An unimproved trail, the Iliamna-Pile Bay Trail, runs along the northern shore of Iliamna Lake, connecting Pile Bay to Pedro Bay and the communities of Iliamna and Newhalen to the west. The existing road between Cook Inlet and Pile Bay is used for the transport of fishing vessels from winter retrofitting in Homer to summer fishing grounds in Bristol Bay and back. It is also often the only route by which heavy equipment can reach the Iliamna area. The road has not been adequately maintained. It is narrow in places and several bridges need to be replaced. Improvements to this transportation link were identified as a priority in the 2011 Lake and Peninsula Borough Coastal Management Plan.",2023/08/24 08:00:00+00
1036362.75188977,1023817.93801456,325,Pelican,{ED8A6F74-E397-4BA1-8052-EEF92A6C4F8B},Yes,Yes,Yes,Yes,No,Yes,"Pelican is dependent on float planes and the Alaska Marine Highway System ferry for travel. Daily scheduled air taxi services are available from Juneau. Facilities include a small boat harbor with a seaplane dock and state ferry terminal. The ferry provides two monthly departures to Juneau during summer months and one monthly departure during winter. According to a survey conducted by the AFSC in 2011, water taxi service is also available to Pelican. Barge service is available only on an as-needed basis. During winter months, fog, high winds, and high seas can limit access to the community. No paved roads are present in Pelican, and a boardwalk serves as the town's main thoroughfare due to the lack of flat land.",2023/08/24 08:00:00+00
1392817.32885793,826700.976868934,326,Pennock Island,{73B41658-55EE-4E44-B21B-50F5D5DFDBF2},No,No,No,No,No,Yes,"Pennock Island lies between Gravina Island and Ketchikan at the eastern end of the Tongass Narrows. It is situatied within the Ketchikan Gateway Borough and is part of the Alexander Archipelago. Pennock Island is accessible by small boat or floatplane, although there is no public transportation to the island.",2023/08/24 08:00:00+00
-320960.031211704,668095.588478032,327,Perryville,{4C04DC5F-DBC0-42D6-BFF7-62C40E838EAA},Yes,No,No,Yes,No,Yes,Perryville is accessible by air and sea. There is a state-owned gravel runway and seaplane base. Scheduled and charter flights are available from King Salmon. Cargo barges deliver fuel and supplies each spring. ATVs and skiffs are the primary means of local transportation.,2023/08/24 08:00:00+00
242078.659367518,1278552.09451601,328,Peters Creek,{429C5FAE-BA2A-438B-8238-B2A9B4C12838},No,No,No,No,Yes,No,Peters Creek is located approximately 20 miles northeast of Anchorage on the Glenn Highway.,2023/08/24 08:00:00+00
1261271.08419403,957469.206997323,329,Petersburg,{BCB15849-7466-46EB-920C-2A9FAE9E93C5},Yes,Yes,Yes,Yes,No,Yes,"Petersburg is accessed by air and water. It is on the mainline state ferry route and has ferry terminals on the north and south ends of Mitkof Island. The state-owned James A. Johnson Airport has a runway for scheduled jet service and small plane charter services. Lloyd R. Roundtree Seaplane Base (on the Wrangell Narrows) allows for float plane services. Harbor facilities include a petroleum wharf, barge terminals, three boat harbors with moorage for 700 boats, a boat launch, and a boat haul-out. Freight arrives by barge, ferry, or cargo plane. There is no deep-water dock for large ships (such as cruise ships); passengers are lightered to shore. Remote areas of the Borough are served by small state-owned boat docks at Papke's Landing in the Wrangell Narrows, on Kupreanof Island at the City of Kupreanof, and in Hobart Bay. Boat launch ramps are located on the south end of Mitkof Island at Banana Point, Blaquerie Point, and Woodpecker Cove. The state owned Mitkof Highway carries traffic north and south and is paved or chip sealed for 28 miles between the South Mitkof Ferry Terminal and the airport.",2023/08/24 08:00:00+00
1261271.08419403,957469.206997323,330,Petersburg Borough,{3D32B916-2AAC-4B36-A357-1CCB20E08A73},No,Yes,Yes,Yes,No,Yes,"Petersburg is accessed by air and water. It is on the mainline state ferry route and has ferry terminals on the north and south ends of Mitkof Island. The state-owned James A. Johnson Airport has a runway for scheduled jet service and small plane charter services. Lloyd R. Roundtree Seaplane Base (on the Wrangell Narrows) allows for float plane services. Harbor facilities include a petroleum wharf, barge terminals, three boat harbors with moorage for 700 boats, a boat launch, and a boat haul-out. Freight arrives by barge, ferry, or cargo plane. There is no deep-water dock for large ships (such as cruise ships); passengers are lightered to shore. Remote areas of the Borough are served by small state-owned boat docks at Papke's Landing in the Wrangell Narrows, on Kupreanof Island at the City of Kupreanof, and in Hobart Bay. Boat launch ramps are located on the south end of Mitkof Island at Banana Point, Blaquerie Point, and Woodpecker Cove. The state owned Mitkof Highway carries traffic north and south and is paved or chip sealed for 28 miles between the South Mitkof Ferry Terminal and the airport.",2023/08/24 08:00:00+00
166017.566147983,1395528.33679602,331,Petersville,{841E8B3A-9424-4243-B588-EEB808D195AB},No,No,No,No,Yes,No,"Petersville is located approximately 30 miles out the state-maintained Petersville Road, which leaves the George Parks Highway at Trapper Creek. A four-wheel drive or high-clearance vehicle is recommended for travel on this road, as the second half of the trip is primitive roadway. The closest non-commercial airstrip is located in Talkeetna, while a variety of transportation means are available in Wasilla and Palmer.",2023/08/24 08:00:00+00
6464.32051805284,1087714.99978762,332,Pile Bay,{D94A9514-00A6-408A-81D7-C255E1D5B983},No,No,No,No,No,No,,2023/08/24 08:00:00+00
-213420.916165604,845809.064475104,333,Pilot Point,{6C3B7B41-3AE1-40AB-AA91-33A20E34131E},Yes,Yes,No,Yes,No,Yes,"Pilot Point is accessible by air and water. A state-owned gravel airstrip is available. Air taxis provide regular flights six days a week out of King Salmon as part of the mail service. There is a second gravel airstrip, owned by the U.S. Bureau of Land Management, located 10 miles southeast at Ugashik. Barge service is provided from Seattle in the spring and fall and is chartered from Naknek. Dago Creek serves as a natural harbor; a dock is available. Modes of local transport include ATVs, snow machines, skiffs, and trucks.",2023/08/24 08:00:00+00
-463440.278725839,1359992.70645285,334,Pilot Station,{E1D5467A-F8D6-443B-B722-DE5C4F46B5F8},Yes,Yes,No,Yes,No,No,"A state-owned gravel airstrip is available. Air transportation is the primary means for freight and mail service, as well as passenger travel. The nearby village of St. Mary's is a hub for freight and mail, and Bethel is a hub for passenger travel. Heavy winds of up to 50 mph are common during fall and winter. Funds were awarded to relocate the airport runway. Construction began in 2011 and is scheduled to be complete in 2014. Pilot Station is also easily accessible by river-going vessels. Barges deliver fuel and other bulk supplies during the summer. Skiffs and snowmobiles provide inter-village transportation. There are no roads to surrounding communities. However, winter trails are used by residents to travel to surrounding communities and subsistence sites.",2023/08/24 08:00:00+00
-482902.084484234,1373351.25797421,335,Pitkas Point,{67B1D591-0300-4A96-A31C-7A141B8120D2},Yes,Yes,No,Yes,No,No,"The Yukon River allows easy access by water, and many families own a skiff. There is a 17.7-mile road connecting Mountain Village with the St. Mary's airport and Andreafsky, so residents have access to the transportation facilities at St. Mary's. Snow machines provide local winter transportation.",2023/08/24 08:00:00+00
-446428.791068836,1027721.60972818,336,Platinum,{B31B12CB-15A8-477A-A113-F6ACBD1D3120},Yes,No,No,Yes,No,Yes,"Platinum relies heavily on air transportation for passengers and mail and cargo service. There are two gravel airstrips. A seaplane landing site is also available near Platinum, and barge services deliver goods twice a year. Boats, snowmobiles, and ATVs are used for local travel and subsistence activities. A 6.8-mile road to the south connects Platinum to the platinum ore fields of the Salmon River, but there is no road connection between Platinum and other areas of the State. A coastal trail connects Platinum with Goodnews Bay and Quinhagak and extends northward to Bethel. Additional trails connect Goodnews Bay southeast to Togiak, and north to Carter Creek, Indian River, and Jacksmith Creek, and to the Faro and Keno Creek area of the Arolik River.",2023/08/24 08:00:00+00
337876.924307873,1675612.30865257,337,Pleasant Valley,{5DF24C5B-4FE5-4FFA-AE4F-CBDF97ACB787},No,No,No,No,Yes,No,"The statewide highway system is accessible, as well as the transportation facilities of Fairbanks.",2023/08/24 08:00:00+00
1238268.67859453,896185.506006416,338,Point Baker,{406CA174-D318-4E54-BB1E-2B47EE0719E4},Yes,Yes,No,Yes,No,Yes,"Point Baker is accessible by float plane, helicopter, barge, and skiff. A state-owned seaplane base and heliport serve chartered flights from Ketchikan. The community has a dock and boat harbor. Barges deliver cargo from Wrangell. There is no direct access to the Prince of Wales road system, airport, or ferry.",2023/08/24 08:00:00+00
-526202.60112902,2093518.87211088,339,Point Hope,{717918EA-EB98-4319-B4C9-D70D262F7CE2},Yes,No,No,Yes,No,Yes,"The state-owned paved airstrip provides Point Hope's only year-round access. Skiffs, umiats (skin boats), and snow machines are used for local transportation. Barges deliver goods during summer months. Point Hope is located about ten feet above sea level and is susceptible to flooding. Beacon Hill, which is 46 feet above sea level serves as the communities evacuation point and is connected by road. The road is reinforced with a 10 foot gravel berm for protection from storm surges.",2023/08/24 08:00:00+00
-352627.094869032,2220589.19246845,340,Point Lay,{ACCCEEDB-EFD5-4240-87ED-B1D77CEB08B8},Yes,No,No,Yes,No,Yes,"Point Lay is accessible year-round by air. Coastal and overland access are seasonal. The U.S. Air Force owns the public gravel airstrip in Point Lay. ERA Alaska provides direct flights from Barrow and Point Hope. Barges typically leave the Seattle area by July 1 and arrive in Barrow by August 1, delivering goods to North Slope Borough communities along the way. Landing craft are used to transfer goods from the barge landing sight to the community. Approximately eight miles of gravel roads are present in Point Lay. During the winter, an extensive network of trails is available for travel between communities and to subsistence sites. The trails are impassible in summer due to the presence of wetlands and many small lakes. Point Lay is connected to Point Hope, Wainwright, and Barrow via a coastal trail. The trail network also connects Wainwright to Deadhorse, Nuiqsut, and Atqasuk, and Nuiqsut south to Anaktuvuk Pass. Snowmobiles are used for winter travel between communities and to subsistence camps.",2023/08/24 08:00:00+00
212523.20674076,1270245.95186212,341,Point MacKenzie,{5736B8FC-BE6B-44A6-8A67-0A66F497EDC5},No,No,No,No,Yes,Yes,"Point MacKenzie Road is accessible from Knik Road and the George Parks Highway. A variety of transportation means are available from Wasilla, Palmer, and Anchorage. A private airstrip is located in the area. The Point MacKenzie Industrial Port is a deep-draft port.",2023/08/24 08:00:00+00
194916.035001071,1233370.1750972,342,Point Possession,{31997E44-F3ED-4BD0-87C7-471DA4CF099D},No,No,No,No,Yes,Yes,,2023/08/24 08:00:00+00
-75331.5057389189,1571495.59915515,343,Poorman,{9F8B0AD3-0990-40E9-8B85-B33C4C0D5998},No,No,No,No,No,No,,2023/08/24 08:00:00+00
-28070.7691618467,1062599.92064299,344,Pope-Vannoy Landing,{966F0EEE-4376-4C8B-B1B8-6201D91E3EB4},No,No,No,No,No,Yes,"Chartered float planes provide air services from Anchorage, Iliamna, and King Salmon. Supplies delivered by barge via the Kvichak River must be lightered to shore. Skiffs, ATVs, and trucks are common forms of local transportation.",2023/08/24 08:00:00+00
1181034.93995372,866617.229405715,345,Port Alexander,{5A7529F3-5CC9-423D-AF30-9EE44F9D5E43},Yes,Yes,No,Yes,No,Yes,"Transportation access to Port Alexander is by float plane or boat. A state-owned seaplane base is present. Passengers can fly from Sitka using essential air float plane service operated by Harris Air. The M/V Eyak provides year-round mail service to the community, as well as fuel and freight except in the summer. Transportation facilities include a dock and small boat harbor for moorage. As of 2014, the community is seeking funding from the legistative body to replace the outer harbor. There are no roads in Port Alexander, and the City is not connected to other communities on Baranof Island. Skiffs are used for local transportation. Most families transport their own essential supplies from outside to the community.",2023/08/24 08:00:00+00
-18128.321651304,1134258.52930023,346,Port Alsworth,{2C14D0F5-3E1B-4BEC-ABCB-6AEED5368B0C},No,No,No,No,No,No,"There are two privately-owned and -operated airstrips in the area: a gravel airstrip owned by Wilder/Natwick LLC, and a dirt/gravel airstrip operated by Glen Alsworth and The Farm Lodge.",2023/08/24 08:00:00+00
-596794.084618772,1758159.1450606,347,Port Clarence,{6969DC3C-BFDA-4D1D-B7F5-4BCBF7C5318A},No,No,No,No,No,Yes,A federally-owned lighted paved runway with restricted access is owned and operated by the U.S. Coast Guard in Port Clarence.,2023/08/24 08:00:00+00
122879.60838302,1041787.12506109,348,Port Graham,{21416EC2-769C-45C8-9643-767865EF7130},Yes,Yes,No,Yes,No,Yes,"Port Graham is not accessible by road. A state-owned airstrip is available for local charter flights. There are no roads in the community, but a trail connects Port Graham with the nearby village of Nanwalek. There is no scheduled water taxi or ferry service however non-scheduled barge service for delivery of fuel and supplies is available from Homer. The community offers docking facilities that are connected to the road and water systems, for vessels up to 80 feet. There is no dock space for permanent or transient moorage.",2023/08/24 08:00:00+00
-280398.794506824,779012.636349441,349,Port Heiden,{58FEECD6-E89F-44AF-B707-E2BF0B91605A},Yes,No,No,Yes,No,Yes,"The state-owned airport consists of a lighted, gravel runway and a gravel crosswind runway. There is a natural boat harbor but no dock. A boat haul-out, a beach off-loading area, boat fuel sales, and marine storage facilities are available. Cargo from Seattle is delivered twice yearly by barge and is lightered and offloaded on the beach. Autos, ATVs, and snowmobiles are the local means of transportation.",2023/08/24 08:00:00+00
66076.0433834472,874380.056336525,350,Port Lions,{DDC4A50C-4C3E-4DEF-B660-9185BACAD8C5},Yes,Yes,Yes,Yes,No,Yes,"Port Lions is accessible by air and water. There is a state-owned 2600 ft. gravel airstrip, and the small boat harbor may be used by seaplanes. Regular and charter flights are available from Kodiak. The boat harbor was partially rebuilt in 2011 and provides 68 boat slips, electricity, and fresh water during the summer months. The state ferry Tustumena operates bi-weekly from November through April and bi weekly for two weeks each month from May through October. Service is to and from Kodiak and Homer. A newly built deep water city dock with a 214 ft. face and mooring and breasting dolphins to accommodate large ships will be completed in 2014.",2023/08/24 08:00:00+00
-409229.750980643,684418.416931698,351,Port Moller,{0171F9D8-7C44-4712-ABC3-3803E4B09A49},No,Yes,No,Yes,No,Yes,,2023/08/24 08:00:00+00
1240070.12839684,893362.20596306,352,Port Protection,{F783848B-F9FA-4D67-B681-88C19008013B},Yes,Yes,No,No,No,Yes,"The community is accessible by float plane and boat. A state-owned seaplane base is available. Skiffs are used for local travel, and there is a boat harbor and launch ramp. Port Protection does not have direct access to the Prince of Wales road system, airport, or ferry service. Mail is delivered by float plane from Ketchikan, and freight arrives by chartered boat or floatplane.",2023/08/24 08:00:00+00
82326.9702487032,944400.411622134,353,Port William,{A4CDBE28-3AB2-46EF-86F7-F5EE0286586A},No,Yes,No,No,No,Yes,Port William is accessible by sea plane and boat. Scheduled flights and charters by sea or air are available from Kodiak or Homer. A private seaplane base is owned by Washington Fish & Oyster. Port William serves as Mail Drop for the vicinity. Port William is the only deep-water port between Seldovia and Kodiak and is a popular stop-over for sea planes and marine vessels.,2023/08/24 08:00:00+00
271484.34705581,1215610.77163573,354,Portage,{83695BF1-4D27-4C4A-9B1B-BA6F0E0CFB2B},No,No,No,No,Yes,No,,2023/08/24 08:00:00+00
-213525.290249942,995860.018148084,355,Portage Creek,{23F7C06A-DD1B-40D8-854F-09BE816DD5EB},Yes,No,No,Yes,No,No,"Chartered air transport is most frequently used to reach Portage Creek, though skiffs are used locally. There is a state-owned gravel airstrip, maintained only during summer months, and seaplanes may land on the Nushagak River. Cargo goods are lightered to the beach, since there are no docking facilities. Snow machines are used for winter travel.",2023/08/24 08:00:00+00
128539.523576058,1026443.46172486,356,Portlock,{75E44D8E-7156-485D-AC51-21E01C4EB498},No,No,No,No,No,Yes,,2023/08/24 08:00:00+00
255339.741231173,1161226.22783871,357,Primrose,{52520FE3-9874-4E97-BFD4-38DEE36B1FFD},No,No,No,No,Yes,No,"The Seward and Sterling Highways provide access to Anchorage and the statewide highway system. Nearby Seward offers an airport, railroad, and docking facilities.",2023/08/24 08:00:00+00
217277.130689913,2262085.46202091,358,Prudhoe Bay,{A86C2FBC-0704-4117-9A7E-E4A3DD3415BD},No,No,No,No,Yes,Yes,"The airport at nearby Deadhorse is the primary means of public transportation to the North Slope. The state-owned asphalt and gravel airstrip at Deadhorse is 6,500' long by 150' wide. A 5,000' by 100' wide private gravel airstrip is owned and maintained by ConocoPhillips Alaska, Inc. A state-owned heliport is located at Prudhoe Bay. The Dalton Highway is used year-round by trucks to haul cargo to the North Slope. There are no services beyond this point, and the highway is hazardous during winter months.",2023/08/24 08:00:00+00
286748.564275066,1663572.15678091,359,Ptarmigan Heights,{AC412614-F26A-44A1-AF0C-6818321D60A5},No,No,No,No,Yes,yes,,2023/08/24 08:00:00+00
-441451.852918794,1110782.82189395,360,Quinhagak,{B6E9CAAD-60A0-4BA0-9CA6-A849C3DAFC42},Yes,Yes,No,Yes,No,Yes,"Quinhagak relies on air transportation for passenger mail and cargo service. A gravel airstrip owned by Native Village of Kwinhagak is avaliable. Float planes land on the Kanektok River. A harbor and dock serves barges deliveries of heavy goods at least twice a year. Boats, ATVs, snow machines, and some vehicles are used for local transportation. Winter trails are marked to Eek (39 mi) and Goodnews (39 mi).",2023/08/24 08:00:00+00
224360.135791117,1240678.19966157,361,Rabbit Creek,{89986F72-9A6B-4DDD-BF4D-8930D0A1ACF3},No,No,No,No,Yes,No,Rabbit Creek is located about 14 miles south of Anchorage on the Seward Highway.,2023/08/24 08:00:00+00
177265.835307035,1732264.22705703,362,Rampart,{6202BDF2-C7DB-4E68-839D-27ED74C85EA2},Yes,No,No,Yes,No,No,"Rampart is located off of the Elliot Highway and Eureka Road, about 164 miles northwest of Fairbanks. Rampart has a state-maintained public airport with a gravel runway in good condition. Air transportation provides the only year-round access. A 30-mile winter trail exists from the Elliott Highway north to Rampart; it is used only during winter months. The other transportation link is the Yukon River. Fuel and other goods are delivered by barge two or three times each summer. Skiffs and snow machines are used for subsistence hunting and fishing. Rampart receives funds from the Essential Air Services program that subsidizes the cost of commercial flights.",2023/08/24 08:00:00+00
163036.79807432,1094929.17988325,363,Razdolna Village,{B2ABA72D-670E-40F3-92D0-454C259DF94A},No,No,No,No,Yes,Yes,,2023/08/24 08:00:00+00
-175287.099591471,1316026.17556781,364,Red Devil,{60E24BB4-83DC-44A8-9CFE-7E855DA6622B},Yes,No,No,Yes,No,No,"The Kuskokwim River serves as a major transportation link and supply route for bulk supplies and fuel oil during the summer. In the winter, the frozen river is used as an ice road by snow machines for travel to neighboring villages. A gravel airstrip provides year-round access. It is owned and operated by the state. Scheduled weekday service is available.",2023/08/24 08:00:00+00
-371093.040025347,2037130.9505182,365,Red Dog Mine,{1A6B04A0-B2D4-4ED2-9956-796E120EA73D},Yes,Yes,No,Yes,No,No,"There is a 55-mile gravel road from the mine to the shallow-water port for staging and exporting zinc and lead ore. The port is ice-free only 100 days a year. The port and road are state-owned. Barges deliver supplies, fuel, and equipment each summer. A private asphalt/gravel lighted runway, operated by NANA Regional Corporation, is available.",2023/08/24 08:00:00+00
159598.989196363,1175220.71489339,366,Ridgeway,{43789012-2A4F-4391-8762-748A33755153},No,No,No,No,Yes,Yes,There is access to the Sterling Highway that connects to the Alaska road system. Transportation facilities include a dock and airport. MacKey's Lake is in the area to serve floatplanes.,2023/08/24 08:00:00+00
-70886.7990080763,1642768.92037799,367,Ruby,{E0D07527-6185-42A6-87A3-465F20FDF512},Yes,No,No,Yes,No,No,"Ruby is accessible by air and water. A state-owned lighted, gravel airstrip is available. There are no docking facilities on the Yukon River, but a boat launch and barge off-loading area are available. Barges make several deliveries each summer. Float planes land on the Yukon River. Trucks, snow machines, ATVs, and riverboats are used for local transportation. Numerous trails and the 35-mile road to Long Creek Mine to the south are used for subsistence activities.",2023/08/24 08:00:00+00
-384325.307776448,1333013.66724658,368,Russian Mission,{8DA86262-15AB-46C9-B997-7983A9FF34AB},Yes,Yes,No,Yes,No,No,"Russian Mission's location on the Yukon River allows barge and small boat travel during the summer. Passengers, mail, and light goods arrive primarily by air. A gravel airstrip and seaplane landing area are owned and operated by the state. Scheduled daily flights are available. Snow machines are used in inter-village transportation in the winter, and a trail is marked to Kalskag (25 mi). As of May 2014, some of the communities roads were in need of repair due to damage from flooding.",2023/08/24 08:00:00+00
-944349.868773236,843619.420781122,369,Saint George,{55AFA1A4-5677-44A5-A22C-9F9D370747CE},Yes,Yes,No,Yes,No,Yes,"Saint George is accessible only by air and sea. There are two airstrips; one is owned by the city, and the other is owned by the state. Scheduled flights are provided to Saint Paul and the mainland. Most freight and supplies are delivered by ship from Anchorage on a monthly or bimonthly schedule; cargo from Seattle arrives five or six times a year. There are three docks; one is operated by the village corporation. An inner harbor and dock are in Zapadni Bay, 5 miles from the city.",2023/08/24 08:00:00+00
-802802.068631808,1595268.89075215,370,Saint Lawrence Island,{7F55D5E9-D568-482A-BE2C-9BE29FA6B13F},No,Yes,No,Yes,No,Yes,"The remoteness of the island coupled with the lack of a seaport results in heavy dependence upon air transport. A state-owned airport in Gambell has an asphalt runway, and Savoonga has a gravel airstrip. Regular flights from Nome and charters from Unalakleet are available to both villages. Freight is shipped by barge from Anchorage. Winter transportation on St. Lawrence Island primarily consists of snow-machine travel over packed snow. However, these routes often traverse through treacherous landscapes that offer little or no points of reference during bad weather. Tripods were installed in 2013 marking the winter routes between Gambell and Savoonga, as well as other points on the southern part of St. Lawrence Island. An approximately 7 mile evacuation road was completed in 2013 which extends southward from the village of Gambell.",2023/08/24 08:00:00+00
-476820.244012596,1374720.1165265,371,Saint Mary's,{8AB67F75-EAB7-4DEB-8885-83230D155E9C},Yes,Yes,No,Yes,No,No,"Saint Mary's is served by barge and aircraft. The state-owned gravel runway with a crosswind strip provides year-round access. The airfield is capable of receiving large jet aircraft. A 22-mile road links St. Mary's to Andreafsky, Pitka's Point, and Mountain Village. They are not maintained during winter months but are used by snow machines. Plans are in place to upgrade the road from Saint Mary's to Mountain Village in the summer of 2014. When this project is complete the road will be available for use year round. The Andreafsky River provides the only deep-water dock in the area.",2023/08/24 08:00:00+00
-398870.645006686,1525392.61226927,372,Saint Michael,{9BB36ABC-66B2-4E89-99FA-C2128E2AFCC9},Yes,No,No,Yes,No,Yes,"Saint Michael is accessible by air and sea only. The state owns a gravel airstrip, and a seaplane base is available. Regular and charter flights are available from Nome and Unalakleet. It is near the Yukon River Delta and has a good natural harbor but no dock. Lighterage service is provided on a frequent basis from Nome. Saint Michael receives at least one annual shipment of bulk cargo. A 10.5-mile road exists to Stebbins.",2023/08/24 08:00:00+00
-974185.249990874,910524.195606546,373,Saint Paul,{B7D914E8-D125-49F0-B374-8AE610E5DBC7},Yes,Yes,No,Yes,No,Yes,"St. Paul is accessible by sea and air. The state-owned asphalt runway and regularly-scheduled flights are provided. Most groceries, perishable and frozen items arrive by air, via the by-pass mail system, which is more cost effective than shipment by sea. Cargo vessels sail from Seattle approximately six times a year, carrying more dry/frozen groceries and large items such as furniture, autos, construction materials, and residents' personal orders. There is a 1200' breakwater, providing shelter for 600' of dock space and a barge off-loading area. In 2011, a small boat harbor and ramp was constructed for the local halibut fishing fleet. An additional 50' of dock and a vessel repair facility is planned for construction start in the summer of 2014.",2023/08/24 08:00:00+00
145420.639784554,1184299.87455891,374,Salamatof,{2606EF00-243D-41F4-890F-E340AD1ACFA5},No,No,No,No,Yes,Yes,The Sterling Highway connects to Alaska's statewide road system. Float planes can land at Arness Lake and Lower Salamatof. Close-by Kenai offers an airport and docking facilities.,2023/08/24 08:00:00+00
336781.347588218,1631148.51895082,375,Salcha,{3AAD6031-4B4D-40A2-86B3-B59C6AE4046D},No,No,No,No,Yes,No,The Richardson Highway allows access to Fairbanks and its variety of transportation services.,2023/08/24 08:00:00+00
-570018.040818266,534184.700596148,376,Sanak,{1BECD06F-D53F-43D8-BAF3-32AC978D0E27},No,No,No,No,No,Yes,,2023/08/24 08:00:00+00
-411466.861134354,612219.93928279,377,Sand Point,{BCCD0BE5-1002-4368-A664-108C425C91DD},Yes,Yes,Yes,Yes,No,Yes,"Sand Point has a state-owned airport with a asphalt runway. Direct flights to Anchorage are available. Marine facilities include a 25-acre boat harbor with four docks, 134 boat slips, a harbormaster office, barge off-loading area, and a 150-ton lift. Regular barge services supply the community. The state ferry operates between Sand Point and Unalaska, Akutan, False Pass, Cold Bay, and King Cove between May and October.",2023/08/24 08:00:00+00
-805515.136213651,1625678.78277187,378,Savoonga,{72DFDB08-C634-4DC3-BA13-8C7F1E889436},Yes,No,No,Yes,No,Yes,"Savoonga's isolated location with no seaport and iced-in conditions during the winter means a dependence on air transport. There is a state-owned gravel airstrip where regular air service is available from Nome and Unalakleet. There is no dock, and supplies are lightered from Nome or off-loaded on the beach.",2023/08/24 08:00:00+00
1394834.30839002,827141.152786474,379,Saxman,{19994FB4-B48F-4B91-B7EA-9D86BD4F52BD},No,Yes,No,No,No,Yes,"Saxman and Ketchikan are connected by the South Tongass Highway. The state owns a gravel runway on Gravina Island, the location of the Ketchikan airport. Scheduled jet and air taxi services are available. Dock and commercial barge off-loading facilities are available at the Saxman Seaport. The community relies on Ketchikan for its boat moorage and state ferry services.",2023/08/24 08:00:00+00
-604790.129936927,1371265.24459968,380,Scammon Bay,{95BD0825-5CB3-4695-B177-4D026DA5894C},Yes,Yes,No,Yes,No,Yes,"Scammon Bay is accessible by air and water. A state-owned gravel airstrip and city-owned seaplane base on the Kun River serve air traffic. Barges bring in bulk supplies each summer. Winter trails exist to Hooper Bay (32 mi) and Chevak (25 mi). Snow machines and skiffs are the primary means of local transportation. In November 2013, the city experienced a flooding event that damaged sections of the dock roads and washed out other areas of the road. As of May 2014, a project to improve existing roads was underway. ",2023/08/24 08:00:00+00
-267001.161616563,1861743.41404769,381,Selawik,{E0F2C831-698F-4BCE-8AC1-4162BE7D6DCD},Yes,No,No,Yes,No,No,"Selawik is accessible by plane and barge. The Roland Norton Memorial Airport provides a gravel runway owned by the city. The state also owns a gravel airstrip with a crosswind strip. Scheduled flights are available to Kotzebue and area villages. Docking facilities and a barge landing area exist. Freight is shipped upriver from Kotzebue each summer by Crowley Marine Services. Boardwalks have been constructed within the village. Boats, ATVs, and snow machines are prevalent forms of local travel.",2023/08/24 08:00:00+00
128947.580591873,1051951.17416714,382,Seldovia,{A8F5B7D5-CE39-47C3-BAB5-4BA4EDCEF514},Yes,Yes,Yes,No,No,Yes,"A state-owned gravel airstrip and a seaplane base are available. Direct flights are provided to Homer. The state ferry system connects to Homer, where the Sterling Highway provides road access. Water taxis from Homer also service the community. A harbor, boat wash down, and boat haul-out facility are available.",2023/08/24 08:00:00+00
132690.88040484,1055857.54467169,383,Seldovia Village,{87E87454-91AC-49AF-B812-E5B5DF65D0C8},No,No,No,No,No,Yes,"Jakolof Bay road connects the village to the City of Seldovia. Residents use the airport, seaplane base, and harbor located at nearby Seldovia. The state ferry system connects the City of Seldovia to Homer. There are also ferries and water taxis available for passenger commutes to Homer.",2023/08/24 08:00:00+00
252540.636570125,1132499.53625932,384,Seward,{86E9E60C-762A-4D26-A7CC-57DC74916D5B},Yes,Yes,No,Yes,Yes,Yes,"Seward is connected to the Alaska Highway system by the Seward Highway. Bus and commercial trucking services to and from Anchorage are available daily. While air services and charters are available at the state-owned airport, regularly scheduled commercial air service out of Seward is not available. Two paved runways are utilized. Seasonal passenger transportation is available by rail, as Seward is a major transit site for the Alaska Railroad. The port, located at the north end of the 900 foot deep Resurrection Bay, serves cruise ships, cargo barges, and ocean freighters from Seattle and overseas. The small boat harbor has moorage for 650 boats and 2 boat launch ramps as well as a 250 ton boat lift and a 5,000 ton lift for ships and barges.",2023/08/24 08:00:00+00
-282383.760555465,1421013.58135403,385,Shageluk,{C1B6F29B-4A04-42DE-9F90-6F108C6C13A9},Yes,No,No,Yes,No,No,"Access to Shageluk is by air or water. A state-owned gravel airstrip and a seaplane base are available. Locals use ATVs, snow machines, and dog sleds. Every other year, it is a checkpoint for the Iditarod dogsled race.",2023/08/24 08:00:00+00
1254868.34490607,876451.103201725,386,Shakan Bay,{0F7C77B7-69C7-48F2-B035-41C709DC35A5},No,No,No,No,No,Yes,,2023/08/24 08:00:00+00
-346517.325479851,1617843.76690688,387,Shaktoolik,{CEDC63C2-3647-4702-B72B-D9E842E711FE},Yes,Yes,No,Yes,No,Yes,"Shaktoolik is primarily accessible by air and sea. A state-owned gravel airstrip is available. The Alex Sookiayak Memorial Airstrip allows for regular service from Unalakleet. Summer travel is by ATVs, motorbikes, trucks, and boats; winter travel is by snow machine and dog team. Cargo is barged from Nome, then lightered to shore.",2023/08/24 08:00:00+00
-541048.640165177,1860130.42371255,388,Shishmaref,{D1F96C65-49BF-4E7B-AA32-F9C4C50BB628},Yes,No,No,Yes,No,Yes,Shishmaref's primary link to the rest of Alaska is by air. A state-owned paved runway is available for charter and freight services from Nome. Most people use boats for trips to the mainland.,2023/08/24 08:00:00+00
-138064.811931058,1884423.58186544,389,Shungnak,{9177B2E0-91EE-4644-A900-570CEA299846},Yes,Yes,No,Yes,No,No,"Shungnak is accessible by plane, barge, or small boat. The state-owned lighted gravel runway has scheduled regional air services. Fuel and supplies are barged in each summer by Crowley Marine Services of Kotzebue. Small boats, ATVs, snow machines, and dog sleds are used for local travel and subsistence activities. Trails along the river are used for inter-village travel.",2023/08/24 08:00:00+00
86655.5623414888,951819.343675232,390,Shuyak Island,{DA178CFC-0A5C-4599-83B4-D8855FF01E3D},No,Yes,No,No,No,Yes,Shuyak is accessible by sea plane and boat. Scheduled flights and charters by sea or air are available from Kodiak or Homer. A private seaplane base is owned by Washington Fish & Oyster. Port William serves as Mail Drop for the vicinity. Port William is the only deep-water port between Seldovia and Kodiak and is a popular stop-over for sea planes and marine vessels.,2023/08/24 08:00:00+00
451200.737331008,1366697.89131631,391,Silver Springs,{EFEF6D9F-D6F7-4657-8942-88A418AFEAD4},No,No,No,No,Yes,No,The Richardson Highway connects to all major population areas of the state year-round. Residents use the airport at Glennallen.,2023/08/24 08:00:00+00
1115221.96070411,940259.193283325,392,Sitka,{99E9981F-255D-4678-9D2E-704DC07798D6},Yes,Yes,Yes,Yes,No,Yes,"The state-owned Rocky Gutierrez Airport on Japonski Island has a paved and lighted runway. In addition to daily jet service, several scheduled air taxis and air charters are available. The City and Borough of Sitka operates five small boat harbors with 1,350 stalls and a seaplane base on Sitka Sound. There is a breakwater at Thompson Harbor. A boat launch, haul-out, boat repairs, and other services exist. Cruise ships anchor in the harbor and lighter visitors to shore. The Old Sitka Dock, privately owned, is the only deep water moorage facility in Sitka capable of accommodating large vessels. The Alaska Marine Highway System (state ferry) has a docking facility approximately 6 miles north of town. The ferry serves Sitka several times a week, with a twelve-hour run to Juneau. Freight arrives by barge and cargo plane",2023/08/24 08:00:00+00
1042115.23995418,1199030.95630824,393,Skagway,{F040B0E7-B5F6-47BE-82E0-63A3AC90CEC9},Yes,Yes,Yes,Yes,Yes,Yes,"The Municipality of Skagway is accessible by road via the Klondike Highway, which provides a connection through British Columbia and the Yukon Territory, Canada, to the lower 48 states or north to Interior Alaska. Skagway is accessed by air, road, and water services. The state owns a paved runway and Skagway receives regular state ferry and barge services. A breakwater, ferry terminal, small boat harbor, boat launch and boat haul-out are available, as well as three deep-draft docks for cruise and cargo ship berthing, cargo loading and storage. Freight arrives by barge, ferry and truck.",2023/08/24 08:00:00+00
146259.342377647,1335446.67730031,394,Skwentna,{6F43A244-13B0-42B5-92FB-6D2ACE90ED71},Yes,No,No,Yes,No,No,"There is no road access from the George Parks Highway, and residents are dependent upon air travel and snow machines. A state-owned gravel airstrip is available. A private airstrip and float plane access, located at Alexander Lake, exist.",2023/08/24 08:00:00+00
509907.186959205,1453550.80144447,395,Slana,{92647992-DE7B-4457-BD55-CB46CE9A4C4E},No,No,No,No,Yes,No,"Slana has road access to the statewide system via Glenn and Richardson Highways. The nearest public airstrip is to the south at Chistochina, but a private gravel airstrip exists.",2023/08/24 08:00:00+00
-167084.821254186,1306713.95158893,396,Sleetmute,{0250F433-FD97-4CC6-8D40-1385C394201D},Yes,No,No,Yes,No,No,The Kuskokwim River provides barges and boat transportation in the summer. Snow machines are used on the frozen river in the winter. The gravel airstrip is owned and maintained by the state. Scheduled weekday service is provided.,2023/08/24 08:00:00+00
160632.581953389,1170692.1222477,397,Soldotna,{D7CCEBD6-7236-44C6-9E78-19F98183CFFC},Yes,No,No,No,Yes,Yes,"The Soldotna Municipal Airport provides facilities for charter services and local air traffic. The nearby Kenai Municipal Airport, located 10 miles away, offers scheduled flights and float plane facilities. Seaplanes can also land at Mackeys Lakes. There are four additional private landing strips in Soldotna and a heliport for medical emergencies at Central Peninsula General Hospital. The Sterling Highway provides access to Alaska's road system. While Soldotna has an airport, there are no regular commercial flights available between Soldotna and Anchorage.",2023/08/24 08:00:00+00
-498235.362652332,1661292.45274115,398,Solomon,{798D00BB-D4F4-4E3A-9A5D-E08E4F4420E3},No,No,No,No,No,Yes,Solomon is located along the Nome/Council road. A gravel airstrip is owned by the Municipal Land Trust. Charter flights are available from Nome. Snow machines and dogsleds are used for transportation during the winter.,2023/08/24 08:00:00+00
247676.573852584,1298588.90493292,399,South Lakes,{84B4826F-176E-4EF4-B844-179B36558677},No,No,No,No,Yes,No,,2023/08/24 08:00:00+00
-173605.947377928,972356.745251087,400,South Naknek,{8C659093-914F-41E2-BE61-E3576613F3BC},Yes,Yes,No,Yes,No,Yes,"South Naknek is accessible by air or sea. There are two state-owned lighted gravel runways. The PAF Cannery airport lies three miles to the southeast and has a dirt strip and a crosswind strip. Scheduled and charter flight services are available. A 3,000' designated stretch of the Naknek River is used by float planes. The frozen river provides an ice road to Naknek and King Salmon in winter. There is an unmaintained dirt road to New Savonoski. The borough operates a mid- and high-tide cargo dock at South Naknek with 200' of berth space to accommodate barges. Trucks, cars, ATVs, snow machines, and boats are used for local travel.",2023/08/24 08:00:00+00
295956.11995334,1663903.37771941,401,South Van Horn,{06C11331-3BBB-4E38-B7C8-8E9706C868E8},No,No,No,No,Yes,No,South Van Horn is a neighborhood just south of Fairbanks. It is about three miles by road from the center of the city.,2023/08/24 08:00:00+00
-415909.462429639,601516.901294254,402,Squaw Harbor,{0B747030-0A9A-4421-8EE6-E0B1DD8E6BAD},No,No,No,No,No,Yes,,2023/08/24 08:00:00+00
-410655.966695141,1531965.84908907,403,Stebbins,{28ACD99B-0BF6-4373-A5BA-4F063E34485C},Yes,No,No,Yes,No,Yes,"Stebbins is accessible by air and sea. There is a state-owned gravel runway. Regular flights, charters, and freight services are available from Bethel. A cargo ship brings supplies annually. There is no dock, and goods must be lightered out of Nome. Overland travel in the winter is by snow machine.",2023/08/24 08:00:00+00
307884.478915851,1674157.73985496,404,Steele Creek,{70C8E48C-BFDB-49A3-ABA9-0B244839932A},No,No,No,No,Yes,No,,2023/08/24 08:00:00+00
175086.911222971,1176576.00005833,405,Sterling,{DC7B95CA-114F-4D3E-95BE-B7965D32E2EF},No,No,No,No,Yes,No,"The Sterling Highway provides access to Alaska's road system. There are several private airstrips in the Sterling area, and a private seaplane base at Scout Lake which is approximately three miles from the center of Sterling. There are two privately-operated boat launches. Nearby Kenai and Soldotna offer airports for charter services and local air traffic, as well as docking facilities. Sterling does not have a municipal airport, and nearby Soldotna does not offer regularly scheduled air service between Soldotna and Anchorage. However, Anchorage is accessible from Sterling by road and is approximately 135 miles away.",2023/08/24 08:00:00+00
223409.289170116,1791220.15498526,406,Stevens Village,{169CE60B-858B-4A5D-801B-CB9E3179349B},Yes,No,No,Yes,No,No,"Access to Stevens Village is primarily via the state-owned lighted gravel airstrip. Fuel is shipped by barge at least three times each summer; goods are offloaded at the barge landing. Residents use skiffs, ATVs, snow machines, and dog teams for recreation and subsistence fishing and hunting.",2023/08/24 08:00:00+00
-136053.465971829,1314823.93224772,407,Stony River,{3C0B8851-31F2-4CA0-B3E0-A7DE145D4BB3},Yes,No,No,Yes,No,No,Stony River's location near the confluence of the Kuskokwim and Stony Rivers provides easy access to river transportation during summer and snow machine traffic in winter. Barges deliver cargo and bulk fuel. The gravel/dirt airstrip is state-owned and -operated. Scheduled weekday air services deliver mail and other cargo.,2023/08/24 08:00:00+00
247253.877321166,1219683.79706974,408,Sunrise,{C94A527A-FE5F-481B-BCAA-88435D1E5189},No,No,No,No,Yes,No,Sunrise has access to Alaska's road system via the Seward highway. A gravel airstrip is available nearby at Hope.,2023/08/24 08:00:00+00
252712.317287962,1552963.91925356,409,Suntrana,{6A1DCF5A-8681-42C4-BCAE-F47535429352},No,No,No,No,No,No,,2023/08/24 08:00:00+00
178550.4207159,1284400.62212122,410,Susitna,{42EFB0E5-DFC0-4003-A9E2-0CA2A1F23F56},No,No,No,No,No,No,This site is not accessible by road. It lies on the Iditarod Trail Sled Dog Race path. Charter float planes provide transportation and cargo from Anchorage. A dirt runway is available. Its river is often shallow and air boats and jet-propulsion river boats are necessary for travel.,2023/08/24 08:00:00+00
205613.297295645,1356772.61488656,411,Susitna North,{3366F161-F33D-48D6-A9DD-79C2B203D73C},No,No,No,No,Yes,No,"The community is accessible from the George Parks Highway. The Talkeetna airstrip is located nearby. A variety of transportation means are available in Wasilla, Palmer, and Anchorage.",2023/08/24 08:00:00+00
269749.486823827,1313906.37237335,412,Sutton-Alpine,{126A149F-F9BD-42EC-8D66-E4883B8016E2},No,No,No,No,Yes,No,"Sutton is connected to the Glenn Highway. There is a public gravel airstrip at the Jonesville Mine, owned by the Canadian Mine & Smeltering Company. Additional public transportation facilities are available in nearby Palmer.",2023/08/24 08:00:00+00
-104230.160828436,1448041.57850457,413,Takotna,{85E095CB-FA7C-489E-81CF-7471581BE04A},Yes,No,No,Yes,No,No,"Access to Takotna is by air or water. There is a state-owned gravel airstrip and a gravel runway at Tatalina Air Force Station ten miles southeast of town. Cargo is offloaded at Sterling Landing, 24 miles southeast of Takotna. The community has 80 miles of local roads that connect with Tatalina AFS, Sterling Landing, and existing mines. A winter trail is marked to McGrath (20 mi). It is a check point for the Iditarod Trail Sled Dog Race.",2023/08/24 08:00:00+00
200806.566477601,1377989.09479474,414,Talkeetna,{3EC46053-F188-4C9A-B758-A0D57EF8F834},Yes,No,No,No,Yes,No,"Talkeetna is accessible by road, air, and train. The Talkeetna Spur Road connects to the George Parks Highway. There are two state-owned runways. One is asphalt and the other is a gravel strip. There are several additional airstrips in the vicinity, including one owned by the U.S. Bureau of Land Management. There is an Alaska Railroad depot. While Talkeetna is accessible to charter and private aircraft, there is no regularly scheduled service between Talkeetna and Anchorage, which can be reached by road.",2023/08/24 08:00:00+00
528914.501725091,1532292.0107361,415,Tanacross,{57519FBB-A615-4BD0-A451-9E4C5B1C2E43},Yes,No,No,No,Yes,No,"Tanacross is located on the Alaska Highway, roughly 200 miles southeast of Fairbanks. Tanacross has a federally-maintained public airport with an asphalt runway in poor condition. Tanacross is a mile north of the Alaska Highway. Most residents use cars, trucks, and snow machines for local transportation. Regular air and bus services are available from Tok. The U.S. Bureau of Land Management owns two runways located one mile south of Tanacross and are not maintained in winter.",2023/08/24 08:00:00+00
243842.042777831,1300864.17626285,416,Tanaina,{929B664D-4B19-44FF-A034-299BEAC5D45E},No,No,No,No,Yes,No,"The George Parks and Glenn Highways and other local roads connect the area Alaska's road system. It lies on the Alaska Railroad. The nearby Wasilla and Palmer airports provide scheduled commuter and air taxi services. Float planes land at Wasilla Lake, Jacobsen Lake, and Lake Lucille. There are ten additional private airstrips in the vicinity. Commercial jet flights are operated out of Anchorage International Airport.",2023/08/24 08:00:00+00
90121.6496562936,1691441.77576932,417,Tanana,{52BCEDDA-9254-47D3-9A2A-3B00217A0661},Yes,Yes,No,Yes,No,No,"Tanana is located in Interior Alaska about two miles west of the junction of the Tanana and Yukon Rivers. The community lies 130 air miles west of Fairbanks. Tanana is accessible only by air and river transportation. The city maintains 32 miles of local roads. Work began on a new road from Manley Hot Springs to Tanana in the fall of 2013. The city operates a dock on the river; barged goods can be offloaded at a staging and storage area. The state owns and operates the Ralph M. Calhoun Memorial Airport, which has a lighted, gravel runway. Float planes land on the Yukon River. Cars, trucks, snow machines, ATVs, and riverboats are used for local transportation. Groceries and other small items are shipped to the village by air, or by barge during the barging season from May to September.",2023/08/24 08:00:00+00
395313.728565778,1231228.57346929,418,Tatitlek,{A47812B1-7D27-455A-A423-CE6015545162},Yes,Yes,Yes,No,No,Yes,"Tatitlek has a state-owned gravel airstrip and a seaplane landing area; air charters are available from Valdez and Cordova. Boats are the primary means of local transportation. In 1996, the Alaska Marine Highway began 'whistle stop' service. After a short charter flight, direct commercial service is available to Anchorage from Valdez and Cordova.",2023/08/24 08:00:00+00
446540.486937791,1370184.46588024,419,Tazlina,{A3685B4F-070E-4C85-9820-DEE25ABC695E},No,No,No,No,Yes,No,Tazlina is located on the Richardson Highway. There is a state-owned gravel airstrip and a seaplane facility at Smokey Lake.,2023/08/24 08:00:00+00
35952.5379436969,1490860.33761006,420,Telida,{5E3D1CE1-F61E-4C77-8B1C-66F457350D90},Yes,No,No,No,No,No,"Access to Telida is primarily by air. A locally-maintained turf airstrip is available. Small boats can reach Telida, but snags and sticks downriver prevent large boat access. There is no road connection, but a winter trail connects the village with Nikolai. Snowmobiles, motor bikes, and ATVs are used.",2023/08/24 08:00:00+00
-574543.17179758,1754008.50735403,421,Teller,{FABC6EB5-588F-4AD5-B3AB-A8511EBA408A},Yes,No,No,Yes,No,Yes,"Teller has a road link to Nome from May to September via a 72-mile gravel road. The community can also be accessed by sea and air. There is a state-owned gravel runway with regular flights from Nome. There is no dock; goods are lightered from Nome and offloaded on the beach. Port Clarence is a nearby natural harbor.",2023/08/24 08:00:00+00
1098843.59174464,1020605.81594615,422,Tenakee Springs,{E49E42CA-BF94-44E1-9650-6B93C551222E},Yes,Yes,Yes,Yes,No,Yes,"Tenakee Springs is dependent on seaplanes and the Alaska Marine Highway for transport. The state owns a seaplane dock and the city owns the heliport. Scheduled or chartered float planes are dispatched from Juneau and Sitka. The state ferry provides passenger transportation only, since there is no vehicle landing facilities in Tenakee. The main street is a 2 mile long walking trail. Barges deliver fuel and goods four to six times a year. The marine facilities include a small boat harbor and ferry terminal. The City of Tenakee owns a fuel dock. Local transportation is primarily by bicycle or ATV. As of May 2014, the Alaska Department of Transportation is replacing two floats and making upgrades to the boat harbor, with construction scheduled for the fall. The US Army Corps of Engineers is planning repair and renovation of the city dock, including fueling and a state Ferry facility. No construction date has been set.",2023/08/24 08:00:00+00
574650.660762974,1512987.73354109,423,Tetlin,{AD7719EE-1C6A-44A6-93BB-D7ABA23FFF53},Yes,No,No,No,Yes,No,"Tetlin is located along the Tetlin River and the Alaska Highway, about 220 miles southeast of Fairbanks. Tetlin has a state-maintained public airport with a gravel runway in good condition. The village also owns and maintains a turf airstrip. Scheduled and charter flights are available from Tok. Many residents own cars, trucks, skiffs, and snow machines for hunting, fishing, and hauling wood.",2023/08/24 08:00:00+00
1134576.8503073,1087146.62003219,424,Thane,{52C316A4-C26F-4D85-A9F1-53052ACADB8C},No,No,No,No,No,Yes,,2023/08/24 08:00:00+00
1331659.79876167,906620.902989972,425,Thoms Place,{CFBF383A-68E8-4345-B6D8-7729D62336C8},No,No,No,No,No,Yes,,2023/08/24 08:00:00+00
1326319.36788725,846815.094827237,426,Thorne Bay,{3F597174-5CB5-4C16-8F4A-786886325C42},Yes,Yes,No,Yes,No,Yes,"Thorne Bay is accessed by float plane, the airport at Klawock, and the inter-island ferry at Hollis. The Thorne Bay Harbor provides slips for over 100 vessels. A seaplane base is state-owned. The Prince of Wales Island Road System connects the communities on Prince of Wales Island with one another.",2023/08/24 08:00:00+00
-364120.520402744,1024741.77608156,427,Togiak,{5992D3C6-F615-45B1-BE46-B0FF54252CF2},Yes,No,No,Yes,No,Yes,"A state-owned lighted gravel airstrip with a crosswind airstrip is available. Scheduled and chartered flights are dispatched from Dillingham. Freight is brought in by air or barge and lightered to shore. There are no docking facilities. Skiffs, autos, ATVs, and snow machines are used for local transportation.",2023/08/24 08:00:00+00
547792.116039577,1530825.07227062,428,Tok,{E7AB4B30-0C1D-4536-8571-A8835525D851},Yes,No,No,No,Yes,No,Tok is located on the Alaska Highway about 200 miles southeast of Fairbanks. Tok has two private airports and one state-maintained public airport with a 2509' x 50' asphalt runway in good condition.,2023/08/24 08:00:00+00
-604707.768126036,1222202.94569942,429,Toksook Bay,{976DFE6D-5070-41D4-B270-90EB077F8A48},Yes,No,No,Yes,No,Yes,"A state-owned gravel airstrip provides year-round scheduled and chartered service. Fishing boats, skiffs, snow machines, and ATVs are used by residents for local travel. Winter trails with markers exist to Nightmute (20 mi), Tununak (8 mi), Newtok (40 mi), and Chefornak (50 mi). There are no docking facilities, but boat haul-out services are available. Barges deliver goods during the summer months.",2023/08/24 08:00:00+00
409618.895736735,1371188.85206154,430,Tolsona,{93A518D2-76B0-46E5-863A-02EDDEB80C98},No,No,No,No,Yes,No,"The community lies on the Glenn Highway and accesses the statewide road system. There are several air strips in the area, and air taxi services are available. A seaplane base is used on Tolsona Lake.",2023/08/24 08:00:00+00
464272.45127877,1328969.74919329,431,Tonsina,{793D84BA-F572-4A23-A265-0090CCDE0F70},No,No,No,No,Yes,No,"Tonsina is connected to the remainder of the state road system by the Richardson Highway. A state-owned airstrip is available at Upper Tonsina, and other airstrips are in the vicinity.",2023/08/24 08:00:00+00
194568.399082334,1376852.35197144,432,Trapper Creek,{68659E20-597A-4214-97E4-BE2A722B888B},Yes,No,No,No,Yes,No,"Trapper Creek is accessible from the George Parks Highway. A variety of transportation means are available in Wasilla, Palmer, and Anchorage. ERA Aviation operates a private heliport in Trapper Creek. Several private airstrips are in the vicinity.",2023/08/24 08:00:00+00
-373148.240750568,1254734.01287349,433,Tuluksak,{08AE02CD-C624-4EB1-9BDE-DC0B7B5D224E},Yes,No,No,Yes,No,No,"It can be accessed by a state-owned wide gravel airstrip year-round. There are no docking facilities, although cargo barges deliver during the summer. In the summer of 2014, the river was too low for barges to travel there. This meant that barges were unable to deliver fuel to the village. Residents use fishing boats, skiffs, snow machines, and ATVs for local transportation.",2023/08/24 08:00:00+00
-475945.642041781,1181762.44420864,434,Tuntutuliak,{E53D762F-9715-4E78-AE62-1FFB0D35EC03},Yes,No,No,Yes,No,No,"Tuntutuliak relies on air transportation for passengers, mail, and cargo service. A state-owned e gravel runway and a public seaplane base on the Qinaq River are available. Barge services deliver goods approximately six times a year. Boats and snow machines are used for local travel. Winter trails are marked to Kipnuk (77 mi), Toundra (60 mi), and Kongiganak (29 mi).",2023/08/24 08:00:00+00
-611413.525021059,1229766.47294829,435,Tununak,{2AAC0BD8-1ED0-49FE-B5DA-1371DF532197},Yes,No,No,Yes,No,Yes,"Tununak relies on air transportation for passengers, mail, and cargo service. A state-owned wide gravel airstrip is available. Barges deliver goods two to four times each summer, and goods are lightered to shore. Boats, snow machines, and ATVs are used for local travel.",2023/08/24 08:00:00+00
-358378.418504991,1025834.33468098,436,Twin Hills,{70F9D3F0-0A22-421F-B1A4-0FF83845DECA},Yes,No,No,Yes,No,No,"Twin Hills is primarily accessible by air and water. Regular and charter flights are dispatched from Dillingham. There is a state-owned lighted gravel runway on a ridge east of the village. Most cargo is delivered by air. There is a boat landing area but no docking facilities; bulk goods must be lightered to shore. Cars, ATVs, and snow machines are used for local transportation. Residents drive along the beach to access the Togiak Fisheries cannery. A winter trail for snow machines connects Twin Hills with Togiak.",2023/08/24 08:00:00+00
329249.564159639,1674644.09069427,437,Two Rivers,{2416B7D2-6E1E-47A0-8550-530D41B50117},No,No,No,No,Yes,No,"Local roads connect to the Alaska road system. Faribanks' transportation facilities provide airport, railway, and highway connections.",2023/08/24 08:00:00+00
153611.918551664,1235054.63732025,438,Tyonek,{961296AC-3BF0-47EF-AA6B-7D67C6031EDD},Yes,No,No,Yes,No,Yes,"No road access exists. Permission is required to land at the local gravel airstrip, owned by the Village of Tyonek, although regularly-scheduled flights are available. A state-owned gravel airstrip is available at Nikolai Creek, and a gravel airstrip, owned by Arco Alaska, is located at Beluga. A local road connects to nearby Beluga. Barges deliver goods to the village.",2023/08/24 08:00:00+00
34435.7379449168,853438.921480794,439,Uganik,{108A3E28-F870-4E59-A0C0-E4AD3078C8C4},No,No,No,No,No,No,,2023/08/24 08:00:00+00
-203120.802868854,839451.471422542,440,Ugashik,{A3F13BA5-7501-4638-B3B8-55A7131B5C17},Yes,No,No,Yes,No,No,"Ugashik is accessible by air and water. There is a gravel airstrip at Ugashik Bay, owned by the U.S. Bureau of Land Management, Division of Lands. It is approximately 12 miles from the village of Ugashik. There is a gravel airstrip in the village. There is also a barge landing. Barged freight is brought in from Naknek. ATVs and skiffs are the primary means of local transportation.",2023/08/24 08:00:00+00
74169.3988122847,2156796.67566244,441,Umiat,{F7151BB4-DDDE-4160-8F1A-5CDA567A345F},Yes,No,No,No,No,No,,2023/08/24 08:00:00+00
-609993.149541433,1219519.73756769,442,Umkumiute,{0F09C581-007E-452C-984F-6EC6480779E8},No,No,No,No,No,Yes,The Toksook Bay airstrip provides access to the island. Boats and skiffs are used for local transportation.,2023/08/24 08:00:00+00
-332652.664299918,1562728.30203533,443,Unalakleet,{C3143A12-95C5-434E-A174-05E3A93C6CB4},Yes,Yes,No,Yes,No,Yes,"Unalakleet has a state-owned gravel runway and a gravel strip. There are regular flights to Anchorage. Cargo is lightered from Nome; there is a dock. Local overland travel is mainly by ATVs, snow machines, and dogsleds in winter.",2023/08/24 08:00:00+00
-821101.945279297,506511.382085757,444,Unalaska,{F020D8C7-7FD0-4AFE-85DC-43D1C0A0B5F0},Yes,Yes,Yes,Yes,No,Yes,"Daily scheduled flights serve the community at the state-owned 3,900' long by 100' wide paved runway. A seaplane base is also available. The state ferry operates bi-monthly from Kodiak between April and October. There are ten major docks in Unalaska; three are operated by the city. The International Port of Dutch Harbor serves fishing vessels and shipping, with 5,200' of moorage and 1,232' of floating dock. The small boat harbor provides 238 moorage slips. The Unalaska Marine Center and US Coast Guard Dock offer cargo, passenger, and other port services.",2023/08/24 08:00:00+00
-413713.627585073,594748.63386947,445,Unga,{80B8C711-3DBA-4718-8147-ECDCA472623C},No,No,No,No,No,Yes,Float planes or boats are the only means of transportation to Unga.,2023/08/24 08:00:00+00
-334222.042316608,1300232.52489235,446,Upper Kalskag,{50BD3072-1166-4F66-BB42-2E68C28DE654},Yes,Yes,No,Yes,No,No,"A state-maintained 4.2-mile gravel road connects Upper and Lower Kalskag. The Kuskokwim River affords easy access by skiff in summer and snow machine in winter. Barges deliver cargo and bulk fuel during the summer. The state-owned gravel airstrip is shared by Kalskag and Lower Kalskag. Daily scheduled air services deliver passengers, mail, and other cargo year-round. Winter trails exist to Russian Mission (25 mi) and Aniak (15 mi).",2023/08/24 08:00:00+00
256268.324633774,1554469.2956292,447,Usibelli,{BDD6F083-947B-49D1-8373-99EB4FAC1EAD},No,No,No,No,Yes,No,,2023/08/24 08:00:00+00
-101341.337283207,2367854.79997794,448,Utqiagvik,{2697EF3A-7387-4208-B455-A046543D1AA7},Yes,No,No,Yes,No,Yes,Regularly-scheduled jet services provide Utqiagvik's only year-round access. The state-owned Wiley Post-Will Rogers Memorial Airport serves as the regional transportation center for the borough. The airport has an asphalt runway. Marine and land transportation provide seasonal access.,2023/08/24 08:00:00+00
-96.3103919649821,848156.651402393,449,Uyak,{3E03E869-3A79-459E-A5A7-8D7A21B1F018},No,No,No,No,No,Yes,,2023/08/24 08:00:00+00
409518.872278663,1262298.70131742,450,Valdez,{BDF957A0-FB1E-48AC-835A-A24FB2DFE444},Yes,Yes,Yes,Yes,Yes,Yes,"The Richardson Highway connects Valdez to Alaska's road system. Valdez is 305 road miles southeast of Anchorage. The Port of Valdez is ice-free throughout the year, and is navigated by hundreds of ocean-going oil cargo vessels each year. Valdez has the largest floating concrete dock in the world, with a 1,200-foot front and water depth exceeding 80 feet. Numerous cargo and container facilities are present in Valdez, as well as boat harbors. Both barges and trucking services deliver cargo to the City. The Alaska Marine Highway Ferry System provides transport to Cordova, Tatitlek, Whittier, and Chenega Bay in Prince William Sound, to Kodiak, Ouzinke, Port Lions, and Old Harbor on Kodiak Island, and to Seward, Seldovia, and Homer on the Kenai Peninsula. The Valdez airport is operated by the State and has a paved runway. In addition, a seaplane base is located at Robe Lake, approximately eight road miles southeast of town.",2023/08/24 08:00:00+00
331181.261595623,1914361.61081032,451,Venetie,{A3641C8B-440A-4FFF-AFC3-1602263D4212},Yes,No,No,No,No,No,"Access to Venetie is almost exclusively by air. The Venetie Tribal Council owns and operates the dirt/gravel airstrip, which was constructed in 2000. The Chandalar River provides limited access by boat from May to October. Barges do not reach the community due to shallow water. Fuel and other goods are shipped into he village by air. Motor bikes, ATVs, snow machines, and dog teams are used for local travel. The tribe recently completed a 3 mile gravel road to Venetie lake.",2023/08/24 08:00:00+00
162354.134025602,1092835.21425893,452,Voznesenka Village,{71833F98-63B0-41B7-8D06-F86C7A19B0BD},No,No,No,No,Yes,Yes,,2023/08/24 08:00:00+00
-227607.668616794,2305095.9767901,453,Wainwright,{0B9370B1-7BCB-4AA4-B8CF-A63AECD907D3},Yes,No,No,Yes,No,Yes,"Air travel provides Wainwright's only year-round access. A gravel airstrip is owned and operated by the North Slope Borough. A second gravel airstrip exists at the old Wainwright Air Station. Skiffs, ATVs, and snow machines are used for local transportation.",2023/08/24 08:00:00+00
-645492.756304416,1807658.53281773,454,Wales,{F8A9EA5F-A5D3-4A9C-B4B3-EDACC1AD5746},Yes,No,No,Yes,No,Yes,"Wales has a state-owned gravel airstrip with scheduled air service and charter flights. Household goods are flown into the village. There is a 6.5-mile road to Tin City. Heavy freight and cargo is delivered to Tin City by barge and hauled by truck to Wales. Snow machines are used in winter. A winter trail connects Wales to the communities of Brevig Mission, located 50 miles away, and Shishmaref, located 70 miles away. Aluminum boats are used for sea travel. On land, snowmobiles and ATVs provide year-round access to subsistence areas. In previous years, fall storms have caused some flooding and damage due to high winds. The beach is used as a road by the 4-wheelers to go from one end of town to another and also to go up the coast to the first inlet.",2023/08/24 08:00:00+00
1384023.27693332,834149.242896316,455,Ward Cove,{9DFC41E1-A701-49F8-9D31-93E3915A17DF},No,No,No,Yes,No,Yes,,2023/08/24 08:00:00+00
240926.821971153,1297506.21747755,456,Wasilla,{8805779A-5590-497A-82CB-9053953A6555},Yes,No,No,No,Yes,No,"Wasilla is well connected by land to surrounding communities. The George Parks Highway and Glenn Highway connect Wasilla to Anchorage, Fairbanks, Denali National Park, and Palmer, as well as a number of smaller communities. The Alaska Railroad serves Wasilla on the Anchorage to Fairbanks route, while Mat-Su Valley Public Transportation provides bus service between Wasilla, Palmer, and Anchorage. Commercial air service is available at Anchorage International Airport, located 45 miles away. Wasilla's municipal airport has a paved runway with parking for transient aircraft. Numerous additional private airstrips also operate in the vicinity. Float planes land at Wasilla Lake, Jacobsen Lake, and Lake Lucille.",2023/08/24 08:00:00+00
1275681.25090895,880764.434072811,457,Whale Pass,{4999C06C-E2C7-48C4-9BD9-E95833F9D114},No,Yes,No,No,No,Yes,"The community has access to the island road system. The state ferry terminal is located in Hollis. Float planes and boats are also prevalent means of transportation. The Whale Pass Community Association operates the state-owned seaplane base, dock, boat slips, and launch ramp. In a survey conducted by AFSC in 2011, community leaders reported that there is 200 feet of public dock space available for permanent moorage and 80 feet available for transient moorage. Vessels up to 80 feet long can use moorage in Whale Pass.",2023/08/24 08:00:00+00
-447479.312091524,1667267.50587921,458,White Mountain,{7B4ACF01-3330-4839-B43B-E98C4902C151},Yes,No,No,Yes,No,No,"Access to White Mountain is by air and sea. There are no roads. A gravel runway is operated by the state, and scheduled flights are available daily from Nome. There is no dock in the village; supplies are lightered from Nome and offloaded on the beach. Cargo barges cannot land at White Mountain but fuel supplies can be delivered by barge, significantly lower the cost of heating fuel and gasoline. ",2023/08/24 08:00:00+00
392914.658593767,1600383.30574964,459,Whitestone,{9B99FA70-E5CE-4C65-94D1-2ABCA3426E73},No,No,No,No,No,No,"In the summer, the community is only accessible by boat on the Tanana River. Residents and visitors utilize the Alyeska Pipeline boat landing at mile 276 Richardson Highway or the boat dock at Rikas Roadhouse and Landing. During the winter, a road crosses the frozen Delta River for four to six months of the year. During the transitional periods of freeze-up and break-up, access to the community is on foot or by track vehicle. No airstrip is present at this time.",2023/08/24 08:00:00+00
1077160.40549148,1050160.33481797,460,Whitestone Logging Camp,{1026755E-5B75-45B6-98C8-6284B2D3C08B},No,No,No,Yes,No,Yes,An airport and the state ferry are available at nearby Hoonah.,2023/08/24 08:00:00+00
288184.759092788,1210202.02666098,461,Whittier,{52F6D695-370B-4814-8DA9-00DCC073CA83},Yes,Yes,Yes,Yes,Yes,Yes,"Whittier has an ice-free port and two city docks (70' cargo dock and 60' floating passenger dock). A small boat harbor has slips for 360 fishing, recreation, and charter vessels. It is served by road, rail, the state ferry, boat, and aircraft. Since 2000, a tunnel has provided a road connection. The Anton Anderson Memorial Tunnel was reconstructed to accommodate both rail and road vehicles. The railway carries passengers, vehicles, and cargo 12 miles from the Portage Station east of Girdwood. The state-owned gravel airstrip accommodates charter aircraft, and a city-owned seaplane dock is available for passenger transfer.",2023/08/24 08:00:00+00
20720.7037610036,1076896.86500803,462,Williamsport,{4547961C-0759-499A-95BB-FD070BC50C31},No,No,No,Yes,No,Yes,,2023/08/24 08:00:00+00
208090.297793577,1313544.47508187,463,Willow,{60E92328-3CA2-4968-A065-270130CCEE76},Yes,No,No,No,Yes,No,"From the George Parks Highway, the area has access to the statewide highway system and the transportation facilities of Wasilla, Palmer, and Anchorage. There are two public airstrips: one is a state-owned gravel airstrip at mile 69.7 Parks Highway and the other is at Deshka Landing and owned by the Alaska Department of Natural Resources. There are five additional private strips and a seaplane base at Kashwitna Lake.",2023/08/24 08:00:00+00
461935.793690791,1344305.44556952,464,Willow Creek,{4957115F-806A-43E5-BBCE-B3E79864940B},No,No,No,No,Yes,No,The Richardson Highway provides year-round access to Alaska's road system. Airstrips are located nearby in Copper Center and Glennallen.,2023/08/24 08:00:00+00
167826.697097959,1943992.9572965,465,Wiseman,{7DC57B05-77B0-4489-8056-CFFC5747990D},Yes,No,No,No,Yes,No,The partially-paved Dalton Highway connects Wiseman to Alaska's road system. A state-owned gravel airstrip is available but is not consistently maintained.,2023/08/24 08:00:00+00
84280.0688056048,856731.978623995,466,Womens Bay,{8BB6EEE9-AF35-4E67-98F1-D901D6743094},No,No,No,No,No,Yes,"Womens Bay is accessible by road from Kodiak. Jet services, ferry access, and boat harbors are therefore nearby.",2023/08/24 08:00:00+00
97441.8105636039,865270.132348822,467,Woody Island,{78BB3DD1-BD64-4188-9A64-A24593246190},No,No,No,No,No,Yes,Access is available by boat or float plane.,2023/08/24 08:00:00+00
1306628.34428561,932518.315928681,468,Wrangell,{587C69F7-2A28-4CEE-BA2C-1A7F7DCCBED1},Yes,Yes,Yes,Yes,No,Yes,"The city is accessible by air and water. The state-owned paved, lighted runway allows for jet service. A seaplane base is adjacent to the runway, with another airplane float located in the Inner Harbor. Charter air taxi services are also available. The marine facilities include a breakwater at each of the three harbors with 710 slips for recreational and commercial vessels, deep draft dock which just completed upgrades and rennovations, state ferry terminal, and three boat launches. Freight arrives by barge, ship, ferry, and cargo plane. Front Street was reconstructed as part of a larger downtown revitalization project three years ago. Several new trails have been developed, including a new loop on Volunteer Park Trail and the Paddle Craft Trail, a canoe/kayak portage. ",2023/08/24 08:00:00+00
796588.039603731,1148740.78088062,469,Yakutat,{BF799AFC-92DA-47A3-89EF-4BB1B31FDE2B},Yes,Yes,Yes,Yes,No,Yes,"Yakutat has no road access. The airport has daily commercial jet service. There are also air taxis and float plane services to Yakutat. The state owns two jet-certified runways. The airport is located three miles southeast of town, and a seaplane base is available one mile northwest. The U.S. Forest Service owns five airstrips in the vicinity, and the National Park Service operates one at East Alsek River. The borough operates the state-owned boat harbor and the Ocean Cape Dock. The state ferry provides service to Yakutat. Monti Bay is the only sheltered deep water port in the Gulf of Alaska. Barges deliver goods monthly during the winter and more frequently in summer.",2023/08/24 08:00:00+00
