{
"type": "FeatureCollection",
"name": "nppes_providers",
"crs": { "type": "name", "properties": { "name": "urn:ogc:def:crs:OGC:1.3:CRS84" } },
"features": [
{ "type": "Feature", "properties": { "npi": "1275565525", "name": "PAUL", "taxonomy": "Internal Medicine", "address": "3650 LAKE OTIS PKWY STE 202 ANCHORAGE AK 99508" }, "geometry": { "type": "Point", "coordinates": [ -149.8384005, 61.187553 ] } },
{ "type": "Feature", "properties": { "npi": "1700108842", "name": "168, LLC", "taxonomy": "Assisted Living Facility", "address": "1736 W 11TH AVE ANCHORAGE AK 99501" }, "geometry": { "type": "Point", "coordinates": [ -149.9167945, 61.211582 ] } },
{ "type": "Feature", "properties": { "npi": "1598535627", "name": "1918 WINTER STREET OPERATING CO LLC", "taxonomy": "Durable Medical Equipment & Medical Supplies, Pharmacy, Community/Retail Pharmacy", "address": "1340 GAMBELL ST ANCHORAGE AK 99501" }, "geometry": { "type": "Point", "coordinates": [ -149.8717484, 61.2093287 ] } },
{ "type": "Feature", "properties": { "npi": "1609624295", "name": "1918 WINTER STREET OPERATING CO LLC", "taxonomy": "Pharmacy, Pharmacy, Community/Retail Pharmacy", "address": "1501 HUFFMAN RD ANCHORAGE AK 99515" }, "geometry": { "type": "Point", "coordinates": [ -149.85374250000001, 61.1093972 ] } },
{ "type": "Feature", "properties": { "npi": "1609624303", "name": "1918 WINTER STREET OPERATING CO LLC", "taxonomy": "Pharmacy, Pharmacy, Community/Retail Pharmacy", "address": "7731 E NORTHERN LIGHTS BLVD ANCHORAGE AK 99504" }, "geometry": { "type": "Point", "coordinates": [ -149.7361358, 61.196645 ] } },
{ "type": "Feature", "properties": { "npi": "1598536468", "name": "1918 WINTER STREET OPERATING CO LLC", "taxonomy": "Durable Medical Equipment & Medical Supplies, Pharmacy, Community/Retail Pharmacy", "address": "5600 DEBARR RD ANCHORAGE AK 99504" }, "geometry": { "type": "Point", "coordinates": [ -149.7771052, 61.2082191 ] } },
{ "type": "Feature", "properties": { "npi": "1598536252", "name": "1918 WINTER STREET OPERATING CO LLC", "taxonomy": "Pharmacy, Pharmacy, Community/Retail Pharmacy", "address": "11431 BUSINESS BLVD EAGLE RIVER AK 99577" }, "geometry": { "type": "Point", "coordinates": [ -149.573144899999988, 61.323705 ] } },
{ "type": "Feature", "properties": { "npi": "1285405944", "name": "1918 WINTER STREET OPERATING CO LLC", "taxonomy": "Durable Medical Equipment & Medical Supplies, Pharmacy, Community/Retail Pharmacy", "address": "2920 SEWARD HWY ANCHORAGE AK 99503" }, "geometry": { "type": "Point", "coordinates": [ -149.868329100000011, 61.1941818 ] } },
{ "type": "Feature", "properties": { "npi": "1598536237", "name": "1918 WINTER STREET OPERATING CO LLC", "taxonomy": "Pharmacy, Pharmacy, Community/Retail Pharmacy", "address": "1650 W NORTHERN LIGHTS BLVD ANCHORAGE AK 99517" }, "geometry": { "type": "Point", "coordinates": [ -149.9155024, 61.1952136 ] } },
{ "type": "Feature", "properties": { "npi": "1609624287", "name": "1918 WINTER STREET OPERATING CO LLC", "taxonomy": "Pharmacy, Pharmacy, Community/Retail Pharmacy", "address": "4000 W DIMOND BLVD ANCHORAGE AK 99502" }, "geometry": { "type": "Point", "coordinates": [ -149.9545287, 61.1365481 ] } },
{ "type": "Feature", "properties": { "npi": "1740051531", "name": "1918 WINTER STREET OPERATING CO LLC", "taxonomy": "Durable Medical Equipment & Medical Supplies, Pharmacy, Pharmacy, Community/Retail Pharmacy", "address": "1725 ABBOTT RD ANCHORAGE AK 99507" }, "geometry": { "type": "Point", "coordinates": [ -149.8438075, 61.1422782 ] } },
{ "type": "Feature", "properties": { "npi": "1437643301", "name": "1BY GRACE TEFRA SERVICES, LLC", "taxonomy": "Case Management", "address": "6644 CIMARRON CIR ANCHORAGE AK 99504" }, "geometry": { "type": "Point", "coordinates": [ -149.7588335, 61.1937403 ] } },
{ "type": "Feature", "properties": { "npi": "1154918837", "name": "1LOVE ASSISTED LIVING HOME, LLC", "taxonomy": "Assisted Living Facility", "address": "1141 W 68TH CT ANCHORAGE AK 99518" }, "geometry": { "type": "Point", "coordinates": [ -149.9017344, 61.1587859 ] } },
{ "type": "Feature", "properties": { "npi": "1013793421", "name": "2 CARE ASSISTED LIVING HOME", "taxonomy": "Home Health Aide", "address": "432 N LANE ST ANCHORAGE AK 99508" }, "geometry": { "type": "Point", "coordinates": [ -149.797332399999988, 61.227129 ] } },
{ "type": "Feature", "properties": { "npi": "1932663820", "name": "3 ANGELS' ASSISTED LIVING HOME LLC", "taxonomy": "Assisted Living Facility, Assisted Living Facility, Assisted Living, Mental Illness", "address": "1302 GARDEN ST ANCHORAGE AK 99508" }, "geometry": { "type": "Point", "coordinates": [ -149.82535390000001, 61.2095733 ] } },
{ "type": "Feature", "properties": { "npi": "1689095580", "name": "3707 OREGON LLC", "taxonomy": "Assisted Living Facility, Assisted Living, Mental Illness", "address": "3707 OREGON DR ANCHORAGE AK 99517" }, "geometry": { "type": "Point", "coordinates": [ -149.9178976, 61.1866796 ] } },
{ "type": "Feature", "properties": { "npi": "1295834356", "name": "3RD MEDICAL SUPPORT SQUADRON SGSL", "taxonomy": "MilitaryU.S. Coast Guard Pharmacy", "address": "5955 ZEAMER AVE ELMENDORF AFB AK 99506" }, "geometry": { "type": "Point", "coordinates": [ -149.748603, 61.234747 ] } },
{ "type": "Feature", "properties": { "npi": "1174220669", "name": "4 LOVE 'N' CARE ALH, LLC", "taxonomy": "Residential Treatment Facility, Physical Disabilities", "address": "9036 KRUGER DR ANCHORAGE AK 99502" }, "geometry": { "type": "Point", "coordinates": [ -149.9562335, 61.1386788 ] } },
{ "type": "Feature", "properties": { "npi": "1346115615", "name": "49TH STATE CARE COORDINATION, LLC", "taxonomy": "Case Management", "address": "8576 MOORLAND ST ANCHORAGE AK 99502" }, "geometry": { "type": "Point", "coordinates": [ -149.9546249, 61.143121 ] } },
{ "type": "Feature", "properties": { "npi": "1669065132", "name": "49TH STATE FAMILY DENTISTRY LLC", "taxonomy": "Clinic/Center, Dental", "address": "10998 OMALLEY CENTRE DR STE A ANCHORAGE AK 99515" }, "geometry": { "type": "Point", "coordinates": [ -149.863889, 61.119422 ] } },
{ "type": "Feature", "properties": { "npi": "1699394262", "name": "4EVERHOME ASSISTED LIVING HOME", "taxonomy": "Assisted Living Facility", "address": "2565 W 69TH CT ANCHORAGE AK 99502" }, "geometry": { "type": "Point", "coordinates": [ -149.9328674, 61.1586111 ] } },
{ "type": "Feature", "properties": { "npi": "1073405684", "name": "4EVERLOVED ASSISTED LIVING HOME LLC", "taxonomy": "Assisted Living Facility", "address": "3829 QUARTZ CIR ANCHORAGE AK 99502" }, "geometry": { "type": "Point", "coordinates": [ -149.431666, 61.6114201 ] } },
{ "type": "Feature", "properties": { "npi": "1629481486", "name": "673D MEDGRP-JBER ELMNDRF-RICH", "taxonomy": "MilitaryU.S. Coast Guard Pharmacy", "address": "5800 WESTOVER AVE JBER AK 99506" }, "geometry": { "type": "Point", "coordinates": [ -149.762022, 61.2337375 ] } },
{ "type": "Feature", "properties": { "npi": "1568446524", "name": "673D MEDGRP-JBER ELMNDRF-RICH", "taxonomy": "Clinic/Center, MilitaryU.S. Coast Guard Outpatient, MilitaryU.S. Coast Guard Pharmacy, Clinic/Center, Military and U.S. Coast Guard Ambulatory Procedure, Military Hospital", "address": "5955 ZEAMER AVE ELMENDORF AFB AK 99506" }, "geometry": { "type": "Point", "coordinates": [ -149.748603, 61.234747 ] } },
{ "type": "Feature", "properties": { "npi": "1821402652", "name": "673RD MEDICAL GROUP JOINT BASE ELMENDORF-RICHARDSON", "taxonomy": "MilitaryU.S. Coast Guard Pharmacy", "address": "5955 ZEAMER AVE 673RD MEDICAL GROUP JBER AK 99506" }, "geometry": { "type": "Point", "coordinates": [ -149.748603, 61.234747 ] } },
{ "type": "Feature", "properties": { "npi": "1548049422", "name": "9 TALES CARE COORDINATION LLC", "taxonomy": "Case Manager/Care Coordinator", "address": "6912 GOLD KINGS AVE # A ANCHORAGE AK 99504" }, "geometry": { "type": "Point", "coordinates": [ -149.7510818, 61.2235307 ] } },
{ "type": "Feature", "properties": { "npi": "1871366898", "name": "A & D INTEGRATED HEALTH LLC", "taxonomy": "Community Based Residential Treatment Facility, Mental Illness, Community Based Residential Treatment Facility, Intellectual and/or Developmental Disabilities", "address": "1740 W 99TH AVE ANCHORAGE AK 99515" }, "geometry": { "type": "Point", "coordinates": [ -149.9120801, 61.1317694 ] } },
{ "type": "Feature", "properties": { "npi": "1306434949", "name": "A BEAUTIFUL MIND BEHAVIOR SERVICES L.L.C", "taxonomy": "Behavior Analyst", "address": "3343 FAIRBANKS ST ANCHORAGE AK 99503" }, "geometry": { "type": "Point", "coordinates": [ -149.870777, 61.1902004 ] } },
{ "type": "Feature", "properties": { "npi": "1932686771", "name": "A BETTER TOMORROW THERAPY & WELLNESS CENTER, LLC", "taxonomy": "Massage Therapist, Occupational Therapist, Clinic/Center, Hearing and Speech, Clinic/Center, Physical Therapy, Clinic/Center, Multi-Specialty", "address": "207 E NORTHERN LIGHTS BLVD STE 101 ANCHORAGE AK 99503" }, "geometry": { "type": "Point", "coordinates": [ -149.879181, 61.1955841 ] } },
{ "type": "Feature", "properties": { "npi": "1700191368", "name": "A COZY COTTAGE ASSISTED LIVING HOME", "taxonomy": "Assisted Living Facility", "address": "2812 W 29TH AVE ANCHORAGE AK 99517" }, "geometry": { "type": "Point", "coordinates": [ -149.935821, 61.1942694 ] } },
{ "type": "Feature", "properties": { "npi": "1497236509", "name": "A HAPPY HOME LLC", "taxonomy": "Assisted Living Facility", "address": "2939 YALE DR ANCHORAGE AK 99508" }, "geometry": { "type": "Point", "coordinates": [ -149.8434105, 61.1943439 ] } },
{ "type": "Feature", "properties": { "npi": "1023194420", "name": "A JOINT EFFORT PHYSICAL THERAPY INC.", "taxonomy": "Specialist, Specialist", "address": "1045 E. KLATT RD. ANCHORAGE AK 99515" }, "geometry": { "type": "Point", "coordinates": [ -149.8403157, 61.1159033 ] } },
{ "type": "Feature", "properties": { "npi": "1710528435", "name": "A LEGACY HOME CARE, LLC", "taxonomy": "Assisted Living Facility", "address": "6347 ROSE HIP CIR ANCHORAGE AK 99507" }, "geometry": { "type": "Point", "coordinates": [ -149.829218, 61.163311 ] } },
{ "type": "Feature", "properties": { "npi": "1538755475", "name": "A LIL BIT OF SUNSHINE", "taxonomy": "Counselor, Mental Health", "address": "10928 EAGLE RIVER RD STE 148 EAGLE RIVER AK 99577" }, "geometry": { "type": "Point", "coordinates": [ -149.571628800000013, 61.3197834 ] } },
{ "type": "Feature", "properties": { "npi": "1629801584", "name": "A LIST ASSISTED LIVING LLC", "taxonomy": "Community Based Residential Treatment Facility, Intellectual and/or Developmental Disabilities", "address": "6320 MINK AVE UNIT 1 ANCHORAGE AK 99504" }, "geometry": { "type": "Point", "coordinates": [ -149.762973, 61.2086006 ] } },
{ "type": "Feature", "properties": { "npi": "1780035683", "name": "A LISTENING EAR LLC", "taxonomy": "Community/Behavioral Health", "address": "8652 SWISS PL ANCHORAGE AK 99507" }, "geometry": { "type": "Point", "coordinates": [ -149.8277864, 61.1418792 ] } },
{ "type": "Feature", "properties": { "npi": "1255769899", "name": "A LOVING CARE PCA", "taxonomy": "Respite Care", "address": "343 W BENSON BLVD STE 4 ANCHORAGE AK 99503" }, "geometry": { "type": "Point", "coordinates": [ -149.889735300000012, 61.1941796 ] } },
{ "type": "Feature", "properties": { "npi": "1285062414", "name": "A LOVING CARE PCA", "taxonomy": "Case Management", "address": "343 W BENSON BLVD STE 4 ANCHORAGE AK 99503" }, "geometry": { "type": "Point", "coordinates": [ -149.889735300000012, 61.1941796 ] } },
{ "type": "Feature", "properties": { "npi": "1194094920", "name": "A LOVING CARE PCA", "taxonomy": "Home Health, In Home Supportive Care", "address": "4621 KLONDIKE CT ANCHORAGE AK 99508" }, "geometry": { "type": "Point", "coordinates": [ -149.7947686, 61.2197038 ] } },
{ "type": "Feature", "properties": { "npi": "1447831607", "name": "A NEW DAY ABA, LLC", "taxonomy": "Assistant Behavior Analyst, Behavior Technician, Behavior Analyst", "address": "1120 HUFFMAN RD STE 24-580 ANCHORAGE AK 99515" }, "geometry": { "type": "Point", "coordinates": [ -149.8610648, 61.1079936 ] } },
{ "type": "Feature", "properties": { "npi": "1467204354", "name": "A SAFE HARBOR COUNSELING SERVICES", "taxonomy": "Social Worker, Clinical", "address": "16941 N EAGLE RIVER LOOP RD STE 4 EAGLE RIVER AK 99577" }, "geometry": { "type": "Point", "coordinates": [ -149.56579, 61.328944 ] } },
{ "type": "Feature", "properties": { "npi": "1194480509", "name": "A STEP FORWARD COUNSELING AND CONSULTING, LLC", "taxonomy": "Counselor, Counselor, Mental Health, Counselor, Professional", "address": "4300 B ST STE 301 ANCHORAGE AK 99503" }, "geometry": { "type": "Point", "coordinates": [ -149.8846132, 61.1817744 ] } },
{ "type": "Feature", "properties": { "npi": "1619147881", "name": "A T G INC", "taxonomy": "Clinic/Center, Rehabilitation", "address": "300 E DIMOND BLVD STE 12 ANCHORAGE AK 99515" }, "geometry": { "type": "Point", "coordinates": [ -149.877077, 61.144647 ] } },
{ "type": "Feature", "properties": { "npi": "1295626497", "name": "A TOUCH OF HOME ADULT DAY CENTER LLC", "taxonomy": "Day Training, Developmentally Disabled Services", "address": "1130 W 19TH AVE ANCHORAGE AK 99503" }, "geometry": { "type": "Point", "coordinates": [ -149.9044648, 61.2033433 ] } },
{ "type": "Feature", "properties": { "npi": "1225319254", "name": "A TOUCH OF HOME ASSISTED LIVING LLC", "taxonomy": "Assisted Living Facility", "address": "6921 OAKWOOD DR ANCHORAGE AK 99507" }, "geometry": { "type": "Point", "coordinates": [ -149.84618420000001, 61.1575206 ] } },
{ "type": "Feature", "properties": { "npi": "1669917860", "name": "A YOUNG MEN'S CHRISTIAN ASSOCIATION OF ANCHORAGE, ALASKA", "taxonomy": "Health Educator", "address": "5353 LAKE OTIS PKWY ANCHORAGE AK 99507" }, "geometry": { "type": "Point", "coordinates": [ -149.8343524, 61.172285 ] } },
{ "type": "Feature", "properties": { "npi": "1740998954", "name": "A&L BLESSING ASSISTED LIVING HOME LLC", "taxonomy": "Custodial Care Facility", "address": "8609 E 10TH AVE # B ANCHORAGE AK 99504" }, "geometry": { "type": "Point", "coordinates": [ -149.720588, 61.213421 ] } },
{ "type": "Feature", "properties": { "npi": "1619503406", "name": "FAITUPE", "taxonomy": "Counselor, Mental Health", "address": "4020 FOLKER ST ANCHORAGE AK 99508" }, "geometry": { "type": "Point", "coordinates": [ -149.8302917, 61.1841982 ] } },
{ "type": "Feature", "properties": { "npi": "1255099933", "name": "A-Z SPEECH THERAPY, INC.", "taxonomy": "Speech-Language Pathologist,  ", "address": "24208 HEARTHSTONE DR CHUGIAK AK 99567" }, "geometry": { "type": "Point", "coordinates": [ -149.4310417, 61.410394 ] } },
{ "type": "Feature", "properties": { "npi": "1568065431", "name": "A2A CARE COORDINATION, LLC", "taxonomy": "Case Manager/Care Coordinator", "address": "7749 CHERRYWOOD CIR ANCHORAGE AK 99507" }, "geometry": { "type": "Point", "coordinates": [ -149.8437313, 61.150704 ] } },
{ "type": "Feature", "properties": { "npi": "1659010361", "name": "A4 SPECIALTY MEDICAL GROUP LLC", "taxonomy": "Clinic/Center, Multi-Specialty", "address": "510 W TUDOR RD STE 1 ANCHORAGE AK 99503" }, "geometry": { "type": "Point", "coordinates": [ -149.8919747, 61.1807286 ] } },
{ "type": "Feature", "properties": { "npi": "1972596633", "name": "AA PAIN CLINIC, INC.", "taxonomy": null, "address": "4100 LAKE OTIS PKWY SUITE 216 ANCHORAGE AK 99508" }, "geometry": { "type": "Point", "coordinates": [ -149.840499200000011, 61.1830041 ] } },
{ "type": "Feature", "properties": { "npi": "1659636504", "name": "AAA MEDICAL SUPPLY LLC", "taxonomy": "Durable Medical Equipment & Medical Supplies", "address": "751 E 36TH AVE STE 112 ANCHORAGE AK 99503" }, "geometry": { "type": "Point", "coordinates": [ -149.8695169, 61.187538 ] } },
{ "type": "Feature", "properties": { "npi": "1154487346", "name": "MICHAEL", "taxonomy": "Psychologist, Clinical, Psychologist, Clinical, Acupuncturist, Acupuncturist, Psychologist, Clinical, Acupuncturist", "address": "610 W 2ND AVE STE 100 ANCHORAGE AK 99501" }, "geometry": { "type": "Point", "coordinates": [ -149.893792600000012, 61.2204418 ] } },
{ "type": "Feature", "properties": { "npi": "1336829217", "name": "AANU CARE LLC", "taxonomy": "Assisted Living Facility, Assisted Living, Behavioral Disturbances", "address": "1016 W 29TH PL ANCHORAGE AK 99503" }, "geometry": { "type": "Point", "coordinates": [ -149.9019945, 61.193632 ] } },
{ "type": "Feature", "properties": { "npi": "1891545919", "name": "AANU CARE LLC", "taxonomy": "Custodial Care Facility", "address": "1016 W 29TH PL ANCHORAGE AK 99503" }, "geometry": { "type": "Point", "coordinates": [ -149.9019945, 61.193632 ] } },
{ "type": "Feature", "properties": { "npi": "1619401072", "name": "AARON ASSISTED LIVING LLC", "taxonomy": "In Home Supportive Care", "address": "3800 GARDNER ST ANCHORAGE AK 99508" }, "geometry": { "type": "Point", "coordinates": [ -149.78295, 61.1862444 ] } },
{ "type": "Feature", "properties": { "npi": "1194917641", "name": "AARON JOHNSON MD PC", "taxonomy": ", Psychiatry & Neurology, Sleep Medicine, Psychiatry & Neurology, Neurology with Special Qualifications in Child Neurology", "address": "3200 PROVIDENCE DR PROVIDENCE ALASKA MED CTR. ANCHORAGE AK 99508" }, "geometry": { "type": "Point", "coordinates": [ -149.819652, 61.189771 ] } },
{ "type": "Feature", "properties": { "npi": "1144392036", "name": "CHARLES", "taxonomy": "Family Medicine, General Practice", "address": "1730 SHORE DRIVE ANCHORAGE AK 99515" }, "geometry": { "type": "Point", "coordinates": [ -149.9112405, 61.1098736 ] } },
{ "type": "Feature", "properties": { "npi": "1659741890", "name": "ABACUS CARE COORDINATION", "taxonomy": "Case Management", "address": "404 EKLUTNA ST # B ANCHORAGE AK 99504" }, "geometry": { "type": "Point", "coordinates": [ -149.724236600000012, 61.2201194 ] } },
{ "type": "Feature", "properties": { "npi": "1962510446", "name": "CYNTHIA", "taxonomy": "Counselor, Mental Health", "address": "4045 LAKE OTIS PKWY ANCHORAGE AK 99508" }, "geometry": { "type": "Point", "coordinates": [ -149.838038, 61.1837624 ] } },
{ "type": "Feature", "properties": { "npi": "1659729200", "name": "JULIE", "taxonomy": "Massage Therapist", "address": "1142 N MULDOON RD #116 ANCHORAGE AK 99504" }, "geometry": { "type": "Point", "coordinates": [ -149.7424095, 61.2311063 ] } },
{ "type": "Feature", "properties": { "npi": "1548653959", "name": "BIH", "taxonomy": "Licensed Practical Nurse", "address": "670 W FIREWEED LN SUITE 160 ANCHORAGE AK 99503" }, "geometry": { "type": "Point", "coordinates": [ -149.896358600000013, 61.1985827 ] } },
{ "type": "Feature", "properties": { "npi": "1164934956", "name": "GODWIN", "taxonomy": "Case Management", "address": "4543 LAKE OTIS PKWY APT 110 ANCHORAGE AK 99507" }, "geometry": { "type": "Point", "coordinates": [ -149.8380091, 61.1790103 ] } },
{ "type": "Feature", "properties": { "npi": "1558691535", "name": "DENNIS", "taxonomy": "Counselor, Mental Health", "address": "16635 CENTERFIELD DR STE 202 EAGLE RIVER AK 99577" }, "geometry": { "type": "Point", "coordinates": [ -149.572821299999987, 61.32245 ] } },
{ "type": "Feature", "properties": { "npi": "1548858509", "name": "DALI", "taxonomy": "Pharmacist", "address": "6091 PROMINENCE POINTE DR ANCHORAGE AK 99516" }, "geometry": { "type": "Point", "coordinates": [ -149.768961499999989, 61.0701101 ] } },
{ "type": "Feature", "properties": { "npi": "1619590833", "name": "ABBA ASSISTED LIVING HOME, LLC.", "taxonomy": "Community Based Residential Treatment Facility, Intellectual and/or Developmental Disabilities", "address": "1616 PARKWAY DR ANCHORAGE AK 99504" }, "geometry": { "type": "Point", "coordinates": [ -149.7305572, 61.2055541 ] } },
{ "type": "Feature", "properties": { "npi": "1104358373", "name": "ABBOTT FAMILY DENTISTRY, LLC", "taxonomy": "Durable Medical Equipment & Medical Supplies, Dentist", "address": "1601 ABBOTT RD SUITE 102 ANCHORAGE AK 99507" }, "geometry": { "type": "Point", "coordinates": [ -149.852549, 61.144819 ] } },
{ "type": "Feature", "properties": { "npi": "1760518492", "name": "RICK", "taxonomy": "Chiropractor", "address": "3330 EAGLE ST ANCHORAGE AK 99503" }, "geometry": { "type": "Point", "coordinates": [ -149.8744926, 61.1897835 ] } },
{ "type": "Feature", "properties": { "npi": "1699700500", "name": "SARA", "taxonomy": "Registered Nurse", "address": "3601 C ST ANCHORAGE AK 99503" }, "geometry": { "type": "Point", "coordinates": [ -149.883906700000011, 61.1874913 ] } },
{ "type": "Feature", "properties": { "npi": "1548067580", "name": "ABBY'S MASSAGE STUDIO, LLC", "taxonomy": "Massage Therapist", "address": "331 E 87TH AVE STE 100A ANCHORAGE AK 99515" }, "geometry": { "type": "Point", "coordinates": [ -149.876674400000013, 61.1424642 ] } },
{ "type": "Feature", "properties": { "npi": "1093385239", "name": "ADAM", "taxonomy": "Counselor, Counselor, Addiction (Substance Use Disorder)", "address": "8012 STEWART MOUNTAIN DR EAGLE RIVER AK 99577" }, "geometry": { "type": "Point", "coordinates": [ -149.5224694, 61.2900794 ] } },
{ "type": "Feature", "properties": { "npi": "1619463973", "name": "STARRETTA", "taxonomy": "Community Health Worker", "address": "829 CHIEF EDDIE HOFFMAN HWY SUITE 150 BETHEL AK 99559" }, "geometry": { "type": "Point", "coordinates": [ -161.780309, 60.7898404 ] } },
{ "type": "Feature", "properties": { "npi": "1053742700", "name": "MAURISIA", "taxonomy": "Developmental Therapist", "address": "4020 FOLKER ST ANCHORAGE AK 99508" }, "geometry": { "type": "Point", "coordinates": [ -149.8302917, 61.1841982 ] } },
{ "type": "Feature", "properties": { "npi": "1619723889", "name": "ABUBAKR", "taxonomy": "Assisted Living Facility", "address": "1646 HARDWOOD CT ANCHORAGE AK 99507" }, "geometry": { "type": "Point", "coordinates": [ -149.851953, 61.16928 ] } },
{ "type": "Feature", "properties": { "npi": "1700281557", "name": "TAKIYA", "taxonomy": "Case Manager/Care Coordinator", "address": "2211 ARCA DR ANCHORAGE AK 99508" }, "geometry": { "type": "Point", "coordinates": [ -149.816816499999987, 61.2011103 ] } },
{ "type": "Feature", "properties": { "npi": "1598151797", "name": "DAVID", "taxonomy": "Family Medicine, Hospitalist", "address": "4300 B ST STE 200 ANCHORAGE AK 99503" }, "geometry": { "type": "Point", "coordinates": [ -149.8846132, 61.1817744 ] } },
{ "type": "Feature", "properties": { "npi": "1992838791", "name": "JEFF", "taxonomy": "Counselor, Mental Health", "address": "4020 FOLKER ST ANCHORAGE AK 99508" }, "geometry": { "type": "Point", "coordinates": [ -149.8302917, 61.1841982 ] } },
{ "type": "Feature", "properties": { "npi": "1245586494", "name": "JESSICA", "taxonomy": "Nurse Practitioner, Family, Nurse Practitioner, Family", "address": "3600 MINNESOTA DR ANCHORAGE AK 99503" }, "geometry": { "type": "Point", "coordinates": [ -149.913349, 61.18795 ] } },
{ "type": "Feature", "properties": { "npi": "1528865284", "name": "JULIA", "taxonomy": "Behavior Technician", "address": "4130 SAN ERNESTO AVE ANCHORAGE AK 99508" }, "geometry": { "type": "Point", "coordinates": [ -149.803382699999986, 61.2124093 ] } },
{ "type": "Feature", "properties": { "npi": "1801452867", "name": "EVELYN", "taxonomy": "Counselor, Professional", "address": "4320 DIPLOMACY DR ANCHORAGE AK 99508" }, "geometry": { "type": "Point", "coordinates": [ -149.7993803, 61.1813533 ] } },
{ "type": "Feature", "properties": { "npi": "1689298630", "name": "PAIGE", "taxonomy": "Speech-Language Pathologist,  , Behavior Technician", "address": "6927 OLD SEWARD HWY STE 100 ANCHORAGE AK 99518" }, "geometry": { "type": "Point", "coordinates": [ -149.8639234, 61.1578643 ] } },
{ "type": "Feature", "properties": { "npi": "1922256700", "name": "ABIDING CARE COORDINATION", "taxonomy": "Case Management", "address": "317 STATE ST # A ANCHORAGE AK 99504" }, "geometry": { "type": "Point", "coordinates": [ -149.7314869, 61.2197772 ] } },
{ "type": "Feature", "properties": { "npi": "1972850774", "name": "ABILITY PEDIATRIC PHYSICAL THERAPY, LLC", "taxonomy": "Physical Therapist, Pediatrics", "address": "4325 LAUREL ST SUITE 102 ANCHORAGE AK 99508" }, "geometry": { "type": "Point", "coordinates": [ -149.8342826, 61.1815439 ] } },
{ "type": "Feature", "properties": { "npi": "1245576479", "name": "ANNIE", "taxonomy": "Speech-Language Pathologist,  ", "address": "6927 OLD SEWARD HWY STE 100 ANCHORAGE AK 99518" }, "geometry": { "type": "Point", "coordinates": [ -149.8639234, 61.1578643 ] } },
{ "type": "Feature", "properties": { "npi": "1598995458", "name": "BETH", "taxonomy": "Speech-Language Pathologist,  ", "address": "532 E 24TH AVE A ANCHORAGE AK 99503" }, "geometry": { "type": "Point", "coordinates": [ -149.8738653, 61.199289 ] } },
{ "type": "Feature", "properties": { "npi": "1417415332", "name": "MICHAEL", "taxonomy": "Psychiatry & Neurology, Psychiatry", "address": "786 D STREET JOINT BASE ELMENDORF-RICHARDSON AK 99505" }, "geometry": { "type": "Point", "coordinates": [ -149.705211, 61.253174 ] } },
{ "type": "Feature", "properties": { "npi": "1700740206", "name": "JANEL", "taxonomy": "Pharmacist", "address": "4320 DIPLOMACY DR ANCHORAGE AK 99508" }, "geometry": { "type": "Point", "coordinates": [ -149.7993803, 61.1813533 ] } },
{ "type": "Feature", "properties": { "npi": "1588234348", "name": "KATHRYN", "taxonomy": "Occupational Therapist", "address": "22502 SAMBAR LOOP CHUGIAK AK 99567" }, "geometry": { "type": "Point", "coordinates": [ -149.4613587, 61.4241029 ] } },
{ "type": "Feature", "properties": { "npi": "1265268395", "name": "DOMINIQUE", "taxonomy": "Case Manager/Care Coordinator", "address": "1600 OMALLEY RD ANCHORAGE AK 99507" }, "geometry": { "type": "Point", "coordinates": [ -149.737288799999988, 61.1230837 ] } },
{ "type": "Feature", "properties": { "npi": "1922849009", "name": "ABOVE ALL HOME CARE AGENCY LLC.", "taxonomy": "Home Health, In Home Supportive Care, Clinic/Center, Adult Day Care, Non-emergency Medical Transport (VAN)", "address": "2258 JASPER LN ANCHORAGE AK 99504" }, "geometry": { "type": "Point", "coordinates": [ -149.7732475, 61.1997617 ] } },
{ "type": "Feature", "properties": { "npi": "1770872947", "name": "ABOVE CARE ALH", "taxonomy": "Assisted Living Facility", "address": "2351 PAXSON DR ANCHORAGE AK 99504" }, "geometry": { "type": "Point", "coordinates": [ -149.7461532, 61.1992162 ] } },
{ "type": "Feature", "properties": { "npi": "1255757118", "name": "ABOVE CARE ALH, LLC", "taxonomy": "Assisted Living Facility", "address": "2351 PAXSON DR ANCHORAGE AK 99504" }, "geometry": { "type": "Point", "coordinates": [ -149.7461532, 61.1992162 ] } },
{ "type": "Feature", "properties": { "npi": "1891293239", "name": "ABOVE THE HORIZON LLC", "taxonomy": "Custodial Care Facility", "address": "3300 AMBER BAY LOOP ANCHORAGE AK 99515" }, "geometry": { "type": "Point", "coordinates": [ -149.942506, 61.126992 ] } },
{ "type": "Feature", "properties": { "npi": "1790021251", "name": "ABRA ASSISTED LIVING HOME", "taxonomy": "Residential Treatment Facility, Physical Disabilities", "address": "1609 BETULA CIRCLE AVE ANCHORAGE AK 99507" }, "geometry": { "type": "Point", "coordinates": [ -149.852559, 61.128651 ] } },
{ "type": "Feature", "properties": { "npi": "1063702546", "name": "ABRA ASSISTED LIVING HOME", "taxonomy": "Residential Treatment Facility, Intellectual and/or Developmental Disabilities", "address": "1609 BETULA CIR CIR ANCHORAGE AK 99507" }, "geometry": { "type": "Point", "coordinates": [ -149.852559, 61.128651 ] } },
{ "type": "Feature", "properties": { "npi": "1710599808", "name": "ABRACADABRA SPEECH LLC", "taxonomy": "Speech-Language Pathologist,  ", "address": "6823 TUDOR ROAD ANCHORAGE AK 99507" }, "geometry": { "type": "Point", "coordinates": [ -149.7529385, 61.1818676 ] } },
{ "type": "Feature", "properties": { "npi": "1447971981", "name": "ESTHER", "taxonomy": "Community Health Worker", "address": "829 CHIEF EDDIE HOFFMAN HIGHWAY BETHEL AK 99559" }, "geometry": { "type": "Point", "coordinates": [ -161.780309, 60.7898404 ] } },
{ "type": "Feature", "properties": { "npi": "1720722895", "name": "MARY", "taxonomy": "Counselor, Mental Health", "address": "3710 E 20TH AVE ANCHORAGE AK 99508" }, "geometry": { "type": "Point", "coordinates": [ -149.8120082, 61.202579 ] } },
{ "type": "Feature", "properties": { "npi": "1609486190", "name": "RAHUL", "taxonomy": "Internal Medicine, Nephrology", "address": "4015 LAKE OTIS PKWY STE 101 ANCHORAGE AK 99508" }, "geometry": { "type": "Point", "coordinates": [ -149.838039400000014, 61.1839633 ] } },
{ "type": "Feature", "properties": { "npi": "1083036909", "name": "WILLIAM", "taxonomy": "Technician/Technologist, Optician, Technician/Technologist, Optician", "address": "1515 E TUDOR RD SUITE 5 ANCHORAGE AK 99507" }, "geometry": { "type": "Point", "coordinates": [ -149.855022100000014, 61.180929 ] } },
{ "type": "Feature", "properties": { "npi": "1649573007", "name": "ABSOLUTE CARE OF ALASKA", "taxonomy": "Technician, Personal Care Attendant", "address": "4601 E 104TH AVE ANCHORAGE AK 99507" }, "geometry": { "type": "Point", "coordinates": [ -149.790928, 61.126757 ] } },
{ "type": "Feature", "properties": { "npi": "1881136752", "name": "ABSOLUTE CARE OF ALASKA, LLC.", "taxonomy": "In Home Supportive Care", "address": "4450 CORDOVA ST SUITE 100 ANCHORAGE AK 99503" }, "geometry": { "type": "Point", "coordinates": [ -149.879182899999989, 61.1803524 ] } },
{ "type": "Feature", "properties": { "npi": "1811986839", "name": "LAURA", "taxonomy": "Emergency Medicine", "address": "5955 ZEAMER AVE ATTN 3MDG SGOEE ELMENDORF AFB AK 99506" }, "geometry": { "type": "Point", "coordinates": [ -149.748603, 61.234747 ] } },
{ "type": "Feature", "properties": { "npi": "1942617709", "name": "MARIA", "taxonomy": "Registered Nurse", "address": "7332 HUNTSMEN CIR APT A ANCHORAGE AK 99518" }, "geometry": { "type": "Point", "coordinates": [ -149.883386, 61.154318 ] } },
{ "type": "Feature", "properties": { "npi": "1144509365", "name": "ABUELITA ALH, LLC", "taxonomy": "Custodial Care Facility, Adult Care Home", "address": "1105 SAN ANTONIO ST ANCHORAGE AK 99508" }, "geometry": { "type": "Point", "coordinates": [ -149.7950593, 61.2119062 ] } },
{ "type": "Feature", "properties": { "npi": "1437413895", "name": "AHMED", "taxonomy": "Internal Medicine, Internal Medicine, Cardiovascular Disease", "address": "3841 PIPER STREET SUITE T100 ANCHORAGE AK 99508" }, "geometry": { "type": "Point", "coordinates": [ -149.8212711, 61.1862652 ] } },
{ "type": "Feature", "properties": { "npi": "1851580443", "name": "ACACIA PERSONAL CARE SERVICES", "taxonomy": "Case Management, Respite Care, Supports Brokerage", "address": "7731 E NORTHERN LIGHTS BLVD STE 210 ANCHORAGE AK 99504" }, "geometry": { "type": "Point", "coordinates": [ -149.7361358, 61.196645 ] } },
{ "type": "Feature", "properties": { "npi": "1942352158", "name": "ACCESS ALASKA INC.", "taxonomy": "Case Manager/Care Coordinator, Case Management, Community/Behavioral Health, Supports Brokerage, Chore Provider, Adult Companion, Technician, Attendant Care Provider, Home Health Aide, Homemaker, Nurse's Aide, Respite Care, Technician, Personal Care Attendant", "address": "1217 E 10TH AVE ANCHORAGE AK 99501" }, "geometry": { "type": "Point", "coordinates": [ -149.860231, 61.212621 ] } },
{ "type": "Feature", "properties": { "npi": "1558993451", "name": "ACCESS2CARE, LLC", "taxonomy": "Clinic/Center, Primary Care", "address": "2421 E TUDOR RD STE 105 ANCHORAGE AK 99507" }, "geometry": { "type": "Point", "coordinates": [ -149.8372722, 61.18092 ] } },
{ "type": "Feature", "properties": { "npi": "1770757809", "name": "ACCIDENT & INJURY CENTER OF ALASKA, INC", "taxonomy": "Chiropractor", "address": "218 W 34TH AVE ANCHORAGE AK 99503" }, "geometry": { "type": "Point", "coordinates": [ -149.8851458, 61.1894257 ] } },
{ "type": "Feature", "properties": { "npi": "1851253082", "name": "ACCLIMATE ABA AK LLC", "taxonomy": "Behavior Analyst", "address": "3300 ARCTIC BLVD ANCHORAGE AK 99503" }, "geometry": { "type": "Point", "coordinates": [ -149.8981255, 61.1907461 ] } },
{ "type": "Feature", "properties": { "npi": "1649534694", "name": "ACCURATE HEARING SYSTEMS, LLC", "taxonomy": "Durable Medical Equipment & Medical Supplies, Hearing  Aid Equipment", "address": "510 W TUDOR RD STE 3 ANCHORAGE AK 99503" }, "geometry": { "type": "Point", "coordinates": [ -149.8919747, 61.1807286 ] } },
{ "type": "Feature", "properties": { "npi": "1275773731", "name": "ACCURATE VISION CLINIC", "taxonomy": "Optometrist", "address": "207 E NORTHERN LIGHTS BLVD SUITE 101 ANCHORAGE AK 99503" }, "geometry": { "type": "Point", "coordinates": [ -149.879181, 61.1955841 ] } },
{ "type": "Feature", "properties": { "npi": "1487171088", "name": "ACD, LLC", "taxonomy": "Dentist, Pediatric Dentistry", "address": "3340 PROVIDENCE DR. SUITE 552 ANCHORAGE AK 99508" }, "geometry": { "type": "Point", "coordinates": [ -149.816934300000014, 61.1897504 ] } },
{ "type": "Feature", "properties": { "npi": "1285292011", "name": "ACD1, LLC", "taxonomy": "Dentist, Pediatric Dentistry", "address": "3340 PROVIDENCE DR STE 552 ANCHORAGE AK 99508" }, "geometry": { "type": "Point", "coordinates": [ -149.816934300000014, 61.1897504 ] } },
{ "type": "Feature", "properties": { "npi": "1225530850", "name": "GABRIEL", "taxonomy": "Counselor, Addiction (Substance Use Disorder)", "address": "1840 BRAGAW ST STE 110 ANCHORAGE AK 99508" }, "geometry": { "type": "Point", "coordinates": [ -149.80852, 61.2043511 ] } },
{ "type": "Feature", "properties": { "npi": "1558848622", "name": "ALISON", "taxonomy": "Counselor", "address": "1360 CALISTA DRIVE BETHEL AK 99559" }, "geometry": { "type": "Point", "coordinates": [ -161.7933531, 60.7856764 ] } },
{ "type": "Feature", "properties": { "npi": "1740710862", "name": "AMANDA", "taxonomy": "Counselor", "address": "1360 CALISTA DRIVE BETHEL AK 99559" }, "geometry": { "type": "Point", "coordinates": [ -161.7933531, 60.7856764 ] } },
{ "type": "Feature", "properties": { "npi": "1699168815", "name": "EVELINA", "taxonomy": "Registered Nurse", "address": "1490 CHIEF EDDIE HOFFMAN HWY BETHEL AK 99559" }, "geometry": { "type": "Point", "coordinates": [ -161.7970513, 60.7857485 ] } },
{ "type": "Feature", "properties": { "npi": "1629407515", "name": "DARRELL", "taxonomy": "Pharmacist, Pharmacist", "address": "4320 DIPLOMACY DRIVE ANCHORAGE AK 99508" }, "geometry": { "type": "Point", "coordinates": [ -149.7993803, 61.1813533 ] } },
{ "type": "Feature", "properties": { "npi": "1881224236", "name": "ACHIEVE SPEECH THERAPY LLC", "taxonomy": "Speech-Language Pathologist,  ", "address": "4141 B ST STE 302 ANCHORAGE AK 99503" }, "geometry": { "type": "Point", "coordinates": [ -149.8842682, 61.183147 ] } },
{ "type": "Feature", "properties": { "npi": "1215326319", "name": "ACHIEVEMENT THERAPY CENTER", "taxonomy": "Occupational Therapist, Occupational Therapist", "address": "235 E 9TH AVE ANCHORAGE AK 99501" }, "geometry": { "type": "Point", "coordinates": [ -149.881080700000012, 61.2136498 ] } },
{ "type": "Feature", "properties": { "npi": "1689282030", "name": "FLORENCE", "taxonomy": "Day Training, Developmentally Disabled Services", "address": "4423 E 6TH AVE ANCHORAGE AK 99508" }, "geometry": { "type": "Point", "coordinates": [ -149.7982829, 61.217004 ] } },
{ "type": "Feature", "properties": { "npi": "1972722544", "name": "HASKELL", "taxonomy": "Psychologist", "address": "4241 B ST STE 301 ANCHORAGE AK 99503" }, "geometry": { "type": "Point", "coordinates": [ -149.8842713, 61.1822885 ] } },
{ "type": "Feature", "properties": { "npi": "1134611213", "name": "LUKE", "taxonomy": "Psychologist", "address": "5955 ZEAMER AVE JBER AK 99506" }, "geometry": { "type": "Point", "coordinates": [ -149.748833499999989, 61.2351368 ] } },
{ "type": "Feature", "properties": { "npi": "1104263367", "name": "COLLEEN", "taxonomy": "Technician, Attendant Care Provider", "address": "120 N HOYT ST ANCHORAGE AK 99508" }, "geometry": { "type": "Point", "coordinates": [ -149.801061, 61.2245901 ] } },
{ "type": "Feature", "properties": { "npi": "1174414999", "name": "JAMES", "taxonomy": "Massage Therapist", "address": "10305 THIMBLE BERRY DR ANCHORAGE AK 99515" }, "geometry": { "type": "Point", "coordinates": [ -149.858523, 61.1270685 ] } },
{ "type": "Feature", "properties": { "npi": "1891922852", "name": "ACMHS", "taxonomy": "Community/Behavioral Health", "address": "9210 JUPITER DR ANCHORAGE AK 99507" }, "geometry": { "type": "Point", "coordinates": [ -149.797161499999987, 61.1373048 ] } },
{ "type": "Feature", "properties": { "npi": "1861912370", "name": "WEIDY", "taxonomy": "Counselor, Mental Health", "address": "4020 FOLKER ST ANCHORAGE AK 99508" }, "geometry": { "type": "Point", "coordinates": [ -149.8302917, 61.1841982 ] } },
{ "type": "Feature", "properties": { "npi": "1447996012", "name": "KENNETH", "taxonomy": "Case Manager/Care Coordinator", "address": "2330 NICHOLS ST ANCHORAGE AK 99508" }, "geometry": { "type": "Point", "coordinates": [ -149.81286, 61.199796 ] } },
{ "type": "Feature", "properties": { "npi": "1497335723", "name": "CASSIE", "taxonomy": "Counselor, Mental Health, Student in an Organized Health Care Education/Training Program", "address": "1205 E INTL AIRPORT RD STE 100 ANCHORAGE AK 99518" }, "geometry": { "type": "Point", "coordinates": [ -149.8602224, 61.173705 ] } },
{ "type": "Feature", "properties": { "npi": "1619450236", "name": "ACT CARE PROVIDERS LLC", "taxonomy": "In Home Supportive Care", "address": "2907 IRIS DR ANCHORAGE AK 99517" }, "geometry": { "type": "Point", "coordinates": [ -149.93748690000001, 61.1792119 ] } },
{ "type": "Feature", "properties": { "npi": "1164896775", "name": "ALEXANDRA", "taxonomy": "Case Manager/Care Coordinator", "address": "460 RIDGECREST DRIVE SUITE 215 BETHEL AK 99559" }, "geometry": { "type": "Point", "coordinates": [ -161.7714781, 60.7957543 ] } },
{ "type": "Feature", "properties": { "npi": "1972879914", "name": "ANECIA", "taxonomy": "Community Health Worker", "address": "6000 KANAKANAK RD DILLINGHAM AK 99576" }, "geometry": { "type": "Point", "coordinates": [ -158.5365831, 59.0005928 ] } },
{ "type": "Feature", "properties": { "npi": "1598003600", "name": "MARGARET", "taxonomy": "Community Health Worker", "address": "829 CHIEF EDDIE HOFFMAN HIGHWAY SUITE 150 BETHEL AK 99559" }, "geometry": { "type": "Point", "coordinates": [ -161.780309, 60.7898404 ] } },
{ "type": "Feature", "properties": { "npi": "1538406285", "name": "MAXINE", "taxonomy": "Technician, Personal Care Attendant", "address": "700 CHIEF EDDIE HOFFMAN HIGHWAY BETHEL AK 99559" }, "geometry": { "type": "Point", "coordinates": [ -161.780249, 60.790048 ] } },
{ "type": "Feature", "properties": { "npi": "1538465653", "name": "TARA", "taxonomy": "Occupational Therapist", "address": "1130 W DIMOND BLVD STE B ANCHORAGE AK 99515" }, "geometry": { "type": "Point", "coordinates": [ -149.902707600000014, 61.1416486 ] } },
{ "type": "Feature", "properties": { "npi": "1700368115", "name": "TROY", "taxonomy": "Assisted Living Facility", "address": "4210 GALACTICA DR ANCHORAGE AK 99517" }, "geometry": { "type": "Point", "coordinates": [ -149.9642069, 61.1911324 ] } },
{ "type": "Feature", "properties": { "npi": "1164082111", "name": "JE' SAUNDRA", "taxonomy": "Registered Nurse, Case Management, Registered Nurse", "address": "6000 KANAKANAK RD DILLINGHAM AK 99576" }, "geometry": { "type": "Point", "coordinates": [ -158.5365831, 59.0005928 ] } },
{ "type": "Feature", "properties": { "npi": "1912332818", "name": "ACUPUNCTURE & ALTERNATIVE THERAPIES, LLC", "taxonomy": "Acupuncturist", "address": "717 BARROW ST ANCHORAGE AK 99501" }, "geometry": { "type": "Point", "coordinates": [ -149.8810552, 61.2153498 ] } },
{ "type": "Feature", "properties": { "npi": "1497230353", "name": "ACUPUNCTURE & WELLNESS OF CORDOVA", "taxonomy": "Acupuncturist", "address": "520 2ND STREET CORDOVA AK 99574" }, "geometry": { "type": "Point", "coordinates": [ -145.75802920000001, 60.5433868 ] } },
{ "type": "Feature", "properties": { "npi": "1679704688", "name": "ACUTE FAMILY MEDICINE CLINIC INC", "taxonomy": "Family Medicine, Family Medicine, Physician Assistant, Physician Assistant, Physician Assistant, Nurse Practitioner, Family, Nurse Practitioner, Family, Nurse Practitioner, Family, Family Medicine", "address": "11470 BUSINESS BLVD STE 100 EAGLE RIVER AK 99577" }, "geometry": { "type": "Point", "coordinates": [ -149.5757036, 61.3236929 ] } },
{ "type": "Feature", "properties": { "npi": "1316206915", "name": "AD PARTNERS II, LLC", "taxonomy": "Clinic/Center, End-Stage Renal Disease (ESRD) Treatment", "address": "360 BONIFACE PKWY SUITE A11 ANCHORAGE AK 99504" }, "geometry": { "type": "Point", "coordinates": [ -149.7785691, 61.2197022 ] } },
{ "type": "Feature", "properties": { "npi": "1912112962", "name": "KATRINA", "taxonomy": "Counselor, Mental Health", "address": "4020 FOLKER ST ANCHORAGE AK 99508" }, "geometry": { "type": "Point", "coordinates": [ -149.8302917, 61.1841982 ] } },
{ "type": "Feature", "properties": { "npi": "1699276469", "name": "ADAGIO DAY SPA", "taxonomy": "Massage Therapist", "address": "404 K ST ANCHORAGE AK 99501" }, "geometry": { "type": "Point", "coordinates": [ -149.901815, 61.2183997 ] } },
{ "type": "Feature", "properties": { "npi": "1659938900", "name": "ALICIA", "taxonomy": "Counselor, Addiction (Substance Use Disorder)", "address": "3600 SAN JERONIMO DR ANCHORAGE AK 99508" }, "geometry": { "type": "Point", "coordinates": [ -149.8104837, 61.2115572 ] } },
{ "type": "Feature", "properties": { "npi": "1326888033", "name": "MEGHAN", "taxonomy": "Dietitian, Registered", "address": "3202 LATOUCHE ST APT A3 ANCHORAGE AK 99508" }, "geometry": { "type": "Point", "coordinates": [ -149.8600808, 61.1921032 ] } },
{ "type": "Feature", "properties": { "npi": "1053187302", "name": "EMILY", "taxonomy": "Nurse Practitioner, Family", "address": "3841 PIPER ST STE T100 ANCHORAGE AK 99508" }, "geometry": { "type": "Point", "coordinates": [ -149.8212711, 61.1862652 ] } },
{ "type": "Feature", "properties": { "npi": "1366007155", "name": "ALYSSA", "taxonomy": "Case Manager/Care Coordinator", "address": "3600 SAN JERONIMO DR STE 210 ANCHORAGE AK 99508" }, "geometry": { "type": "Point", "coordinates": [ -149.8104837, 61.2115572 ] } },
{ "type": "Feature", "properties": { "npi": "1700124500", "name": "ANDI", "taxonomy": "Pharmacist", "address": "5955 ZEAMER AVE ANCHORAGE AK 99506" }, "geometry": { "type": "Point", "coordinates": [ -149.748833499999989, 61.2351368 ] } },
{ "type": "Feature", "properties": { "npi": "1649881855", "name": "CAMERON", "taxonomy": "Social Worker, Clinical", "address": "1251 MULDOON RD STE 116 ANCHORAGE AK 99504" }, "geometry": { "type": "Point", "coordinates": [ -149.730883299999988, 61.2110027 ] } },
{ "type": "Feature", "properties": { "npi": "1285918623", "name": "ADAMS CHIROPRACTIC HEALTH CLINIC, LLC", "taxonomy": "Chiropractor, Sports Physician", "address": "3901 OLD SEWARD HWY SUITE 11 ANCHORAGE AK 99503" }, "geometry": { "type": "Point", "coordinates": [ -149.867984, 61.185561 ] } },
{ "type": "Feature", "properties": { "npi": "1033636238", "name": "CHRISTOPHER", "taxonomy": "Pharmacist", "address": "1470 W NORTHERN LIGHTS BLVD ANCHORAGE AK 99503" }, "geometry": { "type": "Point", "coordinates": [ -149.912023, 61.1952152 ] } },
{ "type": "Feature", "properties": { "npi": "1871385716", "name": "DARREN", "taxonomy": "Counselor, Addiction (Substance Use Disorder)", "address": "1015 E 6TH AVE ANCHORAGE AK 99501" }, "geometry": { "type": "Point", "coordinates": [ -149.8644117, 61.2166569 ] } },
{ "type": "Feature", "properties": { "npi": "1366838955", "name": "HELEN", "taxonomy": "Emergency Medicine", "address": "3200 PROVIDENCE DR ANCHORAGE AK 99508" }, "geometry": { "type": "Point", "coordinates": [ -149.819439100000011, 61.1871675 ] } },
{ "type": "Feature", "properties": { "npi": "1942000443", "name": "JESSICA", "taxonomy": "Counselor, Mental Health", "address": "4600 DEBARR RD ANCHORAGE AK 99508" }, "geometry": { "type": "Point", "coordinates": [ -149.795194, 61.209621 ] } },
{ "type": "Feature", "properties": { "npi": "1891972667", "name": "JESSICA", "taxonomy": "Social Worker, Clinical", "address": "2925 DEBARR RD SUITE 230 ANCHORAGE AK 99508" }, "geometry": { "type": "Point", "coordinates": [ -149.826466900000014, 61.209795 ] } },
{ "type": "Feature", "properties": { "npi": "1316081466", "name": "KAREN", "taxonomy": "Physical Therapist, Pediatrics, Physical Therapist, Pediatrics", "address": "6311 DEBARR RD SUITE J ANCHORAGE AK 99504" }, "geometry": { "type": "Point", "coordinates": [ -149.7618483, 61.2105479 ] } },
{ "type": "Feature", "properties": { "npi": "1306022157", "name": "KATHRYN", "taxonomy": "Midwife", "address": "1108 E NORTHERN LIGHTS BLVD STE C ANCHORAGE AK 99508" }, "geometry": { "type": "Point", "coordinates": [ -149.8623245, 61.1952005 ] } },
{ "type": "Feature", "properties": { "npi": "1528121886", "name": "KURT", "taxonomy": "Chiropractor", "address": "261 E 26TH AVE ANCHORAGE AK 99503" }, "geometry": { "type": "Point", "coordinates": [ -149.8795874, 61.1970653 ] } },
{ "type": "Feature", "properties": { "npi": "1811274764", "name": "LYSSA", "taxonomy": "Case Manager/Care Coordinator", "address": "829 CHIEF EDDIE HOFFMAN HWY BETHEL AK 99559" }, "geometry": { "type": "Point", "coordinates": [ -161.780309, 60.7898404 ] } },
{ "type": "Feature", "properties": { "npi": "1346973252", "name": "MARLENE", "taxonomy": "Peer Specialist, Counselor, Addiction (Substance Use Disorder)", "address": "2600 CORDOVA ST STE 101 ANCHORAGE AK 99503" }, "geometry": { "type": "Point", "coordinates": [ -149.878905, 61.196861 ] } },
{ "type": "Feature", "properties": { "npi": "1942993886", "name": "MICHAELSEAN", "taxonomy": "Community Health Worker", "address": "4600 ABBOTT RD ANCHORAGE AK 99507" }, "geometry": { "type": "Point", "coordinates": [ -149.796776, 61.137434 ] } },
{ "type": "Feature", "properties": { "npi": "1487612933", "name": "SUSAN", "taxonomy": "Dental Hygienist", "address": "6000 KANAKANAK RD DILLINGHAM AK 99576" }, "geometry": { "type": "Point", "coordinates": [ -158.5365831, 59.0005928 ] } },
{ "type": "Feature", "properties": { "npi": "1699366419", "name": "TAMI", "taxonomy": "Counselor, Professional", "address": "4020 FOLKER ST ANCHORAGE AK 99508" }, "geometry": { "type": "Point", "coordinates": [ -149.8302917, 61.1841982 ] } },
{ "type": "Feature", "properties": { "npi": "1790939361", "name": "TAWNIA", "taxonomy": "Chiropractor, Radiology", "address": "9440 AUTUMN RIDGE CIR ANCHORAGE AK 99507" }, "geometry": { "type": "Point", "coordinates": [ -149.7817732, 61.1353913 ] } },
{ "type": "Feature", "properties": { "npi": "1083948699", "name": "TAWNICA", "taxonomy": "Registered Nurse", "address": "4341 B ST STE 100 ANCHORAGE AK 99503" }, "geometry": { "type": "Point", "coordinates": [ -149.8842745, 61.18143 ] } },
{ "type": "Feature", "properties": { "npi": "1164178216", "name": "TAWNYA", "taxonomy": "Case Manager/Care Coordinator", "address": "2927 SECLUSION COVE DR ANCHORAGE AK 99515" }, "geometry": { "type": "Point", "coordinates": [ -149.9354783, 61.1200278 ] } },
{ "type": "Feature", "properties": { "npi": "1932622909", "name": "TAYLOR", "taxonomy": "Physical Therapist", "address": "4600 BUSINESS PARK BLVD # D-24 ANCHORAGE AK 99503" }, "geometry": { "type": "Point", "coordinates": [ -149.88873670000001, 61.1791127 ] } },
{ "type": "Feature", "properties": { "npi": "1003032319", "name": "WYNDI", "taxonomy": "Radiologic Technologist, Radiography", "address": "700 CHIEF EDDIE HOFFMAN HIGHWAY BETHEL AK 99559" }, "geometry": { "type": "Point", "coordinates": [ -161.780249, 60.790048 ] } },
{ "type": "Feature", "properties": { "npi": "1447127162", "name": "HAYLEY", "taxonomy": "Case Manager/Care Coordinator", "address": "7033 E TUDOR RD ANCHORAGE AK 99507" }, "geometry": { "type": "Point", "coordinates": [ -149.7500245, 61.1808317 ] } },
{ "type": "Feature", "properties": { "npi": "1952767329", "name": "SAMANTHA", "taxonomy": "Social Worker, Social Worker", "address": "1201 N MULDOON RD ANCHORAGE AK 99504" }, "geometry": { "type": "Point", "coordinates": [ -149.7442103, 61.2327711 ] } },
{ "type": "Feature", "properties": { "npi": "1598778524", "name": "JEAN", "taxonomy": "Registered Nurse", "address": "4320 DIPLOMACY DR ANCHORAGE AK 99508" }, "geometry": { "type": "Point", "coordinates": [ -149.7993803, 61.1813533 ] } },
{ "type": "Feature", "properties": { "npi": "1033789367", "name": "WILL", "taxonomy": "Dentist", "address": "634 B ST ANCHORAGE AK 99505" }, "geometry": { "type": "Point", "coordinates": [ -149.6986815, 61.2557065 ] } },
{ "type": "Feature", "properties": { "npi": "1538831003", "name": "CAYLYN", "taxonomy": "Day Training/Habilitation Specialist", "address": "7521 BRAYTON DR ANCHORAGE AK 99507" }, "geometry": { "type": "Point", "coordinates": [ -149.8546504, 61.1528037 ] } },
{ "type": "Feature", "properties": { "npi": "1134197627", "name": "NOREEN", "taxonomy": "Social Worker", "address": "5955 ZEAMER AVE ANCHORAGE AK 99506" }, "geometry": { "type": "Point", "coordinates": [ -149.748833499999989, 61.2351368 ] } },
{ "type": "Feature", "properties": { "npi": "1053443572", "name": "ADELA ASSISTED LIVING HOME INC.", "taxonomy": "Assisted Living Facility, Respite Care", "address": "7940 LADASA PL ANCHORAGE AK 99507" }, "geometry": { "type": "Point", "coordinates": [ -149.815641, 61.1486446 ] } },
{ "type": "Feature", "properties": { "npi": "1518788348", "name": "ADELAIDE ALH LLC", "taxonomy": "Assisted Living Facility", "address": "1111 BENTREE CIR ANCHORAGE AK 99504" }, "geometry": { "type": "Point", "coordinates": [ -149.762218, 61.2113552 ] } },
{ "type": "Feature", "properties": { "npi": "1245610963", "name": "AVRAM", "taxonomy": "Radiology, Diagnostic Radiology, Radiology, Diagnostic Radiology", "address": "2751 DEBARR RD STE 360 ANCHORAGE AK 99508" }, "geometry": { "type": "Point", "coordinates": [ -149.829865, 61.2097766 ] } },
{ "type": "Feature", "properties": { "npi": "1578065793", "name": "ADERONKE AKINDIPE FNP LLC", "taxonomy": "Home Health", "address": "2942 GLADYS MARIE CIR # Q ANCHORAGE AK 99516" }, "geometry": { "type": "Point", "coordinates": [ -149.828242, 61.1176449 ] } },
{ "type": "Feature", "properties": { "npi": "1770331704", "name": "ADHD COUNSELING & CONSULTING, LLC", "taxonomy": "Psychologist, Clinical, Clinic/Center, Adult Mental Health", "address": "615 E 82ND AVE. SUITE 102 ANCHORAGE AK 99518" }, "geometry": { "type": "Point", "coordinates": [ -149.871032899999989, 61.1462322 ] } },
{ "type": "Feature", "properties": { "npi": "1639510860", "name": "BETHEL", "taxonomy": "Social Worker, Clinical", "address": "829 CHIEF EDDIE HOFFMAN BETHEL AK 99559" }, "geometry": { "type": "Point", "coordinates": [ -161.780309, 60.7898404 ] } },
{ "type": "Feature", "properties": { "npi": "1407279565", "name": "KIM", "taxonomy": "Social Worker", "address": "829 CHIEF EDDIE HOFFMAN HWY BETHEL AK 99559" }, "geometry": { "type": "Point", "coordinates": [ -161.780309, 60.7898404 ] } },
{ "type": "Feature", "properties": { "npi": "1679087605", "name": "OLUWAFEMI", "taxonomy": "Licensed Practical Nurse, Registered Nurse", "address": "670 W FIREWEED LN STE 160 ANCHORAGE AK 99503" }, "geometry": { "type": "Point", "coordinates": [ -149.896358600000013, 61.1985827 ] } },
{ "type": "Feature", "properties": { "npi": "1861668923", "name": "ADKINS CHIROPRACTIC A PROFESSIONAL CORPORATION", "taxonomy": "Chiropractor", "address": "12570 OLD SEWARD HWY STE 101 ANCHORAGE AK 99515" }, "geometry": { "type": "Point", "coordinates": [ -149.862714899999986, 61.1069211 ] } },
{ "type": "Feature", "properties": { "npi": "1689035974", "name": "ADKINS CHIROPRACTIC PC", "taxonomy": "Chiropractor", "address": "12570 OLD SEWARD HWY UNIT 101 ANCHORAGE AK 99515" }, "geometry": { "type": "Point", "coordinates": [ -149.862714899999986, 61.1069211 ] } },
{ "type": "Feature", "properties": { "npi": "1861422891", "name": "JOEL", "taxonomy": "Chiropractor", "address": "9138 ARLON ST SUITE B4 ANCHORAGE AK 99507" }, "geometry": { "type": "Point", "coordinates": [ -149.836152199999987, 61.138152 ] } },
{ "type": "Feature", "properties": { "npi": "1306273446", "name": "\"GENTLE DENTISTRY\" JENNIFER SPIVEY DDS", "taxonomy": "Dentist, General Practice", "address": "204 REZANOF DR E SUITE #201 KODIAK AK 99615" }, "geometry": { "type": "Point", "coordinates": [ -152.405111, 57.790218 ] } },
{ "type": "Feature", "properties": { "npi": "1760164214", "name": "1 ALLIANCE CARE COORDINATION LLC", "taxonomy": "Case Manager/Care Coordinator", "address": "12610 E FENCE LINE DR PALMER AK 99645" }, "geometry": { "type": "Point", "coordinates": [ -149.14431, 61.641503 ] } },
{ "type": "Feature", "properties": { "npi": "1598536674", "name": "1918 WINTER STREET OPERATING CO LLC", "taxonomy": "Durable Medical Equipment & Medical Supplies, Pharmacy, Community/Retail Pharmacy", "address": "595 E PARKS HWY # 300 WASILLA AK 99654" }, "geometry": { "type": "Point", "coordinates": [ -149.436668, 61.581019 ] } },
{ "type": "Feature", "properties": { "npi": "1578311221", "name": "1918 WINTER STREET OPERATING CO LLC", "taxonomy": "Durable Medical Equipment & Medical Supplies, Pharmacy, Community/Retail Pharmacy", "address": "664 E PALMER WASILLA HWY PALMER AK 99645" }, "geometry": { "type": "Point", "coordinates": [ -149.1225789, 61.5994729 ] } },
{ "type": "Feature", "properties": { "npi": "1265203970", "name": "1918 WINTER STREET OPERATING CO LLC", "taxonomy": "Durable Medical Equipment & Medical Supplies, Pharmacy, Community/Retail Pharmacy", "address": "44428 STERLING HWY SOLDOTNA AK 99669" }, "geometry": { "type": "Point", "coordinates": [ -151.0712459, 60.4841932 ] } },
{ "type": "Feature", "properties": { "npi": "1598536393", "name": "1918 WINTER STREET OPERATING CO LLC", "taxonomy": "Pharmacy, Pharmacy, Community/Retail Pharmacy", "address": "10576 KENAI SPUR HWY KENAI AK 99611" }, "geometry": { "type": "Point", "coordinates": [ -151.240943499999986, 60.5602222 ] } },
{ "type": "Feature", "properties": { "npi": "1255719977", "name": "1ST CHOICE CARE COORDINATION", "taxonomy": "Case Management", "address": "8325 W BLUEBIRD DR WASILLA AK 99623" }, "geometry": { "type": "Point", "coordinates": [ -149.5901, 61.5463 ] } },
{ "type": "Feature", "properties": { "npi": "1487205043", "name": "1ST CHOICE HOME HEALTH CARE INC", "taxonomy": "Home Health", "address": "159 E REDOUBT AVE SOLDOTNA AK 99669" }, "geometry": { "type": "Point", "coordinates": [ -151.0667043, 60.4876775 ] } },
{ "type": "Feature", "properties": { "npi": "1679576367", "name": "1ST CHOICE HOME HEALTH CARE INC", "taxonomy": "Home Health, Home Health", "address": "159 E REDOUBT AVE SOLDOTNA AK 99669" }, "geometry": { "type": "Point", "coordinates": [ -151.0667043, 60.4876775 ] } },
{ "type": "Feature", "properties": { "npi": "1851958748", "name": "333 PSYCHOLOGICAL MANAGEMENT", "taxonomy": "Clinic/Center, Adult Mental Health", "address": "634 S BAILEY ST STE 104 PALMER AK 99645" }, "geometry": { "type": "Point", "coordinates": [ -149.1166783, 61.6010107 ] } },
{ "type": "Feature", "properties": { "npi": "1720150667", "name": "5-D CORPORATION", "taxonomy": "Assisted Living Facility", "address": "4300 N TRUNK RD PALMER AK 99645" }, "geometry": { "type": "Point", "coordinates": [ -149.2434494, 61.5980796 ] } },
{ "type": "Feature", "properties": { "npi": "1679697783", "name": "5-D CORPORATION", "taxonomy": "Respite Care", "address": "2800 N LAGOON DR. WASILLA AK 99654" }, "geometry": { "type": "Point", "coordinates": [ -149.283282, 61.611896 ] } },
{ "type": "Feature", "properties": { "npi": "1922170851", "name": "5-D CORPORATION", "taxonomy": "Assisted Living Facility", "address": "2800 N LAGOON DR. WASILLA AK 99654" }, "geometry": { "type": "Point", "coordinates": [ -149.283282, 61.611896 ] } },
{ "type": "Feature", "properties": { "npi": "1639645773", "name": "7THSON ASSISTED LIVING", "taxonomy": "Assisted Living Facility", "address": "1120 S GURN CIR PALMER AK 99645" }, "geometry": { "type": "Point", "coordinates": [ -149.1350448, 61.5958162 ] } },
{ "type": "Feature", "properties": { "npi": "1861995946", "name": "A FINE PLACE", "taxonomy": "Assisted Living Facility, Assisted Living, Mental Illness", "address": "1414 N PIONEER PEAK DR WASILLA AK 99654" }, "geometry": { "type": "Point", "coordinates": [ -149.398926, 61.598279 ] } },
{ "type": "Feature", "properties": { "npi": "1982399481", "name": "A GRACE LIKE RAIN COUNSELING SERVICES OF ALASKA, LLC", "taxonomy": "Social Worker, Clinical", "address": "124 W SWANSON AVE WASILLA AK 99654" }, "geometry": { "type": "Point", "coordinates": [ -149.4515877, 61.5830479 ] } },
{ "type": "Feature", "properties": { "npi": "1417458589", "name": "A HAND UP BEHAVIOR SERVICES", "taxonomy": "Behavior Analyst", "address": "1875 N BELMONT AVE PALMER AK 99645" }, "geometry": { "type": "Point", "coordinates": [ -149.1661636, 61.6002028 ] } },
{ "type": "Feature", "properties": { "npi": "1619244548", "name": "A KODIAK WELCOME BED AND BREAKFAST", "taxonomy": "Respite Care", "address": "3570 SEAN CIRCLE KODIAK AK 99615" }, "geometry": { "type": "Point", "coordinates": [ -152.3498562, 57.8141096 ] } },
{ "type": "Feature", "properties": { "npi": "1689450223", "name": "A LIGHT FOR MY PATH COUNSELING, LLC", "taxonomy": "Clinic/Center, Mental Health (Including Community Mental Health Center)", "address": "6861 W SANDVIK DR WASILLA AK 99654" }, "geometry": { "type": "Point", "coordinates": [ -149.6230301, 61.4970864 ] } },
{ "type": "Feature", "properties": { "npi": "1174912257", "name": "A PERFECT FIT AK", "taxonomy": "Behavior Analyst", "address": "4272 TIMBERLAND LOOP WASILLA AK 99654" }, "geometry": { "type": "Point", "coordinates": [ -149.627148299999988, 61.5332028 ] } },
{ "type": "Feature", "properties": { "npi": "1013605336", "name": "A SPACE FOR GRACE", "taxonomy": "Clinic/Center, Mental Health (Including Community Mental Health Center)", "address": "215 FIDALGO AVE STE 204A KENAI AK 99611" }, "geometry": { "type": "Point", "coordinates": [ -151.2472032, 60.5580838 ] } },
{ "type": "Feature", "properties": { "npi": "1366130403", "name": "A SPACE FOR GRACE, LLC", "taxonomy": "Clinic/Center, Mental Health (Including Community Mental Health Center)", "address": "215 FIDALGO AVE STE 204A KENAI AK 99611" }, "geometry": { "type": "Point", "coordinates": [ -151.2472032, 60.5580838 ] } },
{ "type": "Feature", "properties": { "npi": "1437871225", "name": "A SPEECH STORY", "taxonomy": "Speech-Language Pathologist,  ", "address": "110 N WILLOW ST KENAI AK 99611" }, "geometry": { "type": "Point", "coordinates": [ -151.2495125, 60.5603943 ] } },
{ "type": "Feature", "properties": { "npi": "1417105867", "name": "A.CARE COORDINATION", "taxonomy": "Case Management", "address": "4126A E COUNTRY FAIR DR WASILLA AK 99654" }, "geometry": { "type": "Point", "coordinates": [ -149.34961, 61.586873 ] } },
{ "type": "Feature", "properties": { "npi": "1083965966", "name": "AAA ALASKA CAB, INC.", "taxonomy": "Taxi", "address": "47623 WEST POINT AVE SOLDOTNA AK 99669" }, "geometry": { "type": "Point", "coordinates": [ -150.912396, 60.510174 ] } },
{ "type": "Feature", "properties": { "npi": "1316953409", "name": "SAMUEL", "taxonomy": "Internal Medicine, Endocrinology, Diabetes & Metabolism", "address": "3331 E MERIDIAN PARK LOOP WASILLA AK 99654" }, "geometry": { "type": "Point", "coordinates": [ -149.3664001, 61.592445 ] } },
{ "type": "Feature", "properties": { "npi": "1861269094", "name": "BRANDON", "taxonomy": "Day Training/Habilitation Specialist, Technician, Personal Care Attendant", "address": "1401 S SEWARD MERIDIAN PKWY # ABC WASILLA AK 99654" }, "geometry": { "type": "Point", "coordinates": [ -149.359861, 61.569378 ] } },
{ "type": "Feature", "properties": { "npi": "1093476947", "name": "ABBY ASSISTED LIVING LLC", "taxonomy": "Custodial Care Facility", "address": "1781 S ABBY BLVD WASILLA AK 99654" }, "geometry": { "type": "Point", "coordinates": [ -149.3246885, 61.5635863 ] } },
{ "type": "Feature", "properties": { "npi": "1598098840", "name": "ABC ASSISTED LIVING", "taxonomy": "Assisted Living Facility", "address": "7481 SO TERRITORIAL DR WASILLA AK 99654" }, "geometry": { "type": "Point", "coordinates": [ -149.619435, 61.495806 ] } },
{ "type": "Feature", "properties": { "npi": "1760049985", "name": "ABC PREGNANCY CARE CENTER", "taxonomy": "Clinic/Center, Ambulatory Family Planning Facility", "address": "501 FRONTAGE RD KENAI AK 99611" }, "geometry": { "type": "Point", "coordinates": [ -151.248641, 60.554598 ] } },
{ "type": "Feature", "properties": { "npi": "1841946050", "name": "CHEVELLE", "taxonomy": "Technician, Personal Care Attendant", "address": "44661 STERLING HWY STE A SOLDOTNA AK 99669" }, "geometry": { "type": "Point", "coordinates": [ -150.9970585, 60.5007396 ] } },
{ "type": "Feature", "properties": { "npi": "1104691708", "name": "ANNIE", "taxonomy": "Nurse Practitioner, Acute Care", "address": "3125 E MERIDIAN PARK LOOP STE 200 WASILLA AK 99654" }, "geometry": { "type": "Point", "coordinates": [ -149.359856, 61.587896 ] } },
{ "type": "Feature", "properties": { "npi": "1114881778", "name": "PATRICIA", "taxonomy": "Peer Specialist", "address": "323 CAROLYN ST KODIAK AK 99615" }, "geometry": { "type": "Point", "coordinates": [ -152.404575200000011, 57.7906619 ] } },
{ "type": "Feature", "properties": { "npi": "1417413121", "name": "ANDREA", "taxonomy": "Assisted Living Facility", "address": "309 ERSKINE AVE APT 208 KODIAK AK 99615" }, "geometry": { "type": "Point", "coordinates": [ -152.4012079, 57.7896981 ] } },
{ "type": "Feature", "properties": { "npi": "1306823562", "name": "ERICA", "taxonomy": "Technician, Other", "address": "CAPE SARICHEF BLDG N46 KODIAK AK 99619" }, "geometry": { "type": "Point", "coordinates": [ -152.503707, 57.741035 ] } },
{ "type": "Feature", "properties": { "npi": "1740017110", "name": "MELINDA", "taxonomy": "Counselor, Addiction (Substance Use Disorder), Case Manager/Care Coordinator", "address": "7010 E BOGARD RD WASILLA AK 99654" }, "geometry": { "type": "Point", "coordinates": [ -149.2761028, 61.6138414 ] } },
{ "type": "Feature", "properties": { "npi": "1285823302", "name": "CHERYL", "taxonomy": "Occupational Therapist, Occupational Therapist", "address": "4275 S TRELLIS AVE PALMER AK 99645" }, "geometry": { "type": "Point", "coordinates": [ -149.074491099999989, 61.5334216 ] } },
{ "type": "Feature", "properties": { "npi": "1902202203", "name": "LOREN", "taxonomy": "Social Worker", "address": "11921 E PALMER WASILLA HWY PALMER AK 99645" }, "geometry": { "type": "Point", "coordinates": [ -149.1505558, 61.599571 ] } },
{ "type": "Feature", "properties": { "npi": "1750008652", "name": "FLINT", "taxonomy": "Day Training/Habilitation Specialist, Technician, Personal Care Attendant", "address": "1401 S SEWARD MERIDIAN PKWY # ABC WASILLA AK 99654" }, "geometry": { "type": "Point", "coordinates": [ -149.359861, 61.569378 ] } },
{ "type": "Feature", "properties": { "npi": "1144591520", "name": "ACADEMY OF ALLIED NURSES LLC", "taxonomy": "Nursing Care", "address": "12203 ROUNDTABLE DRIVE SEWARD AK 99664" }, "geometry": { "type": "Point", "coordinates": [ -149.389592, 60.1598275 ] } },
{ "type": "Feature", "properties": { "npi": "1174383665", "name": "ACCESS CARE COORDINATION LLC", "taxonomy": "Case Management", "address": "1440 E COURTLAND CIR WASILLA AK 99654" }, "geometry": { "type": "Point", "coordinates": [ -149.414798, 61.570009 ] } },
{ "type": "Feature", "properties": { "npi": "1295167179", "name": "BENITO", "taxonomy": "Counselor, Addiction (Substance Use Disorder)", "address": "717 E REZANOF DR KODIAK AK 99615" }, "geometry": { "type": "Point", "coordinates": [ -152.3956335, 57.7917112 ] } },
{ "type": "Feature", "properties": { "npi": "1922648690", "name": "ACHIEVE MEDICAL ALASKA LLC", "taxonomy": "Clinic/Center, Medical Specialty", "address": "1981 E PALMER SUITE 230 WASILLA AK 99654" }, "geometry": { "type": "Point", "coordinates": [ -149.3995447, 61.5806057 ] } },
{ "type": "Feature", "properties": { "npi": "1972137529", "name": "CASEY", "taxonomy": "Counselor", "address": "1075 S CHECK ST STE 208 WASILLA AK 99654" }, "geometry": { "type": "Point", "coordinates": [ -149.4455065, 61.5724214 ] } },
{ "type": "Feature", "properties": { "npi": "1669089009", "name": "MARCUS", "taxonomy": "Counselor, Mental Health", "address": "291 E SWANSON AVE WASILLA AK 99654" }, "geometry": { "type": "Point", "coordinates": [ -149.4442229, 61.5834357 ] } },
{ "type": "Feature", "properties": { "npi": "1760099907", "name": "LYDIA", "taxonomy": "Day Training/Habilitation Specialist", "address": "1401 S SEWARD MERIDIAN PKWY # ABC WASILLA AK 99654" }, "geometry": { "type": "Point", "coordinates": [ -149.359861, 61.569378 ] } },
{ "type": "Feature", "properties": { "npi": "1497373997", "name": "HILARY", "taxonomy": "Behavior Technician", "address": "226 BROWNELL ST. SEWARD AK 99664" }, "geometry": { "type": "Point", "coordinates": [ -149.444698100000011, 60.1015408 ] } },
{ "type": "Feature", "properties": { "npi": "1003044009", "name": "ACTIVE ABILITIES LLC", "taxonomy": "Physical Therapist", "address": "33455 STERLING HIGHWAY STERLING AK 99672" }, "geometry": { "type": "Point", "coordinates": [ -150.7495658, 60.5357415 ] } },
{ "type": "Feature", "properties": { "npi": "1932503869", "name": "AQUILINA", "taxonomy": "Community Health Worker", "address": "MAQIQ STREET NANWALEK AK 99603" }, "geometry": { "type": "Point", "coordinates": [ -151.9182035, 59.3531405 ] } },
{ "type": "Feature", "properties": { "npi": "1134609662", "name": "NATALIE", "taxonomy": "Community Health Worker", "address": "101 COUNCIL DRIVE KIPNUK AK 99614" }, "geometry": { "type": "Point", "coordinates": [ -132.374058, 56.4674691 ] } },
{ "type": "Feature", "properties": { "npi": "1285226597", "name": "ABIGAIL", "taxonomy": "Community Health Worker, Counselor, Mental Health", "address": "780 S SNODGRASS DR PALMER AK 99645" }, "geometry": { "type": "Point", "coordinates": [ -149.2579265, 61.5749953 ] } },
{ "type": "Feature", "properties": { "npi": "1407441090", "name": "BRIAN", "taxonomy": "Community Health Worker", "address": "1365 E PARKS HWY WASILLA AK 99654" }, "geometry": { "type": "Point", "coordinates": [ -149.4158912, 61.5784213 ] } },
{ "type": "Feature", "properties": { "npi": "1023510310", "name": "SHEAMUS", "taxonomy": "Massage Therapist", "address": "810 S COLONY WAY PALMER AK 99645" }, "geometry": { "type": "Point", "coordinates": [ -149.115034, 61.5992665 ] } },
{ "type": "Feature", "properties": { "npi": "1891081915", "name": "ADAMS ALH LLC", "taxonomy": "Assisted Living Facility", "address": "1550 E TIERRA GRANDE DR WASILLA AK 99654" }, "geometry": { "type": "Point", "coordinates": [ -149.412637, 61.609193 ] } },
{ "type": "Feature", "properties": { "npi": "1346965787", "name": "DAVID", "taxonomy": "Counselor", "address": "3650 N CAMPBELL RD PALMER AK 99645" }, "geometry": { "type": "Point", "coordinates": [ -149.17159, 61.621357 ] } },
{ "type": "Feature", "properties": { "npi": "1750102232", "name": "HEATHER", "taxonomy": "Technician, Personal Care Attendant, Day Training/Habilitation Specialist", "address": "1401 S SEWARD MERIDIAN PKWY WASILLA AK 99654" }, "geometry": { "type": "Point", "coordinates": [ -149.3600711, 61.5681354 ] } },
{ "type": "Feature", "properties": { "npi": "1104508654", "name": "JENNIFER", "taxonomy": "Case Manager/Care Coordinator", "address": "12610 E FENCE LINE DR PALMER AK 99645" }, "geometry": { "type": "Point", "coordinates": [ -149.14431, 61.641503 ] } },
{ "type": "Feature", "properties": { "npi": "1134974850", "name": "JULIA", "taxonomy": "Occupational Therapist", "address": "1174 N LEATHERLEAF LOOP STE D WASILLA AK 99654" }, "geometry": { "type": "Point", "coordinates": [ -149.410514, 61.58939 ] } },
{ "type": "Feature", "properties": { "npi": "1750260709", "name": "KERRI", "taxonomy": "Massage Therapist", "address": "9061 E FRONTAGE RD PALMER AK 99645" }, "geometry": { "type": "Point", "coordinates": [ -149.2334715, 61.5996075 ] } },
{ "type": "Feature", "properties": { "npi": "1639442155", "name": "MAINA", "taxonomy": "Community Health Worker", "address": "712 OCEAN CAPE ROAD YAKUTAT AK 99689" }, "geometry": { "type": "Point", "coordinates": [ -139.7310329, 59.5447315 ] } },
{ "type": "Feature", "properties": { "npi": "1588990915", "name": "RACHEL", "taxonomy": "Registered Nurse, Nurse Practitioner, Family", "address": "950 E BOGARD RD STE 103 WASILLA AK 99654" }, "geometry": { "type": "Point", "coordinates": [ -149.4270914, 61.5864231 ] } },
{ "type": "Feature", "properties": { "npi": "1578222469", "name": "ROBIN", "taxonomy": "Physical Therapy Assistant", "address": "7200 E. JIM COTTRELL CIRCLE PALMER AK 99645" }, "geometry": { "type": "Point", "coordinates": [ -149.264743, 61.575939 ] } },
{ "type": "Feature", "properties": { "npi": "1427183771", "name": "KATHERINE", "taxonomy": "Military Health Care Provider", "address": "BUILDING N-46 CAPE SARICHEF KODIAK AK 99619" }, "geometry": { "type": "Point", "coordinates": [ -152.503707, 57.741035 ] } },
{ "type": "Feature", "properties": { "npi": "1306285630", "name": "SAMUEL", "taxonomy": "Orthopaedic Surgery, Orthopaedic Surgery, Orthopaedic Surgery, Orthopaedic Surgery, Orthopaedic Surgery of the Spine", "address": "240 HOSPITAL PL STE 104 SOLDOTNA AK 99669" }, "geometry": { "type": "Point", "coordinates": [ -151.077803, 60.4944896 ] } },
{ "type": "Feature", "properties": { "npi": "1497130926", "name": "ANNE", "taxonomy": "Dentist, Dentist, General Practice", "address": "4014 LAKE ST STE 210 HOMER AK 99603" }, "geometry": { "type": "Point", "coordinates": [ -151.52720020000001, 59.6486742 ] } },
{ "type": "Feature", "properties": { "npi": "1437339454", "name": "BRENT", "taxonomy": "Orthopaedic Surgery, Orthopaedic Surgery of the Spine, Orthopaedic Surgery, Orthopaedic Surgery of the Spine", "address": "4201 BARTLETT ST STE 201 HOMER AK 99603" }, "geometry": { "type": "Point", "coordinates": [ -151.550304, 59.650683 ] } },
{ "type": "Feature", "properties": { "npi": "1568326312", "name": "CHRISTINE", "taxonomy": "Peer Specialist", "address": "1363 W SPRUCE AVE WASILLA AK 99654" }, "geometry": { "type": "Point", "coordinates": [ -149.4856777, 61.6013633 ] } },
{ "type": "Feature", "properties": { "npi": "1265506059", "name": "GLORIA", "taxonomy": "Chiropractor", "address": "36304 KENAI SPUR HWY SOLDOTNA AK 99669" }, "geometry": { "type": "Point", "coordinates": [ -151.0728422, 60.4979407 ] } },
{ "type": "Feature", "properties": { "npi": "1063069722", "name": "MOLLY", "taxonomy": "Behavior Technician", "address": "301 E DANNA AVE WASILLA AK 99654" }, "geometry": { "type": "Point", "coordinates": [ -149.4443919, 61.5865903 ] } },
{ "type": "Feature", "properties": { "npi": "1073176517", "name": "MYRA", "taxonomy": "Day Training/Habilitation Specialist", "address": "1401 S SEWARD MERIDIAN PKWY WASILLA AK 99654" }, "geometry": { "type": "Point", "coordinates": [ -149.3600711, 61.5681354 ] } },
{ "type": "Feature", "properties": { "npi": "1669643896", "name": "ADONAI DIABETES AND ENDOCRINOLOGY CENTER", "taxonomy": "Internal Medicine, Endocrinology, Diabetes & Metabolism", "address": "3331 E MERIDIAN PARK LOOP WASILLA AK 99654" }, "geometry": { "type": "Point", "coordinates": [ -149.3664001, 61.592445 ] } },
{ "type": "Feature", "properties": { "npi": "1497932354", "name": "ADVANCED BIOMECHANICS INC", "taxonomy": "Prosthetic/Orthotic Supplier", "address": "215 N FIREWEED ST SOLDOTNA AK 99669" }, "geometry": { "type": "Point", "coordinates": [ -151.079579, 60.48676 ] } },
{ "type": "Feature", "properties": { "npi": "1093920431", "name": "ADVANCED FAMILY DENTISTRY", "taxonomy": "Dentist", "address": "1401 SOUTH SEWARD MERIDIAN PARKWAY SUITE E WASILLA AK 99654" }, "geometry": { "type": "Point", "coordinates": [ -149.3600711, 61.5681354 ] } },
{ "type": "Feature", "properties": { "npi": "1427670330", "name": "ADVANCED NEURO SOLUTIONS", "taxonomy": "Community/Behavioral Health", "address": "1075 S CHECK ST STE 211 WASILLA AK 99654" }, "geometry": { "type": "Point", "coordinates": [ -149.4455065, 61.5724214 ] } },
{ "type": "Feature", "properties": { "npi": "1366112856", "name": "ADVANCED WELLNESS INFUSION CENTER, LLC", "taxonomy": "Clinic/Center, Infusion Therapy", "address": "5805 E COLUMBUS WAY WASILLA AK 99654" }, "geometry": { "type": "Point", "coordinates": [ -149.3047362, 61.5859791 ] } },
{ "type": "Feature", "properties": { "npi": "1447973219", "name": "ADVANTAGE PHYSICAL THERAPY LLC", "taxonomy": "Clinic/Center, Physical Therapy", "address": "44009 STERLING HWY STE B SOLDOTNA AK 99669" }, "geometry": { "type": "Point", "coordinates": [ -150.9970585, 60.5007396 ] } },
{ "type": "Feature", "properties": { "npi": "1326306150", "name": "ADVENTURES IN PEDIATRICS, LLC", "taxonomy": "Pediatrics", "address": "3719 E MERIDIAN LOOP SUITE D WASILLA AK 99654" }, "geometry": { "type": "Point", "coordinates": [ -149.3575083, 61.588597 ] } },
{ "type": "Feature", "properties": { "npi": "1962131300", "name": "KAMEAH", "taxonomy": "Technician, Personal Care Attendant, Day Training/Habilitation Specialist", "address": "1401 S SEWARD MERIDIAN PKWY # ABC WASILLA AK 99654" }, "geometry": { "type": "Point", "coordinates": [ -149.359861, 61.569378 ] } },
{ "type": "Feature", "properties": { "npi": "1003539008", "name": "AESTHETIC DENTAL GROUP LLC", "taxonomy": "Clinic/Center, Dental", "address": "1551 W PARKS HWY WASILLA AK 99654" }, "geometry": { "type": "Point", "coordinates": [ -149.489895, 61.5792283 ] } },
{ "type": "Feature", "properties": { "npi": "1265673008", "name": "AESTHETIC FAMILY DENTISTRY", "taxonomy": "Dentist", "address": "1551 W PARKS HWY WASILLA AK 99654" }, "geometry": { "type": "Point", "coordinates": [ -149.489895, 61.5792283 ] } },
{ "type": "Feature", "properties": { "npi": "1386476430", "name": "CATHERINE", "taxonomy": "Technician, Personal Care Attendant", "address": "130 S WILLOW ST STE 9 KENAI AK 99611" }, "geometry": { "type": "Point", "coordinates": [ -151.2514582, 60.5584915 ] } },
{ "type": "Feature", "properties": { "npi": "1427513845", "name": "RACHELLE", "taxonomy": "Community Health Worker", "address": "127 MAIN ST. LARSEN BAY AK 99624" }, "geometry": { "type": "Point", "coordinates": [ -151.712276, 59.436073 ] } },
{ "type": "Feature", "properties": { "npi": "1982472387", "name": "ROBERT", "taxonomy": "Peer Specialist", "address": "325 CAROLYN ST KODIAK AK 99615" }, "geometry": { "type": "Point", "coordinates": [ -152.4045481, 57.7906803 ] } },
{ "type": "Feature", "properties": { "npi": "1851057244", "name": "TAELYR", "taxonomy": "Peer Specialist", "address": "591 S KNIK GOOSE BAY RD WASILLA AK 99654" }, "geometry": { "type": "Point", "coordinates": [ -149.441293300000012, 61.5779372 ] } },
{ "type": "Feature", "properties": { "npi": "1568637346", "name": "AGAPE' CARE CENTER", "taxonomy": "Assisted Living Facility", "address": "36360 KENAI SPUR HWY SOLDOTNA AK 99669" }, "geometry": { "type": "Point", "coordinates": [ -151.0728422, 60.4979407 ] } },
{ "type": "Feature", "properties": { "npi": "1184997108", "name": "MARY", "taxonomy": "Technician, Other", "address": "150 MAIN RD SCAMMON BAY CLINIC SCAMMON BAY AK 99662" }, "geometry": { "type": "Point", "coordinates": [ -165.582712, 61.840931 ] } },
{ "type": "Feature", "properties": { "npi": "1679948848", "name": "KYLE", "taxonomy": "Community Health Worker", "address": "1 AIRPORT RD. KOKHANOK AK 99606" }, "geometry": { "type": "Point", "coordinates": [ -154.78292, 59.437399 ] } },
{ "type": "Feature", "properties": { "npi": "1710625041", "name": "AMANDA", "taxonomy": "Technician, Personal Care Attendant, Day Training/Habilitation Specialist", "address": "1401 S SEWARD MERIDIAN PKWY # ABC WASILLA AK 99654" }, "geometry": { "type": "Point", "coordinates": [ -149.359861, 61.569378 ] } },
{ "type": "Feature", "properties": { "npi": "1770939902", "name": "MARIA", "taxonomy": "Community Health Worker", "address": "717 E REZANOF DR KODIAK AK 99615" }, "geometry": { "type": "Point", "coordinates": [ -152.3956335, 57.7917112 ] } },
{ "type": "Feature", "properties": { "npi": "1366863367", "name": "ARIELLE", "taxonomy": "Community Health Worker", "address": "OLD AIRPORT RD MOUNTAIN VILLAGE AK 99632" }, "geometry": { "type": "Point", "coordinates": [ -149.432232, 60.122121 ] } },
{ "type": "Feature", "properties": { "npi": "1902437064", "name": "TARA", "taxonomy": "Community Health Worker", "address": "101 OLD AIRPORT ROAD MTN. VILLAGE AK 99632" }, "geometry": { "type": "Point", "coordinates": [ -149.97160070000001, 61.1741754 ] } },
{ "type": "Feature", "properties": { "npi": "1396606679", "name": "CARRISE", "taxonomy": "Peer Specialist", "address": "11921 E PALMER WASILLA HWY PALMER AK 99645" }, "geometry": { "type": "Point", "coordinates": [ -149.1505558, 61.599571 ] } },
{ "type": "Feature", "properties": { "npi": "1497276281", "name": "RHIANNA", "taxonomy": "Massage Therapist", "address": "1150 S COLONY WAY PALMER AK 99645" }, "geometry": { "type": "Point", "coordinates": [ -149.117338600000011, 61.5953229 ] } },
{ "type": "Feature", "properties": { "npi": "1518500347", "name": "SHAINA", "taxonomy": "Physician Assistant, Medical", "address": "34300 TALKEETNA S SPUR RD TALKEETNA AK 99676" }, "geometry": { "type": "Point", "coordinates": [ -150.059689, 62.199252 ] } },
{ "type": "Feature", "properties": { "npi": "1962069617", "name": "COLEMAN", "taxonomy": "Physical Therapist", "address": "809 S CHUGACH ST STE 1 PALMER AK 99645" }, "geometry": { "type": "Point", "coordinates": [ -149.1098242, 61.5974892 ] } },
{ "type": "Feature", "properties": { "npi": "1467621722", "name": "ANN", "taxonomy": "Counselor, Professional", "address": "1363 W SPRUCE AVE WASILLA AK 99654" }, "geometry": { "type": "Point", "coordinates": [ -149.4856777, 61.6013633 ] } },
{ "type": "Feature", "properties": { "npi": "1407224793", "name": "AK CARE COORDINATION SERVICES LLC", "taxonomy": "Case Management", "address": "35477 KENAI SPUR HWY STE 217 SOLDOTNA AK 99669" }, "geometry": { "type": "Point", "coordinates": [ -151.068398, 60.4943608 ] } },
{ "type": "Feature", "properties": { "npi": "1366119323", "name": "AK EMPOWER MEDICAL AND WELLNESS LLC", "taxonomy": "Nurse Practitioner, Family", "address": "1401 S SEWARD MERIDIAN PKWY STE D WASILLA AK 99654" }, "geometry": { "type": "Point", "coordinates": [ -149.3600711, 61.5681354 ] } },
{ "type": "Feature", "properties": { "npi": "1689021412", "name": "AK HIPPIE CHIC SERVICES", "taxonomy": "Case Management", "address": "MILE 2 KALIFORNSKY BEACH ROAD KASILOF AK 99610" }, "geometry": { "type": "Point", "coordinates": [ -151.261527, 60.328647 ] } },
{ "type": "Feature", "properties": { "npi": "1114431293", "name": "AK NURTURED LIVING LLC", "taxonomy": "Assisted Living Facility", "address": "17350 E DORISMAE CIR PALMER AK 99645" }, "geometry": { "type": "Point", "coordinates": [ -149.014255, 61.546968 ] } },
{ "type": "Feature", "properties": { "npi": "1477080117", "name": "BRITTANY", "taxonomy": "Community Health Worker", "address": "310 HOSPITAL ROAD ST. MARY'S AK 99658" }, "geometry": { "type": "Point", "coordinates": [ -158.6104908, 56.9367744 ] } },
{ "type": "Feature", "properties": { "npi": "1346791746", "name": "AKEELA INC", "taxonomy": "Community/Behavioral Health", "address": "805 FRONTAGE RD STE 200B KENAI AK 99611" }, "geometry": { "type": "Point", "coordinates": [ -151.249915499999986, 60.5546188 ] } },
{ "type": "Feature", "properties": { "npi": "1659927713", "name": "BRIDGET", "taxonomy": "Counselor, Addiction (Substance Use Disorder)", "address": "26731 W POINT MACKENZIE RD WASILLA AK 99623" }, "geometry": { "type": "Point", "coordinates": [ -149.9111586, 61.4272978 ] } },
{ "type": "Feature", "properties": { "npi": "1376189142", "name": "ANDREE", "taxonomy": "Massage Therapist", "address": "591 N KNIK ST STE E WASILLA AK 99654" }, "geometry": { "type": "Point", "coordinates": [ -149.442903, 61.5846816 ] } },
{ "type": "Feature", "properties": { "npi": "1114637998", "name": "PAULETTE", "taxonomy": "Technician, Personal Care Attendant", "address": "44661 STERLING HWY STE A SOLDOTNA AK 99669" }, "geometry": { "type": "Point", "coordinates": [ -150.9970585, 60.5007396 ] } },
{ "type": "Feature", "properties": { "npi": "1467820969", "name": "AKIDEAS LIMITED LIABILITY CORPORATION", "taxonomy": "Case Management", "address": "39928 BRENMARK RD HOMER AK 99603" }, "geometry": { "type": "Point", "coordinates": [ -151.35812, 59.699025 ] } },
{ "type": "Feature", "properties": { "npi": "1205416112", "name": "KRISTINA", "taxonomy": "Psychologist, Clinical, Psychologist, Forensic, Psychologist, Forensic", "address": "125 N WILLOW ST STE B KENAI AK 99611" }, "geometry": { "type": "Point", "coordinates": [ -151.249758899999989, 60.5605152 ] } },
{ "type": "Feature", "properties": { "npi": "1114440146", "name": "PANSY", "taxonomy": "Counselor", "address": "BBAHC CLINIC-SECOND STREET MANOKOTAK AK 99628" }, "geometry": { "type": "Point", "coordinates": [ -151.174535, 60.466192 ] } },
{ "type": "Feature", "properties": { "npi": "1811741770", "name": "ALASKA ABA", "taxonomy": "Behavior Analyst", "address": "9329 N LITTLE OTTER DR PALMER AK 99645" }, "geometry": { "type": "Point", "coordinates": [ -149.252502, 61.690189 ] } },
{ "type": "Feature", "properties": { "npi": "1417503764", "name": "ALASKA ADDICTION REHABILITATION SERVICES INC. DBA NUGEN'S RANCH", "taxonomy": "Substance Abuse Rehabilitation Facility", "address": "26731 W POINT MACKENZIE RD WASILLA AK 99623" }, "geometry": { "type": "Point", "coordinates": [ -149.9111586, 61.4272978 ] } },
{ "type": "Feature", "properties": { "npi": "1497959431", "name": "ALASKA ADVANCED CARE CHIROPRACTIC", "taxonomy": "Chiropractor", "address": "35561B KENAI SPUR HWY SOLDOTNA AK 99669" }, "geometry": { "type": "Point", "coordinates": [ -151.0703431, 60.4960217 ] } },
{ "type": "Feature", "properties": { "npi": "1699462291", "name": "ALASKA ADVANTAGE MEDCARE LLC", "taxonomy": "Internal Medicine", "address": "247 S ALASKA ST PALMER AK 99645" }, "geometry": { "type": "Point", "coordinates": [ -149.1138676, 61.6045269 ] } },
{ "type": "Feature", "properties": { "npi": "1932244068", "name": "ALASKA AQUATIC THERAPY INC.", "taxonomy": "Clinic/Center, Physical Therapy", "address": "35932 KENAI SPUR HWY SOLDOTNA AK 99669" }, "geometry": { "type": "Point", "coordinates": [ -151.0764062, 60.5012144 ] } },
{ "type": "Feature", "properties": { "npi": "1730621731", "name": "ALASKA BEHAVIOR CONSULTANTS", "taxonomy": "Community/Behavioral Health", "address": "3861 S CARDIFF LANE WASILLA AK 99623" }, "geometry": { "type": "Point", "coordinates": [ -149.878556, 61.222398 ] } },
{ "type": "Feature", "properties": { "npi": "1164957387", "name": "ALASKA BEHAVIORAL CONSULTANTS, INC.", "taxonomy": "Behavior Analyst", "address": "3861 SOUTH CARDIFF LANE WASILLA AK 99654" }, "geometry": { "type": "Point", "coordinates": [ -149.374335, 61.581305 ] } },
{ "type": "Feature", "properties": { "npi": "1215130372", "name": "ALASKA BRAIN CENTER, LLC", "taxonomy": "Non-Pharmacy Dispensing Site, Specialist", "address": "4551 E BOGARD RD WASILLA AK 99654" }, "geometry": { "type": "Point", "coordinates": [ -149.3343037, 61.608344 ] } },
{ "type": "Feature", "properties": { "npi": "1649459207", "name": "ALASKA BUSINESS SOLUTIONS", "taxonomy": "Case Management", "address": "49.9 PARKS HWY WASILLA AK 99654" }, "geometry": { "type": "Point", "coordinates": [ -149.5851221, 61.5807011 ] } },
{ "type": "Feature", "properties": { "npi": "1770809519", "name": "ALASKA CENTER FOR DENTISTRY, PC", "taxonomy": "Dentist, General Practice, Dentist, General Practice", "address": "418 N MAIN ST WASILLA AK 99654" }, "geometry": { "type": "Point", "coordinates": [ -149.442203299999989, 61.5834103 ] } },
{ "type": "Feature", "properties": { "npi": "1336451780", "name": "ALASKA CENTER FOR NATURAL HEALTH", "taxonomy": "Health Educator, Massage Therapist, Acupuncturist", "address": "36800 KENDANEMKEN ROAD SOLDOTNA AK 99669" }, "geometry": { "type": "Point", "coordinates": [ -151.021219, 60.512996 ] } },
{ "type": "Feature", "properties": { "npi": "1962973271", "name": "ALASKA CENTER FOR PAIN RELIEF INC", "taxonomy": "Obstetrics & Gynecology, Gynecology, Pain Medicine, Interventional Pain Medicine", "address": "865 N SEWARD MERIDIAN PKWY STE 104 WASILLA AK 99654" }, "geometry": { "type": "Point", "coordinates": [ -149.358792599999987, 61.5900322 ] } },
{ "type": "Feature", "properties": { "npi": "1497825897", "name": "ALASKA CLINIC LLC", "taxonomy": "Clinic/Center, Multi-Specialty", "address": "3750 E COUNTRY FIELD CIR STE B WASILLA AK 99654" }, "geometry": { "type": "Point", "coordinates": [ -149.359095, 61.589293 ] } },
{ "type": "Feature", "properties": { "npi": "1366615759", "name": "ALASKA CLINICAL MANAGEMENT SERVICES. LLC.", "taxonomy": "Home Health", "address": "472 N MAIN STREET, SUITE A WASILLA AK 99654" }, "geometry": { "type": "Point", "coordinates": [ -149.4421011, 61.583848 ] } },
{ "type": "Feature", "properties": { "npi": "1154917466", "name": "ALASKA COMMUNICATIVE SERVICES", "taxonomy": "Speech-Language Pathologist,  ", "address": "415A LINGONBERRY LN SOLDOTNA AK 99669" }, "geometry": { "type": "Point", "coordinates": [ -151.623754, 60.02797 ] } },
{ "type": "Feature", "properties": { "npi": "1720445711", "name": "ALASKA COMMUNITY CARE", "taxonomy": "Case Management", "address": "47255 PRINCETON SUITE 1 SOLDOTNA AK 99669" }, "geometry": { "type": "Point", "coordinates": [ -151.152871, 60.48569 ] } },
{ "type": "Feature", "properties": { "npi": "1700232311", "name": "ALASKA COMMUNITY CARE", "taxonomy": "Case Management", "address": "43961 KALIFORNSKY BEACH RD SUITE C SOLDOTNA AK 99669" }, "geometry": { "type": "Point", "coordinates": [ -151.153228399999989, 60.4851267 ] } },
{ "type": "Feature", "properties": { "npi": "1740558964", "name": "ALASKA COMMUNITY CARE LLC", "taxonomy": "Case Manager/Care Coordinator", "address": "246 RIVER WATCH DR SOLDOTNA AK 99669" }, "geometry": { "type": "Point", "coordinates": [ -151.10419, 60.493206 ] } },
{ "type": "Feature", "properties": { "npi": "1336539535", "name": "ALASKA COMMUNITY DEVELOPMENT CORPORATION", "taxonomy": "Contractor, Home Modifications", "address": "1517 S INDUSTRIAL WAY #8 PALMER AK 99645" }, "geometry": { "type": "Point", "coordinates": [ -149.118009300000011, 61.5902153 ] } },
{ "type": "Feature", "properties": { "npi": "1770691172", "name": "ALASKA COSMEDIC DENTAL CENTER", "taxonomy": "Dentist, General Practice", "address": "936 E WESTPOINT DRIVE WASILLA AK 99654" }, "geometry": { "type": "Point", "coordinates": [ -149.42706290000001, 61.5820422 ] } },
{ "type": "Feature", "properties": { "npi": "1083176515", "name": "ALASKA COUNSELING AND WELLNESS CENTER, LLC", "taxonomy": "Counselor, Professional", "address": "155 SMITH WAY STE 205 SOLDOTNA AK 99669" }, "geometry": { "type": "Point", "coordinates": [ -151.060512, 60.487265 ] } },
{ "type": "Feature", "properties": { "npi": "1225341969", "name": "ALASKA COUNSELING EXCELLENCE, INC.", "taxonomy": "Counselor, Professional", "address": "2801 E PALMER-WASILLA HWY SUITE A WASILLA AK 99654" }, "geometry": { "type": "Point", "coordinates": [ -149.4087829, 61.5773023 ] } },
{ "type": "Feature", "properties": { "npi": "1841448743", "name": "ALASKA CVS PHARMACY LLC", "taxonomy": "Durable Medical Equipment & Medical Supplies, Pharmacy, Pharmacy, Community/Retail Pharmacy", "address": "1801 E PARKS HWY WASILLA AK 99654" }, "geometry": { "type": "Point", "coordinates": [ -149.4026697, 61.5779984 ] } },
{ "type": "Feature", "properties": { "npi": "1194062364", "name": "ALASKA DENTAL ARTS LLC", "taxonomy": "Dentist, General Practice", "address": "110 E SWANSON AVE WASILLA AK 99654" }, "geometry": { "type": "Point", "coordinates": [ -149.449988100000013, 61.5829612 ] } },
{ "type": "Feature", "properties": { "npi": "1194854604", "name": "ALASKA EYE CARE CENTERS, APC", "taxonomy": "Optometrist", "address": "1700 E PARKS HWY # 300 WASILLA AK 99654" }, "geometry": { "type": "Point", "coordinates": [ -149.409608, 61.577028 ] } },
{ "type": "Feature", "properties": { "npi": "1114548351", "name": "ALASKA FACIAL PLASTIC SURGERY & ENT", "taxonomy": "Otolaryngology, Otolaryngology/Facial Plastic Surgery", "address": "3719 E MERIDIAN LOOP STE E WASILLA AK 99654" }, "geometry": { "type": "Point", "coordinates": [ -149.3575083, 61.588597 ] } },
{ "type": "Feature", "properties": { "npi": "1992422034", "name": "ALASKA FAITH & FAMILY SERVICES", "taxonomy": "Case Manager/Care Coordinator", "address": "38922 N GLENN HWY SUTTON AK 99674" }, "geometry": { "type": "Point", "coordinates": [ -149.032609799999989, 61.6802224 ] } },
{ "type": "Feature", "properties": { "npi": "1053851949", "name": "ALASKA FAMILY HEALTH CENTERS, LLC", "taxonomy": "Family Medicine, Family Medicine", "address": "561 S DENALI ST STE E PALMER AK 99645" }, "geometry": { "type": "Point", "coordinates": [ -149.107607300000012, 61.6007441 ] } },
{ "type": "Feature", "properties": { "npi": "1073701033", "name": "ALASKA FAMILY SERVICES INC.", "taxonomy": "Community/Behavioral Health, Clinic/Center, Mental Health (Including Community Mental Health Center), Clinic/Center, Rehabilitation, Substance Use Disorder", "address": "1825 S CHUGACH STREET PALMER AK 99645" }, "geometry": { "type": "Point", "coordinates": [ -149.1103427, 61.5854702 ] } },
{ "type": "Feature", "properties": { "npi": "1659629087", "name": "ALASKA FOOT CARE NURSES, LLC", "taxonomy": "Home Health", "address": "991 N HERMON SUITE 100 WASILLA AK 99654" }, "geometry": { "type": "Point", "coordinates": [ -149.3901744, 61.5749379 ] } },
{ "type": "Feature", "properties": { "npi": "1235558016", "name": "ALASKA FULL CIRCLE COUNSELING SOLUTIONS LLC", "taxonomy": "Community/Behavioral Health", "address": "133 E SWANSON AVE WASILLA AK 99654" }, "geometry": { "type": "Point", "coordinates": [ -149.4493813, 61.583179 ] } },
{ "type": "Feature", "properties": { "npi": "1669365698", "name": "ALASKA GI ASSOCIATES LLC", "taxonomy": "Internal Medicine, Gastroenterology", "address": "3190 E MERIDIAN PARK LOOP STE 207 WASILLA AK 99654" }, "geometry": { "type": "Point", "coordinates": [ -149.359856, 61.587896 ] } },
{ "type": "Feature", "properties": { "npi": "1306349667", "name": "ALASKA HEALING TOUCH", "taxonomy": "Chiropractor", "address": "951 E BOGARD RD STE 103 WASILLA AK 99654" }, "geometry": { "type": "Point", "coordinates": [ -149.425139300000012, 61.5877478 ] } },
{ "type": "Feature", "properties": { "npi": "1134133499", "name": "ALASKA HEART CLINIC, INC", "taxonomy": "Internal Medicine", "address": "950 BOGARD RD SUITE 207 WASILLA AK 99654" }, "geometry": { "type": "Point", "coordinates": [ -149.4270914, 61.5864231 ] } },
{ "type": "Feature", "properties": { "npi": "1023159266", "name": "ALASKA HOME CARE", "taxonomy": "Home Health", "address": "1450 N CRESTE FORIS ST STE A WASILLA AK 99654" }, "geometry": { "type": "Point", "coordinates": [ -149.437162, 61.594462 ] } },
{ "type": "Feature", "properties": { "npi": "1760253090", "name": "ALASKA HOME HEALTH AND HOSPICE LLC", "taxonomy": "Hospice Care, Community Based", "address": "44332 STERLING HWY STE 42 SOLDOTNA AK 99669" }, "geometry": { "type": "Point", "coordinates": [ -151.070085799999987, 60.4843572 ] } },
{ "type": "Feature", "properties": { "npi": "1912301490", "name": "ALASKA KIDS TALK, LLC", "taxonomy": "Speech-Language Pathologist,  ", "address": "35105 KENAI SPUR HWY SOLDOTNA AK 99669" }, "geometry": { "type": "Point", "coordinates": [ -151.0728422, 60.4979407 ] } },
{ "type": "Feature", "properties": { "npi": "1194903211", "name": "ALASKA LASER SERVICES, LLC", "taxonomy": "Clinic/Center, Ambulatory Surgical", "address": "35555 SPUR HWY PMB 360 SOLDOTNA AK 99669" }, "geometry": { "type": "Point", "coordinates": [ -150.936926, 60.484859 ] } },
{ "type": "Feature", "properties": { "npi": "1497080949", "name": "ALASKA MARRIAGE AND FAMILY CENTER LLC", "taxonomy": "Clinic/Center, Mental Health (Including Community Mental Health Center)", "address": "601 N BUNKER HILL ST STE E WASILLA AK 99654" }, "geometry": { "type": "Point", "coordinates": [ -149.316209, 61.585273 ] } },
{ "type": "Feature", "properties": { "npi": "1083441554", "name": "ALASKA MASSAGE STUDIO LLC", "taxonomy": "Massage Therapist", "address": "1212 W MYSTERY AVE STE B WASILLA AK 99654" }, "geometry": { "type": "Point", "coordinates": [ -149.485376800000012, 61.5912708 ] } },
{ "type": "Feature", "properties": { "npi": "1447798996", "name": "ALASKA MASSAGE STUDIO LLC", "taxonomy": "Massage Therapist", "address": "1212 W MYSTERY AVE SUITE B WASILLA AK 99654" }, "geometry": { "type": "Point", "coordinates": [ -149.485376800000012, 61.5912708 ] } },
{ "type": "Feature", "properties": { "npi": "1316015480", "name": "ALASKA MEDICAL CLINICS, LLC", "taxonomy": "Family Medicine, Clinic/Center, Urgent Care", "address": "1700 E PARKS HWY #200 WASILLA AK 99654" }, "geometry": { "type": "Point", "coordinates": [ -149.409608, 61.577028 ] } },
{ "type": "Feature", "properties": { "npi": "1992095764", "name": "ALASKA MEDICAL SERVICE", "taxonomy": "Technician, Pathology, Phlebotomy", "address": "300 W SWANSON AVE SUITE 101 WASILLA AK 99654" }, "geometry": { "type": "Point", "coordinates": [ -149.4574762, 61.5829942 ] } },
{ "type": "Feature", "properties": { "npi": "1225329543", "name": "ALASKA MOBILITY, LLC", "taxonomy": "Durable Medical Equipment & Medical Supplies", "address": "5515 E FIREWEED RD PALMER AK 99645" }, "geometry": { "type": "Point", "coordinates": [ -149.3131038, 61.5671202 ] } },
{ "type": "Feature", "properties": { "npi": "1457735003", "name": "ALASKA NATIVE TRIBAL HEALTH CONSORTIUM", "taxonomy": "Clinic/Center, Radiology", "address": "3449 REZANOF DR E KODIAK AK 99615" }, "geometry": { "type": "Point", "coordinates": [ -152.3543152, 57.8122026 ] } },
{ "type": "Feature", "properties": { "npi": "1063552115", "name": "ALASKA NEUROLOGICAL SURGERY LLC", "taxonomy": "Neurological Surgery", "address": "2490 SOUTH WOODWORTH LOOP SUITE 450 PALMER AK 99645" }, "geometry": { "type": "Point", "coordinates": [ -149.262657, 61.562994 ] } },
{ "type": "Feature", "properties": { "npi": "1811063571", "name": "ALASKA OPEN IMAGING CENTER LLC", "taxonomy": "Radiology, Diagnostic Radiology", "address": "1751 GARDNER WAY STE B WASILLA AK 99654" }, "geometry": { "type": "Point", "coordinates": [ -149.4059993, 61.5895673 ] } },
{ "type": "Feature", "properties": { "npi": "1588915755", "name": "ALASKA PEDIATRICS ASSOCIATES PC", "taxonomy": "Pediatrics", "address": "5050 E DUNBAR DR SUITE F WASILLA AK 99654" }, "geometry": { "type": "Point", "coordinates": [ -149.323662, 61.584696 ] } },
{ "type": "Feature", "properties": { "npi": "1912946310", "name": "ALASKA PHYSICIAN SERVICES,LLC", "taxonomy": "General Practice", "address": "3223 PALMER WASILLA HWY STE 2 WASILLA AK 99654" }, "geometry": { "type": "Point", "coordinates": [ -149.4087829, 61.5773023 ] } },
{ "type": "Feature", "properties": { "npi": "1821285099", "name": "ALASKA PREMIER DENTAL GROUP WASILLA, LLC", "taxonomy": "Dentist, General Practice", "address": "935 E WESTPOINT DR SUITE 202 WASILLA AK 99654" }, "geometry": { "type": "Point", "coordinates": [ -149.427048899999988, 61.5826505 ] } },
{ "type": "Feature", "properties": { "npi": "1083870448", "name": "ALASKA PREMIER THERAPY", "taxonomy": "Speech-Language Pathologist,  ", "address": "204 E REZANOF DR LOWER #2 KODIAK AK 99615" }, "geometry": { "type": "Point", "coordinates": [ -152.405804, 57.790184 ] } },
{ "type": "Feature", "properties": { "npi": "1295374510", "name": "ALASKA PROFESSIONAL NEUROMONITORING, LLC", "taxonomy": "Specialist/Technologist, Other, Electroneurodiagnostic", "address": "10672 KENAI SPUR HIGHWAY SUITE 112 -132 KENAI AK 99611" }, "geometry": { "type": "Point", "coordinates": [ -151.239328699999987, 60.5588732 ] } },
{ "type": "Feature", "properties": { "npi": "1255519393", "name": "ALASKA SURGICAL SERVICES, LLC", "taxonomy": "Clinic/Center, Ambulatory Surgical", "address": "35555 SPUR HWY PMB 360 SOLDOTNA AK 99669" }, "geometry": { "type": "Point", "coordinates": [ -150.936926, 60.484859 ] } },
{ "type": "Feature", "properties": { "npi": "1841839164", "name": "ALASKA TECHNICAL NEUROMONITORING. LLC", "taxonomy": "Specialist/Technologist, Other, Electroneurodiagnostic", "address": "10672 KENAI SPUR HIGHWAY SUITE 112-132 KENAI AK 99611" }, "geometry": { "type": "Point", "coordinates": [ -151.239328699999987, 60.5588732 ] } },
{ "type": "Feature", "properties": { "npi": "1629898317", "name": "ALASKA TELEHEALTH THERAPY, LLC", "taxonomy": "Counselor, Mental Health", "address": "51137 NANOOK CIR NIKISKI AK 99611" }, "geometry": { "type": "Point", "coordinates": [ -149.7495212, 61.222578 ] } },
{ "type": "Feature", "properties": { "npi": "1811502859", "name": "ALASKA TELEMEDICINE CONSULTANTS INC", "taxonomy": "Counselor, Professional, Nurse Practitioner, Psych/Mental Health, Psychologist", "address": "12461 GILEAD WAY WILLOW AK 99699" }, "geometry": { "type": "Point", "coordinates": [ -150.070359700000012, 61.7281351 ] } },
{ "type": "Feature", "properties": { "npi": "1538487905", "name": "ALASKA VEIN CARE LLC", "taxonomy": "Phlebology", "address": "3066 E. MERIDIAN PARK LOOP WASILLA AK 99654" }, "geometry": { "type": "Point", "coordinates": [ -149.3641049, 61.591415 ] } },
{ "type": "Feature", "properties": { "npi": "1891188074", "name": "ALASKA WEIGHT MANAGEMENT AND DIABETES COUNSELING", "taxonomy": "Dietitian, Registered", "address": "642 S ALASKA ST SUITE #101 PALMER AK 99645" }, "geometry": { "type": "Point", "coordinates": [ -149.11518670000001, 61.6006779 ] } },
{ "type": "Feature", "properties": { "npi": "1891509345", "name": "ALASKA WELLNESS JOURNEYS", "taxonomy": "Social Worker, Clinical", "address": "1576 INNER SPRINGER LOOP PALMER AK 99645" }, "geometry": { "type": "Point", "coordinates": [ -149.1281199, 61.5714855 ] } },
{ "type": "Feature", "properties": { "npi": "1891285433", "name": "ALASKAN FAMILY DENTAL CENTER LLC", "taxonomy": "Clinic/Center, Dental", "address": "281 N MAIN ST STE 201 WASILLA AK 99654" }, "geometry": { "type": "Point", "coordinates": [ -149.441511100000014, 61.5835789 ] } },
{ "type": "Feature", "properties": { "npi": "1164007902", "name": "ALASKAN HEARING PROFESSIONALS", "taxonomy": "Audiologist-Hearing Aid Fitter", "address": "509 E BREMNER ST VALDEZ AK 99686" }, "geometry": { "type": "Point", "coordinates": [ -146.348851700000012, 61.1327234 ] } },
{ "type": "Feature", "properties": { "npi": "1316104482", "name": "ALASKAN NATURAL CARE, INC.", "taxonomy": "Clinic/Center, Health Services", "address": "2090 E PALMER WASILLA HWY WASILLA AK 99654" }, "geometry": { "type": "Point", "coordinates": [ -149.3968256, 61.5820752 ] } },
{ "type": "Feature", "properties": { "npi": "1124136023", "name": "ALASKAN PHYSICAL THERAPY, INC", "taxonomy": "Physical Therapist", "address": "36275 KENAI SPUR HWY SUITE 5 SOLDOTNA AK 99669" }, "geometry": { "type": "Point", "coordinates": [ -151.0728422, 60.4979407 ] } },
{ "type": "Feature", "properties": { "npi": "1972385946", "name": "ALASKAN ROOTS COUNSELING LLC", "taxonomy": "Counselor, Professional", "address": "43335 KBEACH RD BLDG D SUITE 16B SOLDOTNA AK 99669" }, "geometry": { "type": "Point", "coordinates": [ -149.541233, 61.58799 ] } },
{ "type": "Feature", "properties": { "npi": "1558686634", "name": "ALASKAN SOURDOUGH ENTERPRISES", "taxonomy": "Home Health", "address": "225 PHILLIPS DR KENAI AK 99611" }, "geometry": { "type": "Point", "coordinates": [ -151.1073328, 60.5579305 ] } },
{ "type": "Feature", "properties": { "npi": "1003464512", "name": "ALASKAN SUNRISE BEHAVIORAL HEALTH, L.L.C.", "taxonomy": "Nurse Practitioner, Psych/Mental Health", "address": "634 S BAILEY ST STE 100 PALMER AK 99645" }, "geometry": { "type": "Point", "coordinates": [ -149.1166783, 61.6010107 ] } },
{ "type": "Feature", "properties": { "npi": "1811322175", "name": "ALASKAN'S CARING FOR ALASKAN'S CARE COORDINATION SERVICES", "taxonomy": "Case Management", "address": "51045 POLARIS WAY KENAI AK 99611" }, "geometry": { "type": "Point", "coordinates": [ -151.2642663, 60.5138627 ] } },
{ "type": "Feature", "properties": { "npi": "1568156438", "name": "ALASKANS RELAX-ZEN", "taxonomy": "Massage Therapist", "address": "10823 E PALMER WASILLA HWY STE 4 PALMER AK 99645" }, "geometry": { "type": "Point", "coordinates": [ -149.1225789, 61.5994729 ] } },
{ "type": "Feature", "properties": { "npi": "1578061842", "name": "ALASKANS-NOT-ALASKAN'TS", "taxonomy": "Day Training, Developmentally Disabled Services, In Home Supportive Care", "address": "43850 ROSS DR SOLDOTNA AK 99669" }, "geometry": { "type": "Point", "coordinates": [ -151.0531498, 60.5095168 ] } },
{ "type": "Feature", "properties": { "npi": "1568693117", "name": "ALASKAS SPEECH & LANGUAGE CLINIC, INC.", "taxonomy": "Speech-Language Pathologist,  ", "address": "110 TRADING BAY DR SUITE 105 KENAI AK 99611" }, "geometry": { "type": "Point", "coordinates": [ -151.2464029, 60.5595637 ] } },
{ "type": "Feature", "properties": { "npi": "1215295985", "name": "ANNA", "taxonomy": "Counselor, Community Health Worker", "address": "01 WASHETERIA WAY TUNUNAK AK 99681" }, "geometry": { "type": "Point", "coordinates": [ -165.21054, 60.57927 ] } },
{ "type": "Feature", "properties": { "npi": "1356754618", "name": "KATHRYN", "taxonomy": "Physician Assistant, Medical", "address": "3719 E MERIDIAN LOOP STE A WASILLA AK 99654" }, "geometry": { "type": "Point", "coordinates": [ -149.3575083, 61.588597 ] } },
{ "type": "Feature", "properties": { "npi": "1972546968", "name": "PATRICK", "taxonomy": "Social Worker, Clinical", "address": "1001 S KNIK GOOSE BAY RD WASILLA AK 99654" }, "geometry": { "type": "Point", "coordinates": [ -149.440254900000014, 61.571497 ] } },
{ "type": "Feature", "properties": { "npi": "1851155345", "name": "DELAINEY", "taxonomy": "Behavior Technician", "address": "1175 N LEATHERLEAF LOOP STE C WASILLA AK 99654" }, "geometry": { "type": "Point", "coordinates": [ -149.410664, 61.589387 ] } },
{ "type": "Feature", "properties": { "npi": "1598425613", "name": "TYLER", "taxonomy": "Peer Specialist", "address": "11921 E PALMER WASILLA HWY PALMER AK 99645" }, "geometry": { "type": "Point", "coordinates": [ -149.1505558, 61.599571 ] } },
{ "type": "Feature", "properties": { "npi": "1841609716", "name": "BRIAN", "taxonomy": "Social Worker, Clinical", "address": "1261 S SEWARD MERIDIAN PKWY STE M WASILLA AK 99654" }, "geometry": { "type": "Point", "coordinates": [ -149.359916, 61.569836 ] } },
{ "type": "Feature", "properties": { "npi": "1376187799", "name": "DAVID", "taxonomy": "Nurse Practitioner, Family, Nurse Practitioner, Family", "address": "230 E MARYDALE AVE SOLDOTNA AK 99669" }, "geometry": { "type": "Point", "coordinates": [ -151.069324, 60.49499 ] } },
{ "type": "Feature", "properties": { "npi": "1780455212", "name": "1918 WINTER STREET OPERATING CO LLC", "taxonomy": "Durable Medical Equipment & Medical Supplies, Pharmacy, Community/Retail Pharmacy", "address": "3627 AIRPORT WAY FAIRBANKS AK 99709" }, "geometry": { "type": "Point", "coordinates": [ -147.8081875, 64.8356745 ] } },
{ "type": "Feature", "properties": { "npi": "1881442465", "name": "1918 WINTER STREET OPERATING CO LLC", "taxonomy": "Durable Medical Equipment & Medical Supplies, Pharmacy, Community/Retail Pharmacy", "address": "30 COLLEGE RD FAIRBANKS AK 99701" }, "geometry": { "type": "Point", "coordinates": [ -147.7009677, 64.8517344 ] } },
{ "type": "Feature", "properties": { "npi": "1609624584", "name": "1918 WINTER STREET OPERATING CO LLC", "taxonomy": "Durable Medical Equipment & Medical Supplies, Pharmacy, Community/Retail Pharmacy", "address": "301 N SANTA CLAUS LN NORTH POLE AK 99705" }, "geometry": { "type": "Point", "coordinates": [ -147.3542961, 64.7575141 ] } },
{ "type": "Feature", "properties": { "npi": "1902218415", "name": "354TH MEDGRP-EIELSON", "taxonomy": "MilitaryU.S. Coast Guard Pharmacy", "address": "2630 CENTRAL AVE STE 1M07 EIELSON AFB AK 99702" }, "geometry": { "type": "Point", "coordinates": [ -147.087005, 64.675428 ] } },
{ "type": "Feature", "properties": { "npi": "1902867229", "name": "354TH MEDGRP-EIELSON", "taxonomy": "Clinic/Center, Military and U.S. Coast Guard Ambulatory Procedure, MilitaryU.S. Coast Guard Pharmacy, Clinic/Center, MilitaryU.S. Coast Guard Outpatient", "address": "2630 CENTRAL AVE SUITE 1M07 EIELSON AFB AK 99702" }, "geometry": { "type": "Point", "coordinates": [ -147.087005, 64.675428 ] } },
{ "type": "Feature", "properties": { "npi": "1588420533", "name": "360 CARE COORDINATION OF ALASKA, LLC", "taxonomy": "Case Manager/Care Coordinator", "address": "7256 PRICE DRIVE 140075 SALCHA AK 99714" }, "geometry": { "type": "Point", "coordinates": [ -146.894758, 64.459484 ] } },
{ "type": "Feature", "properties": { "npi": "1154496651", "name": "40 MILE AIR LTD", "taxonomy": "Ambulance, Air Transport", "address": "1313 ALASKA HIGHWAY TOK AK 99780" }, "geometry": { "type": "Point", "coordinates": [ -142.964364100000012, 63.3353195 ] } },
{ "type": "Feature", "properties": { "npi": "1407625510", "name": "71 17 NORTH FAMILY DENTISTRY, LLC", "taxonomy": "Dentist, General Practice", "address": "1616 OKPIK ST UQTIAGVIK AK 99723" }, "geometry": { "type": "Point", "coordinates": [ -156.783271, 71.288749 ] } },
{ "type": "Feature", "properties": { "npi": "1073498853", "name": "907 CARE COORDINATION SERVICES LLC", "taxonomy": "Case Management", "address": "1606 ROOSEVELT ST FAIRBANKS AK 99709" }, "geometry": { "type": "Point", "coordinates": [ -147.7926239, 64.8339055 ] } },
{ "type": "Feature", "properties": { "npi": "1093043796", "name": "A & E, INC.", "taxonomy": "Chiropractor", "address": "820 SMYTHE ST FAIRBANKS AK 99701" }, "geometry": { "type": "Point", "coordinates": [ -147.7317233, 64.8397531 ] } },
{ "type": "Feature", "properties": { "npi": "1043010473", "name": "A HAND'S UP CONSULTANT AND SERVICES", "taxonomy": "Social Worker, Clinical", "address": "1449 GILLAM WAY FAIRBANKS AK 99701" }, "geometry": { "type": "Point", "coordinates": [ -147.7268053, 64.835337 ] } },
{ "type": "Feature", "properties": { "npi": "1780962639", "name": "A&E, INC.", "taxonomy": "Chiropractor", "address": "201 OLD STEESE HWY STE 4 FAIRBANKS AK 99701" }, "geometry": { "type": "Point", "coordinates": [ -147.7098698, 64.8454766 ] } },
{ "type": "Feature", "properties": { "npi": "1134990336", "name": "A4 SPECIALTY MEDICAL GROUP FAIRBANKS LLC", "taxonomy": "Clinic/Center, Multi-Specialty", "address": "282 BENTLEY TRUST ROAD SUITE B FAIRBANKS AK 99701" }, "geometry": { "type": "Point", "coordinates": [ -147.7133106, 64.8543712 ] } },
{ "type": "Feature", "properties": { "npi": "1851263776", "name": "ABANTUU AASSISTED LIVING LLC", "taxonomy": "Day Training, Developmentally Disabled Services", "address": "1392 JOYCE DR FAIRBANKS AK 99701" }, "geometry": { "type": "Point", "coordinates": [ -147.6755167, 64.856081 ] } },
{ "type": "Feature", "properties": { "npi": "1235265430", "name": "BONNIE", "taxonomy": "Counselor, Mental Health", "address": "3830 S CUSHMAN ST FAIRBANKS AK 99701" }, "geometry": { "type": "Point", "coordinates": [ -147.7109343, 64.8108025 ] } },
{ "type": "Feature", "properties": { "npi": "1639877723", "name": "ABLEMIDWIFE LLC", "taxonomy": "Midwife", "address": "804 SMYTHE ST FAIRBANKS AK 99701" }, "geometry": { "type": "Point", "coordinates": [ -147.7309294, 64.8396853 ] } },
{ "type": "Feature", "properties": { "npi": "1013599463", "name": "MARIAMA", "taxonomy": "General Practice", "address": "3406 ALDER AVENUE FT. WAINWRIGHT AK 99703" }, "geometry": { "type": "Point", "coordinates": [ -147.658032, 64.82067 ] } },
{ "type": "Feature", "properties": { "npi": "1356035703", "name": "AUGUST-MICHELLE", "taxonomy": "Social Worker", "address": "117 1ST AVE FAIRBANKS AK 99701" }, "geometry": { "type": "Point", "coordinates": [ -147.7074939, 64.8440296 ] } },
{ "type": "Feature", "properties": { "npi": "1285212217", "name": "ABUNDANT LIFE COUNSELING", "taxonomy": "Social Worker, Clinical", "address": "515 7TH AVE STE 330A FAIRBANKS AK 99701" }, "geometry": { "type": "Point", "coordinates": [ -147.7168251, 64.8407736 ] } },
{ "type": "Feature", "properties": { "npi": "1740532985", "name": "ACCA, INC", "taxonomy": "Speech-Language Pathologist,  ", "address": "1020 BARNETTE ST FAIRBANKS AK 99701" }, "geometry": { "type": "Point", "coordinates": [ -147.725968, 64.8388024 ] } },
{ "type": "Feature", "properties": { "npi": "1922212844", "name": "ACCA, INC.", "taxonomy": "Case Management, Day Training, Developmentally Disabled Services, Clinic/Center, Multi-Specialty", "address": "1020 BARNETTE ST FAIRBANKS AK 99701" }, "geometry": { "type": "Point", "coordinates": [ -147.725968, 64.8388024 ] } },
{ "type": "Feature", "properties": { "npi": "1447236823", "name": "BRIAN", "taxonomy": "Family Medicine, Family Medicine", "address": "1001 NOBLE ST FAIRBANKS AK 99701" }, "geometry": { "type": "Point", "coordinates": [ -147.71339660000001, 64.8391354 ] } },
{ "type": "Feature", "properties": { "npi": "1497854558", "name": "ACH BASSETT-WAINWRIGHT", "taxonomy": "MilitaryU.S. Coast Guard Pharmacy", "address": "1060 GAFFNEY RD STOP 7400 BLDG 4065 FT WAINWRIGHT AK 99703" }, "geometry": { "type": "Point", "coordinates": [ -147.611227, 64.841703 ] } },
{ "type": "Feature", "properties": { "npi": "1295149383", "name": "ACH BASSETT-WAINWRIGHT", "taxonomy": "MilitaryU.S. Coast Guard Pharmacy", "address": "BASSETT ARMY COMMUNITY HOSPITAL MEDDAC-ALASKA 1060 GAFFNEY RD #7400 FT. WAINWRIGHT, AK 99703" }, "geometry": { "type": "Point", "coordinates": [ -147.611227, 64.841703 ] } },
{ "type": "Feature", "properties": { "npi": "1053418806", "name": "ACH BASSETT-WAINWRIGHT", "taxonomy": "MilitaryU.S. Coast Guard Pharmacy", "address": "1060 GAFFNEY RD STOP 7420 BLDG 4065 FT WAINWRIGHT AK 99703" }, "geometry": { "type": "Point", "coordinates": [ -147.611227, 64.841703 ] } },
{ "type": "Feature", "properties": { "npi": "1699877993", "name": "ACH BASSETT-WAINWRIGHT", "taxonomy": "Clinic/Center, MilitaryU.S. Coast Guard Outpatient, Clinic/Center, Military and U.S. Coast Guard Ambulatory Procedure, Military Hospital, Military General Acute Care Hospital", "address": "1060 GAFFNEY RD # 7420 FT WAINWRIGHT AK 99703" }, "geometry": { "type": "Point", "coordinates": [ -147.611227, 64.841703 ] } },
{ "type": "Feature", "properties": { "npi": "1053410100", "name": "ACH BASSETT-WAINWRIGHT", "taxonomy": "MilitaryU.S. Coast Guard Pharmacy", "address": "1060 GAFFNEY RD STOP 7400 BUILDING 3406 FT WAINWRIGHT AK 99703" }, "geometry": { "type": "Point", "coordinates": [ -147.611227, 64.841703 ] } },
{ "type": "Feature", "properties": { "npi": "1932197167", "name": "CRISTINA", "taxonomy": "Social Worker, Social Worker, Clinical", "address": "3180 PEGER RD SUITE 200 FAIRBANKS AK 99709" }, "geometry": { "type": "Point", "coordinates": [ -147.77879, 64.8188636 ] } },
{ "type": "Feature", "properties": { "npi": "1275504086", "name": "MARY JANE", "taxonomy": "Registered Nurse, Obstetric, Inpatient", "address": "4985 PALO VERDE AVE FAIRBANKS AK 99709" }, "geometry": { "type": "Point", "coordinates": [ -147.86394820000001, 64.838586 ] } },
{ "type": "Feature", "properties": { "npi": "1316689243", "name": "JESSICA", "taxonomy": "Technician, Personal Care Attendant", "address": "1000 GREG KRUSCHEK AVE NOME AK 99762" }, "geometry": { "type": "Point", "coordinates": [ -165.3776128, 64.4988356 ] } },
{ "type": "Feature", "properties": { "npi": "1356618086", "name": "VERONICA", "taxonomy": "Community Health Worker, Counselor, Mental Health", "address": "3100 S CUSHMAN ST FAIRBANKS AK 99701" }, "geometry": { "type": "Point", "coordinates": [ -147.710952, 64.818565 ] } },
{ "type": "Feature", "properties": { "npi": "1679678809", "name": "MARVIN", "taxonomy": "Optometrist", "address": "116 MINNIE ST FAIRBANKS AK 99701" }, "geometry": { "type": "Point", "coordinates": [ -147.7076218, 64.8489733 ] } },
{ "type": "Feature", "properties": { "npi": "1083105001", "name": "SANDI", "taxonomy": "Technician/Technologist, Optician", "address": "145 S SANTA CLAUS LN NORTH POLE AK 99705" }, "geometry": { "type": "Point", "coordinates": [ -147.353327, 64.754207 ] } },
{ "type": "Feature", "properties": { "npi": "1215360086", "name": "ACUTRIBE LLC", "taxonomy": "Acupuncturist, Clinic/Center", "address": "1231 NOBLE ST FAIRBANKS AK 99701" }, "geometry": { "type": "Point", "coordinates": [ -147.7138206, 64.8380068 ] } },
{ "type": "Feature", "properties": { "npi": "1295186021", "name": "ACUTRIBE LLC", "taxonomy": "Acupuncturist", "address": "1222 WELL ST SUITE 1 FAIRBANKS AK 99701" }, "geometry": { "type": "Point", "coordinates": [ -147.7293718, 64.8493743 ] } },
{ "type": "Feature", "properties": { "npi": "1528779071", "name": "DARREN", "taxonomy": "Community Health Worker", "address": "209 FORTY MILE AVE FAIRBANKS AK 99701" }, "geometry": { "type": "Point", "coordinates": [ -147.7032024, 64.846997 ] } },
{ "type": "Feature", "properties": { "npi": "1972213726", "name": "FOLANA", "taxonomy": "Community Health Worker", "address": "209 FORTY MILE AVE FAIRBANKS AK 99701" }, "geometry": { "type": "Point", "coordinates": [ -147.7032024, 64.846997 ] } },
{ "type": "Feature", "properties": { "npi": "1285870022", "name": "RONALD", "taxonomy": "Dentist", "address": "EAST 7TH AVE FORT YUKON AK 99740" }, "geometry": { "type": "Point", "coordinates": [ -147.35071, 64.748768 ] } },
{ "type": "Feature", "properties": { "npi": "1396947545", "name": "MARTINA", "taxonomy": "Physical Therapist", "address": "1020 BARNETTE ST FAIRBANKS AK 99701" }, "geometry": { "type": "Point", "coordinates": [ -147.725968, 64.8388024 ] } },
{ "type": "Feature", "properties": { "npi": "1093505554", "name": "ANNAMARIE", "taxonomy": "Community Health Worker", "address": "KOYUK CLINIC P.O. BOX 70 KOYUK AK 99753" }, "geometry": { "type": "Point", "coordinates": [ -147.081359, 64.683439 ] } },
{ "type": "Feature", "properties": { "npi": "1477186914", "name": "DAVID", "taxonomy": "Case Manager/Care Coordinator", "address": "6675 COUNTRY ROAD SALCHA AK 99714" }, "geometry": { "type": "Point", "coordinates": [ -146.90930130000001, 64.4454309 ] } },
{ "type": "Feature", "properties": { "npi": "1467631473", "name": "HELEN", "taxonomy": "Registered Nurse, Case Management", "address": "1408 19TH AVE FAIRBANKS AK 99701" }, "geometry": { "type": "Point", "coordinates": [ -147.7367006, 64.830498 ] } },
{ "type": "Feature", "properties": { "npi": "1164145850", "name": "JACOB", "taxonomy": "Dentist", "address": "1606 23RD AVE FAIRBANKS AK 99701" }, "geometry": { "type": "Point", "coordinates": [ -147.7419932, 64.8262642 ] } },
{ "type": "Feature", "properties": { "npi": "1871648345", "name": "KAREN", "taxonomy": "Dentist, General Practice", "address": "570 RIVERSTONE WAY STE 1 FAIRBANKS AK 99709" }, "geometry": { "type": "Point", "coordinates": [ -147.795608, 64.838944 ] } },
{ "type": "Feature", "properties": { "npi": "1760282321", "name": "LARETTA", "taxonomy": "Community Health Worker", "address": "PO BOX 50008 KIVALINA AK 99750" }, "geometry": { "type": "Point", "coordinates": [ -164.539797, 67.7278 ] } },
{ "type": "Feature", "properties": { "npi": "1750759742", "name": "LARRAINE", "taxonomy": "Community Health Worker", "address": "436 5TH TED STEVENS WAY MANIILAQ HEALTH CENTER KOTZEBUE AK 99752" }, "geometry": { "type": "Point", "coordinates": [ -162.582203, 66.895312 ] } },
{ "type": "Feature", "properties": { "npi": "1942800461", "name": "LEANN", "taxonomy": "Counselor, Addiction (Substance Use Disorder)", "address": "542 4TH AVE STE B101 FAIRBANKS AK 99701" }, "geometry": { "type": "Point", "coordinates": [ -147.717908599999987, 64.8425442 ] } },
{ "type": "Feature", "properties": { "npi": "1114572120", "name": "LYNETTE", "taxonomy": "Community Health Worker", "address": "1 SCOW JOHN ROAD WT.MOUNTAIN AK 99784" }, "geometry": { "type": "Point", "coordinates": [ -148.088907, 64.930234 ] } },
{ "type": "Feature", "properties": { "npi": "1215703798", "name": "MARY", "taxonomy": "Community Health Worker", "address": "90 AAKSAIK RD NOATAK AK 99761" }, "geometry": { "type": "Point", "coordinates": [ -162.9953, 67.58234 ] } },
{ "type": "Feature", "properties": { "npi": "1003301201", "name": "ROCHELLE", "taxonomy": "Case Manager/Care Coordinator", "address": "733 2ND AVENUE KOTZEBUE AK 99752" }, "geometry": { "type": "Point", "coordinates": [ -162.591216, 66.900311 ] } },
{ "type": "Feature", "properties": { "npi": "1962835421", "name": "BENJAMIN", "taxonomy": "Counselor", "address": "1825 MARIKA RD FAIRBANKS AK 99709" }, "geometry": { "type": "Point", "coordinates": [ -147.7633419, 64.854088 ] } },
{ "type": "Feature", "properties": { "npi": "1649811514", "name": "ADAY AT A TIME THERAPY SERVICES LLC", "taxonomy": "Social Worker, Clinical", "address": "100 CUSHMAN ST STE 308 FAIRBANKS AK 99701" }, "geometry": { "type": "Point", "coordinates": [ -147.721564, 64.843706 ] } },
{ "type": "Feature", "properties": { "npi": "1316479702", "name": "BRANDY", "taxonomy": "Social Worker, Clinical", "address": "100 CUSHMAN ST STE 308 FAIRBANKS AK 99701" }, "geometry": { "type": "Point", "coordinates": [ -147.721564, 64.843706 ] } },
{ "type": "Feature", "properties": { "npi": "1659981512", "name": "GREGORY", "taxonomy": "Physical Therapist", "address": "1275 SADLER WAY STE 201 FAIRBANKS AK 99701" }, "geometry": { "type": "Point", "coordinates": [ -147.6803404, 64.8548559 ] } },
{ "type": "Feature", "properties": { "npi": "1669796108", "name": "ADIENT ALASKA, LLC", "taxonomy": "Durable Medical Equipment & Medical Supplies, Customized Equipment, Occupational Therapist, Physical Therapist", "address": "1919 LATHROP ST STE 123 FAIRBANKS AK 99701" }, "geometry": { "type": "Point", "coordinates": [ -147.744508599999989, 64.8301493 ] } },
{ "type": "Feature", "properties": { "npi": "1982821450", "name": "ADIENT HEALTH, INC", "taxonomy": "Durable Medical Equipment & Medical Supplies", "address": "751 OLD RICHARDSON HWY 202 FAIRBANKS AK 99701" }, "geometry": { "type": "Point", "coordinates": [ -147.679955, 64.818173 ] } },
{ "type": "Feature", "properties": { "npi": "1760564868", "name": "ADIENT PHYSICAL THERAPY, INC", "taxonomy": "Occupational Therapist, Durable Medical Equipment & Medical Supplies, Physical Therapist", "address": "751 OLD RICHARDSON HWY # 202 FAIRBANKS AK 99701" }, "geometry": { "type": "Point", "coordinates": [ -147.679955, 64.818173 ] } },
{ "type": "Feature", "properties": { "npi": "1790756781", "name": "CAROLYN", "taxonomy": "Registered Nurse", "address": "1060 GAFFNEY ROAD #7450 ATTN: MCUC-PM-OH FORT WAINWRIGHT AK 99703" }, "geometry": { "type": "Point", "coordinates": [ -147.611227, 64.841703 ] } },
{ "type": "Feature", "properties": { "npi": "1629753652", "name": "KATELYN", "taxonomy": "Community Health Worker", "address": "4377 WHITE ST UNIT LEFT FORT WAINWRIGHT AK 99703" }, "geometry": { "type": "Point", "coordinates": [ -147.673324, 64.82306 ] } },
{ "type": "Feature", "properties": { "npi": "1528557683", "name": "SHEENA EISEN", "taxonomy": "Nurse Practitioner, Primary Care", "address": "7000 UULA ST BARROW AK 99723" }, "geometry": { "type": "Point", "coordinates": [ -156.729896, 71.297403 ] } },
{ "type": "Feature", "properties": { "npi": "1346466802", "name": "ADULT LEARNING PROGRAMS OF ALASKA", "taxonomy": "Day Training, Developmentally Disabled Services", "address": "122 1ST AVE STE 201 FAIRBANKS AK 99701" }, "geometry": { "type": "Point", "coordinates": [ -147.7086932, 64.8444537 ] } },
{ "type": "Feature", "properties": { "npi": "1528391240", "name": "ADULT LEARNING PROGRAMS OF ALASKA", "taxonomy": "Day Training, Developmentally Disabled Services", "address": "122 1ST AVE FAIRBANKS AK 99701" }, "geometry": { "type": "Point", "coordinates": [ -147.7086932, 64.8444537 ] } },
{ "type": "Feature", "properties": { "npi": "1063900546", "name": "ADVANCED CHIROPRACTIC, LLC", "taxonomy": "Chiropractor", "address": "1901 AIRPORT WAY STE 102 FAIRBANKS AK 99701" }, "geometry": { "type": "Point", "coordinates": [ -147.7951105, 64.836842 ] } },
{ "type": "Feature", "properties": { "npi": "1972043537", "name": "ADVANCED MASSAGE THERAPY", "taxonomy": "Massage Therapist", "address": "600 3RD ST STE 200 FAIRBANKS AK 99701" }, "geometry": { "type": "Point", "coordinates": [ -147.6953048, 64.8452314 ] } },
{ "type": "Feature", "properties": { "npi": "1992915441", "name": "PAUL", "taxonomy": "Licensed Practical Nurse", "address": "436 TED STEVENS WAY BOX 43 KOTZEBUE AK 99752" }, "geometry": { "type": "Point", "coordinates": [ -161.780844, 66.865256 ] } },
{ "type": "Feature", "properties": { "npi": "1255203394", "name": "SHANNON", "taxonomy": "Registered Nurse, Nurse Anesthetist, Certified Registered", "address": "1650 COWLES ST FAIRBANKS AK 99701" }, "geometry": { "type": "Point", "coordinates": [ -147.7392173, 64.834587 ] } },
{ "type": "Feature", "properties": { "npi": "1740849819", "name": "ALYSSA", "taxonomy": "Counselor, Addiction (Substance Use Disorder)", "address": "1521 S CUSHMAN ST FAIRBANKS AK 99701" }, "geometry": { "type": "Point", "coordinates": [ -147.717355199999986, 64.8343592 ] } },
{ "type": "Feature", "properties": { "npi": "1992204366", "name": "CESA", "taxonomy": "Community Health Worker", "address": "1717 W COWLES ST FAIRBANKS AK 99701" }, "geometry": { "type": "Point", "coordinates": [ -147.744953, 64.8322535 ] } },
{ "type": "Feature", "properties": { "npi": "1003426776", "name": "CYNTHIA", "taxonomy": "Counselor", "address": "41 SIS ST NULATO AK 99765" }, "geometry": { "type": "Point", "coordinates": [ -158.1167484, 64.7324631 ] } },
{ "type": "Feature", "properties": { "npi": "1417935792", "name": "HEATHER", "taxonomy": "Physical Therapist, Physical Therapist", "address": "167 S SANTA CLAUS LN NORTH POLE AK 99705" }, "geometry": { "type": "Point", "coordinates": [ -147.3532582, 64.7540311 ] } },
{ "type": "Feature", "properties": { "npi": "1093173361", "name": "FLORENCE", "taxonomy": "Community Health Worker", "address": "BUILDING 7059 LITTLE DIOMEDE AK 99762" }, "geometry": { "type": "Point", "coordinates": [ -164.560425, 64.8628 ] } },
{ "type": "Feature", "properties": { "npi": "1457316051", "name": "MUHAMMAD", "taxonomy": "Internal Medicine, Endocrinology, Diabetes & Metabolism", "address": "1001 NOBLE ST FAIRBANKS AK 99701" }, "geometry": { "type": "Point", "coordinates": [ -147.71339660000001, 64.8391354 ] } },
{ "type": "Feature", "properties": { "npi": "1184450298", "name": "SARAH", "taxonomy": "Technician, Personal Care Attendant", "address": "1000 GREG KRUSCHEK AVE NOME AK 99762" }, "geometry": { "type": "Point", "coordinates": [ -165.3776128, 64.4988356 ] } },
{ "type": "Feature", "properties": { "npi": "1124394606", "name": "HEINI", "taxonomy": "Counselor, Mental Health", "address": "3830 S CUSHMAN ST FAIRBANKS AK 99701" }, "geometry": { "type": "Point", "coordinates": [ -147.7109343, 64.8108025 ] } },
{ "type": "Feature", "properties": { "npi": "1386161388", "name": "ERIC", "taxonomy": "Physical Therapist", "address": "398 HAMILTON AVE FAIRBANKS AK 99701" }, "geometry": { "type": "Point", "coordinates": [ -147.694004, 64.846636 ] } },
{ "type": "Feature", "properties": { "npi": "1376060376", "name": "REBECCA", "taxonomy": "Physical Therapist", "address": "398 HAMILTON AVE FAIRBANKS AK 99701" }, "geometry": { "type": "Point", "coordinates": [ -147.694004, 64.846636 ] } },
{ "type": "Feature", "properties": { "npi": "1629551072", "name": "CYNTHIA", "taxonomy": "Social Worker", "address": "733 2ND AVENUE KOTZEBUE AK 99752" }, "geometry": { "type": "Point", "coordinates": [ -162.591216, 66.900311 ] } },
{ "type": "Feature", "properties": { "npi": "1174556526", "name": "MICHELE", "taxonomy": "Nurse Practitioner, Family", "address": "1867 AIRPORT WAY STE 140A FAIRBANKS AK 99701" }, "geometry": { "type": "Point", "coordinates": [ -147.7951105, 64.836842 ] } },
{ "type": "Feature", "properties": { "npi": "1265053318", "name": "AIMEE BURGESS DC LLC", "taxonomy": "Chiropractor", "address": "600 UNIVERSITY AVE STE 3C FAIRBANKS AK 99709" }, "geometry": { "type": "Point", "coordinates": [ -147.812529399999988, 64.8423832 ] } },
{ "type": "Feature", "properties": { "npi": "1235984840", "name": "AIRCARE ALASKA LLC", "taxonomy": "Ambulance", "address": "6302 OLD AIRPORT RD FAIRBANKS AK 99709" }, "geometry": { "type": "Point", "coordinates": [ -147.850677, 64.8279453 ] } },
{ "type": "Feature", "properties": { "npi": "1841273737", "name": "CYNTHIA", "taxonomy": "Dentist, Prosthodontics", "address": "1060 GAFFNEY #7500 FORT WAINWRIGHT AK 99703" }, "geometry": { "type": "Point", "coordinates": [ -147.611227, 64.841703 ] } },
{ "type": "Feature", "properties": { "npi": "1285297515", "name": "LIA", "taxonomy": "Counselor, Mental Health, Community Health Worker, Counselor, Professional", "address": "122 1ST AVE STE 400 FAIRBANKS AK 99701" }, "geometry": { "type": "Point", "coordinates": [ -147.7086932, 64.8444537 ] } },
{ "type": "Feature", "properties": { "npi": "1689363269", "name": "AK COUNSELING SERVICES", "taxonomy": "Counselor, Professional", "address": "3185 NATE CIR NORTH POLE AK 99705" }, "geometry": { "type": "Point", "coordinates": [ -147.3295775, 64.7868944 ] } },
{ "type": "Feature", "properties": { "npi": "1063590586", "name": "AK PHARMACY MANAGEMENT LLC", "taxonomy": "Pharmacy", "address": "1867 AIRPORT WAY STE 105 FAIRBANKS AK 99701" }, "geometry": { "type": "Point", "coordinates": [ -147.7951105, 64.836842 ] } },
{ "type": "Feature", "properties": { "npi": "1295145233", "name": "AK PHARMACY MANAGEMENT LLC", "taxonomy": "Pharmacy, Community/Retail Pharmacy", "address": "1867 AIRPORT WAY STE 105 FAIRBANKS AK 99701" }, "geometry": { "type": "Point", "coordinates": [ -147.7951105, 64.836842 ] } },
{ "type": "Feature", "properties": { "npi": "1487840567", "name": "NORA", "taxonomy": "Day Training/Habilitation Specialist", "address": "306 W. 5TH AVENUE NOME AK 99762" }, "geometry": { "type": "Point", "coordinates": [ -165.4058933, 64.5020897 ] } },
{ "type": "Feature", "properties": { "npi": "1659657948", "name": "STEPHEN", "taxonomy": "Family Medicine, Family Medicine", "address": "1001 NOBLE ST FAIRBANKS AK 99701" }, "geometry": { "type": "Point", "coordinates": [ -147.71339660000001, 64.8391354 ] } },
{ "type": "Feature", "properties": { "npi": "1477208148", "name": "LILA", "taxonomy": "Community Health Worker", "address": "AIRPORT ROAD 151 SAVOONGA AK 99769" }, "geometry": { "type": "Point", "coordinates": [ -170.484192900000011, 63.6937719 ] } },
{ "type": "Feature", "properties": { "npi": "1558628693", "name": "ROSEMARY", "taxonomy": "Community Health Worker", "address": "AIRPORT ROAD 151 SAVOONGA AK 99769" }, "geometry": { "type": "Point", "coordinates": [ -170.484192900000011, 63.6937719 ] } },
{ "type": "Feature", "properties": { "npi": "1609269273", "name": "ROY", "taxonomy": "Registered Nurse", "address": "1717 W COWLES ST FAIRBANKS AK 99701" }, "geometry": { "type": "Point", "coordinates": [ -147.744953, 64.8322535 ] } },
{ "type": "Feature", "properties": { "npi": "1043993801", "name": "ALASKA ADVANCED BEHAVIORAL HEALTH", "taxonomy": "Clinic/Center, Mental Health (Including Community Mental Health Center)", "address": "203 WEST E ST NOME AK 99762" }, "geometry": { "type": "Point", "coordinates": [ -165.416311799999988, 64.5007402 ] } },
{ "type": "Feature", "properties": { "npi": "1528830122", "name": "ALASKA COUNSELING & TRAUMA CENTER, LLC", "taxonomy": "Counselor, Mental Health, Counselor, Professional", "address": "250 CUSHMAN ST STE 4D FAIRBANKS AK 99701" }, "geometry": { "type": "Point", "coordinates": [ -147.7212352, 64.8429949 ] } },
{ "type": "Feature", "properties": { "npi": "1710123161", "name": "ALASKA FAMILY DOCTOR LLC", "taxonomy": "Clinic/Center, Primary Care", "address": "504 E. L STREET NOME AK 99762" }, "geometry": { "type": "Point", "coordinates": [ -165.384432, 64.4969411 ] } },
{ "type": "Feature", "properties": { "npi": "1902083132", "name": "ALASKA GATEWAY SCHOOL DISTRICT REAA #16", "taxonomy": "Local Education Agency (LEA)", "address": "1313.5 AK HWY TOK AK 99780" }, "geometry": { "type": "Point", "coordinates": [ -142.7422199, 63.318158 ] } },
{ "type": "Feature", "properties": { "npi": "1285330332", "name": "ALASKA INTERIOR SURGICAL CENTER, LLC", "taxonomy": "Clinic/Center, Ambulatory Surgical", "address": "2485 CHIEF WILLIAM DR # 100 FAIRBANKS AK 99709" }, "geometry": { "type": "Point", "coordinates": [ -147.781262199999986, 64.8457287 ] } },
{ "type": "Feature", "properties": { "npi": "1265863427", "name": "ALASKA NEUROPSYCHOLOGICAL AND BEHAVIORAL HEALTH, LLC", "taxonomy": "Community/Behavioral Health", "address": "600 UNIVERSITY AVE SUITE 2 B FAIRBANKS AK 99709" }, "geometry": { "type": "Point", "coordinates": [ -147.812529399999988, 64.8423832 ] } },
{ "type": "Feature", "properties": { "npi": "1912919895", "name": "ALASKA ORAL & FACIAL SURGERY CENTER INC", "taxonomy": "Dentist, Oral and Maxillofacial Surgery", "address": "1275 SADLER WAY SUITE 202 FAIRBANKS AK 99701" }, "geometry": { "type": "Point", "coordinates": [ -147.6803404, 64.8548559 ] } },
{ "type": "Feature", "properties": { "npi": "1588327209", "name": "ALASKA SURGICAL FIRST ASSIST LLC", "taxonomy": "Registered Nurse, Registered Nurse First Assistant", "address": "2073 MAVENCAMP CIR NORTH POLE AK 99705" }, "geometry": { "type": "Point", "coordinates": [ -147.2358958, 64.7676339 ] } },
{ "type": "Feature", "properties": { "npi": "1528417243", "name": "ALASKA THERAPEUTIC MASSAGE LLC", "taxonomy": "Massage Therapist", "address": "418 WEDGEWOOD DR FAIRBANKS AK 99701" }, "geometry": { "type": "Point", "coordinates": [ -147.7216202, 64.861407 ] } },
{ "type": "Feature", "properties": { "npi": "1679603450", "name": "ALASKA TRANSPORTATION UNLIMITED LLC", "taxonomy": "Taxi", "address": "543 FRONT ST FAIRBANKS AK 99701" }, "geometry": { "type": "Point", "coordinates": [ -147.6988182, 64.8442871 ] } },
{ "type": "Feature", "properties": { "npi": "1740084763", "name": "ALASKA'S LOVING HANDS' BIRTH AND FAMILY HEALTH SERVICES, LLC", "taxonomy": "Clinic/Center, Advanced Practice Midwife", "address": "3550 AIRPORT WAY STE 5 FAIRBANKS AK 99709" }, "geometry": { "type": "Point", "coordinates": [ -147.807663, 64.8373102 ] } },
{ "type": "Feature", "properties": { "npi": "1366998114", "name": "ALASKANS CHANGING TOGETHER, INC.", "taxonomy": "Counselor", "address": "241 5TH AVE KOTZEBUE AK 99752" }, "geometry": { "type": "Point", "coordinates": [ -162.5952002, 66.893901 ] } },
{ "type": "Feature", "properties": { "npi": "1265904932", "name": "HALAH", "taxonomy": "Speech-Language Pathologist,  ", "address": "102 10TH AVE FAIRBANKS AK 99701" }, "geometry": { "type": "Point", "coordinates": [ -147.705353, 64.839821 ] } },
{ "type": "Feature", "properties": { "npi": "1144734807", "name": "SHANICE", "taxonomy": "Community Health Worker", "address": "1717 W COWLES ST FAIRBANKS AK 99701" }, "geometry": { "type": "Point", "coordinates": [ -147.744953, 64.8322535 ] } },
{ "type": "Feature", "properties": { "npi": "1437718012", "name": "CHRISTOPHER", "taxonomy": "Military Health Care Provider", "address": "1060 GAFFNEY RD STOP 7440 FORT WAINWRIGHT AK 99703" }, "geometry": { "type": "Point", "coordinates": [ -147.64418, 64.832821 ] } },
{ "type": "Feature", "properties": { "npi": "1134739485", "name": "ALCAN MEDICAL GROUP LLC", "taxonomy": "Dietitian, Registered, Nutrition, Obesity and Weight Management, Family Medicine", "address": "751 OLD RICHARDSON HWY STE 203 FAIRBANKS AK 99701" }, "geometry": { "type": "Point", "coordinates": [ -147.6798904, 64.8181932 ] } },
{ "type": "Feature", "properties": { "npi": "1689920142", "name": "ALCHEMY ORTHOTICS AND PROSTHETICS", "taxonomy": "Prosthetic/Orthotic Supplier", "address": "1405 KELLUM ST SUITE 201 FAIRBANKS AK 99701" }, "geometry": { "type": "Point", "coordinates": [ -147.747271500000011, 64.8378844 ] } },
{ "type": "Feature", "properties": { "npi": "1528105400", "name": "BETTY", "taxonomy": "Family Medicine", "address": "612 N. CHANDALAR DR. FAIRBANKS AK 99775" }, "geometry": { "type": "Point", "coordinates": [ -147.8231432, 64.8581701 ] } },
{ "type": "Feature", "properties": { "npi": "1619799418", "name": "JUSTIN", "taxonomy": "Community Health Worker", "address": "3101 LATHROP ST FAIRBANKS AK 99701" }, "geometry": { "type": "Point", "coordinates": [ -147.7466664, 64.8402333 ] } },
{ "type": "Feature", "properties": { "npi": "1538857438", "name": "SARA", "taxonomy": "Chiropractor", "address": "910 OLD STEESE HWY STE B FAIRBANKS AK 99701" }, "geometry": { "type": "Point", "coordinates": [ -147.69067720000001, 64.8521409 ] } },
{ "type": "Feature", "properties": { "npi": "1720876006", "name": "ALESIA ASSISTED LIVING LLC", "taxonomy": "Assisted Living Facility", "address": "2805 S BARNETTE ST FAIRBANKS AK 99701" }, "geometry": { "type": "Point", "coordinates": [ -147.7300332, 64.821408 ] } },
{ "type": "Feature", "properties": { "npi": "1215207253", "name": "ALISA", "taxonomy": "Family Medicine", "address": "1717 W COWLES ST FAIRBANKS AK 99701" }, "geometry": { "type": "Point", "coordinates": [ -147.744953, 64.8322535 ] } },
{ "type": "Feature", "properties": { "npi": "1598948408", "name": "GREGORY", "taxonomy": "Counselor, Addiction (Substance Use Disorder), Counselor, Mental Health", "address": "122 1ST AVE SUITE 600 FAIRBANKS AK 99701" }, "geometry": { "type": "Point", "coordinates": [ -147.7086932, 64.8444537 ] } },
{ "type": "Feature", "properties": { "npi": "1659887354", "name": "HANNAH", "taxonomy": "Registered Nurse, Behavior Technician, Registered Nurse, Addiction (Substance Use Disorder)", "address": "211 CUSHMAN ST FAIRBANKS AK 99701" }, "geometry": { "type": "Point", "coordinates": [ -147.7209062, 64.843148 ] } },
{ "type": "Feature", "properties": { "npi": "1407987407", "name": "LAVERNE", "taxonomy": "Counselor, Addiction (Substance Use Disorder), Counselor, Mental Health", "address": "122 1ST AVE SUITE 600 FAIRBANKS AK 99701" }, "geometry": { "type": "Point", "coordinates": [ -147.7086932, 64.8444537 ] } },
{ "type": "Feature", "properties": { "npi": "1649682436", "name": "SHEBY", "taxonomy": "Family Medicine", "address": "7000 UULA ST UTQIAGVIK AK 99723" }, "geometry": { "type": "Point", "coordinates": [ -156.729896, 71.297403 ] } },
{ "type": "Feature", "properties": { "npi": "1588970156", "name": "SIERRA", "taxonomy": "Physical Therapist", "address": "1919 LATHROP ST SUITE 123 FAIRBANKS AK 99701" }, "geometry": { "type": "Point", "coordinates": [ -147.744508599999989, 64.8301493 ] } },
{ "type": "Feature", "properties": { "npi": "1730417619", "name": "ALFRED D DERAMUS MD A PROFESSIONAL CORPORATION", "taxonomy": "Ophthalmology", "address": "4001 GEIST RD SUITE 9 FAIRBANKS AK 99709" }, "geometry": { "type": "Point", "coordinates": [ -147.821455, 64.849065 ] } },
{ "type": "Feature", "properties": { "npi": "1720189889", "name": "MARJORIE", "taxonomy": "Nurse Practitioner, Women's Health", "address": "1919 LATHROP ST STE 100 FAIRBANKS AK 99701" }, "geometry": { "type": "Point", "coordinates": [ -147.744508599999989, 64.8301493 ] } },
{ "type": "Feature", "properties": { "npi": "1467059493", "name": "ALISSA", "taxonomy": "Behavior Technician", "address": "3101 LATHROP ST FAIRBANKS AK 99701" }, "geometry": { "type": "Point", "coordinates": [ -147.7466664, 64.8402333 ] } },
{ "type": "Feature", "properties": { "npi": "1639812027", "name": "ANGELA", "taxonomy": "Community Health Worker", "address": "209 FORTY MILE AVE FAIRBANKS AK 99701" }, "geometry": { "type": "Point", "coordinates": [ -147.7032024, 64.846997 ] } },
{ "type": "Feature", "properties": { "npi": "1417685959", "name": "ANGELA", "taxonomy": "Social Worker, Clinical", "address": "100 CUSHMAN ST STE 308 FAIRBANKS AK 99701" }, "geometry": { "type": "Point", "coordinates": [ -147.721564, 64.843706 ] } },
{ "type": "Feature", "properties": { "npi": "1427897537", "name": "ANNA ELIZABETH", "taxonomy": "Dentist, General Practice", "address": "2630 CENTRAL AVE EIELSON AFB AK 99702" }, "geometry": { "type": "Point", "coordinates": [ -147.0926245, 64.6784067 ] } },
{ "type": "Feature", "properties": { "npi": "1184885246", "name": "DEBRA", "taxonomy": "Nurse Practitioner, Family", "address": "1275 SADLER WAY FAIRBANKS AK 99701" }, "geometry": { "type": "Point", "coordinates": [ -147.6803404, 64.8548559 ] } },
{ "type": "Feature", "properties": { "npi": "1437711256", "name": "DEXTER", "taxonomy": "Orthopaedic Surgery", "address": "4076 NEELY ROAD FORT WAINWRIGHT AK 99703" }, "geometry": { "type": "Point", "coordinates": [ -147.662229200000013, 64.8297002 ] } },
{ "type": "Feature", "properties": { "npi": "1801481635", "name": "ETHAN", "taxonomy": "Community Health Worker", "address": "209 FORTY MILE AVE FAIRBANKS AK 99701" }, "geometry": { "type": "Point", "coordinates": [ -147.7032024, 64.846997 ] } },
{ "type": "Feature", "properties": { "npi": "1982876033", "name": "GEORGE", "taxonomy": "Chiropractor", "address": "3677 COLLEGE RD STE 10 FAIRBANKS AK 99709" }, "geometry": { "type": "Point", "coordinates": [ -147.8108921, 64.8552268 ] } },
{ "type": "Feature", "properties": { "npi": "1639940596", "name": "JOSEPHINE", "taxonomy": "Counselor, Addiction (Substance Use Disorder)", "address": "542 4TH AVE STE B101 FAIRBANKS AK 99701" }, "geometry": { "type": "Point", "coordinates": [ -147.717908599999987, 64.8425442 ] } },
{ "type": "Feature", "properties": { "npi": "1922512128", "name": "MADONNA", "taxonomy": "Community Health Worker", "address": "1717 W COWLES ST FAIRBANKS AK 99701" }, "geometry": { "type": "Point", "coordinates": [ -147.744953, 64.8322535 ] } },
{ "type": "Feature", "properties": { "npi": "1508187360", "name": "MICHAEL", "taxonomy": "Family Medicine, Family Medicine, Family Medicine", "address": "1001 NOBLE ST FAIRBANKS AK 99701" }, "geometry": { "type": "Point", "coordinates": [ -147.71339660000001, 64.8391354 ] } },
{ "type": "Feature", "properties": { "npi": "1164017711", "name": "RONALD", "taxonomy": "Community Health Worker", "address": "209 FORTY MILE AVE FAIRBANKS AK 99701" }, "geometry": { "type": "Point", "coordinates": [ -147.7032024, 64.846997 ] } },
{ "type": "Feature", "properties": { "npi": "1205028669", "name": "BEVERLY", "taxonomy": "Social Worker", "address": "3830 S CUSHMAN ST FAIRBANKS AK 99701" }, "geometry": { "type": "Point", "coordinates": [ -147.7109343, 64.8108025 ] } },
{ "type": "Feature", "properties": { "npi": "1447918818", "name": "SARAH", "taxonomy": "Counselor, Addiction (Substance Use Disorder)", "address": "542 4TH AVE STE B101 FAIRBANKS AK 99701" }, "geometry": { "type": "Point", "coordinates": [ -147.717908599999987, 64.8425442 ] } },
{ "type": "Feature", "properties": { "npi": "1073860649", "name": "HAYLEY", "taxonomy": "Psychologist, Psychologist, Family", "address": "909 CUSHMAN ST STE 205 FAIRBANKS AK 99701" }, "geometry": { "type": "Point", "coordinates": [ -147.721616399999988, 64.8442642 ] } },
{ "type": "Feature", "properties": { "npi": "1043407794", "name": "DEBORAH", "taxonomy": "Social Worker, Clinical", "address": "1420 BANGS WAY FAIRBANKS AK 99709" }, "geometry": { "type": "Point", "coordinates": [ -147.7935041, 64.8563859 ] } },
{ "type": "Feature", "properties": { "npi": "1487310769", "name": "SEAN", "taxonomy": "Physician Assistant", "address": "3406 ALDER AVE FORT WAINWRIGHT AK 99703" }, "geometry": { "type": "Point", "coordinates": [ -147.6585422, 64.8207517 ] } },
{ "type": "Feature", "properties": { "npi": "1972723070", "name": "ELAINE", "taxonomy": "Counselor, Mental Health", "address": "1408 19TH AVE FAIRBANKS AK 99701" }, "geometry": { "type": "Point", "coordinates": [ -147.7367006, 64.830498 ] } },
{ "type": "Feature", "properties": { "npi": "1417162769", "name": "ALPHA OMEGA LIFE CARE, INC.", "taxonomy": "Taxi", "address": "2415 RAPIDS ST. DELTA JUNCTION AK 99737" }, "geometry": { "type": "Point", "coordinates": [ -145.7275683, 64.0501104 ] } },
{ "type": "Feature", "properties": { "npi": "1962617225", "name": "ALPHA OMEGA LIFE CARE, INC.", "taxonomy": "Voluntary or Charitable", "address": "2415 RAPIDS ST BOX 1009 DELTA JUNCTION AK 99737" }, "geometry": { "type": "Point", "coordinates": [ -144.064444, 63.661389 ] } },
{ "type": "Feature", "properties": { "npi": "1447465695", "name": "ALPHA OMEGA LIFE CARE, INC.", "taxonomy": "Voluntary or Charitable", "address": "2415 RAPIDS ST. DELTA JUNCTION AK 99737" }, "geometry": { "type": "Point", "coordinates": [ -145.7275683, 64.0501104 ] } },
{ "type": "Feature", "properties": { "npi": "1083829469", "name": "ALPHA OMEGA LIFE CARE, INC.", "taxonomy": "Voluntary or Charitable", "address": "2415 RAPIDS ST. DELTA JUNCTION AK 99737" }, "geometry": { "type": "Point", "coordinates": [ -145.7275683, 64.0501104 ] } },
{ "type": "Feature", "properties": { "npi": "1003961715", "name": "ALPHA OMEGA LIFE CARE, INC.", "taxonomy": "Voluntary or Charitable", "address": "2415 RAPIDS ST. DELTA JUNCTION AK 99737" }, "geometry": { "type": "Point", "coordinates": [ -145.7275683, 64.0501104 ] } },
{ "type": "Feature", "properties": { "npi": "1982819231", "name": "ALPHA OMEGA LIFE CARE, INC.", "taxonomy": "Respite Care", "address": "2415 RAPIDS ST BOX 1009 DELTA JUNCTION AK 99737" }, "geometry": { "type": "Point", "coordinates": [ -144.064444, 63.661389 ] } },
{ "type": "Feature", "properties": { "npi": "1508071853", "name": "ALPHA OMEGA LIFE CARE, INC.", "taxonomy": "Case Management", "address": "2415 RAPIDS ST. DELTA JUNCTION AK 99737" }, "geometry": { "type": "Point", "coordinates": [ -145.7275683, 64.0501104 ] } },
{ "type": "Feature", "properties": { "npi": "1114681608", "name": "ALPINE MEDICAL GROUP LLC", "taxonomy": "Nurse Practitioner, Primary Care, Family Medicine, Nurse Practitioner, Pediatrics, Physician Assistant, Nurse Practitioner, Family", "address": "605 CHIEF THOMAS DR FAIRBANKS AK 99709" }, "geometry": { "type": "Point", "coordinates": [ -147.7800871, 64.8456727 ] } },
{ "type": "Feature", "properties": { "npi": "1376606962", "name": "ALYESKA INTERNATIONAL, INC.", "taxonomy": "Clinic/Center, Sleep Disorder Diagnostic, Durable Medical Equipment & Medical Supplies, Clinic/Center, Sleep Disorder Diagnostic", "address": "1901 AIRPORT WAY, STE 101 FAIRBANKS AK 99701" }, "geometry": { "type": "Point", "coordinates": [ -147.7951105, 64.836842 ] } },
{ "type": "Feature", "properties": { "npi": "1679627566", "name": "ALYESKA SURGERY AND UROLOGY INC", "taxonomy": "Urology, Surgery", "address": "1305 21ST AVE STE 101 FAIRBANKS AK 99701" }, "geometry": { "type": "Point", "coordinates": [ -147.7332102, 64.8282948 ] } },
{ "type": "Feature", "properties": { "npi": "1477915817", "name": "ALICE", "taxonomy": "Community Health Worker", "address": "69 MOSES POINT ROAD ELIM AK 99739" }, "geometry": { "type": "Point", "coordinates": [ -162.2620432, 64.6176604 ] } },
{ "type": "Feature", "properties": { "npi": "1982341574", "name": "AMAZING LOVE COUNSELING, LLC", "taxonomy": "Massage Therapist, Counselor, Mental Health", "address": "771 BADGER RD STE 205 NORTH POLE AK 99705" }, "geometry": { "type": "Point", "coordinates": [ -147.3470422, 64.7632007 ] } },
{ "type": "Feature", "properties": { "npi": "1518237155", "name": "WILLIAM", "taxonomy": "Case Manager/Care Coordinator", "address": "1825 MARIKA RD FAIRBANKS AK 99709" }, "geometry": { "type": "Point", "coordinates": [ -147.7633419, 64.854088 ] } },
{ "type": "Feature", "properties": { "npi": "1154076529", "name": "TAMEKA", "taxonomy": "Counselor, Addiction (Substance Use Disorder), Case Manager/Care Coordinator", "address": "542 4TH AVE STE B101 FAIRBANKS AK 99701" }, "geometry": { "type": "Point", "coordinates": [ -147.717908599999987, 64.8425442 ] } },
{ "type": "Feature", "properties": { "npi": "1487081220", "name": "ANDREA", "taxonomy": "Community Health Worker", "address": "166 SPRING CAMP ROAD HUSLIA AK 99746" }, "geometry": { "type": "Point", "coordinates": [ -147.761891, 64.906493 ] } },
{ "type": "Feature", "properties": { "npi": "1760750780", "name": "MARGIE", "taxonomy": "Community Health Worker", "address": "166 SPRING CAMP ROAD HUSLIA AK 99746" }, "geometry": { "type": "Point", "coordinates": [ -147.761891, 64.906493 ] } },
{ "type": "Feature", "properties": { "npi": "1588408454", "name": "MYRA", "taxonomy": "Community Health Worker", "address": "PO BOX 65010 NULATO AK 99765" }, "geometry": { "type": "Point", "coordinates": [ -158.113192, 64.733975 ] } },
{ "type": "Feature", "properties": { "npi": "1225016652", "name": "JULIANA", "taxonomy": "Physical Therapist", "address": "157 LEWIS ST NORTH POLE AK 99705" }, "geometry": { "type": "Point", "coordinates": [ -147.3559335, 64.7540509 ] } },
{ "type": "Feature", "properties": { "npi": "1104639806", "name": "MARK", "taxonomy": "Occupational Therapist", "address": "203 S SANTA CLAUS LN # 4 NORTH POLE AK 99705" }, "geometry": { "type": "Point", "coordinates": [ -147.3530716, 64.7535285 ] } },
{ "type": "Feature", "properties": { "npi": "1760767818", "name": "SCOTT", "taxonomy": "Optometrist", "address": "2555 PHILLIPS FIELD RD FAIRBANKS AK 99709" }, "geometry": { "type": "Point", "coordinates": [ -147.7843152, 64.8467131 ] } },
{ "type": "Feature", "properties": { "npi": "1629959432", "name": "LAUREN", "taxonomy": "Physical Therapist", "address": "1275 SADLER WAY STE 201 FAIRBANKS AK 99701" }, "geometry": { "type": "Point", "coordinates": [ -147.6803404, 64.8548559 ] } },
{ "type": "Feature", "properties": { "npi": "1396509402", "name": "MAUREEN", "taxonomy": "Technician, Personal Care Attendant", "address": "1000 GREG KRUSCHEK AVE NOME AK 99762" }, "geometry": { "type": "Point", "coordinates": [ -165.3776128, 64.4988356 ] } },
{ "type": "Feature", "properties": { "npi": "1992072417", "name": "JANET", "taxonomy": "Dental Assistant", "address": "306 WEST 5TH AVE NOME AK 99762" }, "geometry": { "type": "Point", "coordinates": [ -165.4058933, 64.5020897 ] } },
{ "type": "Feature", "properties": { "npi": "1548796261", "name": "COURTNEY", "taxonomy": "Advanced Practice Midwife", "address": "1919 LATHROP ST STE 222 FAIRBANKS AK 99701" }, "geometry": { "type": "Point", "coordinates": [ -147.744508599999989, 64.8301493 ] } },
{ "type": "Feature", "properties": { "npi": "1467827360", "name": "KRISTINA", "taxonomy": "Registered Nurse, Nurse Practitioner, Obstetrics & Gynecology", "address": "1626 30TH AVE FAIRBANKS AK 99701" }, "geometry": { "type": "Point", "coordinates": [ -147.7429472, 64.8204002 ] } },
{ "type": "Feature", "properties": { "npi": "1245591379", "name": "OROLMAA", "taxonomy": "Counselor", "address": "1825 MARIKA RD FAIRBANKS AK 99709" }, "geometry": { "type": "Point", "coordinates": [ -147.7633419, 64.854088 ] } },
{ "type": "Feature", "properties": { "npi": "1932890076", "name": "KAYLA", "taxonomy": "Peer Specialist", "address": "1521 S CUSHMAN ST FAIRBANKS AK 99701" }, "geometry": { "type": "Point", "coordinates": [ -147.717355199999986, 64.8343592 ] } },
{ "type": "Feature", "properties": { "npi": "1699354381", "name": "ANCHORAGE COMMUNITY MENTAL HEALTH SERVICES INC.", "taxonomy": "Community/Behavioral Health", "address": "926 ASPEN ST FAIRBANKS AK 99709" }, "geometry": { "type": "Point", "coordinates": [ -147.7734126, 64.8523308 ] } },
{ "type": "Feature", "properties": { "npi": "1043037641", "name": "ANCHORAGE COMMUNITY MENTAL HEALTH SERVICES, INC", "taxonomy": "Community/Behavioral Health", "address": "926 ASPEN ST FAIRBANKS AK 99709" }, "geometry": { "type": "Point", "coordinates": [ -147.7734126, 64.8523308 ] } },
{ "type": "Feature", "properties": { "npi": "1659198257", "name": "ANCHORAGE COMMUNITY MENTAL HEALTH SERVICES, INC", "taxonomy": "Nurse Practitioner, Primary Care", "address": "926 ASPEN ST FAIRBANKS AK 99709" }, "geometry": { "type": "Point", "coordinates": [ -147.7734126, 64.8523308 ] } },
{ "type": "Feature", "properties": { "npi": "1083431688", "name": "ANCHORAGE COMMUNITY MENTAL HEALTH SERVICES, INC", "taxonomy": "Nurse Practitioner, Primary Care", "address": "1423 PEGER RD FAIRBANKS AK 99709" }, "geometry": { "type": "Point", "coordinates": [ -147.7783785, 64.8355754 ] } },
{ "type": "Feature", "properties": { "npi": "1700603305", "name": "ANCHORAGE COMMUNITY MENTAL HEALTH SERVICES, INC", "taxonomy": "Community/Behavioral Health", "address": "1423 PEGER RD FAIRBANKS AK 99709" }, "geometry": { "type": "Point", "coordinates": [ -147.7783785, 64.8355754 ] } },
{ "type": "Feature", "properties": { "npi": "1609693209", "name": "ANCHORAGE COMMUNITY MENTAL HEALTH SERVICES, INC", "taxonomy": "Community/Behavioral Health", "address": "1521 HILTON AVE FAIRBANKS AK 99701" }, "geometry": { "type": "Point", "coordinates": [ -147.7496792, 64.8379244 ] } },
{ "type": "Feature", "properties": { "npi": "1578833265", "name": "ANCHORAGE SLEEP CENTER, LLC DBA FAIRBANKS SLEEP CENTER", "taxonomy": "Clinic/Center, Sleep Disorder Diagnostic", "address": "3405 AIRPORT WAY FAIRBANKS AK 99709" }, "geometry": { "type": "Point", "coordinates": [ -147.8656331, 64.8186855 ] } },
{ "type": "Feature", "properties": { "npi": "1619922812", "name": "ANCHORAGE VAMC", "taxonomy": "Clinic/Center, VA", "address": "2555 PHILLIPS FIELD RD FAIRBANKS AK 99709" }, "geometry": { "type": "Point", "coordinates": [ -147.7843152, 64.8467131 ] } },
{ "type": "Feature", "properties": { "npi": "1609179399", "name": "KELLY", "taxonomy": "Counselor, Addiction (Substance Use Disorder)", "address": "3504 INDUSTRIAL AVE SUITE 220 FAIRBANKS AK 99701" }, "geometry": { "type": "Point", "coordinates": [ -147.7554341, 64.8144663 ] } },
{ "type": "Feature", "properties": { "npi": "1992770408", "name": "ALENA", "taxonomy": "Emergency Medicine, General Practice", "address": "1001 NOBLE ST FAIRBANKS AK 99701" }, "geometry": { "type": "Point", "coordinates": [ -147.71339660000001, 64.8391354 ] } },
{ "type": "Feature", "properties": { "npi": "1871943258", "name": "ANDREW", "taxonomy": "Dentist", "address": "3487 AIRPORT WAY FAIRBANKS AK 99709" }, "geometry": { "type": "Point", "coordinates": [ -147.8656331, 64.8186855 ] } },
{ "type": "Feature", "properties": { "npi": "1467061564", "name": "ANJOLI", "taxonomy": "Behavior Technician", "address": "3101 LATHROP ST FAIRBANKS AK 99701" }, "geometry": { "type": "Point", "coordinates": [ -147.7466664, 64.8402333 ] } },
{ "type": "Feature", "properties": { "npi": "1811329394", "name": "GARY", "taxonomy": "Pharmacist, Pharmacist Clinician (PhC)/ Clinical Pharmacy Specialist", "address": "1060 GAFFNEY RD STOP 7440 FT WAINWRIGHT AK 99703" }, "geometry": { "type": "Point", "coordinates": [ -147.362269, 64.748547 ] } },
{ "type": "Feature", "properties": { "npi": "1295389120", "name": "JARED", "taxonomy": "Residential Treatment Facility, Emotionally Disturbed Children", "address": "3101 LATHROP ST FAIRBANKS AK 99701" }, "geometry": { "type": "Point", "coordinates": [ -147.7466664, 64.8402333 ] } },
{ "type": "Feature", "properties": { "npi": "1467899625", "name": "MALISSIA", "taxonomy": "Counselor, Behavior Technician", "address": "3101 LATHROP STREET FAIRBANKS AK 99701" }, "geometry": { "type": "Point", "coordinates": [ -147.7466664, 64.8402333 ] } },
{ "type": "Feature", "properties": { "npi": "1477058972", "name": "MARIE", "taxonomy": "Counselor, Professional", "address": "1825 MARIKA RD FAIRBANKS AK 99709" }, "geometry": { "type": "Point", "coordinates": [ -147.7633419, 64.854088 ] } },
{ "type": "Feature", "properties": { "npi": "1447768106", "name": "MARY GRACE", "taxonomy": "Counselor, Professional, Counselor", "address": "733 2ND AVENUE KOTZEBUE AK 99752" }, "geometry": { "type": "Point", "coordinates": [ -162.591216, 66.900311 ] } },
{ "type": "Feature", "properties": { "npi": "1235855701", "name": "MELANIE", "taxonomy": "Registered Nurse", "address": "3100 S CUSHMAN ST FAIRBANKS AK 99701" }, "geometry": { "type": "Point", "coordinates": [ -147.710952, 64.818565 ] } },
{ "type": "Feature", "properties": { "npi": "1467554733", "name": "PAUL", "taxonomy": "Dentist, General Practice", "address": "2270 NISTLER RD DELTA JUNCTION AK 99737" }, "geometry": { "type": "Point", "coordinates": [ -145.646231300000011, 64.0412945 ] } },
{ "type": "Feature", "properties": { "npi": "1831265743", "name": "RICHARD", "taxonomy": "Obstetrics & Gynecology", "address": "1650 COWLES ST FAIRBANKS AK 99701" }, "geometry": { "type": "Point", "coordinates": [ -147.7392173, 64.834587 ] } },
{ "type": "Feature", "properties": { "npi": "1023387305", "name": "SARAH", "taxonomy": "Social Worker, Social Worker, Clinical", "address": "306 WEST 5TH AVE. NOME AK 99762" }, "geometry": { "type": "Point", "coordinates": [ -165.4058933, 64.5020897 ] } },
{ "type": "Feature", "properties": { "npi": "1124568639", "name": "SHERRI", "taxonomy": "Counselor", "address": "607 DIVISION ST. NOME AK 99762" }, "geometry": { "type": "Point", "coordinates": [ -165.40935, 64.4982288 ] } },
{ "type": "Feature", "properties": { "npi": "1235261892", "name": "SUSAN", "taxonomy": "Counselor, Mental Health", "address": "1408 19TH AVE FAIRBANKS AK 99701" }, "geometry": { "type": "Point", "coordinates": [ -147.7367006, 64.830498 ] } },
{ "type": "Feature", "properties": { "npi": "1639323561", "name": "TERRI", "taxonomy": "Pharmacist, Pharmacist", "address": "1650 COWLES ST FAIRBANKS AK 99701" }, "geometry": { "type": "Point", "coordinates": [ -147.7392173, 64.834587 ] } },
{ "type": "Feature", "properties": { "npi": "1598577934", "name": "ZAK", "taxonomy": "Registered Nurse, Emergency", "address": "1615 BRONCO LN NORTH POLE AK 99705" }, "geometry": { "type": "Point", "coordinates": [ -166.493109, 65.335551 ] } },
{ "type": "Feature", "properties": { "npi": "1295001691", "name": "KIMBERLY", "taxonomy": "Community Health Worker", "address": "101 1ST AVENUE BEAVER AK 99724" }, "geometry": { "type": "Point", "coordinates": [ -147.70668, 64.844135 ] } },
{ "type": "Feature", "properties": { "npi": "1912268335", "name": "MARILYN", "taxonomy": "Behavior Analyst", "address": "122 1ST AVE FAIRBANKS AK 99701" }, "geometry": { "type": "Point", "coordinates": [ -147.7086932, 64.8444537 ] } },
{ "type": "Feature", "properties": { "npi": "1972597185", "name": "RAYMOND", "taxonomy": "Family Medicine", "address": "HC 60 BOX 4860 DELTA JUNCTION AK 99737" }, "geometry": { "type": "Point", "coordinates": [ -147.65188, 64.91139 ] } },
{ "type": "Feature", "properties": { "npi": "1609624378", "name": "1918 WINTER STREET OPERATING CO LLC", "taxonomy": "Durable Medical Equipment & Medical Supplies, Pharmacy, Community/Retail Pharmacy", "address": "3033 VINTAGE BLVD JUNEAU AK 99801" }, "geometry": { "type": "Point", "coordinates": [ -134.594947499999989, 58.3710391 ] } },
{ "type": "Feature", "properties": { "npi": "1679767412", "name": "MARGIELYN", "taxonomy": "Registered Nurse", "address": "5636 GLACIER HWY STE 100 JUNEAU AK 99801" }, "geometry": { "type": "Point", "coordinates": [ -134.4967091, 58.3558297 ] } },
{ "type": "Feature", "properties": { "npi": "1902666027", "name": "ABBEY VOLMER", "taxonomy": "Clinic/Center, Mental Health (Including Community Mental Health Center)", "address": "714 LAKE ST # B SITKA AK 99835" }, "geometry": { "type": "Point", "coordinates": [ -135.337979600000011, 57.0594503 ] } },
{ "type": "Feature", "properties": { "npi": "1558918631", "name": "ANTONIO", "taxonomy": "Behavior Technician", "address": "105 TOTEM WAY KAKE AK 99830" }, "geometry": { "type": "Point", "coordinates": [ -133.942517400000014, 56.9749579 ] } },
{ "type": "Feature", "properties": { "npi": "1619617750", "name": "ALEXIS", "taxonomy": "Counselor, Addiction (Substance Use Disorder)", "address": "5594 AISEK STREET JUNEAU AK 99801" }, "geometry": { "type": "Point", "coordinates": [ -134.4948009, 58.3566592 ] } },
{ "type": "Feature", "properties": { "npi": "1245883644", "name": "SAMANTHA", "taxonomy": "Social Worker, Clinical", "address": "416 HARRIS ST STE 228 JUNEAU AK 99801" }, "geometry": { "type": "Point", "coordinates": [ -134.4068072, 58.3031057 ] } },
{ "type": "Feature", "properties": { "npi": "1356105175", "name": "STEPHANIE", "taxonomy": "Behavior Technician", "address": "113 METLAKATLA ST SITKA AK 99835" }, "geometry": { "type": "Point", "coordinates": [ -135.3195194, 57.0498378 ] } },
{ "type": "Feature", "properties": { "npi": "1699052480", "name": "MARCIA", "taxonomy": "Community Health Worker", "address": "222 TONGASS DR SITKA AK 99835" }, "geometry": { "type": "Point", "coordinates": [ -135.3550607, 57.0516959 ] } },
{ "type": "Feature", "properties": { "npi": "1730657453", "name": "SHANTHEE", "taxonomy": "Counselor, Mental Health", "address": "113 METLAKATLA ST SITKA AK 99835" }, "geometry": { "type": "Point", "coordinates": [ -135.3195194, 57.0498378 ] } },
{ "type": "Feature", "properties": { "npi": "1770974008", "name": "MARJORIE", "taxonomy": "Physical Therapist", "address": "350 14TH AVE SKAGWAY AK 99840" }, "geometry": { "type": "Point", "coordinates": [ -135.306594, 59.4606035 ] } },
{ "type": "Feature", "properties": { "npi": "1497805949", "name": "ACTION REHAB, LLC", "taxonomy": "Physical Therapist", "address": "8800 GLACIER HWY STE 236 JUNEAU AK 99801" }, "geometry": { "type": "Point", "coordinates": [ -134.5781534, 58.3635062 ] } },
{ "type": "Feature", "properties": { "npi": "1225157183", "name": "DONNA", "taxonomy": "Case Manager/Care Coordinator", "address": "3869 CAROLINE ST SUITE A AUKE BAY AK 99821" }, "geometry": { "type": "Point", "coordinates": [ -134.6433649, 58.3871299 ] } },
{ "type": "Feature", "properties": { "npi": "1861077877", "name": "HOLLY", "taxonomy": "Counselor", "address": "3406 GLACIER HWY JUNEAU AK 99801" }, "geometry": { "type": "Point", "coordinates": [ -134.47176, 58.3312878 ] } },
{ "type": "Feature", "properties": { "npi": "1164176780", "name": "JACOB", "taxonomy": "Community Health Worker", "address": "2075 JORDAN AVE JUNEAU AK 99801" }, "geometry": { "type": "Point", "coordinates": [ -134.579714, 58.361897 ] } },
{ "type": "Feature", "properties": { "npi": "1528656592", "name": "STEPHANIE", "taxonomy": "Registered Nurse, Addiction (Substance Use Disorder)", "address": "3260 HOSPITAL DR JUNEAU AK 99801" }, "geometry": { "type": "Point", "coordinates": [ -134.464983, 58.329259 ] } },
{ "type": "Feature", "properties": { "npi": "1790030088", "name": "JENNIFER", "taxonomy": "Case Manager/Care Coordinator", "address": "5636 GLACIER HWY SUITE 100 JUNEAU AK 99801" }, "geometry": { "type": "Point", "coordinates": [ -134.4967091, 58.3558297 ] } },
{ "type": "Feature", "properties": { "npi": "1679058101", "name": "DANIELLE", "taxonomy": "Dental Hygienist", "address": "709 W 9TH ST JUNEAU AK 99801" }, "geometry": { "type": "Point", "coordinates": [ -134.4208528, 58.3013304 ] } },
{ "type": "Feature", "properties": { "npi": "1760694061", "name": "KIMBERLY", "taxonomy": "Case Manager/Care Coordinator", "address": "3225 HOSPITAL DR UNIT 202 JUNEAU AK 99801" }, "geometry": { "type": "Point", "coordinates": [ -134.4708076, 58.3303986 ] } },
{ "type": "Feature", "properties": { "npi": "1134007255", "name": "AFFECT PROVIDER GROUP P.S.C.", "taxonomy": "Counselor, Professional, Psychologist, Clinical, Social Worker, Clinical, Marriage & Family Therapist, Nurse Practitioner, Psych/Mental Health, Counselor, Mental Health", "address": "8585 OLD DAIRY RD STE 208 JUNEAU AK 99801" }, "geometry": { "type": "Point", "coordinates": [ -134.5716156, 58.3618567 ] } },
{ "type": "Feature", "properties": { "npi": "1538821335", "name": "ROCEL", "taxonomy": "Counselor", "address": "113 METLAKATLA ST SITKA AK 99835" }, "geometry": { "type": "Point", "coordinates": [ -135.3195194, 57.0498378 ] } },
{ "type": "Feature", "properties": { "npi": "1831954072", "name": "MARIE", "taxonomy": "Case Manager/Care Coordinator", "address": "5590 AISEK ST JUNEAU AK 99801" }, "geometry": { "type": "Point", "coordinates": [ -134.4947556, 58.3566549 ] } },
{ "type": "Feature", "properties": { "npi": "1871472662", "name": "ALIZAE", "taxonomy": "Community Health Worker", "address": "805 LINCOLN ST SITKA AK 99835" }, "geometry": { "type": "Point", "coordinates": [ -135.3244584, 57.0510311 ] } },
{ "type": "Feature", "properties": { "npi": "1376296806", "name": "KIMBERLY", "taxonomy": "Community Health Worker", "address": "216 LANCE DR SITKA AK 99835" }, "geometry": { "type": "Point", "coordinates": [ -135.3011553, 57.0507996 ] } },
{ "type": "Feature", "properties": { "npi": "1053026138", "name": "ANDREW", "taxonomy": "Case Manager/Care Coordinator", "address": "3406 GLACIER HWY JUNEAU AK 99801" }, "geometry": { "type": "Point", "coordinates": [ -134.47176, 58.3312878 ] } },
{ "type": "Feature", "properties": { "npi": "1801919949", "name": "AIR SITKA", "taxonomy": "Ambulance, Air Transport", "address": "485 KATLIAN ST SITKA AK 99835" }, "geometry": { "type": "Point", "coordinates": [ -135.3463207, 57.0531817 ] } },
{ "type": "Feature", "properties": { "npi": "1336681212", "name": "AKEELA INC", "taxonomy": "Community/Behavioral Health", "address": "2223 JORDAN AVE JUNEAU AK 99801" }, "geometry": { "type": "Point", "coordinates": [ -134.5795989, 58.3617571 ] } },
{ "type": "Feature", "properties": { "npi": "1821252313", "name": "RUTH", "taxonomy": "Registered Nurse, Case Manager/Care Coordinator", "address": "419 6TH ST JUNEAU AK 99801" }, "geometry": { "type": "Point", "coordinates": [ -134.4117736, 58.3028595 ] } },
{ "type": "Feature", "properties": { "npi": "1124646641", "name": "ALASKA ART THERAPY AND COUNSELING", "taxonomy": "Community/Behavioral Health", "address": "1107 W 8TH ST UNIT 5 JUNEAU AK 99801" }, "geometry": { "type": "Point", "coordinates": [ -134.4235994, 58.2998136 ] } },
{ "type": "Feature", "properties": { "npi": "1316119928", "name": "ALASKA HEALTH OPTIONS INC", "taxonomy": "Chiropractor", "address": "2075 JORDAN AVE STE 100 JUNEAU AK 99801" }, "geometry": { "type": "Point", "coordinates": [ -134.579714, 58.361897 ] } },
{ "type": "Feature", "properties": { "npi": "1326207606", "name": "ALASKA IN-HOME MEDICAL SERVICES", "taxonomy": "Community/Behavioral Health", "address": "5636 GLACIER HWY STE 100A JUNEAU AK 99801" }, "geometry": { "type": "Point", "coordinates": [ -134.4967091, 58.3558297 ] } },
{ "type": "Feature", "properties": { "npi": "1548263387", "name": "ALASKA INFUSION THERAPY, INC.", "taxonomy": "Pharmacy, Durable Medical Equipment & Medical Supplies, Parenteral & Enteral Nutrition, Clinic/Center, Infusion Therapy", "address": "9109 MENDENHALL MALL RD STE 7A JUNEAU AK 99801" }, "geometry": { "type": "Point", "coordinates": [ -134.5872708, 58.3721068 ] } },
{ "type": "Feature", "properties": { "npi": "1750839130", "name": "ALASKA ISLAND COMMUNITY SERVICES", "taxonomy": "Clinic/Center, Federally Qualified Health Center (FQHC)", "address": "225 FRONT ST JUNEAU AK 99801" }, "geometry": { "type": "Point", "coordinates": [ -134.4062238, 58.299974 ] } },
{ "type": "Feature", "properties": { "npi": "1902178627", "name": "ALASKA ISLAND COMMUNITY SERVICES", "taxonomy": "Clinic/Center, Community Health", "address": "42 DOLLY VARDEN RD GUSTAVUS AK 99826" }, "geometry": { "type": "Point", "coordinates": [ -135.7446909, 58.4192238 ] } },
{ "type": "Feature", "properties": { "npi": "1821131681", "name": "ALASKA PATHOLOGY, LLC", "taxonomy": "Pathology, Anatomic Pathology & Clinical Pathology", "address": "3260 HOSPITAL DR JUNEAU AK 99801" }, "geometry": { "type": "Point", "coordinates": [ -134.464983, 58.329259 ] } },
{ "type": "Feature", "properties": { "npi": "1558417873", "name": "ALASKA PATHOLOGY, LLC", "taxonomy": "Pathology, Anatomic Pathology & Clinical Pathology", "address": "3260 HOSPITAL DR JUNEAU AK 99801" }, "geometry": { "type": "Point", "coordinates": [ -134.464983, 58.329259 ] } },
{ "type": "Feature", "properties": { "npi": "1306521315", "name": "ALASKA PSYCHIATRIC SOLUTIONS LLC", "taxonomy": "Psychiatry & Neurology, Psychiatry, Psychiatry & Neurology, Child & Adolescent Psychiatry", "address": "1200 GLACIER AVE STE 103 JUNEAU AK 99801" }, "geometry": { "type": "Point", "coordinates": [ -134.4346893, 58.3080445 ] } },
{ "type": "Feature", "properties": { "npi": "1932233970", "name": "ALASKA SOLUTIONS INC", "taxonomy": "Respite Care", "address": "9109 MENDENHALL MALL RD SUITE 4A JUNEAU AK 99801" }, "geometry": { "type": "Point", "coordinates": [ -134.5872708, 58.3721068 ] } },
{ "type": "Feature", "properties": { "npi": "1316120405", "name": "ALASKA VISION CENTER, INC.", "taxonomy": "Optometrist", "address": "800 GLACIER AVE JUNEAU AK 99801" }, "geometry": { "type": "Point", "coordinates": [ -134.4198, 58.300471 ] } },
{ "type": "Feature", "properties": { "npi": "1447482328", "name": "ANNIE", "taxonomy": "Physical Therapist", "address": "2841 RIVERSIDE DR JUNEAU AK 99801" }, "geometry": { "type": "Point", "coordinates": [ -134.5898019, 58.3735801 ] } },
{ "type": "Feature", "properties": { "npi": "1306131339", "name": "JOANNE", "taxonomy": "Doula", "address": "1506 2ND STREET, APT 4 DOUGLAS AK 99824" }, "geometry": { "type": "Point", "coordinates": [ -134.3989791, 58.279842 ] } },
{ "type": "Feature", "properties": { "npi": "1366216137", "name": "CRISTINA", "taxonomy": "Speech-Language Pathologist,  ", "address": "1720 CREST ST JUNEAU AK 99801" }, "geometry": { "type": "Point", "coordinates": [ -134.5741069, 58.3586788 ] } },
{ "type": "Feature", "properties": { "npi": "1477187375", "name": "LURLINE", "taxonomy": "Behavior Technician", "address": "3260 HOSPITAL DR JUNEAU AK 99801" }, "geometry": { "type": "Point", "coordinates": [ -134.464983, 58.329259 ] } },
{ "type": "Feature", "properties": { "npi": "1730662289", "name": "SANA", "taxonomy": "Counselor", "address": "113 METLAKATLA ST SITKA AK 99835" }, "geometry": { "type": "Point", "coordinates": [ -135.3195194, 57.0498378 ] } },
{ "type": "Feature", "properties": { "npi": "1700167830", "name": "ALLISON", "taxonomy": "Physical Therapy Assistant", "address": "12 LIFESAVER DRIVE SITKA AK 99835" }, "geometry": { "type": "Point", "coordinates": [ -135.3622645, 57.0529034 ] } },
{ "type": "Feature", "properties": { "npi": "1841934601", "name": "BRIAN", "taxonomy": "Community Health Worker", "address": "10815 BLACK BEAR RD JUNEAU AK 99801" }, "geometry": { "type": "Point", "coordinates": [ -134.611343299999987, 58.3966096 ] } },
{ "type": "Feature", "properties": { "npi": "1245780238", "name": "CYNTHIA", "taxonomy": "Massage Therapist", "address": "225 MAIN STREET HAINES AK 99827" }, "geometry": { "type": "Point", "coordinates": [ -135.321070600000013, 59.4552984 ] } },
{ "type": "Feature", "properties": { "npi": "1386354645", "name": "ANNIE", "taxonomy": "Registered Nurse", "address": "3412 GLACIER HWY JUNEAU AK 99801" }, "geometry": { "type": "Point", "coordinates": [ -134.471728899999988, 58.3314646 ] } },
{ "type": "Feature", "properties": { "npi": "1215108683", "name": "ALLIANCE CHIROPRACTIC HEALTH CENTER INC.", "taxonomy": "Chiropractor", "address": "2243 JORDAN AVE JUNEAU AK 99801" }, "geometry": { "type": "Point", "coordinates": [ -134.5795989, 58.3617571 ] } },
{ "type": "Feature", "properties": { "npi": "1093832412", "name": "HEATHER", "taxonomy": "Case Manager/Care Coordinator", "address": "3869 CAROLINE ST SUITE A AUKE BAY AK 99821" }, "geometry": { "type": "Point", "coordinates": [ -134.6433649, 58.3871299 ] } },
{ "type": "Feature", "properties": { "npi": "1053619098", "name": "ALPINE DERMATOLOGY, LLC", "taxonomy": "Physician Assistant, Medical", "address": "3268 HOSPITAL DR STE A JUNEAU AK 99801" }, "geometry": { "type": "Point", "coordinates": [ -134.4685825, 58.3290851 ] } },
{ "type": "Feature", "properties": { "npi": "1568141455", "name": "ALPINE INTEGRATIVE ACUPUNCTURE, LLC", "taxonomy": "Clinic/Center", "address": "1601 SALMON CREEK LN JUNEAU AK 99801" }, "geometry": { "type": "Point", "coordinates": [ -134.468257, 58.330825 ] } },
{ "type": "Feature", "properties": { "npi": "1083479596", "name": "ALPINE PHYSICAL THERAPY LLC", "taxonomy": "Physical Therapist", "address": "206 SEWARD ST STE B SITKA AK 99835" }, "geometry": { "type": "Point", "coordinates": [ -135.3369195, 57.0505497 ] } },
{ "type": "Feature", "properties": { "npi": "1558075051", "name": "DANIELLE", "taxonomy": "Case Manager/Care Coordinator", "address": "225 FRONT ST STE 202 JUNEAU AK 99801" }, "geometry": { "type": "Point", "coordinates": [ -134.4062238, 58.299974 ] } },
{ "type": "Feature", "properties": { "npi": "1942480843", "name": "AMERICAN MOBILE HEALTHCARE", "taxonomy": "General Acute Care Hospital, Rural", "address": "222 TONGASS DR SITKA AK 99835" }, "geometry": { "type": "Point", "coordinates": [ -135.3550607, 57.0516959 ] } },
{ "type": "Feature", "properties": { "npi": "1629204318", "name": "JOHN", "taxonomy": "Community Health Worker", "address": "701 INDIAN RIVER RD SITKA AK 99835" }, "geometry": { "type": "Point", "coordinates": [ -135.310114, 57.0570364 ] } },
{ "type": "Feature", "properties": { "npi": "1073273124", "name": "ANCHOR COUNSELING & CONSULTING, LLC", "taxonomy": "Counselor, Professional", "address": "9025 NINNIS DR JUNEAU AK 99801" }, "geometry": { "type": "Point", "coordinates": [ -134.5970294, 58.4087017 ] } },
{ "type": "Feature", "properties": { "npi": "1447622485", "name": "ANCHORAGE SLEEP CENTER, LLC", "taxonomy": "Clinic/Center, Sleep Disorder Diagnostic", "address": "8800 GLACIER HWY SUITE 215 JUNEAU AK 99801" }, "geometry": { "type": "Point", "coordinates": [ -134.5781534, 58.3635062 ] } },
{ "type": "Feature", "properties": { "npi": "1346657400", "name": "ANCHORAGE VAMC", "taxonomy": "Clinic/Center, VA", "address": "709 W 9TH ST JUNEAU AK 99801" }, "geometry": { "type": "Point", "coordinates": [ -134.4208528, 58.3013304 ] } },
{ "type": "Feature", "properties": { "npi": "1881254852", "name": "KATHRYN", "taxonomy": "Social Worker, Clinical, Social Worker, Clinical", "address": "9233 GEE ST JUNEAU AK 99801" }, "geometry": { "type": "Point", "coordinates": [ -134.5891054, 58.3871815 ] } },
{ "type": "Feature", "properties": { "npi": "1467729822", "name": "APRIL", "taxonomy": "Physical Therapist", "address": "222 TONGASS DR SITKA AK 99835" }, "geometry": { "type": "Point", "coordinates": [ -135.3550607, 57.0516959 ] } },
{ "type": "Feature", "properties": { "npi": "1649399304", "name": "CHAROLETTE", "taxonomy": "Registered Nurse, Case Management", "address": "3245 HOSPITAL DR JUNEAU AK 99801" }, "geometry": { "type": "Point", "coordinates": [ -134.4687872, 58.3291485 ] } },
{ "type": "Feature", "properties": { "npi": "1073402517", "name": "CHRISTY", "taxonomy": "Case Manager/Care Coordinator", "address": "222 TONGASS DR SITKA AK 99835" }, "geometry": { "type": "Point", "coordinates": [ -135.3550607, 57.0516959 ] } },
{ "type": "Feature", "properties": { "npi": "1831329234", "name": "JULIE", "taxonomy": "Registered Nurse, Registered Nurse, Emergency", "address": "131 FIRST AVENUE SOUTH HAINES AK 99827" }, "geometry": { "type": "Point", "coordinates": [ -135.444043, 59.233553 ] } },
{ "type": "Feature", "properties": { "npi": "1003813734", "name": "LONNIE", "taxonomy": "Dentist, General Practice", "address": "9211 LEE SMITH DRIVE JUNEAU AK 99801" }, "geometry": { "type": "Point", "coordinates": [ -134.5862828, 58.3642573 ] } },
{ "type": "Feature", "properties": { "npi": "1811091366", "name": "NOBLE", "taxonomy": "Family Medicine, Family Medicine, Family Medicine, Family Medicine, Family Medicine, Family Medicine", "address": "1200 SALMON CREEK LANE SEARHC ETHEL LUND MEDICAL CENTER HAINES AK 99801" }, "geometry": { "type": "Point", "coordinates": [ -134.466041, 58.331066 ] } },
{ "type": "Feature", "properties": { "npi": "1770130841", "name": "SONJA", "taxonomy": "Community Health Worker", "address": "2075 JORDAN AVE JUNEAU AK 99801" }, "geometry": { "type": "Point", "coordinates": [ -134.579714, 58.361897 ] } },
{ "type": "Feature", "properties": { "npi": "1720694375", "name": "STEVEN", "taxonomy": "Behavior Technician", "address": "3250 HOSPITAL DR JUNEAU AK 99801" }, "geometry": { "type": "Point", "coordinates": [ -134.468743, 58.3291336 ] } },
{ "type": "Feature", "properties": { "npi": "1639990179", "name": "AVIMAEL", "taxonomy": "Counselor, Mental Health", "address": "1209 SEWARD AVE SITKA AK 99835" }, "geometry": { "type": "Point", "coordinates": [ -135.359720900000013, 57.0540108 ] } },
{ "type": "Feature", "properties": { "npi": "1437136041", "name": "TIFFANY", "taxonomy": "Dietitian, Registered", "address": "222 TONGASS DR SITKA AK 99835" }, "geometry": { "type": "Point", "coordinates": [ -135.3550607, 57.0516959 ] } },
{ "type": "Feature", "properties": { "npi": "1417645706", "name": "ELLEN", "taxonomy": "Social Worker, Clinical", "address": "3410 GLACIER HWY JUNEAU AK 99801" }, "geometry": { "type": "Point", "coordinates": [ -134.4717393, 58.3314056 ] } },
{ "type": "Feature", "properties": { "npi": "1871622605", "name": "MARGARET", "taxonomy": "Case Manager/Care Coordinator", "address": "700 KATLIAN ST SUITE B SITKA AK 99835" }, "geometry": { "type": "Point", "coordinates": [ -135.3473124, 57.0565376 ] } },
{ "type": "Feature", "properties": { "npi": "1114089232", "name": "MERRITT", "taxonomy": "Nurse Practitioner, Gerontology", "address": "4675 GLACIER HWY JUNEAU AK 99801" }, "geometry": { "type": "Point", "coordinates": [ -134.4952931, 58.3448862 ] } },
{ "type": "Feature", "properties": { "npi": "1902505043", "name": "PHILIP", "taxonomy": "Social Worker, Clinical, Social Worker, Social Worker", "address": "3051 VINTAGE BOULEVARD JUNEAU AK 99801" }, "geometry": { "type": "Point", "coordinates": [ -134.5955462, 58.3725001 ] } },
{ "type": "Feature", "properties": { "npi": "1154390094", "name": "ANESTHESIA ASSOCIATES OF SOUTHEAST ALASKA INC", "taxonomy": "Anesthesiology", "address": "3260 HOSPITAL DR JUNEAU AK 99801" }, "geometry": { "type": "Point", "coordinates": [ -134.464983, 58.329259 ] } },
{ "type": "Feature", "properties": { "npi": "1760673024", "name": "CHRISTINA", "taxonomy": "Registered Nurse", "address": "222 TONGASS DR SITKA AK 99835" }, "geometry": { "type": "Point", "coordinates": [ -135.3550607, 57.0516959 ] } },
{ "type": "Feature", "properties": { "npi": "1679951438", "name": "LISA", "taxonomy": "Student in an Organized Health Care Education/Training Program, Family Medicine", "address": "222 TONGASS DR SITKA AK 99835" }, "geometry": { "type": "Point", "coordinates": [ -135.3550607, 57.0516959 ] } },
{ "type": "Feature", "properties": { "npi": "1831580737", "name": "APATE PLLC", "taxonomy": "Anesthesiology", "address": "3260 HOSPITAL DR JUNEAU AK 99801" }, "geometry": { "type": "Point", "coordinates": [ -134.464983, 58.329259 ] } },
{ "type": "Feature", "properties": { "npi": "1053072926", "name": "APEX BEHAVIORAL HEALTH CENTER LLC", "taxonomy": "Clinic/Center, Adult Mental Health, Clinic/Center, Adolescent and Children Mental Health, Clinic/Center, Mental Health (Including Community Mental Health Center)", "address": "4254A MAYA WAY JUNEAU AK 99801" }, "geometry": { "type": "Point", "coordinates": [ -134.429444, 58.295 ] } },
{ "type": "Feature", "properties": { "npi": "1659138733", "name": "APOLLO BELLA LLC", "taxonomy": "Clinic/Center, Primary Care", "address": "8800 GLACIER HWY STE 104 JUNEAU AK 99801" }, "geometry": { "type": "Point", "coordinates": [ -134.5781534, 58.3635062 ] } },
{ "type": "Feature", "properties": { "npi": "1366118754", "name": "ARCTIC CHIROPRACTIC HAINES", "taxonomy": "Chiropractor", "address": "229 MAIN STREET UNIT C-4 HAINES AK 99827" }, "geometry": { "type": "Point", "coordinates": [ -135.455180399999989, 59.2358024 ] } },
{ "type": "Feature", "properties": { "npi": "1497093926", "name": "ARCTIC CHIROPRACTIC JUNEAU LLC", "taxonomy": "Physical Therapist, Chiropractor", "address": "2243 JORDAN AVE JUNEAU AK 99801" }, "geometry": { "type": "Point", "coordinates": [ -134.5795989, 58.3617571 ] } },
{ "type": "Feature", "properties": { "npi": "1962241349", "name": "ARCTIC CHIROPRACTIC PETERSBURG", "taxonomy": "Chiropractor", "address": "401 HAUGEN DRIVE STE 103 PETERSBURG AK 99833" }, "geometry": { "type": "Point", "coordinates": [ -132.952379, 56.811084 ] } },
{ "type": "Feature", "properties": { "npi": "1740545490", "name": "ARCTIC CHIROPRACTIC SITKA LLC", "taxonomy": "Chiropractor", "address": "315 LINCOLN ST STE 207 SITKA AK 99835" }, "geometry": { "type": "Point", "coordinates": [ -135.3346649, 57.0504882 ] } },
{ "type": "Feature", "properties": { "npi": "1265769525", "name": "GENEVIEVE", "taxonomy": "Dietitian, Registered", "address": "3245 HOSPITAL DRIVE SEARCH JUNEAU AK 99801" }, "geometry": { "type": "Point", "coordinates": [ -134.470358, 58.330042 ] } },
{ "type": "Feature", "properties": { "npi": "1538444955", "name": "JENNIFER", "taxonomy": "Counselor", "address": "3406 GLACIER HWY JUNEAU AK 99801" }, "geometry": { "type": "Point", "coordinates": [ -134.47176, 58.3312878 ] } },
{ "type": "Feature", "properties": { "npi": "1801228358", "name": "JEFFREY", "taxonomy": "Counselor, Professional", "address": "222 TONGASS DR SITKA AK 99835" }, "geometry": { "type": "Point", "coordinates": [ -135.3550607, 57.0516959 ] } },
{ "type": "Feature", "properties": { "npi": "1700637436", "name": "KARRAGH", "taxonomy": "Social Worker, Clinical", "address": "3406 GLACIER HWY STE A JUNEAU AK 99801" }, "geometry": { "type": "Point", "coordinates": [ -134.47176, 58.3312878 ] } },
{ "type": "Feature", "properties": { "npi": "1720354152", "name": "DAYNA", "taxonomy": "Counselor", "address": "701 INDIAN RIVER RD SITKA AK 99835" }, "geometry": { "type": "Point", "coordinates": [ -135.310114, 57.0570364 ] } },
{ "type": "Feature", "properties": { "npi": "1811502339", "name": "JEANMARIE", "taxonomy": "Case Manager/Care Coordinator, Counselor, Mental Health", "address": "222 TONGASS DR SITKA AK 99835" }, "geometry": { "type": "Point", "coordinates": [ -135.3550607, 57.0516959 ] } },
{ "type": "Feature", "properties": { "npi": "1235235185", "name": "AMANDA", "taxonomy": "Physician Assistant", "address": "1601 SALMON CREEK LANE JUNEAU AK 99801" }, "geometry": { "type": "Point", "coordinates": [ -134.468257, 58.330825 ] } },
{ "type": "Feature", "properties": { "npi": "1528179843", "name": "MARY", "taxonomy": "Clinic/Center", "address": "1600 GLACIER AVE JUNEAU AK 99801" }, "geometry": { "type": "Point", "coordinates": [ -134.4268037, 58.3048832 ] } },
{ "type": "Feature", "properties": { "npi": "1346911708", "name": "ASCENT WELLNESS AND COUNSELING, LLC", "taxonomy": "Social Worker, Clinical", "address": "202 OBSERVATORY ST SITKA AK 99835" }, "geometry": { "type": "Point", "coordinates": [ -135.3360338, 57.0511131 ] } },
{ "type": "Feature", "properties": { "npi": "1205876448", "name": "RICHARD", "taxonomy": "Family Medicine", "address": "6000 KANAKANAK RD DILLINGHAM AK 99835" }, "geometry": { "type": "Point", "coordinates": [ -158.5365831, 59.0005928 ] } },
{ "type": "Feature", "properties": { "npi": "1669000766", "name": "NICOLE", "taxonomy": "Counselor", "address": "3406 GLACIER HWY JUNEAU AK 99801" }, "geometry": { "type": "Point", "coordinates": [ -134.47176, 58.3312878 ] } },
{ "type": "Feature", "properties": { "npi": "1619480555", "name": "VICTORIA", "taxonomy": "Licensed Practical Nurse", "address": "3406 GLACIER HWY JUNEAU AK 99801" }, "geometry": { "type": "Point", "coordinates": [ -134.47176, 58.3312878 ] } },
{ "type": "Feature", "properties": { "npi": "1598636870", "name": "SADIA", "taxonomy": "Counselor, Mental Health", "address": "100 FRAM ST PETERSBURG AK 99833" }, "geometry": { "type": "Point", "coordinates": [ -132.956085, 56.812458 ] } },
{ "type": "Feature", "properties": { "npi": "1376778852", "name": "AURORA CHIROPRACTIC CENTER P.C.", "taxonomy": "Chiropractor, Orthopedic, Chiropractor, Chiropractor", "address": "9309 GLACIER HWY STE B106 JUNEAU AK 99801" }, "geometry": { "type": "Point", "coordinates": [ -134.589780100000013, 58.3654406 ] } },
{ "type": "Feature", "properties": { "npi": "1629367164", "name": "REBECCA", "taxonomy": "Registered Nurse", "address": "222 TONGASS DR SITKA AK 99835" }, "geometry": { "type": "Point", "coordinates": [ -135.3550607, 57.0516959 ] } },
{ "type": "Feature", "properties": { "npi": "1457945081", "name": "AUTHENTIC YOU", "taxonomy": "Massage Therapist", "address": "418 HARRIS ST JUNEAU AK 99801" }, "geometry": { "type": "Point", "coordinates": [ -134.406817, 58.3031115 ] } },
{ "type": "Feature", "properties": { "npi": "1841521291", "name": "AVALON THERAPEUTIC RIDING STABLE", "taxonomy": "Psychologist", "address": "11880 MENDENHALL LOOP RD JUNEAU AK 99801" }, "geometry": { "type": "Point", "coordinates": [ -134.6341032, 58.3924461 ] } },
{ "type": "Feature", "properties": { "npi": "1336875103", "name": "EMMA", "taxonomy": "Counselor, Professional", "address": "PO BOX 33033 JUNEAU AK 99803" }, "geometry": { "type": "Point", "coordinates": [ -134.617383, 58.377074 ] } },
{ "type": "Feature", "properties": { "npi": "1245715184", "name": "LINDA", "taxonomy": "Counselor", "address": "3406 GLACIER HWY JUNEAU AK 99801" }, "geometry": { "type": "Point", "coordinates": [ -134.47176, 58.3312878 ] } },
{ "type": "Feature", "properties": { "npi": "1114813896", "name": "WILLIAM", "taxonomy": "Physical Therapist", "address": "3051 VINTAGE BLVD JUNEAU AK 99801" }, "geometry": { "type": "Point", "coordinates": [ -134.5955462, 58.3725001 ] } },
{ "type": "Feature", "properties": { "npi": "1316192636", "name": "KATHERINE", "taxonomy": "Pharmacist", "address": "3245 HOSPITAL DR. JUNEAU AK 99801" }, "geometry": { "type": "Point", "coordinates": [ -134.4687872, 58.3291485 ] } },
{ "type": "Feature", "properties": { "npi": "1326114984", "name": "BIRGER", "taxonomy": "Chiropractor, Sports Physician", "address": "800 GLACIER AVE JUNEAU AK 99801" }, "geometry": { "type": "Point", "coordinates": [ -134.4198, 58.300471 ] } },
{ "type": "Feature", "properties": { "npi": "1124005731", "name": "JOHN", "taxonomy": "Family Medicine", "address": "222 TONGASS DR SITKA AK 99835" }, "geometry": { "type": "Point", "coordinates": [ -135.3550607, 57.0516959 ] } },
{ "type": "Feature", "properties": { "npi": "1013502996", "name": "KAYLI", "taxonomy": "Counselor", "address": "3406 GLACIER HWY JUNEAU AK 99801" }, "geometry": { "type": "Point", "coordinates": [ -134.47176, 58.3312878 ] } },
{ "type": "Feature", "properties": { "npi": "1164999652", "name": "AMANDA", "taxonomy": "Counselor", "address": "3406 GLACIER HWY JUNEAU AK 99801" }, "geometry": { "type": "Point", "coordinates": [ -134.47176, 58.3312878 ] } },
{ "type": "Feature", "properties": { "npi": "1497877245", "name": "FRANKIE", "taxonomy": "Registered Nurse, Oncology", "address": "222 TONGASS DR SITKA AK 99835" }, "geometry": { "type": "Point", "coordinates": [ -135.3550607, 57.0516959 ] } },
{ "type": "Feature", "properties": { "npi": "1902641137", "name": "BOULOS", "taxonomy": "Behavior Technician", "address": "113 METLAKATLA ST SITKA AK 99835" }, "geometry": { "type": "Point", "coordinates": [ -135.3195194, 57.0498378 ] } },
{ "type": "Feature", "properties": { "npi": "1730440850", "name": "MEGAN", "taxonomy": "Counselor", "address": "113 METLAKATLA ST SITKA AK 99835" }, "geometry": { "type": "Point", "coordinates": [ -135.3195194, 57.0498378 ] } },
{ "type": "Feature", "properties": { "npi": "1558665919", "name": "MARITA", "taxonomy": "Counselor", "address": "701 INDIAN RIVER RD SITKA AK 99835" }, "geometry": { "type": "Point", "coordinates": [ -135.310114, 57.0570364 ] } },
{ "type": "Feature", "properties": { "npi": "1750678116", "name": "TREVOR", "taxonomy": "Registered Nurse, Ambulatory Care", "address": "3245 HOSPITAL DR JUNEAU AK 99801" }, "geometry": { "type": "Point", "coordinates": [ -134.4687872, 58.3291485 ] } },
{ "type": "Feature", "properties": { "npi": "1598387482", "name": "JESSICA", "taxonomy": "Occupational Therapist", "address": "103 FRAM ST. PETERSBURG AK 99833" }, "geometry": { "type": "Point", "coordinates": [ -132.956073, 56.812533 ] } },
{ "type": "Feature", "properties": { "npi": "1821225244", "name": "JOHN", "taxonomy": "Contractor", "address": "9328 GLACIER HWY STE 41B JUNEAU AK 99801" }, "geometry": { "type": "Point", "coordinates": [ -134.5894131, 58.3654536 ] } },
{ "type": "Feature", "properties": { "npi": "1619462470", "name": "LAURA", "taxonomy": "Physical Therapist", "address": "1601 SALMON CREEK LN STE 1 JUNEAU AK 99801" }, "geometry": { "type": "Point", "coordinates": [ -134.468257, 58.330825 ] } },
{ "type": "Feature", "properties": { "npi": "1265747414", "name": "MARYCAROL", "taxonomy": "Physical Therapist, Physical Therapist, Physical Therapist, Physical Therapist, Physical Therapist", "address": "210 FERRY WAY JUNEAU AK 99801" }, "geometry": { "type": "Point", "coordinates": [ -134.405545499999988, 58.2995262 ] } },
{ "type": "Feature", "properties": { "npi": "1336320696", "name": "PAMELA", "taxonomy": "Social Worker, Clinical", "address": "130 SEWARD ST STE 218 JUNEAU AK 99801" }, "geometry": { "type": "Point", "coordinates": [ -134.4076468, 58.3007642 ] } },
{ "type": "Feature", "properties": { "npi": "1841245388", "name": "KIMBERLY", "taxonomy": "Family Medicine, Family Medicine", "address": "700 KATLIAN ST STE E SITKA AK 99835" }, "geometry": { "type": "Point", "coordinates": [ -135.3473124, 57.0565376 ] } },
{ "type": "Feature", "properties": { "npi": "1922069335", "name": "LESLIE", "taxonomy": "Obstetrics & Gynecology, Obstetrics & Gynecology", "address": "350 14TH AVE SKAGWAY AK 99840" }, "geometry": { "type": "Point", "coordinates": [ -135.306594, 59.4606035 ] } },
{ "type": "Feature", "properties": { "npi": "1073936597", "name": "STEPHANIE", "taxonomy": "Social Worker, Clinical", "address": "202 GJOA STREET PETERSBURG AK 99833" }, "geometry": { "type": "Point", "coordinates": [ -132.954843, 56.81168 ] } },
{ "type": "Feature", "properties": { "npi": "1609848787", "name": "MICHAEL", "taxonomy": "Anesthesiology", "address": "3260 HOSPITAL DR JUNEAU AK 99801" }, "geometry": { "type": "Point", "coordinates": [ -134.464983, 58.329259 ] } },
{ "type": "Feature", "properties": { "npi": "1396994091", "name": "BARANOF CHIROPRACTIC, INC", "taxonomy": "Chiropractor", "address": "310 ERLER ST SITKA AK 99835" }, "geometry": { "type": "Point", "coordinates": [ -135.3365274, 57.0532377 ] } },
{ "type": "Feature", "properties": { "npi": "1609541937", "name": "MATTHEW", "taxonomy": "Occupational Therapist", "address": "69 BEACH ROAD HAINES AK 99827" }, "geometry": { "type": "Point", "coordinates": [ -135.4346131, 59.2265115 ] } },
{ "type": "Feature", "properties": { "npi": "1922600071", "name": "EMILY", "taxonomy": "Community Health Worker", "address": "2075 JORDAN AVE JUNEAU AK 99801" }, "geometry": { "type": "Point", "coordinates": [ -134.579714, 58.361897 ] } },
{ "type": "Feature", "properties": { "npi": "1306135645", "name": "JENNIFER", "taxonomy": "Registered Nurse", "address": "222 TONGASS DR SITKA AK 99835" }, "geometry": { "type": "Point", "coordinates": [ -135.3550607, 57.0516959 ] } },
{ "type": "Feature", "properties": { "npi": "1952712564", "name": "MARIBEL", "taxonomy": "Counselor", "address": "113 METLAKATLA ST SITKA AK 99835" }, "geometry": { "type": "Point", "coordinates": [ -135.3195194, 57.0498378 ] } },
{ "type": "Feature", "properties": { "npi": "1255853453", "name": "JENNIFER", "taxonomy": "Counselor", "address": "113 METLAKATLA ST SITKA AK 99835" }, "geometry": { "type": "Point", "coordinates": [ -135.3195194, 57.0498378 ] } },
{ "type": "Feature", "properties": { "npi": "1093211500", "name": "AARYN", "taxonomy": "Counselor", "address": "113 METLAKATLA ST SITKA AK 99835" }, "geometry": { "type": "Point", "coordinates": [ -135.3195194, 57.0498378 ] } },
{ "type": "Feature", "properties": { "npi": "1871093377", "name": "JESSICA", "taxonomy": "Counselor, Mental Health", "address": "113 METLAKATLA ST SITKA AK 99835" }, "geometry": { "type": "Point", "coordinates": [ -135.3195194, 57.0498378 ] } },
{ "type": "Feature", "properties": { "npi": "1790288033", "name": "RACHEL", "taxonomy": "Massage Therapist", "address": "8391 AIRPORT BLVD JUNEAU AK 99801" }, "geometry": { "type": "Point", "coordinates": [ -134.5691879, 58.3591805 ] } },
{ "type": "Feature", "properties": { "npi": "1760934780", "name": "BARTLETT HOSPITAL", "taxonomy": "Substance Abuse Rehabilitation Facility", "address": "3260 HOSPITAL DR JUNEAU AK 99801" }, "geometry": { "type": "Point", "coordinates": [ -134.464983, 58.329259 ] } },
{ "type": "Feature", "properties": { "npi": "1962790063", "name": "LACEY", "taxonomy": "Counselor", "address": "3406 GLACIER HWY JUNEAU AK 99801" }, "geometry": { "type": "Point", "coordinates": [ -134.47176, 58.3312878 ] } },
{ "type": "Feature", "properties": { "npi": "1891849261", "name": "BARTLETT REGIONAL HOSPITAL", "taxonomy": "General Acute Care Hospital", "address": "3260 HOSPITAL DRIVE JUNEAU AK 99801" }, "geometry": { "type": "Point", "coordinates": [ -134.464983, 58.329259 ] } },
{ "type": "Feature", "properties": { "npi": "1518752690", "name": "BARTLETT REGIONAL HOSPITAL", "taxonomy": "Family Medicine", "address": "10301 GLACIER HWY JUNEAU AK 99801" }, "geometry": { "type": "Point", "coordinates": [ -134.616049, 58.3724 ] } },
{ "type": "Feature", "properties": { "npi": "1154331734", "name": "BARTLETT REGIONAL HOSPITAL", "taxonomy": "Clinic/Center, Multi-Specialty", "address": "3240 HOSPITAL DR JUNEAU AK 99801" }, "geometry": { "type": "Point", "coordinates": [ -134.4688314, 58.3291633 ] } },
{ "type": "Feature", "properties": { "npi": "1598397911", "name": "BARTLETT REGIONAL HOSPITAL", "taxonomy": "Clinic/Center, Rehabilitation, Substance Use Disorder, Substance Abuse Rehabilitation Facility, Community/Behavioral Health", "address": "3250 HOSPITAL DR JUNEAU AK 99801" }, "geometry": { "type": "Point", "coordinates": [ -134.468743, 58.3291336 ] } },
{ "type": "Feature", "properties": { "npi": "1851921118", "name": "BARTLETT REGIONAL HOSPITAL", "taxonomy": "Clinic/Center, Mental Health (Including Community Mental Health Center), Community/Behavioral Health", "address": "3240 HOSPITAL DR JUNEAU AK 99801" }, "geometry": { "type": "Point", "coordinates": [ -134.4688314, 58.3291633 ] } },
{ "type": "Feature", "properties": { "npi": "1255477063", "name": "BARTLETT REGIONAL HOSPITAL", "taxonomy": "Emergency Medicine", "address": "3260 HOSPITAL DR 3260 HOSPITAL DR JUNEAU AK 99801" }, "geometry": { "type": "Point", "coordinates": [ -134.469079, 58.329361 ] } },
{ "type": "Feature", "properties": { "npi": "1437840576", "name": "BARTLETT REGIONAL HOSPITAL", "taxonomy": "Home Health, Hospice Care, Community Based", "address": "641 W WILLOUGHBY AVE STE 204 JUNEAU AK 99801" }, "geometry": { "type": "Point", "coordinates": [ -134.4181074, 58.3005851 ] } },
{ "type": "Feature", "properties": { "npi": "1356918999", "name": "BARTLETT REGIONAL HOSPITAL", "taxonomy": "Pharmacy", "address": "3260 HOSPITAL DR JUNEAU AK 99801" }, "geometry": { "type": "Point", "coordinates": [ -134.464983, 58.329259 ] } },
{ "type": "Feature", "properties": { "npi": "1861200511", "name": "BARTLETT REGIONAL HOSPITAL", "taxonomy": "Orthopaedic Surgery", "address": "3250 HOSPITAL DR JUNEAU AK 99801" }, "geometry": { "type": "Point", "coordinates": [ -134.468743, 58.3291336 ] } },
{ "type": "Feature", "properties": { "npi": "1184778698", "name": "BARTLETT REGIONAL HOSPITAL", "taxonomy": "Substance Abuse Rehabilitation Facility", "address": "3250 HOSPITAL DR JUNEAU AK 99801" }, "geometry": { "type": "Point", "coordinates": [ -134.468743, 58.3291336 ] } },
{ "type": "Feature", "properties": { "npi": "1508044835", "name": "BARTLETT REGIONAL HOSPITAL", "taxonomy": "Surgery", "address": "3268 HOSPITAL DR STE A JUNEAU AK 99801" }, "geometry": { "type": "Point", "coordinates": [ -134.4685825, 58.3290851 ] } },
{ "type": "Feature", "properties": { "npi": "1750143673", "name": "BARTLETT REGIONAL HOSPITAL", "taxonomy": "Anesthesiology", "address": "3260 HOSPITAL DR JUNEAU AK 99801" }, "geometry": { "type": "Point", "coordinates": [ -134.464983, 58.329259 ] } },
{ "type": "Feature", "properties": { "npi": "1235283607", "name": "BARTLETT REGIONAL HOSPITAL", "taxonomy": "Psychiatric Unit", "address": "3260 HOSPITAL DR JUNEAU AK 99801" }, "geometry": { "type": "Point", "coordinates": [ -134.464983, 58.329259 ] } },
{ "type": "Feature", "properties": { "npi": "1326506767", "name": "BARTLETT REGIONAL HOSPITAL", "taxonomy": "General Acute Care Hospital", "address": "3260 HOSPITAL DR JUNEAU AK 99801" }, "geometry": { "type": "Point", "coordinates": [ -134.464983, 58.329259 ] } },
{ "type": "Feature", "properties": { "npi": "1568151983", "name": "BARTLETT REGIONAL HOSPITAL", "taxonomy": "Psychiatry & Neurology, Addiction Psychiatry, Psychiatry & Neurology, Addiction Medicine, Psychiatry & Neurology, Child & Adolescent Psychiatry, Clinic/Center, Adult Mental Health", "address": "3240 HOSPITAL DR JUNEAU AK 99801" }, "geometry": { "type": "Point", "coordinates": [ -134.4688314, 58.3291633 ] } },
{ "type": "Feature", "properties": { "npi": "1144901059", "name": "BARTLETT REGIONAL HOSPITAL", "taxonomy": "Long Term Care Hospital, Skilled Nursing Facility", "address": "2000 SALMON CREEK LN JUNEAU AK 99801" }, "geometry": { "type": "Point", "coordinates": [ -134.466026, 58.330919 ] } },
{ "type": "Feature", "properties": { "npi": "1750951430", "name": "BARTLETT REGIONAL HOSPITAL", "taxonomy": "Behavior Analyst", "address": "3240 HOSPITAL DR JUNEAU AK 99801" }, "geometry": { "type": "Point", "coordinates": [ -134.4688314, 58.3291633 ] } },
{ "type": "Feature", "properties": { "npi": "1780376533", "name": "BARTLETT REGIONAL HOSPITAL", "taxonomy": "Clinic/Center, Mental Health (Including Community Mental Health Center), Community/Behavioral Health", "address": "3240 HOSPITAL DR JUNEAU AK 99801" }, "geometry": { "type": "Point", "coordinates": [ -134.4688314, 58.3291633 ] } },
{ "type": "Feature", "properties": { "npi": "1760171169", "name": "BARTLETT REGIONAL HOSPITAL", "taxonomy": "Home Health", "address": "641 W WILLOUGHBY AVE STE 204 JUNEAU AK 99801" }, "geometry": { "type": "Point", "coordinates": [ -134.4181074, 58.3005851 ] } },
{ "type": "Feature", "properties": { "npi": "1477909067", "name": "BARTLETT REGIONAL HOSPITAL", "taxonomy": "Clinic/Center, Medical Specialty", "address": "3268 HOSPITAL DR STE B JUNEAU AK 99801" }, "geometry": { "type": "Point", "coordinates": [ -134.4685825, 58.3290851 ] } },
{ "type": "Feature", "properties": { "npi": "1851760813", "name": "EVELYN", "taxonomy": "Counselor, Professional", "address": "174 S FRANKLIN ST STE 211 JUNEAU AK 99801" }, "geometry": { "type": "Point", "coordinates": [ -134.4010803, 58.2968972 ] } },
{ "type": "Feature", "properties": { "npi": "1912230418", "name": "KRISTA", "taxonomy": "Massage Therapist", "address": "3245 HOSPITAL DR JUNEAU AK 99801" }, "geometry": { "type": "Point", "coordinates": [ -134.4687872, 58.3291485 ] } },
{ "type": "Feature", "properties": { "npi": "1508756792", "name": "QUINCY", "taxonomy": "Chiropractor", "address": "8391 AIRPORT BLVD JUNEAU AK 99801" }, "geometry": { "type": "Point", "coordinates": [ -134.5691879, 58.3591805 ] } },
{ "type": "Feature", "properties": { "npi": "1841867694", "name": "MANOJ", "taxonomy": "Physical Therapist", "address": "209 MOLLER AVE SITKA AK 99835" }, "geometry": { "type": "Point", "coordinates": [ -135.3439206, 57.0595277 ] } },
{ "type": "Feature", "properties": { "npi": "1013441674", "name": "MICAELA", "taxonomy": "Massage Therapist", "address": "1107 W 8TH ST 10004 GLACIER HWY JUNEAU AK 99801" }, "geometry": { "type": "Point", "coordinates": [ -134.43912, 58.309841 ] } },
{ "type": "Feature", "properties": { "npi": "1518085703", "name": "JENNIFER", "taxonomy": "Registered Nurse, Case Management", "address": "3245 HOSPITAL DR JUNEAU AK 99801" }, "geometry": { "type": "Point", "coordinates": [ -134.4687872, 58.3291485 ] } },
{ "type": "Feature", "properties": { "npi": "1679840763", "name": "LISA", "taxonomy": "Registered Nurse", "address": "222 TONGASS DR SITKA AK 99835" }, "geometry": { "type": "Point", "coordinates": [ -135.3550607, 57.0516959 ] } },
{ "type": "Feature", "properties": { "npi": "1033605175", "name": "KAITLYN", "taxonomy": "Nurse Practitioner, Family", "address": "641 W WILLOUGHBY AVE STE 201 JUNEAU AK 99801" }, "geometry": { "type": "Point", "coordinates": [ -134.4181074, 58.3005851 ] } },
{ "type": "Feature", "properties": { "npi": "1205909702", "name": "KARL", "taxonomy": "Nurse Practitioner, Family", "address": "3245 HOSPITAL DR JUNEAU AK 99801" }, "geometry": { "type": "Point", "coordinates": [ -134.4687872, 58.3291485 ] } },
{ "type": "Feature", "properties": { "npi": "1144901943", "name": "JOSEPH", "taxonomy": "Counselor, Addiction (Substance Use Disorder)", "address": "1209 SEWARD AVE SITKA AK 99835" }, "geometry": { "type": "Point", "coordinates": [ -135.359720900000013, 57.0540108 ] } },
{ "type": "Feature", "properties": { "npi": "1770667693", "name": "BARBARA", "taxonomy": "Dentist, General Practice", "address": "222 TONGASS DR SITKA AK 99835" }, "geometry": { "type": "Point", "coordinates": [ -135.3550607, 57.0516959 ] } },
{ "type": "Feature", "properties": { "npi": "1093869042", "name": "BEANE CHIROPRACTIC", "taxonomy": "Chiropractor, Massage Therapist", "address": "315 LINCOLN ST SUITE 207 SITKA AK 99835" }, "geometry": { "type": "Point", "coordinates": [ -135.3346649, 57.0504882 ] } },
{ "type": "Feature", "properties": { "npi": "1134270895", "name": "PAUL", "taxonomy": "Chiropractor", "address": "315 LINCOLN ST SUITE 207 SITKA AK 99835" }, "geometry": { "type": "Point", "coordinates": [ -135.3346649, 57.0504882 ] } },
{ "type": "Feature", "properties": { "npi": "1326260621", "name": "PHILIP", "taxonomy": "Dentist, General Practice", "address": "608 S NORDIC PETERSBURG AK 99833" }, "geometry": { "type": "Point", "coordinates": [ -132.967634, 56.807652 ] } },
{ "type": "Feature", "properties": { "npi": "1336394584", "name": "DEBORAH", "taxonomy": "Registered Nurse, Emergency", "address": "222 TONGASS DR SITKA AK 99835" }, "geometry": { "type": "Point", "coordinates": [ -135.3550607, 57.0516959 ] } },
{ "type": "Feature", "properties": { "npi": "1467093104", "name": "MARJORIE", "taxonomy": "Counselor, Mental Health, Counselor, Mental Health", "address": "55 HAINES HWY STE 878 HAINES AK 99827" }, "geometry": { "type": "Point", "coordinates": [ -135.4415962, 59.2399782 ] } },
{ "type": "Feature", "properties": { "npi": "1316509409", "name": "ANNETTE", "taxonomy": "Counselor, Addiction (Substance Use Disorder)", "address": "222 TONGASS DR SITKA AK 99835" }, "geometry": { "type": "Point", "coordinates": [ -135.3550607, 57.0516959 ] } },
{ "type": "Feature", "properties": { "npi": "1609098847", "name": "SUSAN", "taxonomy": "Registered Nurse", "address": "3245 HOSPITAL DR JUNEAU AK 99801" }, "geometry": { "type": "Point", "coordinates": [ -134.4687872, 58.3291485 ] } },
{ "type": "Feature", "properties": { "npi": "1669347266", "name": "ROMY", "taxonomy": "Behavior Technician", "address": "113 METLAKATLA ST SITKA AK 99835" }, "geometry": { "type": "Point", "coordinates": [ -135.3195194, 57.0498378 ] } },
{ "type": "Feature", "properties": { "npi": "1710345244", "name": "CHERRI", "taxonomy": "Massage Therapist", "address": "8136 PINEWOOD DR JUNEAU AK 99801" }, "geometry": { "type": "Point", "coordinates": [ -134.5720945, 58.3919958 ] } },
{ "type": "Feature", "properties": { "npi": "1932534542", "name": "SHERRY", "taxonomy": "Registered Nurse, Emergency", "address": "222 TONGASS DR SITKA AK 99835" }, "geometry": { "type": "Point", "coordinates": [ -135.3550607, 57.0516959 ] } },
{ "type": "Feature", "properties": { "npi": "1679234025", "name": "DAISY", "taxonomy": "Community Health Worker", "address": "2075 JORDAN AVE JUNEAU AK 99801" }, "geometry": { "type": "Point", "coordinates": [ -134.579714, 58.361897 ] } },
{ "type": "Feature", "properties": { "npi": "1376119115", "name": "WENDY", "taxonomy": "Respiratory Therapist, Registered", "address": "222 TONGASS DR SITKA AK 99835" }, "geometry": { "type": "Point", "coordinates": [ -135.3550607, 57.0516959 ] } },
{ "type": "Feature", "properties": { "npi": "1811454002", "name": "ROB", "taxonomy": "Counselor, Mental Health", "address": "113 METLAKATLA ST SITKA AK 99835" }, "geometry": { "type": "Point", "coordinates": [ -135.3195194, 57.0498378 ] } },
{ "type": "Feature", "properties": { "npi": "1700980281", "name": "BRIAN", "taxonomy": "Family Medicine, Family Medicine", "address": "3245 HOSPITAL DR JUNEAU AK 99801" }, "geometry": { "type": "Point", "coordinates": [ -134.4687872, 58.3291485 ] } },
{ "type": "Feature", "properties": { "npi": "1659475143", "name": "MIGNON", "taxonomy": "Family Medicine, Family Medicine", "address": "641 WEST WILLOUGHBY AVE SUITE 201 JUNEAU AK 99801" }, "geometry": { "type": "Point", "coordinates": [ -134.4181074, 58.3005851 ] } },
{ "type": "Feature", "properties": { "npi": "1689429060", "name": "ALLISON", "taxonomy": "Registered Nurse, Addiction (Substance Use Disorder), Registered Nurse", "address": "222 TONGASS DR SITKA AK 99835" }, "geometry": { "type": "Point", "coordinates": [ -135.3550607, 57.0516959 ] } },
{ "type": "Feature", "properties": { "npi": "1588964985", "name": "ASHLEY", "taxonomy": "Registered Nurse", "address": "3245 HOSPITAL DR JUNEAU AK 99801" }, "geometry": { "type": "Point", "coordinates": [ -134.4687872, 58.3291485 ] } },
{ "type": "Feature", "properties": { "npi": "1205483385", "name": "DENISE", "taxonomy": "Community Health Worker", "address": "2075 JORDAN AVE JUNEAU AK 99801" }, "geometry": { "type": "Point", "coordinates": [ -134.579714, 58.361897 ] } },
{ "type": "Feature", "properties": { "npi": "1750152989", "name": "LEAH", "taxonomy": "Social Worker", "address": "1046 SALMON CREEK LN JUNEAU AK 99801" }, "geometry": { "type": "Point", "coordinates": [ -134.4691164, 58.3302509 ] } },
{ "type": "Feature", "properties": { "npi": "1558454553", "name": "MICHAEL", "taxonomy": "Optometrist", "address": "9309 GLACIER HWY STE A103 JUNEAU AK 99801" }, "geometry": { "type": "Point", "coordinates": [ -134.589780100000013, 58.3654406 ] } },
{ "type": "Feature", "properties": { "npi": "1811544992", "name": "NANNETTE", "taxonomy": "Technician, Other", "address": "2075 JORDAN AVE JUNEAU AK 99801" }, "geometry": { "type": "Point", "coordinates": [ -134.579714, 58.361897 ] } },
{ "type": "Feature", "properties": { "npi": "1386905404", "name": "CLARA", "taxonomy": "Counselor", "address": "113 METLAKATLA ST SITKA AK 99835" }, "geometry": { "type": "Point", "coordinates": [ -135.3195194, 57.0498378 ] } },
{ "type": "Feature", "properties": { "npi": "1801183728", "name": "A WOMAN'S PLACE LLC", "taxonomy": "Advanced Practice Midwife", "address": "1601 TONGASS AVE SUITE 100 KETCHIKAN AK 99901" }, "geometry": { "type": "Point", "coordinates": [ -131.663214, 55.347238 ] } },
{ "type": "Feature", "properties": { "npi": "1801119219", "name": "A WOMANS PLACE", "taxonomy": "Advanced Practice Midwife", "address": "355 CARLANNA LAKE RD LOWER KETCHIKAN AK 99901" }, "geometry": { "type": "Point", "coordinates": [ -131.687191, 55.355495 ] } },
{ "type": "Feature", "properties": { "npi": "1487344966", "name": "AARO BEHAVIOR CONSULTING", "taxonomy": "Behavior Analyst", "address": "4 OLD SKID ROAD THORNE BAY AK 99919" }, "geometry": { "type": "Point", "coordinates": [ -132.5075, 55.66861 ] } },
{ "type": "Feature", "properties": { "npi": "1982838553", "name": "KIMBERLY", "taxonomy": "Social Worker, Clinical, Behavior Analyst", "address": "1800 CRAIG-KLAWOCK HWY #241 CRAIG AK 99921" }, "geometry": { "type": "Point", "coordinates": [ -133.140085, 55.476844 ] } },
{ "type": "Feature", "properties": { "npi": "1306500624", "name": "NANCY", "taxonomy": "Massage Therapist", "address": "6701 HEMLOCK STREET SUITE 2 KIAWOCK AK 99925" }, "geometry": { "type": "Point", "coordinates": [ -133.086355, 55.554179 ] } },
{ "type": "Feature", "properties": { "npi": "1699532499", "name": "ACCESS BEHAVIORAL SERVICES, LLC", "taxonomy": "Behavior Analyst", "address": "3212 TIMBERLINE CT KETCHIKAN AK 99901" }, "geometry": { "type": "Point", "coordinates": [ -131.681437499999987, 55.360256 ] } },
{ "type": "Feature", "properties": { "npi": "1598437519", "name": "ACCESS BEHAVIORAL SERVICES, LLC", "taxonomy": "Behavior Analyst", "address": "445 MAIN ST APT B KETCHIKAN AK 99901" }, "geometry": { "type": "Point", "coordinates": [ -131.6485329, 55.3437095 ] } },
{ "type": "Feature", "properties": { "npi": "1326637364", "name": "KADEN", "taxonomy": "Counselor, Mental Health", "address": "110 LYNCH STREET WRANGELL AK 99929" }, "geometry": { "type": "Point", "coordinates": [ -132.38411880000001, 56.4713989 ] } },
{ "type": "Feature", "properties": { "npi": "1255937769", "name": "KAYLA", "taxonomy": "Community Health Worker, Counselor, Mental Health", "address": "1300 N YORKTOWN DR APT F2 KETCHIKAN AK 99901" }, "geometry": { "type": "Point", "coordinates": [ -131.639096, 55.349292 ] } },
{ "type": "Feature", "properties": { "npi": "1750929014", "name": "AKEELA INC", "taxonomy": "Substance Abuse Rehabilitation Facility", "address": "126 WASHINGTON ST KETCHIKAN AK 99901" }, "geometry": { "type": "Point", "coordinates": [ -131.67205, 55.349898 ] } },
{ "type": "Feature", "properties": { "npi": "1689820979", "name": "AKEELA INC", "taxonomy": "Community/Behavioral Health, Clinic/Center, Community Health, Clinic/Center, Adult Mental Health, Clinic/Center, Adolescent and Children Mental Health, Community Based Residential Treatment Facility, Mental Illness, Substance Abuse Rehabilitation Facility", "address": "3050 FIFTH AVE KETCHIKAN AK 99901" }, "geometry": { "type": "Point", "coordinates": [ -152.0714911, 65.1747847 ] } },
{ "type": "Feature", "properties": { "npi": "1164163259", "name": "ALASKA COUNSELOR LPC", "taxonomy": "Community/Behavioral Health", "address": "1200 TONGASS AVE KETCHIKAN AK 99901" }, "geometry": { "type": "Point", "coordinates": [ -131.6572, 55.345074 ] } },
{ "type": "Feature", "properties": { "npi": "1619197662", "name": "ALASKA ISLAND COMMUNITY SERVICES", "taxonomy": "Clinic/Center, Rehabilitation, Substance Use Disorder", "address": "333 CHURCH ST WRANGELL AK 99929" }, "geometry": { "type": "Point", "coordinates": [ -132.381297499999988, 56.4715181 ] } },
{ "type": "Feature", "properties": { "npi": "1881749430", "name": "ALASKA ISLAND COMMUNITY SERVICES", "taxonomy": "Clinic/Center, Community Health", "address": "#1 MAIN WHALE PASS AK 99950" }, "geometry": { "type": "Point", "coordinates": [ -132.825647, 55.205435 ] } },
{ "type": "Feature", "properties": { "npi": "1831319227", "name": "ALASKA ISLAND COMMUNITY SERVICES", "taxonomy": "Clinic/Center, Mental Health (Including Community Mental Health Center)", "address": "333 CHURCH STREET WRANGELL AK 99929" }, "geometry": { "type": "Point", "coordinates": [ -132.381297499999988, 56.4715181 ] } },
{ "type": "Feature", "properties": { "npi": "1891915849", "name": "ALASKA ISLAND COMMUNITY SERVICES", "taxonomy": "Day Training, Developmentally Disabled Services", "address": "333 CHURCH ST WRANGELL AK 99929" }, "geometry": { "type": "Point", "coordinates": [ -132.381297499999988, 56.4715181 ] } },
{ "type": "Feature", "properties": { "npi": "1477003978", "name": "ALASKA ISLAND COMMUNITY SERVICES", "taxonomy": "Clinic/Center, Federally Qualified Health Center (FQHC)", "address": "110 LYNCH STREET WRANGELL AK 99929" }, "geometry": { "type": "Point", "coordinates": [ -132.38411880000001, 56.4713989 ] } },
{ "type": "Feature", "properties": { "npi": "1568912137", "name": "ALASKA ISLAND COMMUNITY SERVICES", "taxonomy": "Clinic/Center, Federally Qualified Health Center (FQHC)", "address": "110 LYNCH STREET WRANGELL AK 99929" }, "geometry": { "type": "Point", "coordinates": [ -132.38411880000001, 56.4713989 ] } },
{ "type": "Feature", "properties": { "npi": "1851649305", "name": "ALASKA ISLAND COMMUNITY SERVICES", "taxonomy": "Clinic/Center, Community Health", "address": "232 WOOD ST WRANGELL AK 99929" }, "geometry": { "type": "Point", "coordinates": [ -132.374065300000012, 56.4548656 ] } },
{ "type": "Feature", "properties": { "npi": "1841497815", "name": "ALASKA ISLAND COMMUNITY SERVICES", "taxonomy": "Clinic/Center, Developmental Disabilities", "address": "333 CHURCH ST WRANGELL AK 99929" }, "geometry": { "type": "Point", "coordinates": [ -132.381297499999988, 56.4715181 ] } },
{ "type": "Feature", "properties": { "npi": "1710032362", "name": "ALASKA ISLAND COMMUNITY SERVICES", "taxonomy": "Clinic/Center, Community Health", "address": "320 BENNETT ST WRANAGELL AK 99929" }, "geometry": { "type": "Point", "coordinates": [ -132.3763389, 56.4715401 ] } },
{ "type": "Feature", "properties": { "npi": "1578600490", "name": "ALASKA ISLAND COMMUNITY SERVICES", "taxonomy": "Clinic/Center, Community Health", "address": "320 BENNETT ST POINT BAKER COMMUNITY BUILDING PT BAKER AK 99927" }, "geometry": { "type": "Point", "coordinates": [ -132.375817, 56.472331 ] } },
{ "type": "Feature", "properties": { "npi": "1710216544", "name": "ALASKA ISLAND COMMUNITY SERVICES", "taxonomy": "Pharmacy, Pharmacy, Community/Retail Pharmacy, Pharmacy, Clinic Pharmacy", "address": "333 CHURCH ST WRANGELL AK 99929" }, "geometry": { "type": "Point", "coordinates": [ -132.381297499999988, 56.4715181 ] } },
{ "type": "Feature", "properties": { "npi": "1528288578", "name": "ALASKA ISLAND COMMUNITY SERVICES", "taxonomy": "Clinic/Center, Multi-Specialty", "address": "333 CHURCH STREET WRANGELL AK 99929" }, "geometry": { "type": "Point", "coordinates": [ -132.381297499999988, 56.4715181 ] } },
{ "type": "Feature", "properties": { "npi": "1689729980", "name": "ALASKA ISLAND COMMUNITY SERVICES", "taxonomy": "Clinic/Center, Community Health", "address": "102 HARPOON WAY COFFMAN COVE AK 99929" }, "geometry": { "type": "Point", "coordinates": [ -132.830961, 56.016641 ] } },
{ "type": "Feature", "properties": { "npi": "1508912668", "name": "ALASKA ISLAND COMMUNITY SERVICES", "taxonomy": "Clinic/Center, Community Health", "address": "SUNRISE LODGE EDNA BAY AK 99901" }, "geometry": { "type": "Point", "coordinates": [ -131.105347, 55.540405 ] } },
{ "type": "Feature", "properties": { "npi": "1861740284", "name": "ALASKA ISLAND COMMUNITY SERVICES", "taxonomy": "Clinic/Center, Community Health", "address": "1 FISH PLANT WAY EXCURSION INLET AK 99950" }, "geometry": { "type": "Point", "coordinates": [ -131.432682, 55.542007 ] } },
{ "type": "Feature", "properties": { "npi": "1710033501", "name": "ALASKA ISLAND COMMUNITY SERVICES", "taxonomy": "Clinic/Center, Community Health", "address": "#1 MAIN PT PROTECTION AK 99927" }, "geometry": { "type": "Point", "coordinates": [ -132.825647, 55.205435 ] } },
{ "type": "Feature", "properties": { "npi": "1952422859", "name": "ALASKA ISLAND COMMUNITY SERVICES", "taxonomy": "Clinic/Center, Federally Qualified Health Center (FQHC)", "address": "NAUKATI COMMUNITY SCHOOL NAUKATI AK 99950" }, "geometry": { "type": "Point", "coordinates": [ -131.576945, 55.129044 ] } },
{ "type": "Feature", "properties": { "npi": "1265536379", "name": "DAVID", "taxonomy": "Dentist, General Practice", "address": "130 CARLANNA LAKE ROAD KETCHIKAN AK 99901" }, "geometry": { "type": "Point", "coordinates": [ -131.688172, 55.354551 ] } },
{ "type": "Feature", "properties": { "npi": "1689277097", "name": "DAWN", "taxonomy": "Peer Specialist, Counselor, Mental Health", "address": "721 STEDMAN ST KETCHIKAN AK 99901" }, "geometry": { "type": "Point", "coordinates": [ -131.632004200000011, 55.3370831 ] } },
{ "type": "Feature", "properties": { "npi": "1609823525", "name": "JOHN", "taxonomy": "Physical Therapist", "address": "506 3RD ST CRAIG AK 99921" }, "geometry": { "type": "Point", "coordinates": [ -133.151339900000011, 55.4760555 ] } },
{ "type": "Feature", "properties": { "npi": "1336880962", "name": "ALESSANDRA", "taxonomy": "Counselor, Mental Health", "address": "721 STEDMAN ST KETCHIKAN AK 99901" }, "geometry": { "type": "Point", "coordinates": [ -131.632004200000011, 55.3370831 ] } },
{ "type": "Feature", "properties": { "npi": "1437898095", "name": "VALERIE", "taxonomy": "Counselor, Mental Health", "address": "606 HILL RD KETCHIKAN AK 99901" }, "geometry": { "type": "Point", "coordinates": [ -131.6897569, 55.3605121 ] } },
{ "type": "Feature", "properties": { "npi": "1841533635", "name": "FOREST", "taxonomy": "Counselor, Mental Health", "address": "13004 KLAWOCK HOLLIS HIGHWAY KLAWOCK AK 99925" }, "geometry": { "type": "Point", "coordinates": [ -133.096349800000013, 55.5509092 ] } },
{ "type": "Feature", "properties": { "npi": "1992412324", "name": "JASON", "taxonomy": "Counselor, Mental Health", "address": "2281 OYSTER AVE KETCHIKAN AK 99901" }, "geometry": { "type": "Point", "coordinates": [ -131.6062392, 55.3241565 ] } },
{ "type": "Feature", "properties": { "npi": "1437877610", "name": "KATRINA", "taxonomy": "Community Health Worker", "address": "1271 8TH AVENUE 1271 8TH AVENUE METLAKATLA AK 99926" }, "geometry": { "type": "Point", "coordinates": [ -131.5747546, 55.1260469 ] } },
{ "type": "Feature", "properties": { "npi": "1932824687", "name": "MICHAEL", "taxonomy": "Community Health Worker", "address": "1054 RAVEN STREET METLAKATLA AK 99926" }, "geometry": { "type": "Point", "coordinates": [ -131.5768635, 55.1186123 ] } },
{ "type": "Feature", "properties": { "npi": "1881278828", "name": "SHALLYN", "taxonomy": "Community Health Worker, Counselor, Mental Health", "address": "1271 8TH AVE METLAKATLA AK 99926" }, "geometry": { "type": "Point", "coordinates": [ -131.5747546, 55.1260469 ] } },
{ "type": "Feature", "properties": { "npi": "1710264148", "name": "CAITLIN", "taxonomy": "Counselor, Mental Health, Social Worker, Social Worker, Clinical", "address": "1383 DEER MOUNTAIN CT KETCHIKAN AK 99901" }, "geometry": { "type": "Point", "coordinates": [ -131.626388100000014, 55.3408208 ] } },
{ "type": "Feature", "properties": { "npi": "1700525805", "name": "VANESSA", "taxonomy": "Community Health Worker", "address": "1271 8TH AVENUE METLAKATLA AK 99926" }, "geometry": { "type": "Point", "coordinates": [ -131.5747546, 55.1260469 ] } },
{ "type": "Feature", "properties": { "npi": "1932346053", "name": "APOLLO MT, LLC", "taxonomy": "Ambulance, Land Transport", "address": "360 ANCHORAGE ST KLAWOCK AK 99925" }, "geometry": { "type": "Point", "coordinates": [ -133.0940187, 55.5565083 ] } },
{ "type": "Feature", "properties": { "npi": "1023463577", "name": "ARCTIC CHIROPRACTIC AND PHYSICAL MEDICINE KETCHIKAN", "taxonomy": "Physical Therapist, Chiropractor", "address": "2050 SEA LEVEL DR SUITE 106 KETCHIKAN AK 99901" }, "geometry": { "type": "Point", "coordinates": [ -131.671079, 55.3485364 ] } },
{ "type": "Feature", "properties": { "npi": "1265905475", "name": "ARCTIC CHIROPRACTIC WRANGELL, LLC", "taxonomy": "Chiropractor", "address": "109 LYNCH ST SUITE B WRANGELL AK 99929" }, "geometry": { "type": "Point", "coordinates": [ -132.3843876, 56.4714681 ] } },
{ "type": "Feature", "properties": { "npi": "1235836883", "name": "ALLYSON", "taxonomy": "Counselor", "address": "201 DEERMOUNT ST FL 2 KETCHIKAN AK 99901" }, "geometry": { "type": "Point", "coordinates": [ -131.636868, 55.339363 ] } },
{ "type": "Feature", "properties": { "npi": "1821787045", "name": "JILL-NICOLE", "taxonomy": "Behavior Analyst", "address": "3212 TIMBERLINE CT KETCHIKAN AK 99901" }, "geometry": { "type": "Point", "coordinates": [ -131.681437499999987, 55.360256 ] } },
{ "type": "Feature", "properties": { "npi": "1033715545", "name": "CANDICE", "taxonomy": "Counselor, Mental Health, Community Health Worker", "address": "501 PINE ST KETCHIKAN AK 99901" }, "geometry": { "type": "Point", "coordinates": [ -131.647588, 55.344134 ] } },
{ "type": "Feature", "properties": { "npi": "1982090718", "name": "JASON", "taxonomy": "Registered Nurse, Nurse Anesthetist, Certified Registered, Nurse Anesthetist, Certified Registered, Nurse Anesthetist, Certified Registered", "address": "3100 TONGASS AVE KETCHIKAN AK 99901" }, "geometry": { "type": "Point", "coordinates": [ -131.6870216, 55.3535231 ] } },
{ "type": "Feature", "properties": { "npi": "1912699166", "name": "JUDITH", "taxonomy": "Counselor, Mental Health", "address": "1800 CRAIG-KLAWOCK HWY #241 CRAIG AK 99921" }, "geometry": { "type": "Point", "coordinates": [ -133.140085, 55.476844 ] } },
{ "type": "Feature", "properties": { "npi": "1063544369", "name": "SHARON", "taxonomy": "Pharmacy Technician", "address": "2960 TONGASS AVE SUITE 403 KETCHIKAN AK 99901" }, "geometry": { "type": "Point", "coordinates": [ -131.6830778, 55.3520372 ] } },
{ "type": "Feature", "properties": { "npi": "1457739872", "name": "AURORA CARE", "taxonomy": "Case Management", "address": "3250 DENALI AVE APT 30 KETCHIKAN AK 99901" }, "geometry": { "type": "Point", "coordinates": [ -131.683391300000011, 55.3581406 ] } },
{ "type": "Feature", "properties": { "npi": "1114147758", "name": "CYNTHIA", "taxonomy": "Registered Nurse, Case Management", "address": "7300 KLAWOCK HOLLIS HWY KLAWOCK AK 99925" }, "geometry": { "type": "Point", "coordinates": [ -133.096349800000013, 55.5509092 ] } },
{ "type": "Feature", "properties": { "npi": "1962097535", "name": "ASHLEY", "taxonomy": "Counselor, Mental Health", "address": "721 STEDMAN ST KETCHIKAN AK 99901" }, "geometry": { "type": "Point", "coordinates": [ -131.632004200000011, 55.3370831 ] } },
{ "type": "Feature", "properties": { "npi": "1164026977", "name": "BROOKE", "taxonomy": "Counselor, Mental Health", "address": "2524 FIRST AVE KETCHIKAN AK 99901" }, "geometry": { "type": "Point", "coordinates": [ -152.056732399999987, 65.1684352 ] } },
{ "type": "Feature", "properties": { "npi": "1629669593", "name": "SHAHMEER", "taxonomy": "Counselor, Mental Health", "address": "110 LYNCH STREET WRANGELL AK 99929" }, "geometry": { "type": "Point", "coordinates": [ -132.38411880000001, 56.4713989 ] } },
{ "type": "Feature", "properties": { "npi": "1477382786", "name": "BLAKE", "taxonomy": "Pharmacist, Ambulatory Care", "address": "2960 TONGASS AVE KETCHIKAN AK 99901" }, "geometry": { "type": "Point", "coordinates": [ -131.6830778, 55.3520372 ] } },
{ "type": "Feature", "properties": { "npi": "1053623462", "name": "NATALYA", "taxonomy": "Registered Nurse, Registered Nurse, General Practice, Registered Nurse, General Practice", "address": "6341 E STREET KLAWOCK AK 99925" }, "geometry": { "type": "Point", "coordinates": [ -133.0768511, 55.5561647 ] } },
{ "type": "Feature", "properties": { "npi": "1326506866", "name": "BALANCE AND NOURISH, LLC", "taxonomy": "Dietitian, Registered", "address": "540 WATER ST STE 101 KETCHIKAN AK 99901" }, "geometry": { "type": "Point", "coordinates": [ -131.6580753, 55.3455899 ] } },
{ "type": "Feature", "properties": { "npi": "1316609019", "name": "CHRISTINA", "taxonomy": "Counselor, Mental Health", "address": "606 HILL RD KETCHIKAN AK 99901" }, "geometry": { "type": "Point", "coordinates": [ -131.6897569, 55.3605121 ] } },
{ "type": "Feature", "properties": { "npi": "1982854980", "name": "PATRICK", "taxonomy": "Family Medicine, Family Medicine", "address": "1800 CRAIG-KLAWOCK RD CRAIG AK 99921" }, "geometry": { "type": "Point", "coordinates": [ -133.140085, 55.476844 ] } },
{ "type": "Feature", "properties": { "npi": "1427460997", "name": "GERRY", "taxonomy": "Case Manager/Care Coordinator", "address": "2960 TONGASS AVE KETCHIKAN AK 99901" }, "geometry": { "type": "Point", "coordinates": [ -131.6830778, 55.3520372 ] } },
{ "type": "Feature", "properties": { "npi": "1427618875", "name": "THOMAS", "taxonomy": "Counselor, Mental Health", "address": "110 LYNCH STREET WRANGELL AK 99929" }, "geometry": { "type": "Point", "coordinates": [ -132.38411880000001, 56.4713989 ] } },
{ "type": "Feature", "properties": { "npi": "1316025935", "name": "DANICA", "taxonomy": "Emergency Medicine, Emergency Medicine, Emergency Medicine", "address": "3100 TONGASS AVE KETCHIKAN AK 99901" }, "geometry": { "type": "Point", "coordinates": [ -131.6870216, 55.3535231 ] } },
{ "type": "Feature", "properties": { "npi": "1831697754", "name": "SARAH", "taxonomy": "Nurse Practitioner, Family", "address": "3524 TONGASS AVE KETCHIKAN AK 99901" }, "geometry": { "type": "Point", "coordinates": [ -131.6925467, 55.3555794 ] } },
{ "type": "Feature", "properties": { "npi": "1225523400", "name": "FRANK", "taxonomy": "Social Worker, Clinical", "address": "603 DEERMOUNT ST KETCHIKAN AK 99901" }, "geometry": { "type": "Point", "coordinates": [ -131.633670099999989, 55.3420188 ] } },
{ "type": "Feature", "properties": { "npi": "1215695416", "name": "BE WELL COUNSELING LLC", "taxonomy": "Community/Behavioral Health", "address": "540 WATER ST STE 202 KETCHIKAN AK 99901" }, "geometry": { "type": "Point", "coordinates": [ -131.6580753, 55.3455899 ] } },
{ "type": "Feature", "properties": { "npi": "1336584978", "name": "KRISTINE", "taxonomy": "Speech-Language Pathologist,  ", "address": "333 SCHOENBAR RD KETCHIKAN AK 99901" }, "geometry": { "type": "Point", "coordinates": [ -131.636295100000012, 55.3445915 ] } },
{ "type": "Feature", "properties": { "npi": "1992335319", "name": "ERIN", "taxonomy": "Counselor, Addiction (Substance Use Disorder)", "address": "201 DEERMOUNT ST KETCHIKAN AK 99901" }, "geometry": { "type": "Point", "coordinates": [ -131.636868, 55.339363 ] } },
{ "type": "Feature", "properties": { "npi": "1902404106", "name": "JESSE", "taxonomy": "Counselor, Mental Health", "address": "110 LYNCH ST WRANGELL AK 99929" }, "geometry": { "type": "Point", "coordinates": [ -132.38411880000001, 56.4713989 ] } },
{ "type": "Feature", "properties": { "npi": "1285316612", "name": "KAYLA", "taxonomy": "Counselor, Mental Health", "address": "3050 FIFTH AVE KETCHIKAN AK 99901" }, "geometry": { "type": "Point", "coordinates": [ -152.0714911, 65.1747847 ] } },
{ "type": "Feature", "properties": { "npi": "1215490503", "name": "BELIZE MEDICAL ASSOCIATES", "taxonomy": "General Acute Care Hospital", "address": "5791 ST. THOMAS ST. BELIZE CITY BELIZE 99999" }, "geometry": { "type": "Point", "coordinates": [ -88.1941094, 17.5101121 ] } },
{ "type": "Feature", "properties": { "npi": "1386485563", "name": "JAMIE", "taxonomy": "Counselor, Mental Health", "address": "1 5TH ST HYDABURG AK 99922" }, "geometry": { "type": "Point", "coordinates": [ -132.826041, 55.207951 ] } },
{ "type": "Feature", "properties": { "npi": "1912799248", "name": "TARYN RAE", "taxonomy": "Counselor, Mental Health", "address": "#1 5TH ST HYDABURG AK 99922" }, "geometry": { "type": "Point", "coordinates": [ -132.8260816, 55.2078666 ] } },
{ "type": "Feature", "properties": { "npi": "1184233132", "name": "TRACY", "taxonomy": "Registered Nurse, Registered Nurse, Nurse Practitioner, Nurse Practitioner, Family", "address": "3528 TONGASS AVE KETCHIKAN AK 99901" }, "geometry": { "type": "Point", "coordinates": [ -131.6926164, 55.356056 ] } },
{ "type": "Feature", "properties": { "npi": "1588282537", "name": "FAYLENE", "taxonomy": "Case Manager/Care Coordinator", "address": "3050 FIFTH AVE KETCHIKAN AK 99901" }, "geometry": { "type": "Point", "coordinates": [ -152.0714911, 65.1747847 ] } },
{ "type": "Feature", "properties": { "npi": "1164006169", "name": "STEVEN", "taxonomy": "Massage Therapist", "address": "2050 SEA LEVEL DR STE 106 KETCHIKAN AK 99901" }, "geometry": { "type": "Point", "coordinates": [ -131.671079, 55.3485364 ] } },
{ "type": "Feature", "properties": { "npi": "1518331834", "name": "JENNIFER", "taxonomy": "Registered Nurse", "address": "3054 FIFTH AVE KETCHIKAN AK 99901" }, "geometry": { "type": "Point", "coordinates": [ -152.0714911, 65.1747847 ] } },
{ "type": "Feature", "properties": { "npi": "1851100036", "name": "TRISHA", "taxonomy": "Counselor, Mental Health", "address": "2514 FIRST AVE KETCHIKAN AK 99901" }, "geometry": { "type": "Point", "coordinates": [ -152.056732399999987, 65.1684352 ] } },
{ "type": "Feature", "properties": { "npi": "1528190287", "name": "SANDRA", "taxonomy": "Pharmacist", "address": "2960 TONGASS AVE KETCHIKAN AK 99901" }, "geometry": { "type": "Point", "coordinates": [ -131.6830778, 55.3520372 ] } },
{ "type": "Feature", "properties": { "npi": "1205968864", "name": "LISA", "taxonomy": "Dental Hygienist", "address": "2960 TONGASS AVE SUITE 403 KETCHIKAN AK 99901" }, "geometry": { "type": "Point", "coordinates": [ -131.6830778, 55.3520372 ] } },
{ "type": "Feature", "properties": { "npi": "1972966851", "name": "SEAN", "taxonomy": "Pediatrics", "address": "PEACEHEALTH MEDICAL GROUP 3100 TONGASS AVE KETCHIKAN AK 99901" }, "geometry": { "type": "Point", "coordinates": [ -131.686269, 55.35282 ] } },
{ "type": "Feature", "properties": { "npi": "1487336830", "name": "HANNAH", "taxonomy": "Speech-Language Pathologist,  ", "address": "333 SCHOENBAR RD KETCHIKAN AK 99901" }, "geometry": { "type": "Point", "coordinates": [ -131.636295100000012, 55.3445915 ] } },
{ "type": "Feature", "properties": { "npi": "1043107147", "name": "JOHN", "taxonomy": "Physical Therapist", "address": "232 WOOD ST WRANGELL AK 99929" }, "geometry": { "type": "Point", "coordinates": [ -132.374065300000012, 56.4548656 ] } },
{ "type": "Feature", "properties": { "npi": "1043197544", "name": "BILL UP MED", "taxonomy": "Case Management", "address": "AV. TEPIC SUR 1508-A NAYARIT NAYARIT 99999" }, "geometry": { "type": "Point", "coordinates": [ -104.9111318, 21.5010729 ] } },
{ "type": "Feature", "properties": { "npi": "1912503285", "name": "JAZMYN", "taxonomy": "Counselor, Mental Health", "address": "1800 CRAIG-KLAWOCK HWY CRAIG AK 99921" }, "geometry": { "type": "Point", "coordinates": [ -133.1343271, 55.4908045 ] } },
{ "type": "Feature", "properties": { "npi": "1861522773", "name": "BJORGE HOUSE ENTERPRISES", "taxonomy": "Residential Treatment Facility, Physical Disabilities", "address": "127 CHURCH STREET WRANGELL AK 99929" }, "geometry": { "type": "Point", "coordinates": [ -132.3844224, 56.472228 ] } },
{ "type": "Feature", "properties": { "npi": "1851997118", "name": "DEBORAH", "taxonomy": "Counselor, Mental Health", "address": "1800 CRAIG-KLAWOCK HWY CRAIG AK 99921" }, "geometry": { "type": "Point", "coordinates": [ -133.1343271, 55.4908045 ] } },
{ "type": "Feature", "properties": { "npi": "1063016491", "name": "ELIAS", "taxonomy": "Counselor, Mental Health", "address": "2951 BARANOF AVENUE KETCHIKAN AK 99901" }, "geometry": { "type": "Point", "coordinates": [ -131.6813733, 55.3543994 ] } },
{ "type": "Feature", "properties": { "npi": "1306440730", "name": "JASMIN", "taxonomy": "Counselor, Mental Health", "address": "2951 BARANOF AVENUE KETCHIKAN AK 99901" }, "geometry": { "type": "Point", "coordinates": [ -131.6813733, 55.3543994 ] } },
{ "type": "Feature", "properties": { "npi": "1730782707", "name": "MAX", "taxonomy": "Counselor, Mental Health, Community Health Worker", "address": "LOT 3C BLOCK 5 GOOSE CREEK THORNE BAY AK 99919" }, "geometry": { "type": "Point", "coordinates": [ -132.6131074, 55.6829477 ] } },
{ "type": "Feature", "properties": { "npi": "1568065720", "name": "TARA", "taxonomy": "Community Health Worker, Counselor, Mental Health", "address": "1800 CRAIG KLAWOCK HWY # 241 CRAIG AK 99921" }, "geometry": { "type": "Point", "coordinates": [ -133.140085, 55.476844 ] } },
{ "type": "Feature", "properties": { "npi": "1366326878", "name": "MATTHEW TOBIAS ANDREW", "taxonomy": "Counselor, Mental Health", "address": "721 STEDMAN ST KETCHIKAN AK 99901" }, "geometry": { "type": "Point", "coordinates": [ -131.632004200000011, 55.3370831 ] } },
{ "type": "Feature", "properties": { "npi": "1932881257", "name": "MAYJESSTIK", "taxonomy": "Counselor, Mental Health", "address": "2514 FIRST AVE KETCHIKAN AK 99901" }, "geometry": { "type": "Point", "coordinates": [ -152.056732399999987, 65.1684352 ] } },
{ "type": "Feature", "properties": { "npi": "1063809663", "name": "ELIZABETH", "taxonomy": "Case Manager/Care Coordinator", "address": "333 CHURCH STREET WRANGELL AK 99929" }, "geometry": { "type": "Point", "coordinates": [ -132.381297499999988, 56.4715181 ] } },
{ "type": "Feature", "properties": { "npi": "1588482079", "name": "BETSY", "taxonomy": "Community Health Worker", "address": "1271 8TH AVENUE METLAKATLA AK 99926" }, "geometry": { "type": "Point", "coordinates": [ -131.5747546, 55.1260469 ] } },
{ "type": "Feature", "properties": { "npi": "1508827163", "name": "EDWARD", "taxonomy": "Technician, Other", "address": "1300 STEDMAN ST KETCHIKAN AK 99901" }, "geometry": { "type": "Point", "coordinates": [ -131.626030899999989, 55.3328329 ] } },
{ "type": "Feature", "properties": { "npi": "1346905999", "name": "DOUGLAS", "taxonomy": "Counselor, Mental Health, Counselor", "address": "1271 8TH AVE METLAKATLA AK 99926" }, "geometry": { "type": "Point", "coordinates": [ -131.5747546, 55.1260469 ] } },
{ "type": "Feature", "properties": { "npi": "1255857702", "name": "TORRIE", "taxonomy": "Pharmacist", "address": "3526 TONGASS AVE KETCHIKAN AK 99901" }, "geometry": { "type": "Point", "coordinates": [ -131.69235, 55.35596 ] } },
{ "type": "Feature", "properties": { "npi": "1114736899", "name": "BOUNTIFUL", "taxonomy": "Meals", "address": "25 JEFFERSON WAY STE 102 KETCHIKAN AK 99901" }, "geometry": { "type": "Point", "coordinates": [ -131.675318, 55.349008 ] } },
{ "type": "Feature", "properties": { "npi": "1073579678", "name": "BRENDA", "taxonomy": "Nurse Practitioner, Family, Nurse Practitioner, Family", "address": "1800 CRAIG-KLAWOCK HIGHWAY CRAIG AK 99921" }, "geometry": { "type": "Point", "coordinates": [ -133.1343271, 55.4908045 ] } },
{ "type": "Feature", "properties": { "npi": "1356033500", "name": "RYAN", "taxonomy": "Counselor, Mental Health", "address": "1800 CRAIG-KLAWOCK HWY CRAIG AK 99901" }, "geometry": { "type": "Point", "coordinates": [ -133.103952099999987, 55.536989 ] } },
{ "type": "Feature", "properties": { "npi": "1831306950", "name": "DON", "taxonomy": "Pharmacist, Pharmacist, Pharmacist", "address": "4230 DON KING RD KETCHIKAN AK 99901" }, "geometry": { "type": "Point", "coordinates": [ -131.7204031, 55.3755086 ] } },
{ "type": "Feature", "properties": { "npi": "1487514543", "name": "RICHARD", "taxonomy": "Registered Nurse", "address": "3100 TONGASS AVE KETCHIKAN AK 99901" }, "geometry": { "type": "Point", "coordinates": [ -131.6870216, 55.3535231 ] } },
{ "type": "Feature", "properties": { "npi": "1760679641", "name": "ELIZABETH", "taxonomy": "Case Manager/Care Coordinator", "address": "201 DEERMOUNT ST KETCHIKAN AK 99901" }, "geometry": { "type": "Point", "coordinates": [ -131.636868, 55.339363 ] } },
{ "type": "Feature", "properties": { "npi": "1205425006", "name": "ANN", "taxonomy": "Counselor, Mental Health", "address": "110 LYNCH STREET WRANGELL AK 99929" }, "geometry": { "type": "Point", "coordinates": [ -132.38411880000001, 56.4713989 ] } },
{ "type": "Feature", "properties": { "npi": "1295208783", "name": "ALICIA", "taxonomy": "Spec/Tech, Pathology, Medical Technologist, Massage Therapist", "address": "344 FRONT ST STE A KETCHIKAN AK 99901" }, "geometry": { "type": "Point", "coordinates": [ -131.6479028, 55.3423396 ] } },
{ "type": "Feature", "properties": { "npi": "1184315350", "name": "BREAKING BARRIERS LLC", "taxonomy": "Speech-Language Pathologist,  ", "address": "333 SCHOENBAR RD KETCHIKAN AK 99901" }, "geometry": { "type": "Point", "coordinates": [ -131.636295100000012, 55.3445915 ] } },
{ "type": "Feature", "properties": { "npi": "1457138711", "name": "COLLEEN", "taxonomy": "Community Health Worker", "address": "1271 8TH AVENUE METLAKATLA AK 99926" }, "geometry": { "type": "Point", "coordinates": [ -131.5747546, 55.1260469 ] } },
{ "type": "Feature", "properties": { "npi": "1871271536", "name": "DANIEL", "taxonomy": "Social Worker, Clinical", "address": "563 BRENDIBLE STREET METLAKATLA AK 99926" }, "geometry": { "type": "Point", "coordinates": [ -131.5754336, 55.1247753 ] } },
{ "type": "Feature", "properties": { "npi": "1902544026", "name": "SIDNEY", "taxonomy": "Community Health Worker", "address": "1271 8TH AVENUE METLAKATLA AK 99926" }, "geometry": { "type": "Point", "coordinates": [ -131.5747546, 55.1260469 ] } },
{ "type": "Feature", "properties": { "npi": "1205574340", "name": "THOMAS", "taxonomy": "Community Health Worker", "address": "1271 8TH AVENUE METLAKATLA AK 99926" }, "geometry": { "type": "Point", "coordinates": [ -131.5747546, 55.1260469 ] } },
{ "type": "Feature", "properties": { "npi": "1295499754", "name": "TRISHTA", "taxonomy": "Counselor, Mental Health", "address": "1271 8TH AVENUE METLAKATLA AK 99926" }, "geometry": { "type": "Point", "coordinates": [ -131.5747546, 55.1260469 ] } },
{ "type": "Feature", "properties": { "npi": "1528713278", "name": "BETTINA", "taxonomy": "Counselor, Mental Health", "address": "105 COVE STREET, UNIT 2B CRAIG AK 99921" }, "geometry": { "type": "Point", "coordinates": [ -133.144989, 55.476676 ] } },
{ "type": "Feature", "properties": { "npi": "1396393567", "name": "NANCY", "taxonomy": "Pharmacist", "address": "3526 TONGASS AVE KETCHIKAN AK 99901" }, "geometry": { "type": "Point", "coordinates": [ -131.69235, 55.35596 ] } },
{ "type": "Feature", "properties": { "npi": "1316185499", "name": "TIMOTHY", "taxonomy": "Physician Assistant", "address": "2960 TONGASS AVENUE KETCHIKAN AK 99901" }, "geometry": { "type": "Point", "coordinates": [ -131.6830778, 55.3520372 ] } },
{ "type": "Feature", "properties": { "npi": "1427647338", "name": "MATTHEW", "taxonomy": "Counselor, Mental Health", "address": "110 LYNCH STREET WRANGELL AK 99929" }, "geometry": { "type": "Point", "coordinates": [ -132.38411880000001, 56.4713989 ] } },
{ "type": "Feature", "properties": { "npi": "1487359105", "name": "JESSIE", "taxonomy": "Counselor, Mental Health", "address": "1800 CRAIG-KLAWOCK HWY CRAIG AK 99901" }, "geometry": { "type": "Point", "coordinates": [ -133.103952099999987, 55.536989 ] } },
{ "type": "Feature", "properties": { "npi": "1629418272", "name": "SCOTT", "taxonomy": "Dentist, Dentist", "address": "407 SPRUCE ST. CRAIG AK 99921" }, "geometry": { "type": "Point", "coordinates": [ -133.1514459, 55.4753929 ] } },
{ "type": "Feature", "properties": { "npi": "1184373136", "name": "SUSAN", "taxonomy": "Counselor, Mental Health", "address": "126 WASHINGTON ST KETCHIKAN AK 99901" }, "geometry": { "type": "Point", "coordinates": [ -131.67205, 55.349898 ] } },
{ "type": "Feature", "properties": { "npi": "1063250561", "name": "VENESSA", "taxonomy": "Counselor, Mental Health", "address": "#1 5TH ST HYDABURG AK 99901" }, "geometry": { "type": "Point", "coordinates": [ -132.8260816, 55.2078666 ] } },
{ "type": "Feature", "properties": { "npi": "1831739390", "name": "JAIME", "taxonomy": "Counselor, Mental Health", "address": "3050 FIFTH AVE KETCHIKAN AK 99901" }, "geometry": { "type": "Point", "coordinates": [ -152.0714911, 65.1747847 ] } },
{ "type": "Feature", "properties": { "npi": "1366046948", "name": "SHAUN", "taxonomy": "Counselor, Mental Health", "address": "2514 FIRST AVE KETCHIKAN AK 99901" }, "geometry": { "type": "Point", "coordinates": [ -152.056732399999987, 65.1684352 ] } },
{ "type": "Feature", "properties": { "npi": "1750077285", "name": "GRACE", "taxonomy": "Counselor, Mental Health", "address": "2514 FIRST AVE KETCHIKAN AK 99901" }, "geometry": { "type": "Point", "coordinates": [ -152.056732399999987, 65.1684352 ] } },
{ "type": "Feature", "properties": { "npi": "1598367526", "name": "GEOFF", "taxonomy": "Counselor, Mental Health, Community Health Worker", "address": "410 TOWER RD KETCHIKAN AK 99901" }, "geometry": { "type": "Point", "coordinates": [ -131.6928484, 55.3603728 ] } },
{ "type": "Feature", "properties": { "npi": "1275309692", "name": "MARTHA", "taxonomy": "Counselor, Mental Health", "address": "201 DEERMOUNT ST KETCHIKAN AK 99901" }, "geometry": { "type": "Point", "coordinates": [ -131.636868, 55.339363 ] } },
{ "type": "Feature", "properties": { "npi": "1831744069", "name": "RUTH", "taxonomy": "Counselor, Professional", "address": "201 DEERMOUNT ST KETCHIKAN AK 99901" }, "geometry": { "type": "Point", "coordinates": [ -131.636868, 55.339363 ] } },
{ "type": "Feature", "properties": { "npi": "1740828128", "name": "VICTORIA", "taxonomy": "Pharmacist", "address": "333 COLD STORAGE ROAD SUITE 103 CRAIG AK 99921" }, "geometry": { "type": "Point", "coordinates": [ -133.140523699999989, 55.4770704 ] } },
{ "type": "Feature", "properties": { "npi": "1568275402", "name": "CASEY", "taxonomy": "Counselor, Mental Health", "address": "1800 CRAIG KLAWOCK HWY CRAIG AK 99921" }, "geometry": { "type": "Point", "coordinates": [ -133.1343271, 55.4908045 ] } },
{ "type": "Feature", "properties": { "npi": "1992042790", "name": "ERIC", "taxonomy": "Pharmacist, Pharmacist", "address": "563 BRENDIBLE ST METLAKATLA AK 99926" }, "geometry": { "type": "Point", "coordinates": [ -131.5754336, 55.1247753 ] } },
{ "type": "Feature", "properties": { "npi": "1871356253", "name": "RUTH", "taxonomy": "Dental Hygienist", "address": "1300 STEDMAN ST KETCHIKAN AK 99901" }, "geometry": { "type": "Point", "coordinates": [ -131.626030899999989, 55.3328329 ] } },
{ "type": "Feature", "properties": { "npi": "1972547628", "name": "HARRISON", "taxonomy": "Surgery, Surgery", "address": "3100 TONGASS AVE KETCHIKAN AK 99901" }, "geometry": { "type": "Point", "coordinates": [ -131.6870216, 55.3535231 ] } },
{ "type": "Feature", "properties": { "npi": "1144815523", "name": "ERIN", "taxonomy": "Massage Therapist", "address": "109 LYNCH ST STE B WRANGELL AK 99929" }, "geometry": { "type": "Point", "coordinates": [ -132.3843876, 56.4714681 ] } },
{ "type": "Feature", "properties": { "npi": "1942891643", "name": "RYAN", "taxonomy": "Counselor, Mental Health", "address": "10 LYNCH STREET WRANGELL AK 99929" }, "geometry": { "type": "Point", "coordinates": [ -132.3843794, 56.4716437 ] } },
{ "type": "Feature", "properties": { "npi": "1720681661", "name": "JACK", "taxonomy": "Counselor, Mental Health", "address": "721 STEDMAN ST KETCHIKAN AK 99901" }, "geometry": { "type": "Point", "coordinates": [ -131.632004200000011, 55.3370831 ] } },
{ "type": "Feature", "properties": { "npi": "1255915104", "name": "JEZIMAY", "taxonomy": "Community Health Worker, Counselor, Mental Health", "address": "1271 8TH AVENUE METLAKATLA AK 99926" }, "geometry": { "type": "Point", "coordinates": [ -131.5747546, 55.1260469 ] } },
{ "type": "Feature", "properties": { "npi": "1992341218", "name": "TIFFANY", "taxonomy": "Social Worker", "address": "344 FRONT ST STE A KETCHIKAN AK 99901" }, "geometry": { "type": "Point", "coordinates": [ -131.6479028, 55.3423396 ] } },
{ "type": "Feature", "properties": { "npi": "1124593512", "name": "CALM HARBOR HEALTH CLINIC", "taxonomy": "Nurse Practitioner, Family", "address": "3528 TONGASS AVE KETCHIKAN AK 99901" }, "geometry": { "type": "Point", "coordinates": [ -131.6926164, 55.356056 ] } },
{ "type": "Feature", "properties": { "npi": "1609245679", "name": "MARY", "taxonomy": "Counselor", "address": "333 CHURCH STREET WRANGELL AK 99929" }, "geometry": { "type": "Point", "coordinates": [ -132.381297499999988, 56.4715181 ] } },
{ "type": "Feature", "properties": { "npi": "1629342175", "name": "LEAH", "taxonomy": "Counselor, Addiction (Substance Use Disorder)", "address": "2960 TONGASS AVE KETCHIKAN AK 99901" }, "geometry": { "type": "Point", "coordinates": [ -131.6830778, 55.3520372 ] } },
{ "type": "Feature", "properties": { "npi": "1700480381", "name": "WILLIAM", "taxonomy": "Counselor, Mental Health", "address": "2514 FIRST AVE KETCHIKAN AK 99901" }, "geometry": { "type": "Point", "coordinates": [ -152.056732399999987, 65.1684352 ] } },
{ "type": "Feature", "properties": { "npi": "1770131930", "name": "CAPITOLMED LLC", "taxonomy": "Internal Medicine", "address": "25 JEFFERSON WAY SUITE 102B KETCHIKAN AK 99901" }, "geometry": { "type": "Point", "coordinates": [ -131.675318, 55.349008 ] } },
{ "type": "Feature", "properties": { "npi": "1336759182", "name": "CARR-GOTTSTEIN FOODS CO", "taxonomy": "Durable Medical Equipment & Medical Supplies, Pharmacy, Community/Retail Pharmacy", "address": "2417 TONGASS AVE KETCHIKAN AK 99901" }, "geometry": { "type": "Point", "coordinates": [ -131.6735028, 55.3483257 ] } },
{ "type": "Feature", "properties": { "npi": "1477582419", "name": "CARR-GOTTSTEIN FOODS CO", "taxonomy": "Durable Medical Equipment & Medical Supplies, Pharmacy, Community/Retail Pharmacy", "address": "2417 TONGASS AVE KETCHIKAN AK 99901" }, "geometry": { "type": "Point", "coordinates": [ -131.6735028, 55.3483257 ] } },
{ "type": "Feature", "properties": { "npi": "1144050956", "name": "DEVYNITYE", "taxonomy": "Counselor, Mental Health", "address": "1800 CRAIG-KLAWOCK HWY #241 CRAIG AK 99901" }, "geometry": { "type": "Point", "coordinates": [ -133.140085, 55.476844 ] } },
{ "type": "Feature", "properties": { "npi": "1982165437", "name": "MICHAEL", "taxonomy": "Student in an Organized Health Care Education/Training Program, Emergency Medicine", "address": "3100 TONGASS AVE KETCHIKAN AK 99901" }, "geometry": { "type": "Point", "coordinates": [ -131.6870216, 55.3535231 ] } },
{ "type": "Feature", "properties": { "npi": "1972727725", "name": "KATHRYN", "taxonomy": "Counselor, Mental Health", "address": "3050 5TH AVE KETCHIKAN AK 99901" }, "geometry": { "type": "Point", "coordinates": [ -131.6850963, 55.3541775 ] } },
{ "type": "Feature", "properties": { "npi": "1619798626", "name": "NATALIE", "taxonomy": "Counselor, Mental Health", "address": "721 STEDMAN ST KETCHIKAN AK 99901" }, "geometry": { "type": "Point", "coordinates": [ -131.632004200000011, 55.3370831 ] } },
{ "type": "Feature", "properties": { "npi": "1821118498", "name": "NICOLE", "taxonomy": "Case Manager/Care Coordinator", "address": "1016 WATER ST KETCHIKAN AK 99901" }, "geometry": { "type": "Point", "coordinates": [ -131.6551657, 55.3449854 ] } },
{ "type": "Feature", "properties": { "npi": "1316540255", "name": "BIANCA", "taxonomy": "Counselor, Mental Health", "address": "721 STEDMAN ST KETCHIKAN AK 99901" }, "geometry": { "type": "Point", "coordinates": [ -131.632004200000011, 55.3370831 ] } },
{ "type": "Feature", "properties": { "npi": "1235732108", "name": "KRISTEN", "taxonomy": "Counselor, Mental Health", "address": "721 STEDMAN ST KETCHIKAN AK 99901" }, "geometry": { "type": "Point", "coordinates": [ -131.632004200000011, 55.3370831 ] } },
{ "type": "Feature", "properties": { "npi": "1013035302", "name": "CATHOLIC COMMUNITY SERVICE", "taxonomy": "Case Management, Meals", "address": "1016 WATER ST KETCHIKAN AK 99901" }, "geometry": { "type": "Point", "coordinates": [ -131.6551657, 55.3449854 ] } },
{ "type": "Feature", "properties": { "npi": "1811015712", "name": "CATHOLIC COMMUNITY SERVICE", "taxonomy": "Case Management, Meals", "address": "465 SUMMIT ST KLAWOCK AK 99925" }, "geometry": { "type": "Point", "coordinates": [ -133.095693899999986, 55.5560405 ] } },
{ "type": "Feature", "properties": { "npi": "1518085422", "name": "CATHOLIC COMMUNITY SERVICE", "taxonomy": "Case Management", "address": "1016 WATER ST KETCHIKAN AK 99901" }, "geometry": { "type": "Point", "coordinates": [ -131.6551657, 55.3449854 ] } },
{ "type": "Feature", "properties": { "npi": "1285752287", "name": "CATHOLIC COMMUNITY SERVICE", "taxonomy": "Case Management, Meals", "address": "105 CHURCH ST WRANGELL AK 99929" }, "geometry": { "type": "Point", "coordinates": [ -132.385345300000012, 56.4723602 ] } },
{ "type": "Feature", "properties": { "npi": "1841029600", "name": "CEDAR & SPRUCE COUNSELING", "taxonomy": "Community/Behavioral Health", "address": "1217 WATER ST KETCHIKAN AK 99901" }, "geometry": { "type": "Point", "coordinates": [ -131.6581062, 55.3455283 ] } },
{ "type": "Feature", "properties": { "npi": "1740028331", "name": "CENTURION HEALTHCARE INTERNATIONAL, S.A.", "taxonomy": "Clinic/Center", "address": "9360 CALLE PRINCIPAL COXEN HOLE ROATAN 99999" }, "geometry": { "type": "Point", "coordinates": [ -86.5322471, 16.3146379 ] } },
{ "type": "Feature", "properties": { "npi": "1508436221", "name": "MAREN", "taxonomy": "Case Manager/Care Coordinator", "address": "7300 KLAWOCK HOLLIS HWY KLAWOCK AK 99925" }, "geometry": { "type": "Point", "coordinates": [ -133.096349800000013, 55.5509092 ] } },
{ "type": "Feature", "properties": { "npi": "1720519663", "name": "CECILIA", "taxonomy": "Speech-Language Pathologist,  ", "address": "721 STEDMAN ST KETCHIKAN AK 99901" }, "geometry": { "type": "Point", "coordinates": [ -131.632004200000011, 55.3370831 ] } },
{ "type": "Feature", "properties": { "npi": "1366047136", "name": "JAMIE", "taxonomy": "Counselor, Mental Health", "address": "2514 FIRST AVE KETCHIKAN AK 99901" }, "geometry": { "type": "Point", "coordinates": [ -152.056732399999987, 65.1684352 ] } },
{ "type": "Feature", "properties": { "npi": "1730675828", "name": "MICHAEL", "taxonomy": "Family Medicine, Family Medicine, Sports Medicine, Family Medicine, Sports Medicine", "address": "7300 KLAWOCK HOLLIS HIGHWAY KLAWOCK AK 99925" }, "geometry": { "type": "Point", "coordinates": [ -133.096349800000013, 55.5509092 ] } },
{ "type": "Feature", "properties": { "npi": "1669956595", "name": "CHELSEA YOUMANS, FNP LLC", "taxonomy": "Clinic/Center, Primary Care", "address": "3528 TONGASS AVE KETCHIKAN AK 99901" }, "geometry": { "type": "Point", "coordinates": [ -131.6926164, 55.356056 ] } },
{ "type": "Feature", "properties": { "npi": "1447562921", "name": "VICTOR", "taxonomy": "Psychiatry & Neurology, Psychiatry, Psychiatry & Neurology, Psychiatry", "address": "3100 TONGASS AVE KETCHIKAN AK 99901" }, "geometry": { "type": "Point", "coordinates": [ -131.6870216, 55.3535231 ] } },
{ "type": "Feature", "properties": { "npi": "1114098654", "name": "KELLY", "taxonomy": "Physical Therapist", "address": "1438 MILLAR ST KETCHIKAN AK 99901" }, "geometry": { "type": "Point", "coordinates": [ -131.6598516, 55.3472164 ] } },
{ "type": "Feature", "properties": { "npi": "1144002858", "name": "REUBEN", "taxonomy": "Counselor, Mental Health", "address": "#1 5TH ST KLAWOCK AK 99922" }, "geometry": { "type": "Point", "coordinates": [ -133.095644099999987, 55.555296 ] } },
{ "type": "Feature", "properties": { "npi": "1194720250", "name": "ALAN", "taxonomy": "Obstetrics & Gynecology, Obstetrics & Gynecology, Obstetrics & Gynecology", "address": "3100 TONGASS AVE KETCHIKAN AK 99901" }, "geometry": { "type": "Point", "coordinates": [ -131.6870216, 55.3535231 ] } },
{ "type": "Feature", "properties": { "npi": "1790337103", "name": "BARRY", "taxonomy": "Pharmacist", "address": "3526 TONGASS AVE KETCHIKAN AK 99901" }, "geometry": { "type": "Point", "coordinates": [ -131.69235, 55.35596 ] } },
{ "type": "Feature", "properties": { "npi": "1134003957", "name": "SONJA", "taxonomy": "Pharmacist", "address": "3526 TONGASS AVE KETCHIKAN AK 99901" }, "geometry": { "type": "Point", "coordinates": [ -131.69235, 55.35596 ] } },
{ "type": "Feature", "properties": { "npi": "1023753712", "name": "EVA", "taxonomy": "Counselor, Mental Health", "address": "1800 CRAIG-KLAWOCK HWY # 241 CRAIG AK 99921" }, "geometry": { "type": "Point", "coordinates": [ -133.140085, 55.476844 ] } },
{ "type": "Feature", "properties": { "npi": "1891847513", "name": "ERIK", "taxonomy": "Optometrist", "address": "351 CARLANNA LAKE RD KETCHIKAN AK 99901" }, "geometry": { "type": "Point", "coordinates": [ -131.6870452, 55.3555641 ] } },
{ "type": "Feature", "properties": { "npi": "1134738313", "name": "PAMELA", "taxonomy": "Speech-Language Pathologist,  ", "address": "364 EDMONDS ST KETCHIKAN AK 99901" }, "geometry": { "type": "Point", "coordinates": [ -131.6458543, 55.343051 ] } },
{ "type": "Feature", "properties": { "npi": "1619637337", "name": "ARIEL", "taxonomy": "Counselor, Mental Health", "address": "721 STEDMAN ST KETCHIKAN AK 99901" }, "geometry": { "type": "Point", "coordinates": [ -131.632004200000011, 55.3370831 ] } },
{ "type": "Feature", "properties": { "npi": "1184254286", "name": "ANTHONNY", "taxonomy": "Behavior Technician", "address": "201 DEERMOUNT ST KETCHIKAN AK 99901" }, "geometry": { "type": "Point", "coordinates": [ -131.636868, 55.339363 ] } },
{ "type": "Feature", "properties": { "npi": "1649762972", "name": "ELYSSE", "taxonomy": "Physical Therapist", "address": "2442 TONGASS AVE KETCHIKAN AK 99901" }, "geometry": { "type": "Point", "coordinates": [ -131.6743662, 55.3495309 ] } },
{ "type": "Feature", "properties": { "npi": "1386868784", "name": "CITY OF CRAIG INC.", "taxonomy": "Ambulance, Land Transport", "address": "506 3RD ST CRAIG AK 99921" }, "geometry": { "type": "Point", "coordinates": [ -133.151339900000011, 55.4760555 ] } },
{ "type": "Feature", "properties": { "npi": "1578794863", "name": "CITY OF CRAIG, INC.", "taxonomy": "Family Medicine", "address": "506 3RD ST. CRAIG AK 99921" }, "geometry": { "type": "Point", "coordinates": [ -133.151339900000011, 55.4760555 ] } },
{ "type": "Feature", "properties": { "npi": "1154487817", "name": "CITY OF KETCHIKAN", "taxonomy": "Ambulance, Land Transport", "address": "334 FRONT ST KETCHIKAN AK 99901" }, "geometry": { "type": "Point", "coordinates": [ -131.647843099999989, 55.3422897 ] } },
{ "type": "Feature", "properties": { "npi": "1467445296", "name": "CITY OF KETCHIKAN-GATEWAY CENTER FOR HUMAN SERVICES", "taxonomy": "Counselor, Counselor, Mental Health, Counselor, Addiction (Substance Use Disorder), Counselor, Professional, Psychologist, Clinical, Social Worker, Clinical", "address": "3050 5TH AVE KETCHIKAN AK 99901" }, "geometry": { "type": "Point", "coordinates": [ -131.6850963, 55.3541775 ] } },
{ "type": "Feature", "properties": { "npi": "1043514177", "name": "CITY OF KLAWOCK", "taxonomy": "Ambulance, Water Transport, Ambulance, Air Transport, Ambulance, Land Transport", "address": "360 ANCHORAGE ST KLAWOCK AK 99925" }, "geometry": { "type": "Point", "coordinates": [ -133.0940187, 55.5565083 ] } },
{ "type": "Feature", "properties": { "npi": "1942497391", "name": "CITY OF THORNE BAY", "taxonomy": "Ambulance, Land Transport", "address": "120 FREEMAN DR THORNE BAY AK 99919" }, "geometry": { "type": "Point", "coordinates": [ -132.524095, 55.687942 ] } }
]
}
