place_id,place_name,residential_units,tech_type,speed_25_3,speed_100_20,confidence,data_flags
200065,Adak,407,Any Technology,1.0,1.0,HIGH,
200065,Adak,407,All Wired,0.0,0.0,HIGH,NO_WIRED_25MBPS
200065,Adak,407,Cable,0.0,0.0,HIGH,
200065,Adak,407,Fiber,0.0,0.0,HIGH,
200065,Adak,407,All Satellite,1.0,1.0,HIGH,
200065,Adak,407,NGSO Satellite,1.0,1.0,HIGH,SATELLITE_AVAILABLE
200650,Akhiok,47,Any Technology,1.0,1.0,LOW,SMALL_SAMPLE
200650,Akhiok,47,All Wired,0.0,0.0,LOW,NO_WIRED_25MBPS;SMALL_SAMPLE
200650,Akhiok,47,Cable,0.0,0.0,LOW,SMALL_SAMPLE
200650,Akhiok,47,Fiber,0.0,0.0,LOW,SMALL_SAMPLE
200650,Akhiok,47,All Satellite,1.0,1.0,LOW,SMALL_SAMPLE
200650,Akhiok,47,NGSO Satellite,1.0,1.0,LOW,SATELLITE_AVAILABLE;SMALL_SAMPLE
200760,Akiachak,181,Any Technology,1.0,1.0,MEDIUM,
200760,Akiachak,181,All Wired,0.0,0.0,MEDIUM,NO_WIRED_25MBPS
200760,Akiachak,181,Cable,0.0,0.0,MEDIUM,
200760,Akiachak,181,Fiber,0.0,0.0,MEDIUM,
200760,Akiachak,181,All Satellite,1.0,1.0,MEDIUM,
200760,Akiachak,181,NGSO Satellite,1.0,1.0,MEDIUM,SATELLITE_AVAILABLE
200870,Akiak,130,Any Technology,1.0,1.0,MEDIUM,
200870,Akiak,130,All Wired,0.0,0.0,MEDIUM,NO_WIRED_25MBPS
200870,Akiak,130,Cable,0.0,0.0,MEDIUM,
200870,Akiak,130,Fiber,0.0,0.0,MEDIUM,
200870,Akiak,130,All Satellite,1.0,1.0,MEDIUM,
200870,Akiak,130,NGSO Satellite,1.0,1.0,MEDIUM,SATELLITE_AVAILABLE
201090,Akutan,104,Any Technology,1.0,1.0,MEDIUM,
201090,Akutan,104,All Wired,0.980769231,0.980769231,MEDIUM,
201090,Akutan,104,Cable,0.0,0.0,MEDIUM,
201090,Akutan,104,Fiber,0.980769231,0.980769231,MEDIUM,
201090,Akutan,104,All Satellite,1.0,1.0,MEDIUM,
201090,Akutan,104,NGSO Satellite,1.0,1.0,MEDIUM,SATELLITE_AVAILABLE
201200,Alakanuk,225,Any Technology,1.0,1.0,HIGH,
201200,Alakanuk,225,All Wired,0.0,0.0,HIGH,NO_WIRED_25MBPS
201200,Alakanuk,225,Cable,0.0,0.0,HIGH,
201200,Alakanuk,225,Fiber,0.0,0.0,HIGH,
201200,Alakanuk,225,All Satellite,1.0,1.0,HIGH,
201200,Alakanuk,225,NGSO Satellite,1.0,1.0,HIGH,SATELLITE_AVAILABLE
201305,Alatna,23,Any Technology,1.0,1.0,LOW,SMALL_SAMPLE
201305,Alatna,23,All Wired,0.0,0.0,LOW,NO_WIRED_25MBPS;SMALL_SAMPLE
201305,Alatna,23,Cable,0.0,0.0,LOW,SMALL_SAMPLE
201305,Alatna,23,Fiber,0.0,0.0,LOW,SMALL_SAMPLE
201305,Alatna,23,All Satellite,1.0,1.0,LOW,SMALL_SAMPLE
201305,Alatna,23,NGSO Satellite,1.0,1.0,LOW,SATELLITE_AVAILABLE;SMALL_SAMPLE
201390,Alcan Border,22,Any Technology,1.0,1.0,LOW,SMALL_SAMPLE
201390,Alcan Border,22,All Wired,0.0,0.0,LOW,NO_WIRED_25MBPS;SMALL_SAMPLE
201390,Alcan Border,22,Cable,0.0,0.0,LOW,SMALL_SAMPLE
201390,Alcan Border,22,Fiber,0.0,0.0,LOW,SMALL_SAMPLE
201390,Alcan Border,22,All Satellite,1.0,1.0,LOW,SMALL_SAMPLE
201390,Alcan Border,22,NGSO Satellite,1.0,1.0,LOW,SATELLITE_AVAILABLE;SMALL_SAMPLE
201420,Aleknagik,197,Any Technology,1.0,1.0,MEDIUM,
201420,Aleknagik,197,All Wired,0.0,0.0,MEDIUM,NO_WIRED_25MBPS
201420,Aleknagik,197,Cable,0.0,0.0,MEDIUM,
201420,Aleknagik,197,Fiber,0.0,0.0,MEDIUM,
201420,Aleknagik,197,All Satellite,1.0,1.0,MEDIUM,
201420,Aleknagik,197,NGSO Satellite,1.0,1.0,MEDIUM,SATELLITE_AVAILABLE
201560,Aleneva,46,Any Technology,1.0,1.0,LOW,SMALL_SAMPLE
201560,Aleneva,46,All Wired,0.0,0.0,LOW,NO_WIRED_25MBPS;SMALL_SAMPLE
201560,Aleneva,46,Cable,0.0,0.0,LOW,SMALL_SAMPLE
201560,Aleneva,46,Fiber,0.0,0.0,LOW,SMALL_SAMPLE
201560,Aleneva,46,All Satellite,1.0,1.0,LOW,SMALL_SAMPLE
201560,Aleneva,46,NGSO Satellite,1.0,1.0,LOW,SATELLITE_AVAILABLE;SMALL_SAMPLE
201860,Allakaket,135,Any Technology,1.0,1.0,MEDIUM,
201860,Allakaket,135,All Wired,0.0,0.0,MEDIUM,NO_WIRED_25MBPS
201860,Allakaket,135,Cable,0.0,0.0,MEDIUM,
201860,Allakaket,135,Fiber,0.0,0.0,MEDIUM,
201860,Allakaket,135,All Satellite,1.0,1.0,MEDIUM,
201860,Allakaket,135,NGSO Satellite,1.0,1.0,MEDIUM,SATELLITE_AVAILABLE
201970,Ambler,227,Any Technology,1.0,1.0,HIGH,
201970,Ambler,227,All Wired,0.0,0.0,HIGH,NO_WIRED_25MBPS
201970,Ambler,227,Cable,0.0,0.0,HIGH,
201970,Ambler,227,Fiber,0.0,0.0,HIGH,
201970,Ambler,227,All Satellite,1.0,1.0,HIGH,
201970,Ambler,227,NGSO Satellite,1.0,1.0,HIGH,SATELLITE_AVAILABLE
202080,Anaktuvuk Pass,141,Any Technology,1.0,1.0,MEDIUM,
202080,Anaktuvuk Pass,141,All Wired,0.0,0.0,MEDIUM,NO_WIRED_25MBPS
202080,Anaktuvuk Pass,141,Cable,0.0,0.0,MEDIUM,
202080,Anaktuvuk Pass,141,Fiber,0.0,0.0,MEDIUM,
202080,Anaktuvuk Pass,141,All Satellite,1.0,1.0,MEDIUM,
202080,Anaktuvuk Pass,141,NGSO Satellite,1.0,1.0,MEDIUM,SATELLITE_AVAILABLE
203000,Anchorage,136548,Any Technology,1.0,1.0,HIGH,
203000,Anchorage,136548,All Wired,0.972141664,0.964276298,HIGH,
203000,Anchorage,136548,Cable,0.959398893,0.959398893,HIGH,
203000,Anchorage,136548,Fiber,0.056719981,0.050158186,HIGH,
203000,Anchorage,136548,All Satellite,1.0,1.0,HIGH,
203000,Anchorage,136548,NGSO Satellite,1.0,1.0,HIGH,SATELLITE_AVAILABLE
203110,Anchor Point,1837,Any Technology,1.0,1.0,HIGH,
203110,Anchor Point,1837,All Wired,0.005443658,0.0,HIGH,
203110,Anchor Point,1837,Cable,0.0,0.0,HIGH,
203110,Anchor Point,1837,Fiber,0.005443658,0.0,HIGH,
203110,Anchor Point,1837,All Satellite,1.0,1.0,HIGH,
203110,Anchor Point,1837,NGSO Satellite,1.0,1.0,HIGH,SATELLITE_AVAILABLE
203220,Anderson,258,Any Technology,1.0,1.0,HIGH,
203220,Anderson,258,All Wired,0.755813953,0.089147287,HIGH,
203220,Anderson,258,Cable,0.0,0.0,HIGH,
203220,Anderson,258,Fiber,0.0,0.0,HIGH,
203220,Anderson,258,All Satellite,1.0,1.0,HIGH,
203220,Anderson,258,NGSO Satellite,1.0,1.0,HIGH,SATELLITE_AVAILABLE
203440,Angoon,274,Any Technology,1.0,1.0,HIGH,
203440,Angoon,274,All Wired,0.908759124,0.908759124,HIGH,
203440,Angoon,274,Cable,0.908759124,0.908759124,HIGH,
203440,Angoon,274,Fiber,0.0,0.0,HIGH,
203440,Angoon,274,All Satellite,1.0,1.0,HIGH,
203440,Angoon,274,NGSO Satellite,1.0,1.0,HIGH,SATELLITE_AVAILABLE
203550,Aniak,349,Any Technology,1.0,1.0,HIGH,
203550,Aniak,349,All Wired,0.0,0.0,HIGH,NO_WIRED_25MBPS
203550,Aniak,349,Cable,0.0,0.0,HIGH,
203550,Aniak,349,Fiber,0.0,0.0,HIGH,
203550,Aniak,349,All Satellite,1.0,1.0,HIGH,
203550,Aniak,349,NGSO Satellite,1.0,1.0,HIGH,SATELLITE_AVAILABLE
203880,Anvik,99,Any Technology,1.0,1.0,MEDIUM,
203880,Anvik,99,All Wired,0.0,0.0,MEDIUM,NO_WIRED_25MBPS
203880,Anvik,99,Cable,0.0,0.0,MEDIUM,
203880,Anvik,99,Fiber,0.0,0.0,MEDIUM,
203880,Anvik,99,All Satellite,1.0,1.0,MEDIUM,
203880,Anvik,99,NGSO Satellite,1.0,1.0,MEDIUM,SATELLITE_AVAILABLE
203990,Arctic Village,161,Any Technology,1.0,1.0,MEDIUM,
203990,Arctic Village,161,All Wired,0.0,0.0,MEDIUM,NO_WIRED_25MBPS
203990,Arctic Village,161,Cable,0.0,0.0,MEDIUM,
203990,Arctic Village,161,Fiber,0.0,0.0,MEDIUM,
203990,Arctic Village,161,All Satellite,1.0,1.0,MEDIUM,
203990,Arctic Village,161,NGSO Satellite,1.0,1.0,MEDIUM,SATELLITE_AVAILABLE
204210,Atka,100,Any Technology,1.0,1.0,MEDIUM,
204210,Atka,100,All Wired,0.0,0.0,MEDIUM,NO_WIRED_25MBPS
204210,Atka,100,Cable,0.0,0.0,MEDIUM,
204210,Atka,100,Fiber,0.0,0.0,MEDIUM,
204210,Atka,100,All Satellite,1.0,1.0,MEDIUM,
204210,Atka,100,NGSO Satellite,1.0,1.0,MEDIUM,SATELLITE_AVAILABLE
204430,Atmautluak,129,Any Technology,1.0,1.0,MEDIUM,
204430,Atmautluak,129,All Wired,0.0,0.0,MEDIUM,NO_WIRED_25MBPS
204430,Atmautluak,129,Cable,0.0,0.0,MEDIUM,
204430,Atmautluak,129,Fiber,0.0,0.0,MEDIUM,
204430,Atmautluak,129,All Satellite,1.0,1.0,MEDIUM,
204430,Atmautluak,129,NGSO Satellite,1.0,1.0,MEDIUM,SATELLITE_AVAILABLE
204500,Atqasuk,91,Any Technology,1.0,1.0,MEDIUM,
204500,Atqasuk,91,All Wired,0.802197802,0.802197802,MEDIUM,
204500,Atqasuk,91,Cable,0.0,0.0,MEDIUM,
204500,Atqasuk,91,Fiber,0.802197802,0.802197802,MEDIUM,
204500,Atqasuk,91,All Satellite,1.0,1.0,MEDIUM,
204500,Atqasuk,91,NGSO Satellite,1.0,1.0,MEDIUM,SATELLITE_AVAILABLE
204670,Attu Station,3,Any Technology,1.0,1.0,LOW,SMALL_SAMPLE
204670,Attu Station,3,All Wired,0.0,0.0,LOW,NO_WIRED_25MBPS;SMALL_SAMPLE
204670,Attu Station,3,Cable,0.0,0.0,LOW,SMALL_SAMPLE
204670,Attu Station,3,Fiber,0.0,0.0,LOW,SMALL_SAMPLE
204670,Attu Station,3,All Satellite,1.0,1.0,LOW,SMALL_SAMPLE
204670,Attu Station,3,NGSO Satellite,1.0,1.0,LOW,SATELLITE_AVAILABLE;SMALL_SAMPLE
205000,Badger,9812,Any Technology,1.0,1.0,HIGH,
205000,Badger,9812,All Wired,0.845189564,0.835201794,HIGH,
205000,Badger,9812,Cable,0.835201794,0.835201794,HIGH,
205000,Badger,9812,Fiber,0.003872809,0.003770893,HIGH,
205000,Badger,9812,All Satellite,1.0,1.0,HIGH,
205000,Badger,9812,NGSO Satellite,1.0,1.0,HIGH,SATELLITE_AVAILABLE
205585,Bear Creek,1082,Any Technology,1.0,1.0,HIGH,
205585,Bear Creek,1082,All Wired,0.982439926,0.814232902,HIGH,
205585,Bear Creek,1082,Cable,0.812384473,0.812384473,HIGH,
205585,Bear Creek,1082,Fiber,0.002772643,0.002772643,HIGH,
205585,Bear Creek,1082,All Satellite,1.0,1.0,HIGH,
205585,Bear Creek,1082,NGSO Satellite,1.0,1.0,HIGH,SATELLITE_AVAILABLE
205750,Beaver,81,Any Technology,1.0,1.0,MEDIUM,
205750,Beaver,81,All Wired,0.0,0.0,MEDIUM,NO_WIRED_25MBPS
205750,Beaver,81,Cable,0.0,0.0,MEDIUM,
205750,Beaver,81,Fiber,0.0,0.0,MEDIUM,
205750,Beaver,81,All Satellite,1.0,1.0,MEDIUM,
205750,Beaver,81,NGSO Satellite,1.0,1.0,MEDIUM,SATELLITE_AVAILABLE
206245,Beluga,76,Any Technology,1.0,1.0,MEDIUM,
206245,Beluga,76,All Wired,0.0,0.0,MEDIUM,NO_WIRED_25MBPS
206245,Beluga,76,Cable,0.0,0.0,MEDIUM,
206245,Beluga,76,Fiber,0.0,0.0,MEDIUM,
206245,Beluga,76,All Satellite,1.0,1.0,MEDIUM,
206245,Beluga,76,NGSO Satellite,1.0,1.0,MEDIUM,SATELLITE_AVAILABLE
206520,Bethel,2128,Any Technology,1.0,1.0,HIGH,
206520,Bethel,2128,All Wired,0.972274436,0.972274436,HIGH,
206520,Bethel,2128,Cable,0.972274436,0.972274436,HIGH,
206520,Bethel,2128,Fiber,0.0,0.0,HIGH,
206520,Bethel,2128,All Satellite,1.0,1.0,HIGH,
206520,Bethel,2128,NGSO Satellite,1.0,1.0,HIGH,SATELLITE_AVAILABLE
206630,Bettles,56,Any Technology,1.0,1.0,MEDIUM,
206630,Bettles,56,All Wired,0.0,0.0,MEDIUM,NO_WIRED_25MBPS
206630,Bettles,56,Cable,0.0,0.0,MEDIUM,
206630,Bettles,56,Fiber,0.0,0.0,MEDIUM,
206630,Bettles,56,All Satellite,1.0,1.0,MEDIUM,
206630,Bettles,56,NGSO Satellite,1.0,1.0,MEDIUM,SATELLITE_AVAILABLE
206850,Big Delta,523,Any Technology,1.0,1.0,HIGH,
206850,Big Delta,523,All Wired,0.003824092,0.0,HIGH,
206850,Big Delta,523,Cable,0.0,0.0,HIGH,
206850,Big Delta,523,Fiber,0.0,0.0,HIGH,
206850,Big Delta,523,All Satellite,1.0,1.0,HIGH,
206850,Big Delta,523,NGSO Satellite,1.0,1.0,HIGH,SATELLITE_AVAILABLE
207070,Big Lake,3274,Any Technology,1.0,1.0,HIGH,
207070,Big Lake,3274,All Wired,0.562614539,0.175931582,HIGH,
207070,Big Lake,3274,Cable,0.0,0.0,HIGH,
207070,Big Lake,3274,Fiber,0.062614539,0.062614539,HIGH,
207070,Big Lake,3274,All Satellite,1.0,1.0,HIGH,
207070,Big Lake,3274,NGSO Satellite,1.0,1.0,HIGH,SATELLITE_AVAILABLE
207620,Birch Creek,40,Any Technology,1.0,1.0,LOW,SMALL_SAMPLE
207620,Birch Creek,40,All Wired,0.0,0.0,LOW,NO_WIRED_25MBPS;SMALL_SAMPLE
207620,Birch Creek,40,Cable,0.0,0.0,LOW,SMALL_SAMPLE
207620,Birch Creek,40,Fiber,0.0,0.0,LOW,SMALL_SAMPLE
207620,Birch Creek,40,All Satellite,1.0,1.0,LOW,SMALL_SAMPLE
207620,Birch Creek,40,NGSO Satellite,1.0,1.0,LOW,SATELLITE_AVAILABLE;SMALL_SAMPLE
208740,Brevig Mission,153,Any Technology,1.0,1.0,MEDIUM,
208740,Brevig Mission,153,All Wired,0.0,0.0,MEDIUM,NO_WIRED_25MBPS
208740,Brevig Mission,153,Cable,0.0,0.0,MEDIUM,
208740,Brevig Mission,153,Fiber,0.0,0.0,MEDIUM,
208740,Brevig Mission,153,All Satellite,1.0,1.0,MEDIUM,
208740,Brevig Mission,153,NGSO Satellite,1.0,1.0,MEDIUM,SATELLITE_AVAILABLE
209600,Buckland,160,Any Technology,1.0,1.0,MEDIUM,
209600,Buckland,160,All Wired,0.0,0.0,MEDIUM,NO_WIRED_25MBPS
209600,Buckland,160,Cable,0.0,0.0,MEDIUM,
209600,Buckland,160,Fiber,0.0,0.0,MEDIUM,
209600,Buckland,160,All Satellite,1.0,1.0,MEDIUM,
209600,Buckland,160,NGSO Satellite,1.0,1.0,MEDIUM,SATELLITE_AVAILABLE
209657,Buffalo Soapstone,495,Any Technology,1.0,1.0,HIGH,
209657,Buffalo Soapstone,495,All Wired,0.650505051,0.258585859,HIGH,
209657,Buffalo Soapstone,495,Cable,0.0,0.0,HIGH,
209657,Buffalo Soapstone,495,Fiber,0.161616162,0.161616162,HIGH,
209657,Buffalo Soapstone,495,All Satellite,1.0,1.0,HIGH,
209657,Buffalo Soapstone,495,NGSO Satellite,1.0,1.0,HIGH,SATELLITE_AVAILABLE
209710,Butte,1646,Any Technology,1.0,1.0,HIGH,
209710,Butte,1646,All Wired,0.933778858,0.801336574,HIGH,
209710,Butte,1646,Cable,0.667071689,0.667071689,HIGH,
209710,Butte,1646,Fiber,0.188335358,0.188335358,HIGH,
209710,Butte,1646,All Satellite,1.0,1.0,HIGH,
209710,Butte,1646,NGSO Satellite,1.0,1.0,HIGH,SATELLITE_AVAILABLE
210150,Cantwell,229,Any Technology,1.0,1.0,HIGH,
210150,Cantwell,229,All Wired,0.637554585,0.152838428,HIGH,
210150,Cantwell,229,Cable,0.0,0.0,HIGH,
210150,Cantwell,229,Fiber,0.0,0.0,HIGH,
210150,Cantwell,229,All Satellite,1.0,1.0,HIGH,
210150,Cantwell,229,NGSO Satellite,1.0,1.0,HIGH,SATELLITE_AVAILABLE
211690,Central,150,Any Technology,1.0,1.0,MEDIUM,
211690,Central,150,All Wired,0.0,0.0,MEDIUM,NO_WIRED_25MBPS
211690,Central,150,Cable,0.0,0.0,MEDIUM,
211690,Central,150,Fiber,0.0,0.0,MEDIUM,
211690,Central,150,All Satellite,1.0,1.0,MEDIUM,
211690,Central,150,NGSO Satellite,1.0,1.0,MEDIUM,SATELLITE_AVAILABLE
211800,Chalkyitsik,110,Any Technology,1.0,1.0,MEDIUM,
211800,Chalkyitsik,110,All Wired,0.0,0.0,MEDIUM,NO_WIRED_25MBPS
211800,Chalkyitsik,110,Cable,0.0,0.0,MEDIUM,
211800,Chalkyitsik,110,Fiber,0.0,0.0,MEDIUM,
211800,Chalkyitsik,110,All Satellite,1.0,1.0,MEDIUM,
211800,Chalkyitsik,110,NGSO Satellite,1.0,1.0,MEDIUM,SATELLITE_AVAILABLE
212350,Chase,156,Any Technology,1.0,1.0,MEDIUM,
212350,Chase,156,All Wired,0.0,0.0,MEDIUM,NO_WIRED_25MBPS
212350,Chase,156,Cable,0.0,0.0,MEDIUM,
212350,Chase,156,Fiber,0.0,0.0,MEDIUM,
212350,Chase,156,All Satellite,1.0,1.0,MEDIUM,
212350,Chase,156,NGSO Satellite,1.0,1.0,MEDIUM,SATELLITE_AVAILABLE
212680,Chefornak,129,Any Technology,1.0,1.0,MEDIUM,
212680,Chefornak,129,All Wired,0.0,0.0,MEDIUM,NO_WIRED_25MBPS
212680,Chefornak,129,Cable,0.0,0.0,MEDIUM,
212680,Chefornak,129,Fiber,0.0,0.0,MEDIUM,
212680,Chefornak,129,All Satellite,1.0,1.0,MEDIUM,
212680,Chefornak,129,NGSO Satellite,1.0,1.0,MEDIUM,SATELLITE_AVAILABLE
212920,Chena Ridge,3345,Any Technology,1.0,1.0,HIGH,
212920,Chena Ridge,3345,All Wired,0.746487294,0.68161435,HIGH,
212920,Chena Ridge,3345,Cable,0.609267564,0.609267564,HIGH,
212920,Chena Ridge,3345,Fiber,0.072346786,0.072346786,HIGH,
212920,Chena Ridge,3345,All Satellite,1.0,1.0,HIGH,
212920,Chena Ridge,3345,NGSO Satellite,1.0,1.0,HIGH,SATELLITE_AVAILABLE
212970,Chenega,70,Any Technology,1.0,1.0,MEDIUM,
212970,Chenega,70,All Wired,0.0,0.0,MEDIUM,NO_WIRED_25MBPS
212970,Chenega,70,Cable,0.0,0.0,MEDIUM,
212970,Chenega,70,Fiber,0.0,0.0,MEDIUM,
212970,Chenega,70,All Satellite,1.0,1.0,MEDIUM,
212970,Chenega,70,NGSO Satellite,1.0,1.0,MEDIUM,SATELLITE_AVAILABLE
213230,Chevak,359,Any Technology,1.0,1.0,HIGH,
213230,Chevak,359,All Wired,0.0,0.0,HIGH,NO_WIRED_25MBPS
213230,Chevak,359,Cable,0.0,0.0,HIGH,
213230,Chevak,359,Fiber,0.0,0.0,HIGH,
213230,Chevak,359,All Satellite,1.0,1.0,HIGH,
213230,Chevak,359,NGSO Satellite,1.0,1.0,HIGH,SATELLITE_AVAILABLE
213340,Chickaloon,305,Any Technology,1.0,1.0,HIGH,
213340,Chickaloon,305,All Wired,0.4,0.147540984,HIGH,
213340,Chickaloon,305,Cable,0.0,0.0,HIGH,
213340,Chickaloon,305,Fiber,0.032786885,0.032786885,HIGH,
213340,Chickaloon,305,All Satellite,1.0,1.0,HIGH,
213340,Chickaloon,305,NGSO Satellite,1.0,1.0,HIGH,SATELLITE_AVAILABLE
213450,Chicken,28,Any Technology,1.0,1.0,LOW,SMALL_SAMPLE
213450,Chicken,28,All Wired,0.0,0.0,LOW,NO_WIRED_25MBPS;SMALL_SAMPLE
213450,Chicken,28,Cable,0.0,0.0,LOW,SMALL_SAMPLE
213450,Chicken,28,Fiber,0.0,0.0,LOW,SMALL_SAMPLE
213450,Chicken,28,All Satellite,1.0,1.0,LOW,SMALL_SAMPLE
213450,Chicken,28,NGSO Satellite,1.0,1.0,LOW,SATELLITE_AVAILABLE;SMALL_SAMPLE
213550,Chignik,185,Any Technology,1.0,1.0,MEDIUM,
213550,Chignik,185,All Wired,0.994594595,0.994594595,MEDIUM,
213550,Chignik,185,Cable,0.0,0.0,MEDIUM,
213550,Chignik,185,Fiber,0.994594595,0.994594595,MEDIUM,
213550,Chignik,185,All Satellite,1.0,1.0,MEDIUM,
213550,Chignik,185,NGSO Satellite,1.0,1.0,MEDIUM,SATELLITE_AVAILABLE
213670,Chignik Lagoon,188,Any Technology,1.0,1.0,MEDIUM,
213670,Chignik Lagoon,188,All Wired,0.0,0.0,MEDIUM,NO_WIRED_25MBPS
213670,Chignik Lagoon,188,Cable,0.0,0.0,MEDIUM,
213670,Chignik Lagoon,188,Fiber,0.0,0.0,MEDIUM,
213670,Chignik Lagoon,188,All Satellite,1.0,1.0,MEDIUM,
213670,Chignik Lagoon,188,NGSO Satellite,1.0,1.0,MEDIUM,SATELLITE_AVAILABLE
213780,Chignik Lake,74,Any Technology,1.0,1.0,MEDIUM,
213780,Chignik Lake,74,All Wired,0.0,0.0,MEDIUM,NO_WIRED_25MBPS
213780,Chignik Lake,74,Cable,0.0,0.0,MEDIUM,
213780,Chignik Lake,74,Fiber,0.0,0.0,MEDIUM,
213780,Chignik Lake,74,All Satellite,1.0,1.0,MEDIUM,
213780,Chignik Lake,74,NGSO Satellite,1.0,1.0,MEDIUM,SATELLITE_AVAILABLE
213860,Chiniak,34,Any Technology,1.0,1.0,LOW,SMALL_SAMPLE
213860,Chiniak,34,All Wired,0.0,0.0,LOW,NO_WIRED_25MBPS;SMALL_SAMPLE
213860,Chiniak,34,Cable,0.0,0.0,LOW,SMALL_SAMPLE
213860,Chiniak,34,Fiber,0.0,0.0,LOW,SMALL_SAMPLE
213860,Chiniak,34,All Satellite,1.0,1.0,LOW,SMALL_SAMPLE
213860,Chiniak,34,NGSO Satellite,1.0,1.0,LOW,SATELLITE_AVAILABLE;SMALL_SAMPLE
213890,Chisana,2,Any Technology,1.0,1.0,LOW,SMALL_SAMPLE
213890,Chisana,2,All Wired,0.0,0.0,LOW,NO_WIRED_25MBPS;SMALL_SAMPLE
213890,Chisana,2,Cable,0.0,0.0,LOW,SMALL_SAMPLE
213890,Chisana,2,Fiber,0.0,0.0,LOW,SMALL_SAMPLE
213890,Chisana,2,All Satellite,1.0,1.0,LOW,SMALL_SAMPLE
213890,Chisana,2,NGSO Satellite,1.0,1.0,LOW,SATELLITE_AVAILABLE;SMALL_SAMPLE
214000,Chistochina,140,Any Technology,1.0,1.0,MEDIUM,
214000,Chistochina,140,All Wired,0.992857143,0.992857143,MEDIUM,
214000,Chistochina,140,Cable,0.0,0.0,MEDIUM,
214000,Chistochina,140,Fiber,0.992857143,0.992857143,MEDIUM,
214000,Chistochina,140,All Satellite,1.0,1.0,MEDIUM,
214000,Chistochina,140,NGSO Satellite,1.0,1.0,MEDIUM,SATELLITE_AVAILABLE
214110,Chitina,137,Any Technology,1.0,1.0,MEDIUM,
214110,Chitina,137,All Wired,0.613138686,0.613138686,MEDIUM,
214110,Chitina,137,Cable,0.0,0.0,MEDIUM,
214110,Chitina,137,Fiber,0.613138686,0.613138686,MEDIUM,
214110,Chitina,137,All Satellite,1.0,1.0,MEDIUM,
214110,Chitina,137,NGSO Satellite,1.0,1.0,MEDIUM,SATELLITE_AVAILABLE
214330,Chuathbaluk,54,Any Technology,1.0,1.0,MEDIUM,
214330,Chuathbaluk,54,All Wired,0.0,0.0,MEDIUM,NO_WIRED_25MBPS
214330,Chuathbaluk,54,Cable,0.0,0.0,MEDIUM,
214330,Chuathbaluk,54,Fiber,0.0,0.0,MEDIUM,
214330,Chuathbaluk,54,All Satellite,1.0,1.0,MEDIUM,
214330,Chuathbaluk,54,NGSO Satellite,1.0,1.0,MEDIUM,SATELLITE_AVAILABLE
214880,Circle,53,Any Technology,1.0,1.0,MEDIUM,
214880,Circle,53,All Wired,0.0,0.0,MEDIUM,NO_WIRED_25MBPS
214880,Circle,53,Cable,0.0,0.0,MEDIUM,
214880,Circle,53,Fiber,0.0,0.0,MEDIUM,
214880,Circle,53,All Satellite,1.0,1.0,MEDIUM,
214880,Circle,53,NGSO Satellite,1.0,1.0,MEDIUM,SATELLITE_AVAILABLE
215320,Clam Gulch,209,Any Technology,1.0,1.0,HIGH,
215320,Clam Gulch,209,All Wired,0.0,0.0,HIGH,NO_WIRED_25MBPS
215320,Clam Gulch,209,Cable,0.0,0.0,HIGH,
215320,Clam Gulch,209,Fiber,0.0,0.0,HIGH,
215320,Clam Gulch,209,All Satellite,1.0,1.0,HIGH,
215320,Clam Gulch,209,NGSO Satellite,1.0,1.0,HIGH,SATELLITE_AVAILABLE
215430,Clark's Point,102,Any Technology,1.0,1.0,MEDIUM,
215430,Clark's Point,102,All Wired,0.0,0.0,MEDIUM,NO_WIRED_25MBPS
215430,Clark's Point,102,Cable,0.0,0.0,MEDIUM,
215430,Clark's Point,102,Fiber,0.0,0.0,MEDIUM,
215430,Clark's Point,102,All Satellite,1.0,1.0,MEDIUM,
215430,Clark's Point,102,NGSO Satellite,1.0,1.0,MEDIUM,SATELLITE_AVAILABLE
216360,Coffman Cove,314,Any Technology,1.0,1.0,HIGH,
216360,Coffman Cove,314,All Wired,0.601910828,0.601910828,HIGH,
216360,Coffman Cove,314,Cable,0.0,0.0,HIGH,
216360,Coffman Cove,314,Fiber,0.601910828,0.601910828,HIGH,
216360,Coffman Cove,314,All Satellite,1.0,1.0,HIGH,
216360,Coffman Cove,314,NGSO Satellite,1.0,1.0,HIGH,SATELLITE_AVAILABLE
216420,Cohoe,1289,Any Technology,1.0,1.0,HIGH,
216420,Cohoe,1289,All Wired,0.0,0.0,HIGH,NO_WIRED_25MBPS
216420,Cohoe,1289,Cable,0.0,0.0,HIGH,
216420,Cohoe,1289,Fiber,0.0,0.0,HIGH,
216420,Cohoe,1289,All Satellite,1.0,1.0,HIGH,
216420,Cohoe,1289,NGSO Satellite,1.0,1.0,HIGH,SATELLITE_AVAILABLE
216530,Cold Bay,134,Any Technology,1.0,1.0,MEDIUM,
216530,Cold Bay,134,All Wired,0.0,0.0,MEDIUM,NO_WIRED_25MBPS
216530,Cold Bay,134,Cable,0.0,0.0,MEDIUM,
216530,Cold Bay,134,Fiber,0.0,0.0,MEDIUM,
216530,Cold Bay,134,All Satellite,1.0,1.0,MEDIUM,
216530,Cold Bay,134,NGSO Satellite,1.0,1.0,MEDIUM,SATELLITE_AVAILABLE
216630,Coldfoot,41,Any Technology,1.0,1.0,LOW,SMALL_SAMPLE
216630,Coldfoot,41,All Wired,0.0,0.0,LOW,NO_WIRED_25MBPS;SMALL_SAMPLE
216630,Coldfoot,41,Cable,0.0,0.0,LOW,SMALL_SAMPLE
216630,Coldfoot,41,Fiber,0.0,0.0,LOW,SMALL_SAMPLE
216630,Coldfoot,41,All Satellite,1.0,1.0,LOW,SMALL_SAMPLE
216630,Coldfoot,41,NGSO Satellite,1.0,1.0,LOW,SATELLITE_AVAILABLE;SMALL_SAMPLE
216750,College,6673,Any Technology,1.0,1.0,HIGH,
216750,College,6673,All Wired,0.879064888,0.858084819,HIGH,
216750,College,6673,Cable,0.854338379,0.854338379,HIGH,
216750,College,6673,Fiber,0.128577851,0.128577851,HIGH,
216750,College,6673,All Satellite,1.0,1.0,HIGH,
216750,College,6673,NGSO Satellite,1.0,1.0,HIGH,SATELLITE_AVAILABLE
217190,Cooper Landing,455,Any Technology,1.0,1.0,HIGH,
217190,Cooper Landing,455,All Wired,0.879120879,0.0,HIGH,
217190,Cooper Landing,455,Cable,0.0,0.0,HIGH,
217190,Cooper Landing,455,Fiber,0.0,0.0,HIGH,
217190,Cooper Landing,455,All Satellite,1.0,1.0,HIGH,
217190,Cooper Landing,455,NGSO Satellite,1.0,1.0,HIGH,SATELLITE_AVAILABLE
217300,Copper Center,384,Any Technology,1.0,1.0,HIGH,
217300,Copper Center,384,All Wired,0.953125,0.953125,HIGH,
217300,Copper Center,384,Cable,0.0,0.0,HIGH,
217300,Copper Center,384,Fiber,0.953125,0.953125,HIGH,
217300,Copper Center,384,All Satellite,1.0,1.0,HIGH,
217300,Copper Center,384,NGSO Satellite,1.0,1.0,HIGH,SATELLITE_AVAILABLE
217410,Cordova,1290,Any Technology,1.0,1.0,HIGH,
217410,Cordova,1290,All Wired,0.953488372,0.027131783,HIGH,
217410,Cordova,1290,Cable,0.0,0.0,HIGH,
217410,Cordova,1290,Fiber,0.027131783,0.027131783,HIGH,
217410,Cordova,1290,All Satellite,1.0,1.0,HIGH,
217410,Cordova,1290,NGSO Satellite,1.0,1.0,HIGH,SATELLITE_AVAILABLE
217670,Covenant Life,24,Any Technology,1.0,1.0,LOW,SMALL_SAMPLE
217670,Covenant Life,24,All Wired,0.0,0.0,LOW,NO_WIRED_25MBPS;SMALL_SAMPLE
217670,Covenant Life,24,Cable,0.0,0.0,LOW,SMALL_SAMPLE
217670,Covenant Life,24,Fiber,0.0,0.0,LOW,SMALL_SAMPLE
217670,Covenant Life,24,All Satellite,1.0,1.0,LOW,SMALL_SAMPLE
217670,Covenant Life,24,NGSO Satellite,1.0,1.0,LOW,SATELLITE_AVAILABLE;SMALL_SAMPLE
217740,Craig,577,Any Technology,1.0,1.0,HIGH,
217740,Craig,577,All Wired,0.887348354,0.672443674,HIGH,
217740,Craig,577,Cable,0.0,0.0,HIGH,
217740,Craig,577,Fiber,0.672443674,0.672443674,HIGH,
217740,Craig,577,All Satellite,1.0,1.0,HIGH,
217740,Craig,577,NGSO Satellite,1.0,1.0,HIGH,SATELLITE_AVAILABLE
217850,Crooked Creek,40,Any Technology,1.0,1.0,LOW,SMALL_SAMPLE
217850,Crooked Creek,40,All Wired,0.0,0.0,LOW,NO_WIRED_25MBPS;SMALL_SAMPLE
217850,Crooked Creek,40,Cable,0.0,0.0,LOW,SMALL_SAMPLE
217850,Crooked Creek,40,Fiber,0.0,0.0,LOW,SMALL_SAMPLE
217850,Crooked Creek,40,All Satellite,1.0,1.0,LOW,SMALL_SAMPLE
217850,Crooked Creek,40,NGSO Satellite,1.0,1.0,LOW,SATELLITE_AVAILABLE;SMALL_SAMPLE
217960,Crown Point,55,Any Technology,1.0,1.0,MEDIUM,
217960,Crown Point,55,All Wired,0.745454545,0.0,MEDIUM,
217960,Crown Point,55,Cable,0.0,0.0,MEDIUM,
217960,Crown Point,55,Fiber,0.0,0.0,MEDIUM,
217960,Crown Point,55,All Satellite,1.0,1.0,MEDIUM,
217960,Crown Point,55,NGSO Satellite,1.0,1.0,MEDIUM,SATELLITE_AVAILABLE
218510,Deering,112,Any Technology,1.0,1.0,MEDIUM,
218510,Deering,112,All Wired,1.0,1.0,MEDIUM,
218510,Deering,112,Cable,0.0,0.0,MEDIUM,
218510,Deering,112,Fiber,1.0,1.0,MEDIUM,
218510,Deering,112,All Satellite,1.0,1.0,MEDIUM,
218510,Deering,112,NGSO Satellite,1.0,1.0,MEDIUM,SATELLITE_AVAILABLE
218620,Delta Junction,1102,Any Technology,1.0,1.0,HIGH,
218620,Delta Junction,1102,All Wired,0.029945554,0.0,HIGH,
218620,Delta Junction,1102,Cable,0.0,0.0,HIGH,
218620,Delta Junction,1102,Fiber,0.005444646,0.0,HIGH,
218620,Delta Junction,1102,All Satellite,1.0,1.0,HIGH,
218620,Delta Junction,1102,NGSO Satellite,1.0,1.0,HIGH,SATELLITE_AVAILABLE
218675,Deltana,1816,Any Technology,1.0,1.0,HIGH,
218675,Deltana,1816,All Wired,0.0,0.0,HIGH,NO_WIRED_25MBPS
218675,Deltana,1816,Cable,0.0,0.0,HIGH,
218675,Deltana,1816,Fiber,0.0,0.0,HIGH,
218675,Deltana,1816,All Satellite,1.0,1.0,HIGH,
218675,Deltana,1816,NGSO Satellite,1.0,1.0,HIGH,SATELLITE_AVAILABLE
218805,Denali Park,409,Any Technology,1.0,1.0,HIGH,
218805,Denali Park,409,All Wired,0.442542787,0.188264059,HIGH,
218805,Denali Park,409,Cable,0.0,0.0,HIGH,
218805,Denali Park,409,Fiber,0.034229829,0.034229829,HIGH,
218805,Denali Park,409,All Satellite,1.0,1.0,HIGH,
218805,Denali Park,409,NGSO Satellite,1.0,1.0,HIGH,SATELLITE_AVAILABLE
218925,Diamond Ridge,850,Any Technology,1.0,1.0,HIGH,
218925,Diamond Ridge,850,All Wired,0.065882353,0.02,HIGH,
218925,Diamond Ridge,850,Cable,0.02,0.02,HIGH,
218925,Diamond Ridge,850,Fiber,0.008235294,0.0,HIGH,
218925,Diamond Ridge,850,All Satellite,1.0,1.0,HIGH,
218925,Diamond Ridge,850,NGSO Satellite,1.0,1.0,HIGH,SATELLITE_AVAILABLE
218950,Dillingham,944,Any Technology,1.0,1.0,HIGH,
218950,Dillingham,944,All Wired,0.0,0.0,HIGH,NO_WIRED_25MBPS
218950,Dillingham,944,Cable,0.0,0.0,HIGH,
218950,Dillingham,944,Fiber,0.0,0.0,HIGH,
218950,Dillingham,944,All Satellite,1.0,1.0,HIGH,
218950,Dillingham,944,NGSO Satellite,1.0,1.0,HIGH,SATELLITE_AVAILABLE
219060,Diomede,8,Any Technology,1.0,1.0,LOW,SMALL_SAMPLE
219060,Diomede,8,All Wired,0.0,0.0,LOW,NO_WIRED_25MBPS;SMALL_SAMPLE
219060,Diomede,8,Cable,0.0,0.0,LOW,SMALL_SAMPLE
219060,Diomede,8,Fiber,0.0,0.0,LOW,SMALL_SAMPLE
219060,Diomede,8,All Satellite,1.0,1.0,LOW,SMALL_SAMPLE
219060,Diomede,8,NGSO Satellite,1.0,1.0,LOW,SATELLITE_AVAILABLE;SMALL_SAMPLE
219720,Dot Lake,26,Any Technology,1.0,1.0,LOW,SMALL_SAMPLE
219720,Dot Lake,26,All Wired,0.5,0.153846154,LOW,SMALL_SAMPLE
219720,Dot Lake,26,Cable,0.0,0.0,LOW,SMALL_SAMPLE
219720,Dot Lake,26,Fiber,0.153846154,0.153846154,LOW,SMALL_SAMPLE
219720,Dot Lake,26,All Satellite,1.0,1.0,LOW,SMALL_SAMPLE
219720,Dot Lake,26,NGSO Satellite,1.0,1.0,LOW,SATELLITE_AVAILABLE;SMALL_SAMPLE
219750,Dot Lake Village,19,Any Technology,1.0,1.0,LOW,SMALL_SAMPLE
219750,Dot Lake Village,19,All Wired,0.631578947,0.421052632,LOW,SMALL_SAMPLE
219750,Dot Lake Village,19,Cable,0.0,0.0,LOW,SMALL_SAMPLE
219750,Dot Lake Village,19,Fiber,0.421052632,0.421052632,LOW,SMALL_SAMPLE
219750,Dot Lake Village,19,All Satellite,1.0,1.0,LOW,SMALL_SAMPLE
219750,Dot Lake Village,19,NGSO Satellite,1.0,1.0,LOW,SATELLITE_AVAILABLE;SMALL_SAMPLE
220020,Dry Creek,9,Any Technology,1.0,1.0,LOW,SMALL_SAMPLE
220020,Dry Creek,9,All Wired,0.0,0.0,LOW,NO_WIRED_25MBPS;SMALL_SAMPLE
220020,Dry Creek,9,Cable,0.0,0.0,LOW,SMALL_SAMPLE
220020,Dry Creek,9,Fiber,0.0,0.0,LOW,SMALL_SAMPLE
220020,Dry Creek,9,All Satellite,1.0,1.0,LOW,SMALL_SAMPLE
220020,Dry Creek,9,NGSO Satellite,1.0,1.0,LOW,SATELLITE_AVAILABLE;SMALL_SAMPLE
220380,Eagle,207,Any Technology,1.0,1.0,HIGH,
220380,Eagle,207,All Wired,0.0,0.0,HIGH,NO_WIRED_25MBPS
220380,Eagle,207,Cable,0.0,0.0,HIGH,
220380,Eagle,207,Fiber,0.0,0.0,HIGH,
220380,Eagle,207,All Satellite,1.0,1.0,HIGH,
220380,Eagle,207,NGSO Satellite,1.0,1.0,HIGH,SATELLITE_AVAILABLE
220600,Eagle Village,101,Any Technology,1.0,1.0,MEDIUM,
220600,Eagle Village,101,All Wired,0.0,0.0,MEDIUM,NO_WIRED_25MBPS
220600,Eagle Village,101,Cable,0.0,0.0,MEDIUM,
220600,Eagle Village,101,Fiber,0.0,0.0,MEDIUM,
220600,Eagle Village,101,All Satellite,1.0,1.0,MEDIUM,
220600,Eagle Village,101,NGSO Satellite,1.0,1.0,MEDIUM,SATELLITE_AVAILABLE
220716,Eareckson Station,1,Any Technology,1.0,1.0,LOW,SMALL_SAMPLE
220716,Eareckson Station,1,All Wired,0.0,0.0,LOW,NO_WIRED_25MBPS;SMALL_SAMPLE
220716,Eareckson Station,1,Cable,0.0,0.0,LOW,SMALL_SAMPLE
220716,Eareckson Station,1,Fiber,0.0,0.0,LOW,SMALL_SAMPLE
220716,Eareckson Station,1,All Satellite,1.0,1.0,LOW,SMALL_SAMPLE
220716,Eareckson Station,1,NGSO Satellite,1.0,1.0,LOW,SATELLITE_AVAILABLE;SMALL_SAMPLE
220970,Edna Bay,87,Any Technology,1.0,1.0,MEDIUM,
220970,Edna Bay,87,All Wired,0.0,0.0,MEDIUM,NO_WIRED_25MBPS
220970,Edna Bay,87,Cable,0.0,0.0,MEDIUM,
220970,Edna Bay,87,Fiber,0.0,0.0,MEDIUM,
220970,Edna Bay,87,All Satellite,1.0,1.0,MEDIUM,
220970,Edna Bay,87,NGSO Satellite,1.0,1.0,MEDIUM,SATELLITE_AVAILABLE
221040,Eek,138,Any Technology,1.0,1.0,MEDIUM,
221040,Eek,138,All Wired,0.0,0.0,MEDIUM,NO_WIRED_25MBPS
221040,Eek,138,Cable,0.0,0.0,MEDIUM,
221040,Eek,138,Fiber,0.0,0.0,MEDIUM,
221040,Eek,138,All Satellite,1.0,1.0,MEDIUM,
221040,Eek,138,NGSO Satellite,1.0,1.0,MEDIUM,SATELLITE_AVAILABLE
221150,Egegik,249,Any Technology,1.0,1.0,HIGH,
221150,Egegik,249,All Wired,0.0,0.0,HIGH,NO_WIRED_25MBPS
221150,Egegik,249,Cable,0.0,0.0,HIGH,
221150,Egegik,249,Fiber,0.0,0.0,HIGH,
221150,Egegik,249,All Satellite,1.0,1.0,HIGH,
221150,Egegik,249,NGSO Satellite,1.0,1.0,HIGH,SATELLITE_AVAILABLE
221370,Eielson AFB,829,Any Technology,1.0,1.0,HIGH,
221370,Eielson AFB,829,All Wired,0.0,0.0,HIGH,NO_WIRED_25MBPS
221370,Eielson AFB,829,Cable,0.0,0.0,HIGH,
221370,Eielson AFB,829,Fiber,0.0,0.0,HIGH,
221370,Eielson AFB,829,All Satellite,1.0,1.0,HIGH,
221370,Eielson AFB,829,NGSO Satellite,1.0,1.0,HIGH,SATELLITE_AVAILABLE
221810,Ekwok,77,Any Technology,1.0,1.0,MEDIUM,
221810,Ekwok,77,All Wired,0.0,0.0,MEDIUM,NO_WIRED_25MBPS
221810,Ekwok,77,Cable,0.0,0.0,MEDIUM,
221810,Ekwok,77,Fiber,0.0,0.0,MEDIUM,
221810,Ekwok,77,All Satellite,1.0,1.0,MEDIUM,
221810,Ekwok,77,NGSO Satellite,1.0,1.0,MEDIUM,SATELLITE_AVAILABLE
222140,Elfin Cove,43,Any Technology,1.0,1.0,LOW,SMALL_SAMPLE
222140,Elfin Cove,43,All Wired,0.0,0.0,LOW,NO_WIRED_25MBPS;SMALL_SAMPLE
222140,Elfin Cove,43,Cable,0.0,0.0,LOW,SMALL_SAMPLE
222140,Elfin Cove,43,Fiber,0.0,0.0,LOW,SMALL_SAMPLE
222140,Elfin Cove,43,All Satellite,1.0,1.0,LOW,SMALL_SAMPLE
222140,Elfin Cove,43,NGSO Satellite,1.0,1.0,LOW,SATELLITE_AVAILABLE;SMALL_SAMPLE
222250,Elim,146,Any Technology,1.0,1.0,MEDIUM,
222250,Elim,146,All Wired,0.0,0.0,MEDIUM,NO_WIRED_25MBPS
222250,Elim,146,Cable,0.0,0.0,MEDIUM,
222250,Elim,146,Fiber,0.0,0.0,MEDIUM,
222250,Elim,146,All Satellite,1.0,1.0,MEDIUM,
222250,Elim,146,NGSO Satellite,1.0,1.0,MEDIUM,SATELLITE_AVAILABLE
222910,Emmonak,374,Any Technology,1.0,1.0,HIGH,
222910,Emmonak,374,All Wired,0.0,0.0,HIGH,NO_WIRED_25MBPS
222910,Emmonak,374,Cable,0.0,0.0,HIGH,
222910,Emmonak,374,Fiber,0.0,0.0,HIGH,
222910,Emmonak,374,All Satellite,1.0,1.0,HIGH,
222910,Emmonak,374,NGSO Satellite,1.0,1.0,HIGH,SATELLITE_AVAILABLE
223460,Ester,1348,Any Technology,1.0,1.0,HIGH,
223460,Ester,1348,All Wired,0.628338279,0.545994065,HIGH,
223460,Ester,1348,Cable,0.545994065,0.545994065,HIGH,
223460,Ester,1348,Fiber,0.0,0.0,HIGH,
223460,Ester,1348,All Satellite,1.0,1.0,HIGH,
223460,Ester,1348,NGSO Satellite,1.0,1.0,HIGH,SATELLITE_AVAILABLE
223720,Eureka Roadhouse,100,Any Technology,1.0,1.0,MEDIUM,
223720,Eureka Roadhouse,100,All Wired,0.22,0.21,MEDIUM,
223720,Eureka Roadhouse,100,Cable,0.0,0.0,MEDIUM,
223720,Eureka Roadhouse,100,Fiber,0.21,0.21,MEDIUM,
223720,Eureka Roadhouse,100,All Satellite,1.0,1.0,MEDIUM,
223720,Eureka Roadhouse,100,NGSO Satellite,1.0,1.0,MEDIUM,SATELLITE_AVAILABLE
223790,Evansville,52,Any Technology,1.0,1.0,MEDIUM,
223790,Evansville,52,All Wired,0.0,0.0,MEDIUM,NO_WIRED_25MBPS
223790,Evansville,52,Cable,0.0,0.0,MEDIUM,
223790,Evansville,52,Fiber,0.0,0.0,MEDIUM,
223790,Evansville,52,All Satellite,1.0,1.0,MEDIUM,
223790,Evansville,52,NGSO Satellite,1.0,1.0,MEDIUM,SATELLITE_AVAILABLE
223900,Excursion Inlet,66,Any Technology,1.0,1.0,MEDIUM,
223900,Excursion Inlet,66,All Wired,0.0,0.0,MEDIUM,NO_WIRED_25MBPS
223900,Excursion Inlet,66,Cable,0.0,0.0,MEDIUM,
223900,Excursion Inlet,66,Fiber,0.0,0.0,MEDIUM,
223900,Excursion Inlet,66,All Satellite,1.0,1.0,MEDIUM,
223900,Excursion Inlet,66,NGSO Satellite,1.0,1.0,MEDIUM,SATELLITE_AVAILABLE
224230,Fairbanks,16766,Any Technology,1.0,1.0,HIGH,
224230,Fairbanks,16766,All Wired,0.970893475,0.970535608,HIGH,
224230,Fairbanks,16766,Cable,0.969819874,0.969819874,HIGH,
224230,Fairbanks,16766,Fiber,0.305081713,0.287069068,HIGH,
224230,Fairbanks,16766,All Satellite,1.0,1.0,HIGH,
224230,Fairbanks,16766,NGSO Satellite,1.0,1.0,HIGH,SATELLITE_AVAILABLE
224660,False Pass,75,Any Technology,1.0,1.0,MEDIUM,
224660,False Pass,75,All Wired,0.0,0.0,MEDIUM,NO_WIRED_25MBPS
224660,False Pass,75,Cable,0.0,0.0,MEDIUM,
224660,False Pass,75,Fiber,0.0,0.0,MEDIUM,
224660,False Pass,75,All Satellite,1.0,1.0,MEDIUM,
224660,False Pass,75,NGSO Satellite,1.0,1.0,MEDIUM,SATELLITE_AVAILABLE
224980,Farmers Loop,2742,Any Technology,1.0,1.0,HIGH,
224980,Farmers Loop,2742,All Wired,0.740700219,0.664113786,HIGH,
224980,Farmers Loop,2742,Cable,0.664113786,0.664113786,HIGH,
224980,Farmers Loop,2742,Fiber,0.001458789,0.001094092,HIGH,
224980,Farmers Loop,2742,All Satellite,1.0,1.0,HIGH,
224980,Farmers Loop,2742,NGSO Satellite,1.0,1.0,HIGH,SATELLITE_AVAILABLE
225000,Farm Loop,1053,Any Technology,1.0,1.0,HIGH,
225000,Farm Loop,1053,All Wired,0.952516619,0.702754036,HIGH,
225000,Farm Loop,1053,Cable,0.368471035,0.368471035,HIGH,
225000,Farm Loop,1053,Fiber,0.295346629,0.295346629,HIGH,
225000,Farm Loop,1053,All Satellite,1.0,1.0,HIGH,
225000,Farm Loop,1053,NGSO Satellite,1.0,1.0,HIGH,SATELLITE_AVAILABLE
225220,Ferry,40,Any Technology,1.0,1.0,LOW,SMALL_SAMPLE
225220,Ferry,40,All Wired,0.0,0.0,LOW,NO_WIRED_25MBPS;SMALL_SAMPLE
225220,Ferry,40,Cable,0.0,0.0,LOW,SMALL_SAMPLE
225220,Ferry,40,Fiber,0.0,0.0,LOW,SMALL_SAMPLE
225220,Ferry,40,All Satellite,1.0,1.0,LOW,SMALL_SAMPLE
225220,Ferry,40,NGSO Satellite,1.0,1.0,LOW,SATELLITE_AVAILABLE;SMALL_SAMPLE
225550,Fishhook,2343,Any Technology,1.0,1.0,HIGH,
225550,Fishhook,2343,All Wired,0.920187793,0.718736662,HIGH,
225550,Fishhook,2343,Cable,0.026461801,0.026461801,HIGH,
225550,Fishhook,2343,Fiber,0.663679044,0.663679044,HIGH,
225550,Fishhook,2343,All Satellite,1.0,1.0,HIGH,
225550,Fishhook,2343,NGSO Satellite,1.0,1.0,HIGH,SATELLITE_AVAILABLE
225880,Flat,25,Any Technology,1.0,1.0,LOW,SMALL_SAMPLE
225880,Flat,25,All Wired,0.0,0.0,LOW,NO_WIRED_25MBPS;SMALL_SAMPLE
225880,Flat,25,Cable,0.0,0.0,LOW,SMALL_SAMPLE
225880,Flat,25,Fiber,0.0,0.0,LOW,SMALL_SAMPLE
225880,Flat,25,All Satellite,1.0,1.0,LOW,SMALL_SAMPLE
225880,Flat,25,NGSO Satellite,1.0,1.0,LOW,SATELLITE_AVAILABLE;SMALL_SAMPLE
226760,Fort Yukon,517,Any Technology,1.0,1.0,HIGH,
226760,Fort Yukon,517,All Wired,0.0,0.0,HIGH,NO_WIRED_25MBPS
226760,Fort Yukon,517,Cable,0.0,0.0,HIGH,
226760,Fort Yukon,517,Fiber,0.0,0.0,HIGH,
226760,Fort Yukon,517,All Satellite,1.0,1.0,HIGH,
226760,Fort Yukon,517,NGSO Satellite,1.0,1.0,HIGH,SATELLITE_AVAILABLE
226835,Four Mile Road,32,Any Technology,1.0,1.0,LOW,SMALL_SAMPLE
226835,Four Mile Road,32,All Wired,0.0,0.0,LOW,NO_WIRED_25MBPS;SMALL_SAMPLE
226835,Four Mile Road,32,Cable,0.0,0.0,LOW,SMALL_SAMPLE
226835,Four Mile Road,32,Fiber,0.0,0.0,LOW,SMALL_SAMPLE
226835,Four Mile Road,32,All Satellite,1.0,1.0,LOW,SMALL_SAMPLE
226835,Four Mile Road,32,NGSO Satellite,1.0,1.0,LOW,SATELLITE_AVAILABLE;SMALL_SAMPLE
226870,Fox,395,Any Technology,1.0,1.0,HIGH,
226870,Fox,395,All Wired,0.35443038,0.0,HIGH,
226870,Fox,395,Cable,0.0,0.0,HIGH,
226870,Fox,395,Fiber,0.0,0.0,HIGH,
226870,Fox,395,All Satellite,1.0,1.0,HIGH,
226870,Fox,395,NGSO Satellite,1.0,1.0,HIGH,SATELLITE_AVAILABLE
226910,Fox River,336,Any Technology,1.0,1.0,HIGH,
226910,Fox River,336,All Wired,0.12202381,0.0,HIGH,
226910,Fox River,336,Cable,0.0,0.0,HIGH,
226910,Fox River,336,Fiber,0.0,0.0,HIGH,
226910,Fox River,336,All Satellite,1.0,1.0,HIGH,
226910,Fox River,336,NGSO Satellite,1.0,1.0,HIGH,SATELLITE_AVAILABLE
227090,Fritz Creek,1489,Any Technology,1.0,1.0,HIGH,
227090,Fritz Creek,1489,All Wired,0.0,0.0,HIGH,NO_WIRED_25MBPS
227090,Fritz Creek,1489,Cable,0.0,0.0,HIGH,
227090,Fritz Creek,1489,Fiber,0.0,0.0,HIGH,
227090,Fritz Creek,1489,All Satellite,1.0,1.0,HIGH,
227090,Fritz Creek,1489,NGSO Satellite,1.0,1.0,HIGH,SATELLITE_AVAILABLE
227145,Funny River,1235,Any Technology,1.0,1.0,HIGH,
227145,Funny River,1235,All Wired,0.001619433,0.0,HIGH,
227145,Funny River,1235,Cable,0.0,0.0,HIGH,
227145,Funny River,1235,Fiber,0.000809717,0.0,HIGH,
227145,Funny River,1235,All Satellite,1.0,1.0,HIGH,
227145,Funny River,1235,NGSO Satellite,1.0,1.0,HIGH,SATELLITE_AVAILABLE
227420,Gakona,267,Any Technology,1.0,1.0,HIGH,
227420,Gakona,267,All Wired,0.992509363,0.992509363,HIGH,
227420,Gakona,267,Cable,0.0,0.0,HIGH,
227420,Gakona,267,Fiber,0.992509363,0.992509363,HIGH,
227420,Gakona,267,All Satellite,1.0,1.0,HIGH,
227420,Gakona,267,NGSO Satellite,1.0,1.0,HIGH,SATELLITE_AVAILABLE
227530,Galena,686,Any Technology,1.0,1.0,HIGH,
227530,Galena,686,All Wired,0.0,0.0,HIGH,NO_WIRED_25MBPS
227530,Galena,686,Cable,0.0,0.0,HIGH,
227530,Galena,686,Fiber,0.0,0.0,HIGH,
227530,Galena,686,All Satellite,1.0,1.0,HIGH,
227530,Galena,686,NGSO Satellite,1.0,1.0,HIGH,SATELLITE_AVAILABLE
227640,Gambell,265,Any Technology,1.0,1.0,HIGH,
227640,Gambell,265,All Wired,0.0,0.0,HIGH,NO_WIRED_25MBPS
227640,Gambell,265,Cable,0.0,0.0,HIGH,
227640,Gambell,265,Fiber,0.0,0.0,HIGH,
227640,Gambell,265,All Satellite,1.0,1.0,HIGH,
227640,Gambell,265,NGSO Satellite,1.0,1.0,HIGH,SATELLITE_AVAILABLE
227700,Game Creek,11,Any Technology,1.0,1.0,LOW,SMALL_SAMPLE
227700,Game Creek,11,All Wired,0.0,0.0,LOW,NO_WIRED_25MBPS;SMALL_SAMPLE
227700,Game Creek,11,Cable,0.0,0.0,LOW,SMALL_SAMPLE
227700,Game Creek,11,Fiber,0.0,0.0,LOW,SMALL_SAMPLE
227700,Game Creek,11,All Satellite,1.0,1.0,LOW,SMALL_SAMPLE
227700,Game Creek,11,NGSO Satellite,1.0,1.0,LOW,SATELLITE_AVAILABLE;SMALL_SAMPLE
228200,Gateway,2449,Any Technology,1.0,1.0,HIGH,
228200,Gateway,2449,All Wired,0.94283381,0.873009392,HIGH,
228200,Gateway,2449,Cable,0.82074316,0.82074316,HIGH,
228200,Gateway,2449,Fiber,0.323805635,0.323805635,HIGH,
228200,Gateway,2449,All Satellite,1.0,1.0,HIGH,
228200,Gateway,2449,NGSO Satellite,1.0,1.0,HIGH,SATELLITE_AVAILABLE
228590,Glacier View,323,Any Technology,1.0,1.0,HIGH,
228590,Glacier View,323,All Wired,0.371517028,0.328173375,HIGH,
228590,Glacier View,323,Cable,0.0,0.0,HIGH,
228590,Glacier View,323,Fiber,0.287925697,0.287925697,HIGH,
228590,Glacier View,323,All Satellite,1.0,1.0,HIGH,
228590,Glacier View,323,NGSO Satellite,1.0,1.0,HIGH,SATELLITE_AVAILABLE
228740,Glennallen,487,Any Technology,1.0,1.0,HIGH,
228740,Glennallen,487,All Wired,0.967145791,0.965092402,HIGH,
228740,Glennallen,487,Cable,0.0,0.0,HIGH,
228740,Glennallen,487,Fiber,0.965092402,0.965092402,HIGH,
228740,Glennallen,487,All Satellite,1.0,1.0,HIGH,
228740,Glennallen,487,NGSO Satellite,1.0,1.0,HIGH,SATELLITE_AVAILABLE
229130,Goldstream,2152,Any Technology,1.0,1.0,HIGH,
229130,Goldstream,2152,All Wired,0.244888476,0.0,HIGH,
229130,Goldstream,2152,Cable,0.0,0.0,HIGH,
229130,Goldstream,2152,Fiber,0.0,0.0,HIGH,
229130,Goldstream,2152,All Satellite,1.0,1.0,HIGH,
229130,Goldstream,2152,NGSO Satellite,1.0,1.0,HIGH,SATELLITE_AVAILABLE
229180,Golovin,132,Any Technology,1.0,1.0,MEDIUM,
229180,Golovin,132,All Wired,0.0,0.0,MEDIUM,NO_WIRED_25MBPS
229180,Golovin,132,Cable,0.0,0.0,MEDIUM,
229180,Golovin,132,Fiber,0.0,0.0,MEDIUM,
229180,Golovin,132,All Satellite,1.0,1.0,MEDIUM,
229180,Golovin,132,NGSO Satellite,1.0,1.0,MEDIUM,SATELLITE_AVAILABLE
229290,Goodnews Bay,113,Any Technology,1.0,1.0,MEDIUM,
229290,Goodnews Bay,113,All Wired,0.0,0.0,MEDIUM,NO_WIRED_25MBPS
229290,Goodnews Bay,113,Cable,0.0,0.0,MEDIUM,
229290,Goodnews Bay,113,Fiber,0.0,0.0,MEDIUM,
229290,Goodnews Bay,113,All Satellite,1.0,1.0,MEDIUM,
229290,Goodnews Bay,113,NGSO Satellite,1.0,1.0,MEDIUM,SATELLITE_AVAILABLE
230060,Grayling,106,Any Technology,1.0,1.0,MEDIUM,
230060,Grayling,106,All Wired,0.0,0.0,MEDIUM,NO_WIRED_25MBPS
230060,Grayling,106,Cable,0.0,0.0,MEDIUM,
230060,Grayling,106,Fiber,0.0,0.0,MEDIUM,
230060,Grayling,106,All Satellite,1.0,1.0,MEDIUM,
230060,Grayling,106,NGSO Satellite,1.0,1.0,MEDIUM,SATELLITE_AVAILABLE
230500,Gulkana,79,Any Technology,1.0,1.0,MEDIUM,
230500,Gulkana,79,All Wired,0.936708861,0.936708861,MEDIUM,
230500,Gulkana,79,Cable,0.0,0.0,MEDIUM,
230500,Gulkana,79,Fiber,0.936708861,0.936708861,MEDIUM,
230500,Gulkana,79,All Satellite,1.0,1.0,MEDIUM,
230500,Gulkana,79,NGSO Satellite,1.0,1.0,MEDIUM,SATELLITE_AVAILABLE
230940,Gustavus,761,Any Technology,1.0,1.0,HIGH,
230940,Gustavus,761,All Wired,0.813403417,0.813403417,HIGH,
230940,Gustavus,761,Cable,0.0,0.0,HIGH,
230940,Gustavus,761,Fiber,0.813403417,0.813403417,HIGH,
230940,Gustavus,761,All Satellite,1.0,1.0,HIGH,
230940,Gustavus,761,NGSO Satellite,1.0,1.0,HIGH,SATELLITE_AVAILABLE
231050,Haines,1212,Any Technology,1.0,1.0,HIGH,
231050,Haines,1212,All Wired,0.838283828,0.828382838,HIGH,
231050,Haines,1212,Cable,0.0,0.0,HIGH,
231050,Haines,1212,Fiber,0.828382838,0.828382838,HIGH,
231050,Haines,1212,All Satellite,1.0,1.0,HIGH,
231050,Haines,1212,NGSO Satellite,1.0,1.0,HIGH,SATELLITE_AVAILABLE
231270,Halibut Cove,157,Any Technology,1.0,1.0,MEDIUM,
231270,Halibut Cove,157,All Wired,0.0,0.0,MEDIUM,NO_WIRED_25MBPS
231270,Halibut Cove,157,Cable,0.0,0.0,MEDIUM,
231270,Halibut Cove,157,Fiber,0.0,0.0,MEDIUM,
231270,Halibut Cove,157,All Satellite,1.0,1.0,MEDIUM,
231270,Halibut Cove,157,NGSO Satellite,1.0,1.0,MEDIUM,SATELLITE_AVAILABLE
231710,Happy Valley,763,Any Technology,1.0,1.0,HIGH,
231710,Happy Valley,763,All Wired,0.001310616,0.0,HIGH,
231710,Happy Valley,763,Cable,0.0,0.0,HIGH,
231710,Happy Valley,763,Fiber,0.001310616,0.0,HIGH,
231710,Happy Valley,763,All Satellite,1.0,1.0,HIGH,
231710,Happy Valley,763,NGSO Satellite,1.0,1.0,HIGH,SATELLITE_AVAILABLE
231765,Harding-Birch Lakes,798,Any Technology,1.0,1.0,HIGH,
231765,Harding-Birch Lakes,798,All Wired,0.268170426,0.0,HIGH,
231765,Harding-Birch Lakes,798,Cable,0.0,0.0,HIGH,
231765,Harding-Birch Lakes,798,Fiber,0.0,0.0,HIGH,
231765,Harding-Birch Lakes,798,All Satellite,1.0,1.0,HIGH,
231765,Harding-Birch Lakes,798,NGSO Satellite,1.0,1.0,HIGH,SATELLITE_AVAILABLE
232150,Healy,822,Any Technology,1.0,1.0,HIGH,
232150,Healy,822,All Wired,0.459854015,0.344282238,HIGH,
232150,Healy,822,Cable,0.0,0.0,HIGH,
232150,Healy,822,Fiber,0.276155718,0.276155718,HIGH,
232150,Healy,822,All Satellite,1.0,1.0,HIGH,
232150,Healy,822,NGSO Satellite,1.0,1.0,HIGH,SATELLITE_AVAILABLE
232310,Healy Lake,10,Any Technology,1.0,1.0,LOW,SMALL_SAMPLE
232310,Healy Lake,10,All Wired,0.0,0.0,LOW,NO_WIRED_25MBPS;SMALL_SAMPLE
232310,Healy Lake,10,Cable,0.0,0.0,LOW,SMALL_SAMPLE
232310,Healy Lake,10,Fiber,0.0,0.0,LOW,SMALL_SAMPLE
232310,Healy Lake,10,All Satellite,1.0,1.0,LOW,SMALL_SAMPLE
232310,Healy Lake,10,NGSO Satellite,1.0,1.0,LOW,SATELLITE_AVAILABLE;SMALL_SAMPLE
232550,Hobart Bay,7,Any Technology,1.0,1.0,LOW,SMALL_SAMPLE
232550,Hobart Bay,7,All Wired,0.0,0.0,LOW,NO_WIRED_25MBPS;SMALL_SAMPLE
232550,Hobart Bay,7,Cable,0.0,0.0,LOW,SMALL_SAMPLE
232550,Hobart Bay,7,Fiber,0.0,0.0,LOW,SMALL_SAMPLE
232550,Hobart Bay,7,All Satellite,1.0,1.0,LOW,SMALL_SAMPLE
232550,Hobart Bay,7,NGSO Satellite,1.0,1.0,LOW,SATELLITE_AVAILABLE;SMALL_SAMPLE
232810,Hollis,83,Any Technology,1.0,1.0,MEDIUM,
232810,Hollis,83,All Wired,0.542168675,0.397590361,MEDIUM,
232810,Hollis,83,Cable,0.0,0.0,MEDIUM,
232810,Hollis,83,Fiber,0.397590361,0.397590361,MEDIUM,
232810,Hollis,83,All Satellite,1.0,1.0,MEDIUM,
232810,Hollis,83,NGSO Satellite,1.0,1.0,MEDIUM,SATELLITE_AVAILABLE
233030,Holy Cross,153,Any Technology,1.0,1.0,MEDIUM,
233030,Holy Cross,153,All Wired,0.0,0.0,MEDIUM,NO_WIRED_25MBPS
233030,Holy Cross,153,Cable,0.0,0.0,MEDIUM,
233030,Holy Cross,153,Fiber,0.0,0.0,MEDIUM,
233030,Holy Cross,153,All Satellite,1.0,1.0,MEDIUM,
233030,Holy Cross,153,NGSO Satellite,1.0,1.0,MEDIUM,SATELLITE_AVAILABLE
233140,Homer,3928,Any Technology,1.0,1.0,HIGH,
233140,Homer,3928,All Wired,0.775712831,0.772912424,HIGH,
233140,Homer,3928,Cable,0.772912424,0.772912424,HIGH,
233140,Homer,3928,Fiber,0.000254582,0.000254582,HIGH,
233140,Homer,3928,All Satellite,1.0,1.0,HIGH,
233140,Homer,3928,NGSO Satellite,1.0,1.0,HIGH,SATELLITE_AVAILABLE
233360,Hoonah,625,Any Technology,1.0,1.0,HIGH,
233360,Hoonah,625,All Wired,0.0,0.0,HIGH,NO_WIRED_25MBPS
233360,Hoonah,625,Cable,0.0,0.0,HIGH,
233360,Hoonah,625,Fiber,0.0,0.0,HIGH,
233360,Hoonah,625,All Satellite,1.0,1.0,HIGH,
233360,Hoonah,625,NGSO Satellite,1.0,1.0,HIGH,SATELLITE_AVAILABLE
233470,Hooper Bay,292,Any Technology,1.0,1.0,HIGH,
233470,Hooper Bay,292,All Wired,0.0,0.0,HIGH,NO_WIRED_25MBPS
233470,Hooper Bay,292,Cable,0.0,0.0,HIGH,
233470,Hooper Bay,292,Fiber,0.0,0.0,HIGH,
233470,Hooper Bay,292,All Satellite,1.0,1.0,HIGH,
233470,Hooper Bay,292,NGSO Satellite,1.0,1.0,HIGH,SATELLITE_AVAILABLE
233580,Hope,237,Any Technology,1.0,1.0,HIGH,
233580,Hope,237,All Wired,0.23628692,0.0,HIGH,
233580,Hope,237,Cable,0.0,0.0,HIGH,
233580,Hope,237,Fiber,0.0,0.0,HIGH,
233580,Hope,237,All Satellite,1.0,1.0,HIGH,
233580,Hope,237,NGSO Satellite,1.0,1.0,HIGH,SATELLITE_AVAILABLE
233800,Houston,1154,Any Technology,1.0,1.0,HIGH,
233800,Houston,1154,All Wired,0.649046794,0.241767764,HIGH,
233800,Houston,1154,Cable,0.0,0.0,HIGH,
233800,Houston,1154,Fiber,0.180242634,0.180242634,HIGH,
233800,Houston,1154,All Satellite,1.0,1.0,HIGH,
233800,Houston,1154,NGSO Satellite,1.0,1.0,HIGH,SATELLITE_AVAILABLE
233910,Hughes,83,Any Technology,1.0,1.0,MEDIUM,
233910,Hughes,83,All Wired,0.0,0.0,MEDIUM,NO_WIRED_25MBPS
233910,Hughes,83,Cable,0.0,0.0,MEDIUM,
233910,Hughes,83,Fiber,0.0,0.0,MEDIUM,
233910,Hughes,83,All Satellite,1.0,1.0,MEDIUM,
233910,Hughes,83,NGSO Satellite,1.0,1.0,MEDIUM,SATELLITE_AVAILABLE
234350,Huslia,213,Any Technology,1.0,1.0,HIGH,
234350,Huslia,213,All Wired,0.0,0.0,HIGH,NO_WIRED_25MBPS
234350,Huslia,213,Cable,0.0,0.0,HIGH,
234350,Huslia,213,Fiber,0.0,0.0,HIGH,
234350,Huslia,213,All Satellite,1.0,1.0,HIGH,
234350,Huslia,213,NGSO Satellite,1.0,1.0,HIGH,SATELLITE_AVAILABLE
234460,Hydaburg,171,Any Technology,1.0,1.0,MEDIUM,
234460,Hydaburg,171,All Wired,0.923976608,0.315789474,MEDIUM,
234460,Hydaburg,171,Cable,0.0,0.0,MEDIUM,
234460,Hydaburg,171,Fiber,0.315789474,0.315789474,MEDIUM,
234460,Hydaburg,171,All Satellite,1.0,1.0,MEDIUM,
234460,Hydaburg,171,NGSO Satellite,1.0,1.0,MEDIUM,SATELLITE_AVAILABLE
234570,Hyder,71,Any Technology,1.0,1.0,MEDIUM,
234570,Hyder,71,All Wired,0.0,0.0,MEDIUM,NO_WIRED_25MBPS
234570,Hyder,71,Cable,0.0,0.0,MEDIUM,
234570,Hyder,71,Fiber,0.0,0.0,MEDIUM,
234570,Hyder,71,All Satellite,1.0,1.0,MEDIUM,
234570,Hyder,71,NGSO Satellite,1.0,1.0,MEDIUM,SATELLITE_AVAILABLE
234790,Igiugig,91,Any Technology,1.0,1.0,MEDIUM,
234790,Igiugig,91,All Wired,0.0,0.0,MEDIUM,NO_WIRED_25MBPS
234790,Igiugig,91,Cable,0.0,0.0,MEDIUM,
234790,Igiugig,91,Fiber,0.0,0.0,MEDIUM,
234790,Igiugig,91,All Satellite,1.0,1.0,MEDIUM,
234790,Igiugig,91,NGSO Satellite,1.0,1.0,MEDIUM,SATELLITE_AVAILABLE
235120,Iliamna,186,Any Technology,1.0,1.0,MEDIUM,
235120,Iliamna,186,All Wired,0.0,0.0,MEDIUM,NO_WIRED_25MBPS
235120,Iliamna,186,Cable,0.0,0.0,MEDIUM,
235120,Iliamna,186,Fiber,0.0,0.0,MEDIUM,
235120,Iliamna,186,All Satellite,1.0,1.0,MEDIUM,
235120,Iliamna,186,NGSO Satellite,1.0,1.0,MEDIUM,SATELLITE_AVAILABLE
235890,Ivanof Bay,28,Any Technology,1.0,1.0,LOW,SMALL_SAMPLE
235890,Ivanof Bay,28,All Wired,0.0,0.0,LOW,NO_WIRED_25MBPS;SMALL_SAMPLE
235890,Ivanof Bay,28,Cable,0.0,0.0,LOW,SMALL_SAMPLE
235890,Ivanof Bay,28,Fiber,0.0,0.0,LOW,SMALL_SAMPLE
235890,Ivanof Bay,28,All Satellite,1.0,1.0,LOW,SMALL_SAMPLE
235890,Ivanof Bay,28,NGSO Satellite,1.0,1.0,LOW,SATELLITE_AVAILABLE;SMALL_SAMPLE
236400,Juneau,16939,Any Technology,1.0,1.0,HIGH,
236400,Juneau,16939,All Wired,0.973965405,0.973256981,HIGH,
236400,Juneau,16939,Cable,0.973256981,0.973256981,HIGH,
236400,Juneau,16939,Fiber,0.00726135,0.005785465,HIGH,
236400,Juneau,16939,All Satellite,1.0,1.0,HIGH,
236400,Juneau,16939,NGSO Satellite,1.0,1.0,HIGH,SATELLITE_AVAILABLE
236540,Kachemak,361,Any Technology,1.0,1.0,HIGH,
236540,Kachemak,361,All Wired,0.36565097,0.36565097,HIGH,
236540,Kachemak,361,Cable,0.36565097,0.36565097,HIGH,
236540,Kachemak,361,Fiber,0.0,0.0,HIGH,
236540,Kachemak,361,All Satellite,1.0,1.0,HIGH,
236540,Kachemak,361,NGSO Satellite,1.0,1.0,HIGH,SATELLITE_AVAILABLE
236770,Kake,387,Any Technology,1.0,1.0,HIGH,
236770,Kake,387,All Wired,0.0,0.0,HIGH,NO_WIRED_25MBPS
236770,Kake,387,Cable,0.0,0.0,HIGH,
236770,Kake,387,Fiber,0.0,0.0,HIGH,
236770,Kake,387,All Satellite,1.0,1.0,HIGH,
236770,Kake,387,NGSO Satellite,1.0,1.0,HIGH,SATELLITE_AVAILABLE
236990,Kaktovik,128,Any Technology,1.0,1.0,MEDIUM,
236990,Kaktovik,128,All Wired,0.0,0.0,MEDIUM,NO_WIRED_25MBPS
236990,Kaktovik,128,Cable,0.0,0.0,MEDIUM,
236990,Kaktovik,128,Fiber,0.0,0.0,MEDIUM,
236990,Kaktovik,128,All Satellite,1.0,1.0,MEDIUM,
236990,Kaktovik,128,NGSO Satellite,1.0,1.0,MEDIUM,SATELLITE_AVAILABLE
237250,Kalifornsky,4907,Any Technology,1.0,1.0,HIGH,
237250,Kalifornsky,4907,All Wired,0.335031588,0.32382311,HIGH,
237250,Kalifornsky,4907,Cable,0.322600367,0.322600367,HIGH,
237250,Kalifornsky,4907,Fiber,0.015080497,0.013246383,HIGH,
237250,Kalifornsky,4907,All Satellite,1.0,1.0,HIGH,
237250,Kalifornsky,4907,NGSO Satellite,1.0,1.0,HIGH,SATELLITE_AVAILABLE
237430,Kaltag,145,Any Technology,1.0,1.0,MEDIUM,
237430,Kaltag,145,All Wired,0.0,0.0,MEDIUM,NO_WIRED_25MBPS
237430,Kaltag,145,Cable,0.0,0.0,MEDIUM,
237430,Kaltag,145,Fiber,0.0,0.0,MEDIUM,
237430,Kaltag,145,All Satellite,1.0,1.0,MEDIUM,
237430,Kaltag,145,NGSO Satellite,1.0,1.0,MEDIUM,SATELLITE_AVAILABLE
237540,Karluk,51,Any Technology,1.0,1.0,MEDIUM,
237540,Karluk,51,All Wired,0.0,0.0,MEDIUM,NO_WIRED_25MBPS
237540,Karluk,51,Cable,0.0,0.0,MEDIUM,
237540,Karluk,51,Fiber,0.0,0.0,MEDIUM,
237540,Karluk,51,All Satellite,1.0,1.0,MEDIUM,
237540,Karluk,51,NGSO Satellite,1.0,1.0,MEDIUM,SATELLITE_AVAILABLE
237650,Kasaan,84,Any Technology,1.0,1.0,MEDIUM,
237650,Kasaan,84,All Wired,0.666666667,0.666666667,MEDIUM,
237650,Kasaan,84,Cable,0.0,0.0,MEDIUM,
237650,Kasaan,84,Fiber,0.666666667,0.666666667,MEDIUM,
237650,Kasaan,84,All Satellite,1.0,1.0,MEDIUM,
237650,Kasaan,84,NGSO Satellite,1.0,1.0,MEDIUM,SATELLITE_AVAILABLE
237975,Kasigluk,168,Any Technology,1.0,1.0,MEDIUM,
237975,Kasigluk,168,All Wired,0.0,0.0,MEDIUM,NO_WIRED_25MBPS
237975,Kasigluk,168,Cable,0.0,0.0,MEDIUM,
237975,Kasigluk,168,Fiber,0.0,0.0,MEDIUM,
237975,Kasigluk,168,All Satellite,1.0,1.0,MEDIUM,
237975,Kasigluk,168,NGSO Satellite,1.0,1.0,MEDIUM,SATELLITE_AVAILABLE
238090,Kasilof,374,Any Technology,1.0,1.0,HIGH,
238090,Kasilof,374,All Wired,0.026737968,0.0,HIGH,
238090,Kasilof,374,Cable,0.0,0.0,HIGH,
238090,Kasilof,374,Fiber,0.002673797,0.0,HIGH,
238090,Kasilof,374,All Satellite,1.0,1.0,HIGH,
238090,Kasilof,374,NGSO Satellite,1.0,1.0,HIGH,SATELLITE_AVAILABLE
238420,Kenai,3819,Any Technology,1.0,1.0,HIGH,
238420,Kenai,3819,All Wired,0.863838701,0.863838701,HIGH,
238420,Kenai,3819,Cable,0.863576853,0.863576853,HIGH,
238420,Kenai,3819,Fiber,0.000261849,0.000261849,HIGH,
238420,Kenai,3819,All Satellite,1.0,1.0,HIGH,
238420,Kenai,3819,NGSO Satellite,1.0,1.0,HIGH,SATELLITE_AVAILABLE
238910,Kenny Lake,387,Any Technology,1.0,1.0,HIGH,
238910,Kenny Lake,387,All Wired,0.989664083,0.989664083,HIGH,
238910,Kenny Lake,387,Cable,0.0,0.0,HIGH,
238910,Kenny Lake,387,Fiber,0.989664083,0.989664083,HIGH,
238910,Kenny Lake,387,All Satellite,1.0,1.0,HIGH,
238910,Kenny Lake,387,NGSO Satellite,1.0,1.0,HIGH,SATELLITE_AVAILABLE
238970,Ketchikan,4747,Any Technology,1.0,1.0,HIGH,
238970,Ketchikan,4747,All Wired,1.0,1.0,HIGH,
238970,Ketchikan,4747,Cable,0.998314725,0.998314725,HIGH,
238970,Ketchikan,4747,Fiber,0.997682747,0.997682747,HIGH,
238970,Ketchikan,4747,All Satellite,1.0,1.0,HIGH,
238970,Ketchikan,4747,NGSO Satellite,1.0,1.0,HIGH,SATELLITE_AVAILABLE
239300,Kiana,238,Any Technology,1.0,1.0,HIGH,
239300,Kiana,238,All Wired,0.0,0.0,HIGH,NO_WIRED_25MBPS
239300,Kiana,238,Cable,0.0,0.0,HIGH,
239300,Kiana,238,Fiber,0.0,0.0,HIGH,
239300,Kiana,238,All Satellite,1.0,1.0,HIGH,
239300,Kiana,238,NGSO Satellite,1.0,1.0,HIGH,SATELLITE_AVAILABLE
239410,King Cove,329,Any Technology,1.0,1.0,HIGH,
239410,King Cove,329,All Wired,0.96656535,0.96656535,HIGH,
239410,King Cove,329,Cable,0.0,0.0,HIGH,
239410,King Cove,329,Fiber,0.96656535,0.96656535,HIGH,
239410,King Cove,329,All Satellite,1.0,1.0,HIGH,
239410,King Cove,329,NGSO Satellite,1.0,1.0,HIGH,SATELLITE_AVAILABLE
239630,King Salmon,336,Any Technology,1.0,1.0,HIGH,
239630,King Salmon,336,All Wired,0.020833333,0.0,HIGH,
239630,King Salmon,336,Cable,0.0,0.0,HIGH,
239630,King Salmon,336,Fiber,0.0,0.0,HIGH,
239630,King Salmon,336,All Satellite,1.0,1.0,HIGH,
239630,King Salmon,336,NGSO Satellite,1.0,1.0,HIGH,SATELLITE_AVAILABLE
239740,Kipnuk,244,Any Technology,1.0,1.0,HIGH,
239740,Kipnuk,244,All Wired,0.0,0.0,HIGH,NO_WIRED_25MBPS
239740,Kipnuk,244,Cable,0.0,0.0,HIGH,
239740,Kipnuk,244,Fiber,0.0,0.0,HIGH,
239740,Kipnuk,244,All Satellite,1.0,1.0,HIGH,
239740,Kipnuk,244,NGSO Satellite,1.0,1.0,HIGH,SATELLITE_AVAILABLE
239960,Kivalina,122,Any Technology,1.0,1.0,MEDIUM,
239960,Kivalina,122,All Wired,1.0,1.0,MEDIUM,
239960,Kivalina,122,Cable,0.0,0.0,MEDIUM,
239960,Kivalina,122,Fiber,1.0,1.0,MEDIUM,
239960,Kivalina,122,All Satellite,1.0,1.0,MEDIUM,
239960,Kivalina,122,NGSO Satellite,1.0,1.0,MEDIUM,SATELLITE_AVAILABLE
240400,Klawock,506,Any Technology,1.0,1.0,HIGH,
240400,Klawock,506,All Wired,0.679841897,0.679841897,HIGH,
240400,Klawock,506,Cable,0.0,0.0,HIGH,
240400,Klawock,506,Fiber,0.679841897,0.679841897,HIGH,
240400,Klawock,506,All Satellite,1.0,1.0,HIGH,
240400,Klawock,506,NGSO Satellite,1.0,1.0,HIGH,SATELLITE_AVAILABLE
240510,Klukwan,103,Any Technology,1.0,1.0,MEDIUM,
240510,Klukwan,103,All Wired,1.0,0.0,MEDIUM,
240510,Klukwan,103,Cable,0.0,0.0,MEDIUM,
240510,Klukwan,103,Fiber,0.0,0.0,MEDIUM,
240510,Klukwan,103,All Satellite,1.0,1.0,MEDIUM,
240510,Klukwan,103,NGSO Satellite,1.0,1.0,MEDIUM,SATELLITE_AVAILABLE
240645,Knik-Fairview,8430,Any Technology,1.0,1.0,HIGH,
240645,Knik-Fairview,8430,All Wired,0.941874259,0.795017794,HIGH,
240645,Knik-Fairview,8430,Cable,0.61886121,0.61886121,HIGH,
240645,Knik-Fairview,8430,Fiber,0.372479241,0.372479241,HIGH,
240645,Knik-Fairview,8430,All Satellite,1.0,1.0,HIGH,
240645,Knik-Fairview,8430,NGSO Satellite,1.0,1.0,HIGH,SATELLITE_AVAILABLE
240670,Knik River,427,Any Technology,1.0,1.0,HIGH,
240670,Knik River,427,All Wired,0.784543326,0.386416862,HIGH,
240670,Knik River,427,Cable,0.0,0.0,HIGH,
240670,Knik River,427,Fiber,0.203747073,0.203747073,HIGH,
240670,Knik River,427,All Satellite,1.0,1.0,HIGH,
240670,Knik River,427,NGSO Satellite,1.0,1.0,HIGH,SATELLITE_AVAILABLE
240840,Kobuk,106,Any Technology,1.0,1.0,MEDIUM,
240840,Kobuk,106,All Wired,0.0,0.0,MEDIUM,NO_WIRED_25MBPS
240840,Kobuk,106,Cable,0.0,0.0,MEDIUM,
240840,Kobuk,106,Fiber,0.0,0.0,MEDIUM,
240840,Kobuk,106,All Satellite,1.0,1.0,MEDIUM,
240840,Kobuk,106,NGSO Satellite,1.0,1.0,MEDIUM,SATELLITE_AVAILABLE
240950,Kodiak,2568,Any Technology,1.0,1.0,HIGH,
240950,Kodiak,2568,All Wired,0.992601246,0.992601246,HIGH,
240950,Kodiak,2568,Cable,0.992601246,0.992601246,HIGH,
240950,Kodiak,2568,Fiber,0.000778816,0.0,HIGH,
240950,Kodiak,2568,All Satellite,1.0,1.0,HIGH,
240950,Kodiak,2568,NGSO Satellite,1.0,1.0,HIGH,SATELLITE_AVAILABLE
241210,Kodiak Station,798,Any Technology,1.0,1.0,HIGH,
241210,Kodiak Station,798,All Wired,0.893483709,0.893483709,HIGH,
241210,Kodiak Station,798,Cable,0.893483709,0.893483709,HIGH,
241210,Kodiak Station,798,Fiber,0.0,0.0,HIGH,
241210,Kodiak Station,798,All Satellite,1.0,1.0,HIGH,
241210,Kodiak Station,798,NGSO Satellite,1.0,1.0,HIGH,SATELLITE_AVAILABLE
241280,Kokhanok,117,Any Technology,1.0,1.0,MEDIUM,
241280,Kokhanok,117,All Wired,0.0,0.0,MEDIUM,NO_WIRED_25MBPS
241280,Kokhanok,117,Cable,0.0,0.0,MEDIUM,
241280,Kokhanok,117,Fiber,0.0,0.0,MEDIUM,
241280,Kokhanok,117,All Satellite,1.0,1.0,MEDIUM,
241280,Kokhanok,117,NGSO Satellite,1.0,1.0,MEDIUM,SATELLITE_AVAILABLE
241500,Koliganek,99,Any Technology,1.0,1.0,MEDIUM,
241500,Koliganek,99,All Wired,0.0,0.0,MEDIUM,NO_WIRED_25MBPS
241500,Koliganek,99,Cable,0.0,0.0,MEDIUM,
241500,Koliganek,99,Fiber,0.0,0.0,MEDIUM,
241500,Koliganek,99,All Satellite,1.0,1.0,MEDIUM,
241500,Koliganek,99,NGSO Satellite,1.0,1.0,MEDIUM,SATELLITE_AVAILABLE
241610,Kongiganak,197,Any Technology,1.0,1.0,MEDIUM,
241610,Kongiganak,197,All Wired,0.0,0.0,MEDIUM,NO_WIRED_25MBPS
241610,Kongiganak,197,Cable,0.0,0.0,MEDIUM,
241610,Kongiganak,197,Fiber,0.0,0.0,MEDIUM,
241610,Kongiganak,197,All Satellite,1.0,1.0,MEDIUM,
241610,Kongiganak,197,NGSO Satellite,1.0,1.0,MEDIUM,SATELLITE_AVAILABLE
241720,Kotlik,178,Any Technology,1.0,1.0,MEDIUM,
241720,Kotlik,178,All Wired,0.0,0.0,MEDIUM,NO_WIRED_25MBPS
241720,Kotlik,178,Cable,0.0,0.0,MEDIUM,
241720,Kotlik,178,Fiber,0.0,0.0,MEDIUM,
241720,Kotlik,178,All Satellite,1.0,1.0,MEDIUM,
241720,Kotlik,178,NGSO Satellite,1.0,1.0,MEDIUM,SATELLITE_AVAILABLE
241830,Kotzebue,974,Any Technology,1.0,1.0,HIGH,
241830,Kotzebue,974,All Wired,0.960985626,0.959958932,HIGH,
241830,Kotzebue,974,Cable,0.959958932,0.959958932,HIGH,
241830,Kotzebue,974,Fiber,0.0,0.0,HIGH,
241830,Kotzebue,974,All Satellite,1.0,1.0,HIGH,
241830,Kotzebue,974,NGSO Satellite,1.0,1.0,HIGH,SATELLITE_AVAILABLE
241940,Koyuk,86,Any Technology,1.0,1.0,MEDIUM,
241940,Koyuk,86,All Wired,0.0,0.0,MEDIUM,NO_WIRED_25MBPS
241940,Koyuk,86,Cable,0.0,0.0,MEDIUM,
241940,Koyuk,86,Fiber,0.0,0.0,MEDIUM,
241940,Koyuk,86,All Satellite,1.0,1.0,MEDIUM,
241940,Koyuk,86,NGSO Satellite,1.0,1.0,MEDIUM,SATELLITE_AVAILABLE
242050,Koyukuk,79,Any Technology,1.0,1.0,MEDIUM,
242050,Koyukuk,79,All Wired,0.0,0.0,MEDIUM,NO_WIRED_25MBPS
242050,Koyukuk,79,Cable,0.0,0.0,MEDIUM,
242050,Koyukuk,79,Fiber,0.0,0.0,MEDIUM,
242050,Koyukuk,79,All Satellite,1.0,1.0,MEDIUM,
242050,Koyukuk,79,NGSO Satellite,1.0,1.0,MEDIUM,SATELLITE_AVAILABLE
242160,Kupreanof,18,Any Technology,1.0,1.0,LOW,SMALL_SAMPLE
242160,Kupreanof,18,All Wired,0.0,0.0,LOW,NO_WIRED_25MBPS;SMALL_SAMPLE
242160,Kupreanof,18,Cable,0.0,0.0,LOW,SMALL_SAMPLE
242160,Kupreanof,18,Fiber,0.0,0.0,LOW,SMALL_SAMPLE
242160,Kupreanof,18,All Satellite,1.0,1.0,LOW,SMALL_SAMPLE
242160,Kupreanof,18,NGSO Satellite,1.0,1.0,LOW,SATELLITE_AVAILABLE;SMALL_SAMPLE
242380,Kwethluk,239,Any Technology,1.0,1.0,HIGH,
242380,Kwethluk,239,All Wired,0.0,0.0,HIGH,NO_WIRED_25MBPS
242380,Kwethluk,239,Cable,0.0,0.0,HIGH,
242380,Kwethluk,239,Fiber,0.0,0.0,HIGH,
242380,Kwethluk,239,All Satellite,1.0,1.0,HIGH,
242380,Kwethluk,239,NGSO Satellite,1.0,1.0,HIGH,SATELLITE_AVAILABLE
242490,Kwigillingok,407,Any Technology,1.0,1.0,HIGH,
242490,Kwigillingok,407,All Wired,0.0,0.0,HIGH,NO_WIRED_25MBPS
242490,Kwigillingok,407,Cable,0.0,0.0,HIGH,
242490,Kwigillingok,407,Fiber,0.0,0.0,HIGH,
242490,Kwigillingok,407,All Satellite,1.0,1.0,HIGH,
242490,Kwigillingok,407,NGSO Satellite,1.0,1.0,HIGH,SATELLITE_AVAILABLE
242805,Lake Louise,159,Any Technology,1.0,1.0,MEDIUM,
242805,Lake Louise,159,All Wired,0.0,0.0,MEDIUM,NO_WIRED_25MBPS
242805,Lake Louise,159,Cable,0.0,0.0,MEDIUM,
242805,Lake Louise,159,Fiber,0.0,0.0,MEDIUM,
242805,Lake Louise,159,All Satellite,1.0,1.0,MEDIUM,
242805,Lake Louise,159,NGSO Satellite,1.0,1.0,MEDIUM,SATELLITE_AVAILABLE
242820,Lake Minchumina,42,Any Technology,1.0,1.0,LOW,SMALL_SAMPLE
242820,Lake Minchumina,42,All Wired,0.0,0.0,LOW,NO_WIRED_25MBPS;SMALL_SAMPLE
242820,Lake Minchumina,42,Cable,0.0,0.0,LOW,SMALL_SAMPLE
242820,Lake Minchumina,42,Fiber,0.0,0.0,LOW,SMALL_SAMPLE
242820,Lake Minchumina,42,All Satellite,1.0,1.0,LOW,SMALL_SAMPLE
242820,Lake Minchumina,42,NGSO Satellite,1.0,1.0,LOW,SATELLITE_AVAILABLE;SMALL_SAMPLE
243040,Larsen Bay,153,Any Technology,1.0,1.0,MEDIUM,
243040,Larsen Bay,153,All Wired,0.875816993,0.875816993,MEDIUM,
243040,Larsen Bay,153,Cable,0.0,0.0,MEDIUM,
243040,Larsen Bay,153,Fiber,0.875816993,0.875816993,MEDIUM,
243040,Larsen Bay,153,All Satellite,1.0,1.0,MEDIUM,
243040,Larsen Bay,153,NGSO Satellite,1.0,1.0,MEDIUM,SATELLITE_AVAILABLE
243260,Lazy Mountain,719,Any Technology,1.0,1.0,HIGH,
243260,Lazy Mountain,719,All Wired,0.694019471,0.337969402,HIGH,
243260,Lazy Mountain,719,Cable,0.14325452,0.14325452,HIGH,
243260,Lazy Mountain,719,Fiber,0.144645341,0.144645341,HIGH,
243260,Lazy Mountain,719,All Satellite,1.0,1.0,HIGH,
243260,Lazy Mountain,719,NGSO Satellite,1.0,1.0,HIGH,SATELLITE_AVAILABLE
243810,Levelock,86,Any Technology,1.0,1.0,MEDIUM,
243810,Levelock,86,All Wired,0.0,0.0,MEDIUM,NO_WIRED_25MBPS
243810,Levelock,86,Cable,0.0,0.0,MEDIUM,
243810,Levelock,86,Fiber,0.0,0.0,MEDIUM,
243810,Levelock,86,All Satellite,1.0,1.0,MEDIUM,
243810,Levelock,86,NGSO Satellite,1.0,1.0,MEDIUM,SATELLITE_AVAILABLE
244030,Lime Village,29,Any Technology,1.0,1.0,LOW,SMALL_SAMPLE
244030,Lime Village,29,All Wired,0.0,0.0,LOW,NO_WIRED_25MBPS;SMALL_SAMPLE
244030,Lime Village,29,Cable,0.0,0.0,LOW,SMALL_SAMPLE
244030,Lime Village,29,Fiber,0.0,0.0,LOW,SMALL_SAMPLE
244030,Lime Village,29,All Satellite,1.0,1.0,LOW,SMALL_SAMPLE
244030,Lime Village,29,NGSO Satellite,1.0,1.0,LOW,SATELLITE_AVAILABLE;SMALL_SAMPLE
244580,Livengood,95,Any Technology,1.0,1.0,MEDIUM,
244580,Livengood,95,All Wired,0.357894737,0.0,MEDIUM,
244580,Livengood,95,Cable,0.0,0.0,MEDIUM,
244580,Livengood,95,Fiber,0.0,0.0,MEDIUM,
244580,Livengood,95,All Satellite,1.0,1.0,MEDIUM,
244580,Livengood,95,NGSO Satellite,1.0,1.0,MEDIUM,SATELLITE_AVAILABLE
245020,Loring,5,Any Technology,1.0,1.0,LOW,SMALL_SAMPLE
245020,Loring,5,All Wired,0.0,0.0,LOW,NO_WIRED_25MBPS;SMALL_SAMPLE
245020,Loring,5,Cable,0.0,0.0,LOW,SMALL_SAMPLE
245020,Loring,5,Fiber,0.0,0.0,LOW,SMALL_SAMPLE
245020,Loring,5,All Satellite,1.0,1.0,LOW,SMALL_SAMPLE
245020,Loring,5,NGSO Satellite,1.0,1.0,LOW,SATELLITE_AVAILABLE;SMALL_SAMPLE
245295,Lowell Point,74,Any Technology,1.0,1.0,MEDIUM,
245295,Lowell Point,74,All Wired,0.810810811,0.027027027,MEDIUM,
245295,Lowell Point,74,Cable,0.0,0.0,MEDIUM,
245295,Lowell Point,74,Fiber,0.027027027,0.027027027,MEDIUM,
245295,Lowell Point,74,All Satellite,1.0,1.0,MEDIUM,
245295,Lowell Point,74,NGSO Satellite,1.0,1.0,MEDIUM,SATELLITE_AVAILABLE
245460,Lower Kalskag,103,Any Technology,1.0,1.0,MEDIUM,
245460,Lower Kalskag,103,All Wired,0.0,0.0,MEDIUM,NO_WIRED_25MBPS
245460,Lower Kalskag,103,Cable,0.0,0.0,MEDIUM,
245460,Lower Kalskag,103,Fiber,0.0,0.0,MEDIUM,
245460,Lower Kalskag,103,All Satellite,1.0,1.0,MEDIUM,
245460,Lower Kalskag,103,NGSO Satellite,1.0,1.0,MEDIUM,SATELLITE_AVAILABLE
245700,Lutak,47,Any Technology,1.0,1.0,LOW,SMALL_SAMPLE
245700,Lutak,47,All Wired,0.893617021,0.893617021,LOW,SMALL_SAMPLE
245700,Lutak,47,Cable,0.0,0.0,LOW,SMALL_SAMPLE
245700,Lutak,47,Fiber,0.893617021,0.893617021,LOW,SMALL_SAMPLE
245700,Lutak,47,All Satellite,1.0,1.0,LOW,SMALL_SAMPLE
245700,Lutak,47,NGSO Satellite,1.0,1.0,LOW,SATELLITE_AVAILABLE;SMALL_SAMPLE
245790,McCarthy,328,Any Technology,1.0,1.0,HIGH,
245790,McCarthy,328,All Wired,0.0,0.0,HIGH,NO_WIRED_25MBPS
245790,McCarthy,328,Cable,0.0,0.0,HIGH,
245790,McCarthy,328,Fiber,0.0,0.0,HIGH,
245790,McCarthy,328,All Satellite,1.0,1.0,HIGH,
245790,McCarthy,328,NGSO Satellite,1.0,1.0,HIGH,SATELLITE_AVAILABLE
246010,McGrath,366,Any Technology,1.0,1.0,HIGH,
246010,McGrath,366,All Wired,0.0,0.0,HIGH,NO_WIRED_25MBPS
246010,McGrath,366,Cable,0.0,0.0,HIGH,
246010,McGrath,366,Fiber,0.0,0.0,HIGH,
246010,McGrath,366,All Satellite,1.0,1.0,HIGH,
246010,McGrath,366,NGSO Satellite,1.0,1.0,HIGH,SATELLITE_AVAILABLE
246780,Manley Hot Springs,186,Any Technology,1.0,1.0,MEDIUM,
246780,Manley Hot Springs,186,All Wired,0.0,0.0,MEDIUM,NO_WIRED_25MBPS
246780,Manley Hot Springs,186,Cable,0.0,0.0,MEDIUM,
246780,Manley Hot Springs,186,Fiber,0.0,0.0,MEDIUM,
246780,Manley Hot Springs,186,All Satellite,1.0,1.0,MEDIUM,
246780,Manley Hot Springs,186,NGSO Satellite,1.0,1.0,MEDIUM,SATELLITE_AVAILABLE
246890,Manokotak,187,Any Technology,1.0,1.0,MEDIUM,
246890,Manokotak,187,All Wired,0.0,0.0,MEDIUM,NO_WIRED_25MBPS
246890,Manokotak,187,Cable,0.0,0.0,MEDIUM,
246890,Manokotak,187,Fiber,0.0,0.0,MEDIUM,
246890,Manokotak,187,All Satellite,1.0,1.0,MEDIUM,
246890,Manokotak,187,NGSO Satellite,1.0,1.0,MEDIUM,SATELLITE_AVAILABLE
247000,Marshall,250,Any Technology,1.0,1.0,HIGH,
247000,Marshall,250,All Wired,0.0,0.0,HIGH,NO_WIRED_25MBPS
247000,Marshall,250,Cable,0.0,0.0,HIGH,
247000,Marshall,250,Fiber,0.0,0.0,HIGH,
247000,Marshall,250,All Satellite,1.0,1.0,HIGH,
247000,Marshall,250,NGSO Satellite,1.0,1.0,HIGH,SATELLITE_AVAILABLE
247735,Meadow Lakes,4732,Any Technology,1.0,1.0,HIGH,
247735,Meadow Lakes,4732,All Wired,0.912087912,0.703085376,HIGH,
247735,Meadow Lakes,4732,Cable,0.089391378,0.089391378,HIGH,
247735,Meadow Lakes,4732,Fiber,0.576500423,0.576500423,HIGH,
247735,Meadow Lakes,4732,All Satellite,1.0,1.0,HIGH,
247735,Meadow Lakes,4732,NGSO Satellite,1.0,1.0,HIGH,SATELLITE_AVAILABLE
247990,Mekoryuk,134,Any Technology,1.0,1.0,MEDIUM,
247990,Mekoryuk,134,All Wired,0.0,0.0,MEDIUM,NO_WIRED_25MBPS
247990,Mekoryuk,134,Cable,0.0,0.0,MEDIUM,
247990,Mekoryuk,134,Fiber,0.0,0.0,MEDIUM,
247990,Mekoryuk,134,All Satellite,1.0,1.0,MEDIUM,
247990,Mekoryuk,134,NGSO Satellite,1.0,1.0,MEDIUM,SATELLITE_AVAILABLE
248200,Mendeltna,61,Any Technology,1.0,1.0,MEDIUM,
248200,Mendeltna,61,All Wired,0.803278689,0.803278689,MEDIUM,
248200,Mendeltna,61,Cable,0.0,0.0,MEDIUM,
248200,Mendeltna,61,Fiber,0.803278689,0.803278689,MEDIUM,
248200,Mendeltna,61,All Satellite,1.0,1.0,MEDIUM,
248200,Mendeltna,61,NGSO Satellite,1.0,1.0,MEDIUM,SATELLITE_AVAILABLE
248540,Mentasta Lake,107,Any Technology,1.0,1.0,MEDIUM,
248540,Mentasta Lake,107,All Wired,0.719626168,0.719626168,MEDIUM,
248540,Mentasta Lake,107,Cable,0.0,0.0,MEDIUM,
248540,Mentasta Lake,107,Fiber,0.719626168,0.719626168,MEDIUM,
248540,Mentasta Lake,107,All Satellite,1.0,1.0,MEDIUM,
248540,Mentasta Lake,107,NGSO Satellite,1.0,1.0,MEDIUM,SATELLITE_AVAILABLE
248590,Mertarvik,15,Any Technology,1.0,1.0,LOW,SMALL_SAMPLE
248590,Mertarvik,15,All Wired,0.0,0.0,LOW,NO_WIRED_25MBPS;SMALL_SAMPLE
248590,Mertarvik,15,Cable,0.0,0.0,LOW,SMALL_SAMPLE
248590,Mertarvik,15,Fiber,0.0,0.0,LOW,SMALL_SAMPLE
248590,Mertarvik,15,All Satellite,1.0,1.0,LOW,SMALL_SAMPLE
248590,Mertarvik,15,NGSO Satellite,1.0,1.0,LOW,SATELLITE_AVAILABLE;SMALL_SAMPLE
248870,Metlakatla,611,Any Technology,1.0,1.0,HIGH,
248870,Metlakatla,611,All Wired,0.955810147,0.029459902,HIGH,
248870,Metlakatla,611,Cable,0.0,0.0,HIGH,
248870,Metlakatla,611,Fiber,0.029459902,0.029459902,HIGH,
248870,Metlakatla,611,All Satellite,1.0,1.0,HIGH,
248870,Metlakatla,611,NGSO Satellite,1.0,1.0,HIGH,SATELLITE_AVAILABLE
249200,Mill Bay,1666,Any Technology,1.0,1.0,HIGH,
249200,Mill Bay,1666,All Wired,0.99759904,0.99759904,HIGH,
249200,Mill Bay,1666,Cable,0.99759904,0.99759904,HIGH,
249200,Mill Bay,1666,Fiber,0.0,0.0,HIGH,
249200,Mill Bay,1666,All Satellite,1.0,1.0,HIGH,
249200,Mill Bay,1666,NGSO Satellite,1.0,1.0,HIGH,SATELLITE_AVAILABLE
249530,Minto,132,Any Technology,1.0,1.0,MEDIUM,
249530,Minto,132,All Wired,0.0,0.0,MEDIUM,NO_WIRED_25MBPS
249530,Minto,132,Cable,0.0,0.0,MEDIUM,
249530,Minto,132,Fiber,0.0,0.0,MEDIUM,
249530,Minto,132,All Satellite,1.0,1.0,MEDIUM,
249530,Minto,132,NGSO Satellite,1.0,1.0,MEDIUM,SATELLITE_AVAILABLE
250080,Moose Creek,331,Any Technology,1.0,1.0,HIGH,
250080,Moose Creek,331,All Wired,0.987915408,0.987915408,HIGH,
250080,Moose Creek,331,Cable,0.987915408,0.987915408,HIGH,
250080,Moose Creek,331,Fiber,0.0,0.0,HIGH,
250080,Moose Creek,331,All Satellite,1.0,1.0,HIGH,
250080,Moose Creek,331,NGSO Satellite,1.0,1.0,HIGH,SATELLITE_AVAILABLE
250190,Moose Pass,179,Any Technology,1.0,1.0,MEDIUM,
250190,Moose Pass,179,All Wired,0.832402235,0.0,MEDIUM,
250190,Moose Pass,179,Cable,0.0,0.0,MEDIUM,
250190,Moose Pass,179,Fiber,0.0,0.0,MEDIUM,
250190,Moose Pass,179,All Satellite,1.0,1.0,MEDIUM,
250190,Moose Pass,179,NGSO Satellite,1.0,1.0,MEDIUM,SATELLITE_AVAILABLE
250800,Mosquito Lake,173,Any Technology,1.0,1.0,MEDIUM,
250800,Mosquito Lake,173,All Wired,0.10982659,0.0,MEDIUM,
250800,Mosquito Lake,173,Cable,0.0,0.0,MEDIUM,
250800,Mosquito Lake,173,Fiber,0.0,0.0,MEDIUM,
250800,Mosquito Lake,173,All Satellite,1.0,1.0,MEDIUM,
250800,Mosquito Lake,173,NGSO Satellite,1.0,1.0,MEDIUM,SATELLITE_AVAILABLE
251180,Mountain Village,255,Any Technology,1.0,1.0,HIGH,
251180,Mountain Village,255,All Wired,0.0,0.0,HIGH,NO_WIRED_25MBPS
251180,Mountain Village,255,Cable,0.0,0.0,HIGH,
251180,Mountain Village,255,Fiber,0.0,0.0,HIGH,
251180,Mountain Village,255,All Satellite,1.0,1.0,HIGH,
251180,Mountain Village,255,NGSO Satellite,1.0,1.0,HIGH,SATELLITE_AVAILABLE
251455,Mud Bay,135,Any Technology,1.0,1.0,MEDIUM,
251455,Mud Bay,135,All Wired,0.681481481,0.0,MEDIUM,
251455,Mud Bay,135,Cable,0.0,0.0,MEDIUM,
251455,Mud Bay,135,Fiber,0.0,0.0,MEDIUM,
251455,Mud Bay,135,All Satellite,1.0,1.0,MEDIUM,
251455,Mud Bay,135,NGSO Satellite,1.0,1.0,MEDIUM,SATELLITE_AVAILABLE
251960,Nabesna,16,Any Technology,1.0,1.0,LOW,SMALL_SAMPLE
251960,Nabesna,16,All Wired,0.0,0.0,LOW,NO_WIRED_25MBPS;SMALL_SAMPLE
251960,Nabesna,16,Cable,0.0,0.0,LOW,SMALL_SAMPLE
251960,Nabesna,16,Fiber,0.0,0.0,LOW,SMALL_SAMPLE
251960,Nabesna,16,All Satellite,1.0,1.0,LOW,SMALL_SAMPLE
251960,Nabesna,16,NGSO Satellite,1.0,1.0,LOW,SATELLITE_AVAILABLE;SMALL_SAMPLE
252060,Naknek,586,Any Technology,1.0,1.0,HIGH,
252060,Naknek,586,All Wired,0.020477816,0.0,HIGH,
252060,Naknek,586,Cable,0.0,0.0,HIGH,
252060,Naknek,586,Fiber,0.0,0.0,HIGH,
252060,Naknek,586,All Satellite,1.0,1.0,HIGH,
252060,Naknek,586,NGSO Satellite,1.0,1.0,HIGH,SATELLITE_AVAILABLE
252210,Nanwalek,64,Any Technology,1.0,1.0,MEDIUM,
252210,Nanwalek,64,All Wired,0.0,0.0,MEDIUM,NO_WIRED_25MBPS
252210,Nanwalek,64,Cable,0.0,0.0,MEDIUM,
252210,Nanwalek,64,Fiber,0.0,0.0,MEDIUM,
252210,Nanwalek,64,All Satellite,1.0,1.0,MEDIUM,
252210,Nanwalek,64,NGSO Satellite,1.0,1.0,MEDIUM,SATELLITE_AVAILABLE
252390,Napakiak,195,Any Technology,1.0,1.0,MEDIUM,
252390,Napakiak,195,All Wired,0.0,0.0,MEDIUM,NO_WIRED_25MBPS
252390,Napakiak,195,Cable,0.0,0.0,MEDIUM,
252390,Napakiak,195,Fiber,0.0,0.0,MEDIUM,
252390,Napakiak,195,All Satellite,1.0,1.0,MEDIUM,
252390,Napakiak,195,NGSO Satellite,1.0,1.0,MEDIUM,SATELLITE_AVAILABLE
252720,Napaskiak,186,Any Technology,1.0,1.0,MEDIUM,
252720,Napaskiak,186,All Wired,0.0,0.0,MEDIUM,NO_WIRED_25MBPS
252720,Napaskiak,186,Cable,0.0,0.0,MEDIUM,
252720,Napaskiak,186,Fiber,0.0,0.0,MEDIUM,
252720,Napaskiak,186,All Satellite,1.0,1.0,MEDIUM,
252720,Napaskiak,186,NGSO Satellite,1.0,1.0,MEDIUM,SATELLITE_AVAILABLE
252845,Naukati Bay,148,Any Technology,1.0,1.0,MEDIUM,
252845,Naukati Bay,148,All Wired,0.621621622,0.0,MEDIUM,
252845,Naukati Bay,148,Cable,0.0,0.0,MEDIUM,
252845,Naukati Bay,148,Fiber,0.0,0.0,MEDIUM,
252845,Naukati Bay,148,All Satellite,1.0,1.0,MEDIUM,
252845,Naukati Bay,148,NGSO Satellite,1.0,1.0,MEDIUM,SATELLITE_AVAILABLE
252915,Nelchina,89,Any Technology,1.0,1.0,MEDIUM,
252915,Nelchina,89,All Wired,0.898876404,0.865168539,MEDIUM,
252915,Nelchina,89,Cable,0.0,0.0,MEDIUM,
252915,Nelchina,89,Fiber,0.865168539,0.865168539,MEDIUM,
252915,Nelchina,89,All Satellite,1.0,1.0,MEDIUM,
252915,Nelchina,89,NGSO Satellite,1.0,1.0,MEDIUM,SATELLITE_AVAILABLE
252940,Nelson Lagoon,56,Any Technology,1.0,1.0,MEDIUM,
252940,Nelson Lagoon,56,All Wired,0.0,0.0,MEDIUM,NO_WIRED_25MBPS
252940,Nelson Lagoon,56,Cable,0.0,0.0,MEDIUM,
252940,Nelson Lagoon,56,Fiber,0.0,0.0,MEDIUM,
252940,Nelson Lagoon,56,All Satellite,1.0,1.0,MEDIUM,
252940,Nelson Lagoon,56,NGSO Satellite,1.0,1.0,MEDIUM,SATELLITE_AVAILABLE
253050,Nenana,383,Any Technology,1.0,1.0,HIGH,
253050,Nenana,383,All Wired,0.402088773,0.0,HIGH,
253050,Nenana,383,Cable,0.0,0.0,HIGH,
253050,Nenana,383,Fiber,0.0,0.0,HIGH,
253050,Nenana,383,All Satellite,1.0,1.0,HIGH,
253050,Nenana,383,NGSO Satellite,1.0,1.0,HIGH,SATELLITE_AVAILABLE
253270,Newhalen,97,Any Technology,1.0,1.0,MEDIUM,
253270,Newhalen,97,All Wired,0.0,0.0,MEDIUM,NO_WIRED_25MBPS
253270,Newhalen,97,Cable,0.0,0.0,MEDIUM,
253270,Newhalen,97,Fiber,0.0,0.0,MEDIUM,
253270,Newhalen,97,All Satellite,1.0,1.0,MEDIUM,
253270,Newhalen,97,NGSO Satellite,1.0,1.0,MEDIUM,SATELLITE_AVAILABLE
253710,New Stuyahok,142,Any Technology,1.0,1.0,MEDIUM,
253710,New Stuyahok,142,All Wired,0.0,0.0,MEDIUM,NO_WIRED_25MBPS
253710,New Stuyahok,142,Cable,0.0,0.0,MEDIUM,
253710,New Stuyahok,142,Fiber,0.0,0.0,MEDIUM,
253710,New Stuyahok,142,All Satellite,1.0,1.0,MEDIUM,
253710,New Stuyahok,142,NGSO Satellite,1.0,1.0,MEDIUM,SATELLITE_AVAILABLE
253820,Newtok,98,Any Technology,1.0,1.0,MEDIUM,
253820,Newtok,98,All Wired,0.0,0.0,MEDIUM,NO_WIRED_25MBPS
253820,Newtok,98,Cable,0.0,0.0,MEDIUM,
253820,Newtok,98,Fiber,0.0,0.0,MEDIUM,
253820,Newtok,98,All Satellite,1.0,1.0,MEDIUM,
253820,Newtok,98,NGSO Satellite,1.0,1.0,MEDIUM,SATELLITE_AVAILABLE
253930,Nightmute,95,Any Technology,1.0,1.0,MEDIUM,
253930,Nightmute,95,All Wired,0.0,0.0,MEDIUM,NO_WIRED_25MBPS
253930,Nightmute,95,Cable,0.0,0.0,MEDIUM,
253930,Nightmute,95,Fiber,0.0,0.0,MEDIUM,
253930,Nightmute,95,All Satellite,1.0,1.0,MEDIUM,
253930,Nightmute,95,NGSO Satellite,1.0,1.0,MEDIUM,SATELLITE_AVAILABLE
254050,Nikiski,3019,Any Technology,1.0,1.0,HIGH,
254050,Nikiski,3019,All Wired,0.016893011,0.001324942,HIGH,
254050,Nikiski,3019,Cable,0.0,0.0,HIGH,
254050,Nikiski,3019,Fiber,0.00298112,0.000993707,HIGH,
254050,Nikiski,3019,All Satellite,1.0,1.0,HIGH,
254050,Nikiski,3019,NGSO Satellite,1.0,1.0,HIGH,SATELLITE_AVAILABLE
254085,Nikolaevsk,233,Any Technology,1.0,1.0,HIGH,
254085,Nikolaevsk,233,All Wired,0.0,0.0,HIGH,NO_WIRED_25MBPS
254085,Nikolaevsk,233,Cable,0.0,0.0,HIGH,
254085,Nikolaevsk,233,Fiber,0.0,0.0,HIGH,
254085,Nikolaevsk,233,All Satellite,1.0,1.0,HIGH,
254085,Nikolaevsk,233,NGSO Satellite,1.0,1.0,HIGH,SATELLITE_AVAILABLE
254150,Nikolai,70,Any Technology,1.0,1.0,MEDIUM,
254150,Nikolai,70,All Wired,0.0,0.0,MEDIUM,NO_WIRED_25MBPS
254150,Nikolai,70,Cable,0.0,0.0,MEDIUM,
254150,Nikolai,70,Fiber,0.0,0.0,MEDIUM,
254150,Nikolai,70,All Satellite,1.0,1.0,MEDIUM,
254150,Nikolai,70,NGSO Satellite,1.0,1.0,MEDIUM,SATELLITE_AVAILABLE
254260,Nikolski,43,Any Technology,1.0,1.0,LOW,SMALL_SAMPLE
254260,Nikolski,43,All Wired,0.0,0.0,LOW,NO_WIRED_25MBPS;SMALL_SAMPLE
254260,Nikolski,43,Cable,0.0,0.0,LOW,SMALL_SAMPLE
254260,Nikolski,43,Fiber,0.0,0.0,LOW,SMALL_SAMPLE
254260,Nikolski,43,All Satellite,1.0,1.0,LOW,SMALL_SAMPLE
254260,Nikolski,43,NGSO Satellite,1.0,1.0,LOW,SATELLITE_AVAILABLE;SMALL_SAMPLE
254480,Ninilchik,1248,Any Technology,1.0,1.0,HIGH,
254480,Ninilchik,1248,All Wired,0.003205128,0.000801282,HIGH,
254480,Ninilchik,1248,Cable,0.0,0.0,HIGH,
254480,Ninilchik,1248,Fiber,0.003205128,0.000801282,HIGH,
254480,Ninilchik,1248,All Satellite,1.0,1.0,HIGH,
254480,Ninilchik,1248,NGSO Satellite,1.0,1.0,HIGH,SATELLITE_AVAILABLE
254700,Noatak,206,Any Technology,1.0,1.0,HIGH,
254700,Noatak,206,All Wired,0.0,0.0,HIGH,NO_WIRED_25MBPS
254700,Noatak,206,Cable,0.0,0.0,HIGH,
254700,Noatak,206,Fiber,0.0,0.0,HIGH,
254700,Noatak,206,All Satellite,1.0,1.0,HIGH,
254700,Noatak,206,NGSO Satellite,1.0,1.0,HIGH,SATELLITE_AVAILABLE
254920,Nome,1378,Any Technology,1.0,1.0,HIGH,
254920,Nome,1378,All Wired,0.994920174,0.961538462,HIGH,
254920,Nome,1378,Cable,0.961538462,0.961538462,HIGH,
254920,Nome,1378,Fiber,0.0,0.0,HIGH,
254920,Nome,1378,All Satellite,1.0,1.0,HIGH,
254920,Nome,1378,NGSO Satellite,1.0,1.0,HIGH,SATELLITE_AVAILABLE
255030,Nondalton,161,Any Technology,1.0,1.0,MEDIUM,
255030,Nondalton,161,All Wired,0.0,0.0,MEDIUM,NO_WIRED_25MBPS
255030,Nondalton,161,Cable,0.0,0.0,MEDIUM,
255030,Nondalton,161,Fiber,0.0,0.0,MEDIUM,
255030,Nondalton,161,All Satellite,1.0,1.0,MEDIUM,
255030,Nondalton,161,NGSO Satellite,1.0,1.0,MEDIUM,SATELLITE_AVAILABLE
255140,Noorvik,283,Any Technology,1.0,1.0,HIGH,
255140,Noorvik,283,All Wired,0.0,0.0,HIGH,NO_WIRED_25MBPS
255140,Noorvik,283,Cable,0.0,0.0,HIGH,
255140,Noorvik,283,Fiber,0.0,0.0,HIGH,
255140,Noorvik,283,All Satellite,1.0,1.0,HIGH,
255140,Noorvik,283,NGSO Satellite,1.0,1.0,HIGH,SATELLITE_AVAILABLE
255745,North Lakes,4179,Any Technology,1.0,1.0,HIGH,
255745,North Lakes,4179,All Wired,0.978463747,0.937784159,HIGH,
255745,North Lakes,4179,Cable,0.756879636,0.756879636,HIGH,
255745,North Lakes,4179,Fiber,0.365398421,0.365398421,HIGH,
255745,North Lakes,4179,All Satellite,1.0,1.0,HIGH,
255745,North Lakes,4179,NGSO Satellite,1.0,1.0,HIGH,SATELLITE_AVAILABLE
255910,North Pole,1451,Any Technology,1.0,1.0,HIGH,
255910,North Pole,1451,All Wired,0.908339076,0.904893177,HIGH,
255910,North Pole,1451,Cable,0.904893177,0.904893177,HIGH,
255910,North Pole,1451,Fiber,0.0,0.0,HIGH,
255910,North Pole,1451,All Satellite,1.0,1.0,HIGH,
255910,North Pole,1451,NGSO Satellite,1.0,1.0,HIGH,SATELLITE_AVAILABLE
256220,Northway,163,Any Technology,1.0,1.0,MEDIUM,
256220,Northway,163,All Wired,0.0,0.0,MEDIUM,NO_WIRED_25MBPS
256220,Northway,163,Cable,0.0,0.0,MEDIUM,
256220,Northway,163,Fiber,0.0,0.0,MEDIUM,
256220,Northway,163,All Satellite,1.0,1.0,MEDIUM,
256220,Northway,163,NGSO Satellite,1.0,1.0,MEDIUM,SATELLITE_AVAILABLE
256320,Nuiqsut,160,Any Technology,1.0,1.0,MEDIUM,
256320,Nuiqsut,160,All Wired,0.8125,0.8125,MEDIUM,
256320,Nuiqsut,160,Cable,0.0,0.0,MEDIUM,
256320,Nuiqsut,160,Fiber,0.8125,0.8125,MEDIUM,
256320,Nuiqsut,160,All Satellite,1.0,1.0,MEDIUM,
256320,Nuiqsut,160,NGSO Satellite,1.0,1.0,MEDIUM,SATELLITE_AVAILABLE
256350,Nulato,192,Any Technology,1.0,1.0,MEDIUM,
256350,Nulato,192,All Wired,0.0,0.0,MEDIUM,NO_WIRED_25MBPS
256350,Nulato,192,Cable,0.0,0.0,MEDIUM,
256350,Nulato,192,Fiber,0.0,0.0,MEDIUM,
256350,Nulato,192,All Satellite,1.0,1.0,MEDIUM,
256350,Nulato,192,NGSO Satellite,1.0,1.0,MEDIUM,SATELLITE_AVAILABLE
256600,Nunam Iqua,75,Any Technology,1.0,1.0,MEDIUM,
256600,Nunam Iqua,75,All Wired,0.0,0.0,MEDIUM,NO_WIRED_25MBPS
256600,Nunam Iqua,75,Cable,0.0,0.0,MEDIUM,
256600,Nunam Iqua,75,Fiber,0.0,0.0,MEDIUM,
256600,Nunam Iqua,75,All Satellite,1.0,1.0,MEDIUM,
256600,Nunam Iqua,75,NGSO Satellite,1.0,1.0,MEDIUM,SATELLITE_AVAILABLE
256680,Nunapitchuk,250,Any Technology,1.0,1.0,HIGH,
256680,Nunapitchuk,250,All Wired,0.0,0.0,HIGH,NO_WIRED_25MBPS
256680,Nunapitchuk,250,Cable,0.0,0.0,HIGH,
256680,Nunapitchuk,250,Fiber,0.0,0.0,HIGH,
256680,Nunapitchuk,250,All Satellite,1.0,1.0,HIGH,
256680,Nunapitchuk,250,NGSO Satellite,1.0,1.0,HIGH,SATELLITE_AVAILABLE
257340,Old Harbor,138,Any Technology,1.0,1.0,MEDIUM,
257340,Old Harbor,138,All Wired,0.0,0.0,MEDIUM,NO_WIRED_25MBPS
257340,Old Harbor,138,Cable,0.0,0.0,MEDIUM,
257340,Old Harbor,138,Fiber,0.0,0.0,MEDIUM,
257340,Old Harbor,138,All Satellite,1.0,1.0,MEDIUM,
257340,Old Harbor,138,NGSO Satellite,1.0,1.0,MEDIUM,SATELLITE_AVAILABLE
258330,Oscarville,15,Any Technology,1.0,1.0,LOW,SMALL_SAMPLE
258330,Oscarville,15,All Wired,0.0,0.0,LOW,NO_WIRED_25MBPS;SMALL_SAMPLE
258330,Oscarville,15,Cable,0.0,0.0,LOW,SMALL_SAMPLE
258330,Oscarville,15,Fiber,0.0,0.0,LOW,SMALL_SAMPLE
258330,Oscarville,15,All Satellite,1.0,1.0,LOW,SMALL_SAMPLE
258330,Oscarville,15,NGSO Satellite,1.0,1.0,LOW,SATELLITE_AVAILABLE;SMALL_SAMPLE
258550,Ouzinkie,107,Any Technology,1.0,1.0,MEDIUM,
258550,Ouzinkie,107,All Wired,0.990654206,0.990654206,MEDIUM,
258550,Ouzinkie,107,Cable,0.0,0.0,MEDIUM,
258550,Ouzinkie,107,Fiber,0.990654206,0.990654206,MEDIUM,
258550,Ouzinkie,107,All Satellite,1.0,1.0,MEDIUM,
258550,Ouzinkie,107,NGSO Satellite,1.0,1.0,MEDIUM,SATELLITE_AVAILABLE
258660,Palmer,3072,Any Technology,1.0,1.0,HIGH,
258660,Palmer,3072,All Wired,0.958984375,0.945638021,HIGH,
258660,Palmer,3072,Cable,0.918945313,0.918945313,HIGH,
258660,Palmer,3072,Fiber,0.090820313,0.090820313,HIGH,
258660,Palmer,3072,All Satellite,1.0,1.0,HIGH,
258660,Palmer,3072,NGSO Satellite,1.0,1.0,HIGH,SATELLITE_AVAILABLE
259320,Paxson,211,Any Technology,1.0,1.0,HIGH,
259320,Paxson,211,All Wired,0.236966825,0.236966825,HIGH,
259320,Paxson,211,Cable,0.0,0.0,HIGH,
259320,Paxson,211,Fiber,0.236966825,0.236966825,HIGH,
259320,Paxson,211,All Satellite,1.0,1.0,HIGH,
259320,Paxson,211,NGSO Satellite,1.0,1.0,HIGH,SATELLITE_AVAILABLE
259540,Pedro Bay,80,Any Technology,1.0,1.0,MEDIUM,
259540,Pedro Bay,80,All Wired,0.0,0.0,MEDIUM,NO_WIRED_25MBPS
259540,Pedro Bay,80,Cable,0.0,0.0,MEDIUM,
259540,Pedro Bay,80,Fiber,0.0,0.0,MEDIUM,
259540,Pedro Bay,80,All Satellite,1.0,1.0,MEDIUM,
259540,Pedro Bay,80,NGSO Satellite,1.0,1.0,MEDIUM,SATELLITE_AVAILABLE
259650,Pelican,102,Any Technology,1.0,1.0,MEDIUM,
259650,Pelican,102,All Wired,0.0,0.0,MEDIUM,NO_WIRED_25MBPS
259650,Pelican,102,Cable,0.0,0.0,MEDIUM,
259650,Pelican,102,Fiber,0.0,0.0,MEDIUM,
259650,Pelican,102,All Satellite,1.0,1.0,MEDIUM,
259650,Pelican,102,NGSO Satellite,1.0,1.0,MEDIUM,SATELLITE_AVAILABLE
260200,Perryville,85,Any Technology,1.0,1.0,MEDIUM,
260200,Perryville,85,All Wired,0.0,0.0,MEDIUM,NO_WIRED_25MBPS
260200,Perryville,85,Cable,0.0,0.0,MEDIUM,
260200,Perryville,85,Fiber,0.0,0.0,MEDIUM,
260200,Perryville,85,All Satellite,1.0,1.0,MEDIUM,
260200,Perryville,85,NGSO Satellite,1.0,1.0,MEDIUM,SATELLITE_AVAILABLE
260310,Petersburg,1486,Any Technology,1.0,1.0,HIGH,
260310,Petersburg,1486,All Wired,0.98654105,0.98384926,HIGH,
260310,Petersburg,1486,Cable,0.982503365,0.982503365,HIGH,
260310,Petersburg,1486,Fiber,0.591520861,0.591520861,HIGH,
260310,Petersburg,1486,All Satellite,1.0,1.0,HIGH,
260310,Petersburg,1486,NGSO Satellite,1.0,1.0,HIGH,SATELLITE_AVAILABLE
260460,Petersville,246,Any Technology,1.0,1.0,HIGH,
260460,Petersville,246,All Wired,0.0,0.0,HIGH,NO_WIRED_25MBPS
260460,Petersville,246,Cable,0.0,0.0,HIGH,
260460,Petersville,246,Fiber,0.0,0.0,HIGH,
260460,Petersville,246,All Satellite,1.0,1.0,HIGH,
260460,Petersville,246,NGSO Satellite,1.0,1.0,HIGH,SATELLITE_AVAILABLE
260640,Pilot Point,122,Any Technology,1.0,1.0,MEDIUM,
260640,Pilot Point,122,All Wired,0.0,0.0,MEDIUM,NO_WIRED_25MBPS
260640,Pilot Point,122,Cable,0.0,0.0,MEDIUM,
260640,Pilot Point,122,Fiber,0.0,0.0,MEDIUM,
260640,Pilot Point,122,All Satellite,1.0,1.0,MEDIUM,
260640,Pilot Point,122,NGSO Satellite,1.0,1.0,MEDIUM,SATELLITE_AVAILABLE
260750,Pilot Station,204,Any Technology,1.0,1.0,HIGH,
260750,Pilot Station,204,All Wired,0.0,0.0,HIGH,NO_WIRED_25MBPS
260750,Pilot Station,204,Cable,0.0,0.0,HIGH,
260750,Pilot Station,204,Fiber,0.0,0.0,HIGH,
260750,Pilot Station,204,All Satellite,1.0,1.0,HIGH,
260750,Pilot Station,204,NGSO Satellite,1.0,1.0,HIGH,SATELLITE_AVAILABLE
260860,Pitkas Point,45,Any Technology,1.0,1.0,LOW,SMALL_SAMPLE
260860,Pitkas Point,45,All Wired,0.0,0.0,LOW,NO_WIRED_25MBPS;SMALL_SAMPLE
260860,Pitkas Point,45,Cable,0.0,0.0,LOW,SMALL_SAMPLE
260860,Pitkas Point,45,Fiber,0.0,0.0,LOW,SMALL_SAMPLE
260860,Pitkas Point,45,All Satellite,1.0,1.0,LOW,SMALL_SAMPLE
260860,Pitkas Point,45,NGSO Satellite,1.0,1.0,LOW,SATELLITE_AVAILABLE;SMALL_SAMPLE
261080,Platinum,58,Any Technology,1.0,1.0,MEDIUM,
261080,Platinum,58,All Wired,0.0,0.0,MEDIUM,NO_WIRED_25MBPS
261080,Platinum,58,Cable,0.0,0.0,MEDIUM,
261080,Platinum,58,Fiber,0.0,0.0,MEDIUM,
261080,Platinum,58,All Satellite,1.0,1.0,MEDIUM,
261080,Platinum,58,NGSO Satellite,1.0,1.0,MEDIUM,SATELLITE_AVAILABLE
261120,Pleasant Valley,481,Any Technology,1.0,1.0,HIGH,
261120,Pleasant Valley,481,All Wired,0.0,0.0,HIGH,NO_WIRED_25MBPS
261120,Pleasant Valley,481,Cable,0.0,0.0,HIGH,
261120,Pleasant Valley,481,Fiber,0.0,0.0,HIGH,
261120,Pleasant Valley,481,All Satellite,1.0,1.0,HIGH,
261120,Pleasant Valley,481,NGSO Satellite,1.0,1.0,HIGH,SATELLITE_AVAILABLE
261190,Point Baker,9,Any Technology,1.0,1.0,LOW,SMALL_SAMPLE
261190,Point Baker,9,All Wired,0.0,0.0,LOW,NO_WIRED_25MBPS;SMALL_SAMPLE
261190,Point Baker,9,Cable,0.0,0.0,LOW,SMALL_SAMPLE
261190,Point Baker,9,Fiber,0.0,0.0,LOW,SMALL_SAMPLE
261190,Point Baker,9,All Satellite,1.0,1.0,LOW,SMALL_SAMPLE
261190,Point Baker,9,NGSO Satellite,1.0,1.0,LOW,SATELLITE_AVAILABLE;SMALL_SAMPLE
261630,Point Hope,266,Any Technology,1.0,1.0,HIGH,
261630,Point Hope,266,All Wired,0.804511278,0.804511278,HIGH,
261630,Point Hope,266,Cable,0.0,0.0,HIGH,
261630,Point Hope,266,Fiber,0.804511278,0.804511278,HIGH,
261630,Point Hope,266,All Satellite,1.0,1.0,HIGH,
261630,Point Hope,266,NGSO Satellite,1.0,1.0,HIGH,SATELLITE_AVAILABLE
261700,Point Lay,98,Any Technology,1.0,1.0,MEDIUM,
261700,Point Lay,98,All Wired,0.0,0.0,MEDIUM,NO_WIRED_25MBPS
261700,Point Lay,98,Cable,0.0,0.0,MEDIUM,
261700,Point Lay,98,Fiber,0.0,0.0,MEDIUM,
261700,Point Lay,98,All Satellite,1.0,1.0,MEDIUM,
261700,Point Lay,98,NGSO Satellite,1.0,1.0,MEDIUM,SATELLITE_AVAILABLE
261788,Point MacKenzie,344,Any Technology,1.0,1.0,HIGH,
261788,Point MacKenzie,344,All Wired,0.159883721,0.037790698,HIGH,
261788,Point MacKenzie,344,Cable,0.0,0.0,HIGH,
261788,Point MacKenzie,344,Fiber,0.014534884,0.014534884,HIGH,
261788,Point MacKenzie,344,All Satellite,1.0,1.0,HIGH,
261788,Point MacKenzie,344,NGSO Satellite,1.0,1.0,HIGH,SATELLITE_AVAILABLE
261825,Point Possession,177,Any Technology,1.0,1.0,MEDIUM,
261825,Point Possession,177,All Wired,0.0,0.0,MEDIUM,NO_WIRED_25MBPS
261825,Point Possession,177,Cable,0.0,0.0,MEDIUM,
261825,Point Possession,177,Fiber,0.0,0.0,MEDIUM,
261825,Point Possession,177,All Satellite,1.0,1.0,MEDIUM,
261825,Point Possession,177,NGSO Satellite,1.0,1.0,MEDIUM,SATELLITE_AVAILABLE
262125,Pope-Vannoy Landing,9,Any Technology,1.0,1.0,LOW,SMALL_SAMPLE
262125,Pope-Vannoy Landing,9,All Wired,0.0,0.0,LOW,NO_WIRED_25MBPS;SMALL_SAMPLE
262125,Pope-Vannoy Landing,9,Cable,0.0,0.0,LOW,SMALL_SAMPLE
262125,Pope-Vannoy Landing,9,Fiber,0.0,0.0,LOW,SMALL_SAMPLE
262125,Pope-Vannoy Landing,9,All Satellite,1.0,1.0,LOW,SMALL_SAMPLE
262125,Pope-Vannoy Landing,9,NGSO Satellite,1.0,1.0,LOW,SATELLITE_AVAILABLE;SMALL_SAMPLE
262285,Portage Creek,20,Any Technology,1.0,1.0,LOW,SMALL_SAMPLE
262285,Portage Creek,20,All Wired,0.0,0.0,LOW,NO_WIRED_25MBPS;SMALL_SAMPLE
262285,Portage Creek,20,Cable,0.0,0.0,LOW,SMALL_SAMPLE
262285,Portage Creek,20,Fiber,0.0,0.0,LOW,SMALL_SAMPLE
262285,Portage Creek,20,All Satellite,1.0,1.0,LOW,SMALL_SAMPLE
262285,Portage Creek,20,NGSO Satellite,1.0,1.0,LOW,SATELLITE_AVAILABLE;SMALL_SAMPLE
262510,Port Alexander,40,Any Technology,1.0,1.0,LOW,SMALL_SAMPLE
262510,Port Alexander,40,All Wired,0.0,0.0,LOW,NO_WIRED_25MBPS;SMALL_SAMPLE
262510,Port Alexander,40,Cable,0.0,0.0,LOW,SMALL_SAMPLE
262510,Port Alexander,40,Fiber,0.0,0.0,LOW,SMALL_SAMPLE
262510,Port Alexander,40,All Satellite,1.0,1.0,LOW,SMALL_SAMPLE
262510,Port Alexander,40,NGSO Satellite,1.0,1.0,LOW,SATELLITE_AVAILABLE;SMALL_SAMPLE
262620,Port Alsworth,180,Any Technology,1.0,1.0,MEDIUM,
262620,Port Alsworth,180,All Wired,0.0,0.0,MEDIUM,NO_WIRED_25MBPS
262620,Port Alsworth,180,Cable,0.0,0.0,MEDIUM,
262620,Port Alsworth,180,Fiber,0.0,0.0,MEDIUM,
262620,Port Alsworth,180,All Satellite,1.0,1.0,MEDIUM,
262620,Port Alsworth,180,NGSO Satellite,1.0,1.0,MEDIUM,SATELLITE_AVAILABLE
263170,Port Clarence,3,Any Technology,1.0,1.0,LOW,SMALL_SAMPLE
263170,Port Clarence,3,All Wired,0.0,0.0,LOW,NO_WIRED_25MBPS;SMALL_SAMPLE
263170,Port Clarence,3,Cable,0.0,0.0,LOW,SMALL_SAMPLE
263170,Port Clarence,3,Fiber,0.0,0.0,LOW,SMALL_SAMPLE
263170,Port Clarence,3,All Satellite,1.0,1.0,LOW,SMALL_SAMPLE
263170,Port Clarence,3,NGSO Satellite,1.0,1.0,LOW,SATELLITE_AVAILABLE;SMALL_SAMPLE
263280,Port Graham,77,Any Technology,1.0,1.0,MEDIUM,
263280,Port Graham,77,All Wired,0.0,0.0,MEDIUM,NO_WIRED_25MBPS
263280,Port Graham,77,Cable,0.0,0.0,MEDIUM,
263280,Port Graham,77,Fiber,0.0,0.0,MEDIUM,
263280,Port Graham,77,All Satellite,1.0,1.0,MEDIUM,
263280,Port Graham,77,NGSO Satellite,1.0,1.0,MEDIUM,SATELLITE_AVAILABLE
263390,Port Heiden,81,Any Technology,1.0,1.0,MEDIUM,
263390,Port Heiden,81,All Wired,0.0,0.0,MEDIUM,NO_WIRED_25MBPS
263390,Port Heiden,81,Cable,0.0,0.0,MEDIUM,
263390,Port Heiden,81,Fiber,0.0,0.0,MEDIUM,
263390,Port Heiden,81,All Satellite,1.0,1.0,MEDIUM,
263390,Port Heiden,81,NGSO Satellite,1.0,1.0,MEDIUM,SATELLITE_AVAILABLE
263610,Port Lions,151,Any Technology,1.0,1.0,MEDIUM,
263610,Port Lions,151,All Wired,0.986754967,0.986754967,MEDIUM,
263610,Port Lions,151,Cable,0.0,0.0,MEDIUM,
263610,Port Lions,151,Fiber,0.986754967,0.986754967,MEDIUM,
263610,Port Lions,151,All Satellite,1.0,1.0,MEDIUM,
263610,Port Lions,151,NGSO Satellite,1.0,1.0,MEDIUM,SATELLITE_AVAILABLE
263870,Port Protection,49,Any Technology,1.0,1.0,LOW,SMALL_SAMPLE
263870,Port Protection,49,All Wired,0.0,0.0,LOW,NO_WIRED_25MBPS;SMALL_SAMPLE
263870,Port Protection,49,Cable,0.0,0.0,LOW,SMALL_SAMPLE
263870,Port Protection,49,Fiber,0.0,0.0,LOW,SMALL_SAMPLE
263870,Port Protection,49,All Satellite,1.0,1.0,LOW,SMALL_SAMPLE
263870,Port Protection,49,NGSO Satellite,1.0,1.0,LOW,SATELLITE_AVAILABLE;SMALL_SAMPLE
264240,Primrose,55,Any Technology,1.0,1.0,MEDIUM,
264240,Primrose,55,All Wired,0.945454545,0.0,MEDIUM,
264240,Primrose,55,Cable,0.0,0.0,MEDIUM,
264240,Primrose,55,Fiber,0.0,0.0,MEDIUM,
264240,Primrose,55,All Satellite,1.0,1.0,MEDIUM,
264240,Primrose,55,NGSO Satellite,1.0,1.0,MEDIUM,SATELLITE_AVAILABLE
264380,Prudhoe Bay,251,Any Technology,1.0,1.0,HIGH,
264380,Prudhoe Bay,251,All Wired,0.0,0.0,HIGH,NO_WIRED_25MBPS
264380,Prudhoe Bay,251,Cable,0.0,0.0,HIGH,
264380,Prudhoe Bay,251,Fiber,0.0,0.0,HIGH,
264380,Prudhoe Bay,251,All Satellite,1.0,1.0,HIGH,
264380,Prudhoe Bay,251,NGSO Satellite,1.0,1.0,HIGH,SATELLITE_AVAILABLE
264600,Quinhagak,223,Any Technology,1.0,1.0,HIGH,
264600,Quinhagak,223,All Wired,0.0,0.0,HIGH,NO_WIRED_25MBPS
264600,Quinhagak,223,Cable,0.0,0.0,HIGH,
264600,Quinhagak,223,Fiber,0.0,0.0,HIGH,
264600,Quinhagak,223,All Satellite,1.0,1.0,HIGH,
264600,Quinhagak,223,NGSO Satellite,1.0,1.0,HIGH,SATELLITE_AVAILABLE
264820,Rampart,75,Any Technology,1.0,1.0,MEDIUM,
264820,Rampart,75,All Wired,0.0,0.0,MEDIUM,NO_WIRED_25MBPS
264820,Rampart,75,Cable,0.0,0.0,MEDIUM,
264820,Rampart,75,Fiber,0.0,0.0,MEDIUM,
264820,Rampart,75,All Satellite,1.0,1.0,MEDIUM,
264820,Rampart,75,NGSO Satellite,1.0,1.0,MEDIUM,SATELLITE_AVAILABLE
264930,Red Devil,29,Any Technology,1.0,1.0,LOW,SMALL_SAMPLE
264930,Red Devil,29,All Wired,0.0,0.0,LOW,NO_WIRED_25MBPS;SMALL_SAMPLE
264930,Red Devil,29,Cable,0.0,0.0,LOW,SMALL_SAMPLE
264930,Red Devil,29,Fiber,0.0,0.0,LOW,SMALL_SAMPLE
264930,Red Devil,29,All Satellite,1.0,1.0,LOW,SMALL_SAMPLE
264930,Red Devil,29,NGSO Satellite,1.0,1.0,LOW,SATELLITE_AVAILABLE;SMALL_SAMPLE
264980,Red Dog Mine,24,Any Technology,1.0,1.0,LOW,SMALL_SAMPLE
264980,Red Dog Mine,24,All Wired,0.0,0.0,LOW,NO_WIRED_25MBPS;SMALL_SAMPLE
264980,Red Dog Mine,24,Cable,0.0,0.0,LOW,SMALL_SAMPLE
264980,Red Dog Mine,24,Fiber,0.0,0.0,LOW,SMALL_SAMPLE
264980,Red Dog Mine,24,All Satellite,1.0,1.0,LOW,SMALL_SAMPLE
264980,Red Dog Mine,24,NGSO Satellite,1.0,1.0,LOW,SATELLITE_AVAILABLE;SMALL_SAMPLE
265345,Ridgeway,1624,Any Technology,1.0,1.0,HIGH,
265345,Ridgeway,1624,All Wired,0.283866995,0.282635468,HIGH,
265345,Ridgeway,1624,Cable,0.282635468,0.282635468,HIGH,
265345,Ridgeway,1624,Fiber,0.0,0.0,HIGH,
265345,Ridgeway,1624,All Satellite,1.0,1.0,HIGH,
265345,Ridgeway,1624,NGSO Satellite,1.0,1.0,HIGH,SATELLITE_AVAILABLE
265590,Ruby,208,Any Technology,1.0,1.0,HIGH,
265590,Ruby,208,All Wired,0.0,0.0,HIGH,NO_WIRED_25MBPS
265590,Ruby,208,Cable,0.0,0.0,HIGH,
265590,Ruby,208,Fiber,0.0,0.0,HIGH,
265590,Ruby,208,All Satellite,1.0,1.0,HIGH,
265590,Ruby,208,NGSO Satellite,1.0,1.0,HIGH,SATELLITE_AVAILABLE
265700,Russian Mission,116,Any Technology,1.0,1.0,MEDIUM,
265700,Russian Mission,116,All Wired,0.0,0.0,MEDIUM,NO_WIRED_25MBPS
265700,Russian Mission,116,Cable,0.0,0.0,MEDIUM,
265700,Russian Mission,116,Fiber,0.0,0.0,MEDIUM,
265700,Russian Mission,116,All Satellite,1.0,1.0,MEDIUM,
265700,Russian Mission,116,NGSO Satellite,1.0,1.0,MEDIUM,SATELLITE_AVAILABLE
265800,St. George,121,Any Technology,1.0,1.0,MEDIUM,
265800,St. George,121,All Wired,0.0,0.0,MEDIUM,NO_WIRED_25MBPS
265800,St. George,121,Cable,0.0,0.0,MEDIUM,
265800,St. George,121,Fiber,0.0,0.0,MEDIUM,
265800,St. George,121,All Satellite,1.0,1.0,MEDIUM,
265800,St. George,121,NGSO Satellite,1.0,1.0,MEDIUM,SATELLITE_AVAILABLE
266140,St. Mary's,311,Any Technology,1.0,1.0,HIGH,
266140,St. Mary's,311,All Wired,0.0,0.0,HIGH,NO_WIRED_25MBPS
266140,St. Mary's,311,Cable,0.0,0.0,HIGH,
266140,St. Mary's,311,Fiber,0.0,0.0,HIGH,
266140,St. Mary's,311,All Satellite,1.0,1.0,HIGH,
266140,St. Mary's,311,NGSO Satellite,1.0,1.0,HIGH,SATELLITE_AVAILABLE
266360,St. Michael,139,Any Technology,1.0,1.0,MEDIUM,
266360,St. Michael,139,All Wired,0.0,0.0,MEDIUM,NO_WIRED_25MBPS
266360,St. Michael,139,Cable,0.0,0.0,MEDIUM,
266360,St. Michael,139,Fiber,0.0,0.0,MEDIUM,
266360,St. Michael,139,All Satellite,1.0,1.0,MEDIUM,
266360,St. Michael,139,NGSO Satellite,1.0,1.0,MEDIUM,SATELLITE_AVAILABLE
266470,St. Paul,232,Any Technology,1.0,1.0,HIGH,
266470,St. Paul,232,All Wired,0.0,0.0,HIGH,NO_WIRED_25MBPS
266470,St. Paul,232,Cable,0.0,0.0,HIGH,
266470,St. Paul,232,Fiber,0.0,0.0,HIGH,
266470,St. Paul,232,All Satellite,1.0,1.0,HIGH,
266470,St. Paul,232,NGSO Satellite,1.0,1.0,HIGH,SATELLITE_AVAILABLE
266510,Salamatof,544,Any Technology,1.0,1.0,HIGH,
266510,Salamatof,544,All Wired,0.170955882,0.033088235,HIGH,
266510,Salamatof,544,Cable,0.033088235,0.033088235,HIGH,
266510,Salamatof,544,Fiber,0.001838235,0.001838235,HIGH,
266510,Salamatof,544,All Satellite,1.0,1.0,HIGH,
266510,Salamatof,544,NGSO Satellite,1.0,1.0,HIGH,SATELLITE_AVAILABLE
266550,Salcha,731,Any Technology,1.0,1.0,HIGH,
266550,Salcha,731,All Wired,0.279069767,0.0,HIGH,
266550,Salcha,731,Cable,0.0,0.0,HIGH,
266550,Salcha,731,Fiber,0.002735978,0.0,HIGH,
266550,Salcha,731,All Satellite,1.0,0.997264022,HIGH,
266550,Salcha,731,NGSO Satellite,0.997264022,0.997264022,HIGH,SATELLITE_AVAILABLE
267020,Sand Point,420,Any Technology,1.0,1.0,HIGH,
267020,Sand Point,420,All Wired,0.997619048,0.997619048,HIGH,
267020,Sand Point,420,Cable,0.0,0.0,HIGH,
267020,Sand Point,420,Fiber,0.997619048,0.997619048,HIGH,
267020,Sand Point,420,All Satellite,1.0,1.0,HIGH,
267020,Sand Point,420,NGSO Satellite,1.0,1.0,HIGH,SATELLITE_AVAILABLE
267460,Savoonga,272,Any Technology,1.0,1.0,HIGH,
267460,Savoonga,272,All Wired,0.0,0.0,HIGH,NO_WIRED_25MBPS
267460,Savoonga,272,Cable,0.0,0.0,HIGH,
267460,Savoonga,272,Fiber,0.0,0.0,HIGH,
267460,Savoonga,272,All Satellite,1.0,1.0,HIGH,
267460,Savoonga,272,NGSO Satellite,1.0,1.0,HIGH,SATELLITE_AVAILABLE
267570,Saxman,182,Any Technology,1.0,1.0,MEDIUM,
267570,Saxman,182,All Wired,1.0,1.0,MEDIUM,
267570,Saxman,182,Cable,1.0,1.0,MEDIUM,
267570,Saxman,182,Fiber,1.0,1.0,MEDIUM,
267570,Saxman,182,All Satellite,1.0,1.0,MEDIUM,
267570,Saxman,182,NGSO Satellite,1.0,1.0,MEDIUM,SATELLITE_AVAILABLE
267680,Scammon Bay,147,Any Technology,1.0,1.0,MEDIUM,
267680,Scammon Bay,147,All Wired,0.0,0.0,MEDIUM,NO_WIRED_25MBPS
267680,Scammon Bay,147,Cable,0.0,0.0,MEDIUM,
267680,Scammon Bay,147,Fiber,0.0,0.0,MEDIUM,
267680,Scammon Bay,147,All Satellite,1.0,1.0,MEDIUM,
267680,Scammon Bay,147,NGSO Satellite,1.0,1.0,MEDIUM,SATELLITE_AVAILABLE
268230,Selawik,317,Any Technology,1.0,1.0,HIGH,
268230,Selawik,317,All Wired,0.0,0.0,HIGH,NO_WIRED_25MBPS
268230,Selawik,317,Cable,0.0,0.0,HIGH,
268230,Selawik,317,Fiber,0.0,0.0,HIGH,
268230,Selawik,317,All Satellite,1.0,1.0,HIGH,
268230,Selawik,317,NGSO Satellite,1.0,1.0,HIGH,SATELLITE_AVAILABLE
268340,Seldovia,266,Any Technology,1.0,1.0,HIGH,
268340,Seldovia,266,All Wired,0.0,0.0,HIGH,NO_WIRED_25MBPS
268340,Seldovia,266,Cable,0.0,0.0,HIGH,
268340,Seldovia,266,Fiber,0.0,0.0,HIGH,
268340,Seldovia,266,All Satellite,1.0,1.0,HIGH,
268340,Seldovia,266,NGSO Satellite,1.0,1.0,HIGH,SATELLITE_AVAILABLE
268370,Seldovia Village,216,Any Technology,1.0,1.0,HIGH,
268370,Seldovia Village,216,All Wired,0.0,0.0,HIGH,NO_WIRED_25MBPS
268370,Seldovia Village,216,Cable,0.0,0.0,HIGH,
268370,Seldovia Village,216,Fiber,0.0,0.0,HIGH,
268370,Seldovia Village,216,All Satellite,1.0,1.0,HIGH,
268370,Seldovia Village,216,NGSO Satellite,1.0,1.0,HIGH,SATELLITE_AVAILABLE
268560,Seward,1113,Any Technology,1.0,1.0,HIGH,
268560,Seward,1113,All Wired,0.969451932,0.93081761,HIGH,
268560,Seward,1113,Cable,0.93081761,0.93081761,HIGH,
268560,Seward,1113,Fiber,0.362982929,0.362982929,HIGH,
268560,Seward,1113,All Satellite,1.0,1.0,HIGH,
268560,Seward,1113,NGSO Satellite,1.0,1.0,HIGH,SATELLITE_AVAILABLE
268670,Shageluk,98,Any Technology,1.0,1.0,MEDIUM,
268670,Shageluk,98,All Wired,0.0,0.0,MEDIUM,NO_WIRED_25MBPS
268670,Shageluk,98,Cable,0.0,0.0,MEDIUM,
268670,Shageluk,98,Fiber,0.0,0.0,MEDIUM,
268670,Shageluk,98,All Satellite,1.0,1.0,MEDIUM,
268670,Shageluk,98,NGSO Satellite,1.0,1.0,MEDIUM,SATELLITE_AVAILABLE
268890,Shaktoolik,156,Any Technology,1.0,1.0,MEDIUM,
268890,Shaktoolik,156,All Wired,0.0,0.0,MEDIUM,NO_WIRED_25MBPS
268890,Shaktoolik,156,Cable,0.0,0.0,MEDIUM,
268890,Shaktoolik,156,Fiber,0.0,0.0,MEDIUM,
268890,Shaktoolik,156,All Satellite,1.0,1.0,MEDIUM,
268890,Shaktoolik,156,NGSO Satellite,1.0,1.0,MEDIUM,SATELLITE_AVAILABLE
269770,Shishmaref,215,Any Technology,1.0,1.0,HIGH,
269770,Shishmaref,215,All Wired,0.0,0.0,HIGH,NO_WIRED_25MBPS
269770,Shishmaref,215,Cable,0.0,0.0,HIGH,
269770,Shishmaref,215,Fiber,0.0,0.0,HIGH,
269770,Shishmaref,215,All Satellite,1.0,1.0,HIGH,
269770,Shishmaref,215,NGSO Satellite,1.0,1.0,HIGH,SATELLITE_AVAILABLE
270100,Shungnak,141,Any Technology,1.0,1.0,MEDIUM,
270100,Shungnak,141,All Wired,0.0,0.0,MEDIUM,NO_WIRED_25MBPS
270100,Shungnak,141,Cable,0.0,0.0,MEDIUM,
270100,Shungnak,141,Fiber,0.0,0.0,MEDIUM,
270100,Shungnak,141,All Satellite,1.0,1.0,MEDIUM,
270100,Shungnak,141,NGSO Satellite,1.0,1.0,MEDIUM,SATELLITE_AVAILABLE
270320,Silver Springs,153,Any Technology,1.0,1.0,MEDIUM,
270320,Silver Springs,153,All Wired,1.0,1.0,MEDIUM,
270320,Silver Springs,153,Cable,0.0,0.0,MEDIUM,
270320,Silver Springs,153,Fiber,1.0,1.0,MEDIUM,
270320,Silver Springs,153,All Satellite,1.0,1.0,MEDIUM,
270320,Silver Springs,153,NGSO Satellite,1.0,1.0,MEDIUM,SATELLITE_AVAILABLE
270540,Sitka,4566,Any Technology,1.0,1.0,HIGH,
270540,Sitka,4566,All Wired,0.961673237,0.961016207,HIGH,
270540,Sitka,4566,Cable,0.960797197,0.960797197,HIGH,
270540,Sitka,4566,Fiber,0.006351292,0.00043802,HIGH,
270540,Sitka,4566,All Satellite,1.0,1.0,HIGH,
270540,Sitka,4566,NGSO Satellite,1.0,1.0,HIGH,SATELLITE_AVAILABLE
270760,Skagway,680,Any Technology,1.0,1.0,HIGH,
270760,Skagway,680,All Wired,0.970588235,0.901470588,HIGH,
270760,Skagway,680,Cable,0.0,0.0,HIGH,
270760,Skagway,680,Fiber,0.901470588,0.901470588,HIGH,
270760,Skagway,680,All Satellite,1.0,1.0,HIGH,
270760,Skagway,680,NGSO Satellite,1.0,1.0,HIGH,SATELLITE_AVAILABLE
270870,Skwentna,309,Any Technology,1.0,1.0,HIGH,
270870,Skwentna,309,All Wired,0.0,0.0,HIGH,NO_WIRED_25MBPS
270870,Skwentna,309,Cable,0.0,0.0,HIGH,
270870,Skwentna,309,Fiber,0.0,0.0,HIGH,
270870,Skwentna,309,All Satellite,1.0,1.0,HIGH,
270870,Skwentna,309,NGSO Satellite,1.0,1.0,HIGH,SATELLITE_AVAILABLE
270930,Slana,180,Any Technology,1.0,1.0,MEDIUM,
270930,Slana,180,All Wired,0.838888889,0.838888889,MEDIUM,
270930,Slana,180,Cable,0.0,0.0,MEDIUM,
270930,Slana,180,Fiber,0.838888889,0.838888889,MEDIUM,
270930,Slana,180,All Satellite,1.0,1.0,MEDIUM,
270930,Slana,180,NGSO Satellite,1.0,1.0,MEDIUM,SATELLITE_AVAILABLE
271090,Sleetmute,52,Any Technology,1.0,1.0,MEDIUM,
271090,Sleetmute,52,All Wired,0.0,0.0,MEDIUM,NO_WIRED_25MBPS
271090,Sleetmute,52,Cable,0.0,0.0,MEDIUM,
271090,Sleetmute,52,Fiber,0.0,0.0,MEDIUM,
271090,Sleetmute,52,All Satellite,1.0,1.0,MEDIUM,
271090,Sleetmute,52,NGSO Satellite,1.0,1.0,MEDIUM,SATELLITE_AVAILABLE
271640,Soldotna,2630,Any Technology,1.0,1.0,HIGH,
271640,Soldotna,2630,All Wired,0.822813688,0.820912548,HIGH,
271640,Soldotna,2630,Cable,0.820912548,0.820912548,HIGH,
271640,Soldotna,2630,Fiber,0.003802281,0.003422053,HIGH,
271640,Soldotna,2630,All Satellite,1.0,1.0,HIGH,
271640,Soldotna,2630,NGSO Satellite,1.0,1.0,HIGH,SATELLITE_AVAILABLE
272135,South Lakes,2503,Any Technology,1.0,1.0,HIGH,
272135,South Lakes,2503,All Wired,0.953256093,0.917299241,HIGH,
272135,South Lakes,2503,Cable,0.837794646,0.837794646,HIGH,
272135,South Lakes,2503,Fiber,0.29165002,0.29165002,HIGH,
272135,South Lakes,2503,All Satellite,1.0,1.0,HIGH,
272135,South Lakes,2503,NGSO Satellite,1.0,1.0,HIGH,SATELLITE_AVAILABLE
272190,South Naknek,135,Any Technology,1.0,1.0,MEDIUM,
272190,South Naknek,135,All Wired,0.0,0.0,MEDIUM,NO_WIRED_25MBPS
272190,South Naknek,135,Cable,0.0,0.0,MEDIUM,
272190,South Naknek,135,Fiber,0.0,0.0,MEDIUM,
272190,South Naknek,135,All Satellite,1.0,1.0,MEDIUM,
272190,South Naknek,135,NGSO Satellite,1.0,1.0,MEDIUM,SATELLITE_AVAILABLE
272230,South Van Horn,979,Any Technology,1.0,1.0,HIGH,
272230,South Van Horn,979,All Wired,0.707865169,0.698672114,HIGH,
272230,South Van Horn,979,Cable,0.696629213,0.696629213,HIGH,
272230,South Van Horn,979,Fiber,0.002042901,0.002042901,HIGH,
272230,South Van Horn,979,All Satellite,1.0,1.0,HIGH,
272230,South Van Horn,979,NGSO Satellite,1.0,1.0,HIGH,SATELLITE_AVAILABLE
272960,Stebbins,183,Any Technology,1.0,1.0,MEDIUM,
272960,Stebbins,183,All Wired,0.0,0.0,MEDIUM,NO_WIRED_25MBPS
272960,Stebbins,183,Cable,0.0,0.0,MEDIUM,
272960,Stebbins,183,Fiber,0.0,0.0,MEDIUM,
272960,Stebbins,183,All Satellite,1.0,1.0,MEDIUM,
272960,Stebbins,183,NGSO Satellite,1.0,1.0,MEDIUM,SATELLITE_AVAILABLE
272985,Steele Creek,3280,Any Technology,1.0,1.0,HIGH,
272985,Steele Creek,3280,All Wired,0.656402439,0.530487805,HIGH,
272985,Steele Creek,3280,Cable,0.516768293,0.516768293,HIGH,
272985,Steele Creek,3280,Fiber,0.01402439,0.013719512,HIGH,
272985,Steele Creek,3280,All Satellite,1.0,1.0,HIGH,
272985,Steele Creek,3280,NGSO Satellite,1.0,1.0,HIGH,SATELLITE_AVAILABLE
273070,Sterling,4327,Any Technology,1.0,1.0,HIGH,
273070,Sterling,4327,All Wired,0.004391033,0.0,HIGH,
273070,Sterling,4327,Cable,0.0,0.0,HIGH,
273070,Sterling,4327,Fiber,0.000462214,0.0,HIGH,
273070,Sterling,4327,All Satellite,1.0,1.0,HIGH,
273070,Sterling,4327,NGSO Satellite,1.0,1.0,HIGH,SATELLITE_AVAILABLE
273290,Stevens Village,84,Any Technology,1.0,1.0,MEDIUM,
273290,Stevens Village,84,All Wired,0.0,0.0,MEDIUM,NO_WIRED_25MBPS
273290,Stevens Village,84,Cable,0.0,0.0,MEDIUM,
273290,Stevens Village,84,Fiber,0.0,0.0,MEDIUM,
273290,Stevens Village,84,All Satellite,1.0,1.0,MEDIUM,
273290,Stevens Village,84,NGSO Satellite,1.0,1.0,MEDIUM,SATELLITE_AVAILABLE
273400,Stony River,30,Any Technology,1.0,1.0,LOW,SMALL_SAMPLE
273400,Stony River,30,All Wired,0.0,0.0,LOW,NO_WIRED_25MBPS;SMALL_SAMPLE
273400,Stony River,30,Cable,0.0,0.0,LOW,SMALL_SAMPLE
273400,Stony River,30,Fiber,0.0,0.0,LOW,SMALL_SAMPLE
273400,Stony River,30,All Satellite,1.0,1.0,LOW,SMALL_SAMPLE
273400,Stony River,30,NGSO Satellite,1.0,1.0,LOW,SATELLITE_AVAILABLE;SMALL_SAMPLE
273950,Sunrise,25,Any Technology,1.0,1.0,LOW,SMALL_SAMPLE
273950,Sunrise,25,All Wired,0.0,0.0,LOW,NO_WIRED_25MBPS;SMALL_SAMPLE
273950,Sunrise,25,Cable,0.0,0.0,LOW,SMALL_SAMPLE
273950,Sunrise,25,Fiber,0.0,0.0,LOW,SMALL_SAMPLE
273950,Sunrise,25,All Satellite,1.0,1.0,LOW,SMALL_SAMPLE
273950,Sunrise,25,NGSO Satellite,1.0,1.0,LOW,SATELLITE_AVAILABLE;SMALL_SAMPLE
274340,Susitna,163,Any Technology,1.0,1.0,MEDIUM,
274340,Susitna,163,All Wired,0.0,0.0,MEDIUM,NO_WIRED_25MBPS
274340,Susitna,163,Cable,0.0,0.0,MEDIUM,
274340,Susitna,163,Fiber,0.0,0.0,MEDIUM,
274340,Susitna,163,All Satellite,1.0,1.0,MEDIUM,
274340,Susitna,163,NGSO Satellite,1.0,1.0,MEDIUM,SATELLITE_AVAILABLE
274350,Susitna North,1788,Any Technology,1.0,1.0,HIGH,
274350,Susitna North,1788,All Wired,0.403243848,0.171700224,HIGH,
274350,Susitna North,1788,Cable,0.0,0.0,HIGH,
274350,Susitna North,1788,Fiber,0.131991051,0.131991051,HIGH,
274350,Susitna North,1788,All Satellite,1.0,1.0,HIGH,
274350,Susitna North,1788,NGSO Satellite,1.0,1.0,HIGH,SATELLITE_AVAILABLE
274525,Sutton-Alpine,624,Any Technology,1.0,1.0,HIGH,
274525,Sutton-Alpine,624,All Wired,0.628205128,0.201923077,HIGH,
274525,Sutton-Alpine,624,Cable,0.0,0.0,HIGH,
274525,Sutton-Alpine,624,Fiber,0.043269231,0.043269231,HIGH,
274525,Sutton-Alpine,624,All Satellite,1.0,1.0,HIGH,
274525,Sutton-Alpine,624,NGSO Satellite,1.0,1.0,HIGH,SATELLITE_AVAILABLE
274610,Takotna,80,Any Technology,1.0,1.0,MEDIUM,
274610,Takotna,80,All Wired,0.0,0.0,MEDIUM,NO_WIRED_25MBPS
274610,Takotna,80,Cable,0.0,0.0,MEDIUM,
274610,Takotna,80,Fiber,0.0,0.0,MEDIUM,
274610,Takotna,80,All Satellite,1.0,1.0,MEDIUM,
274610,Takotna,80,NGSO Satellite,1.0,1.0,MEDIUM,SATELLITE_AVAILABLE
274830,Talkeetna,956,Any Technology,1.0,1.0,HIGH,
274830,Talkeetna,956,All Wired,0.54916318,0.194560669,HIGH,
274830,Talkeetna,956,Cable,0.0,0.0,HIGH,
274830,Talkeetna,956,Fiber,0.059623431,0.059623431,HIGH,
274830,Talkeetna,956,All Satellite,1.0,1.0,HIGH,
274830,Talkeetna,956,NGSO Satellite,1.0,1.0,HIGH,SATELLITE_AVAILABLE
275050,Tanacross,75,Any Technology,1.0,1.0,MEDIUM,
275050,Tanacross,75,All Wired,0.68,0.08,MEDIUM,
275050,Tanacross,75,Cable,0.0,0.0,MEDIUM,
275050,Tanacross,75,Fiber,0.08,0.08,MEDIUM,
275050,Tanacross,75,All Satellite,1.0,1.0,MEDIUM,
275050,Tanacross,75,NGSO Satellite,1.0,1.0,MEDIUM,SATELLITE_AVAILABLE
275077,Tanaina,3369,Any Technology,1.0,1.0,HIGH,
275077,Tanaina,3369,All Wired,0.970614426,0.903829029,HIGH,
275077,Tanaina,3369,Cable,0.810626299,0.810626299,HIGH,
275077,Tanaina,3369,Fiber,0.245473434,0.245473434,HIGH,
275077,Tanaina,3369,All Satellite,1.0,1.0,HIGH,
275077,Tanaina,3369,NGSO Satellite,1.0,1.0,HIGH,SATELLITE_AVAILABLE
275160,Tanana,219,Any Technology,1.0,1.0,HIGH,
275160,Tanana,219,All Wired,0.0,0.0,HIGH,NO_WIRED_25MBPS
275160,Tanana,219,Cable,0.0,0.0,HIGH,
275160,Tanana,219,Fiber,0.0,0.0,HIGH,
275160,Tanana,219,All Satellite,1.0,1.0,HIGH,
275160,Tanana,219,NGSO Satellite,1.0,1.0,HIGH,SATELLITE_AVAILABLE
275380,Tatitlek,55,Any Technology,1.0,1.0,MEDIUM,
275380,Tatitlek,55,All Wired,0.781818182,0.781818182,MEDIUM,
275380,Tatitlek,55,Cable,0.0,0.0,MEDIUM,
275380,Tatitlek,55,Fiber,0.781818182,0.781818182,MEDIUM,
275380,Tatitlek,55,All Satellite,1.0,1.0,MEDIUM,
275380,Tatitlek,55,NGSO Satellite,1.0,1.0,MEDIUM,SATELLITE_AVAILABLE
275480,Tazlina,360,Any Technology,1.0,1.0,HIGH,
275480,Tazlina,360,All Wired,0.988888889,0.988888889,HIGH,
275480,Tazlina,360,Cable,0.0,0.0,HIGH,
275480,Tazlina,360,Fiber,0.988888889,0.988888889,HIGH,
275480,Tazlina,360,All Satellite,1.0,1.0,HIGH,
275480,Tazlina,360,NGSO Satellite,1.0,1.0,HIGH,SATELLITE_AVAILABLE
275930,Teller,119,Any Technology,1.0,1.0,MEDIUM,
275930,Teller,119,All Wired,0.0,0.0,MEDIUM,NO_WIRED_25MBPS
275930,Teller,119,Cable,0.0,0.0,MEDIUM,
275930,Teller,119,Fiber,0.0,0.0,MEDIUM,
275930,Teller,119,All Satellite,1.0,1.0,MEDIUM,
275930,Teller,119,NGSO Satellite,1.0,1.0,MEDIUM,SATELLITE_AVAILABLE
276260,Tenakee Springs,114,Any Technology,1.0,1.0,MEDIUM,
276260,Tenakee Springs,114,All Wired,0.0,0.0,MEDIUM,NO_WIRED_25MBPS
276260,Tenakee Springs,114,Cable,0.0,0.0,MEDIUM,
276260,Tenakee Springs,114,Fiber,0.0,0.0,MEDIUM,
276260,Tenakee Springs,114,All Satellite,1.0,1.0,MEDIUM,
276260,Tenakee Springs,114,NGSO Satellite,1.0,1.0,MEDIUM,SATELLITE_AVAILABLE
276590,Tetlin,69,Any Technology,1.0,1.0,MEDIUM,
276590,Tetlin,69,All Wired,0.68115942,0.68115942,MEDIUM,
276590,Tetlin,69,Cable,0.0,0.0,MEDIUM,
276590,Tetlin,69,Fiber,0.68115942,0.68115942,MEDIUM,
276590,Tetlin,69,All Satellite,1.0,1.0,MEDIUM,
276590,Tetlin,69,NGSO Satellite,1.0,1.0,MEDIUM,SATELLITE_AVAILABLE
277140,Thorne Bay,475,Any Technology,1.0,1.0,HIGH,
277140,Thorne Bay,475,All Wired,0.008421053,0.008421053,HIGH,
277140,Thorne Bay,475,Cable,0.0,0.0,HIGH,
277140,Thorne Bay,475,Fiber,0.008421053,0.008421053,HIGH,
277140,Thorne Bay,475,All Satellite,1.0,1.0,HIGH,
277140,Thorne Bay,475,NGSO Satellite,1.0,1.0,HIGH,SATELLITE_AVAILABLE
277690,Togiak,290,Any Technology,1.0,1.0,HIGH,
277690,Togiak,290,All Wired,0.0,0.0,HIGH,NO_WIRED_25MBPS
277690,Togiak,290,Cable,0.0,0.0,HIGH,
277690,Togiak,290,Fiber,0.0,0.0,HIGH,
277690,Togiak,290,All Satellite,1.0,1.0,HIGH,
277690,Togiak,290,NGSO Satellite,1.0,1.0,HIGH,SATELLITE_AVAILABLE
277800,Tok,1189,Any Technology,1.0,1.0,HIGH,
277800,Tok,1189,All Wired,0.650967199,0.544154752,HIGH,
277800,Tok,1189,Cable,0.0,0.0,HIGH,
277800,Tok,1189,Fiber,0.544154752,0.544154752,HIGH,
277800,Tok,1189,All Satellite,1.0,1.0,HIGH,
277800,Tok,1189,NGSO Satellite,1.0,1.0,HIGH,SATELLITE_AVAILABLE
278240,Toksook Bay,197,Any Technology,1.0,1.0,MEDIUM,
278240,Toksook Bay,197,All Wired,0.0,0.0,MEDIUM,NO_WIRED_25MBPS
278240,Toksook Bay,197,Cable,0.0,0.0,MEDIUM,
278240,Toksook Bay,197,Fiber,0.0,0.0,MEDIUM,
278240,Toksook Bay,197,All Satellite,1.0,1.0,MEDIUM,
278240,Toksook Bay,197,NGSO Satellite,1.0,1.0,MEDIUM,SATELLITE_AVAILABLE
278297,Tolsona,56,Any Technology,1.0,1.0,MEDIUM,
278297,Tolsona,56,All Wired,0.982142857,0.982142857,MEDIUM,
278297,Tolsona,56,Cable,0.0,0.0,MEDIUM,
278297,Tolsona,56,Fiber,0.982142857,0.982142857,MEDIUM,
278297,Tolsona,56,All Satellite,1.0,1.0,MEDIUM,
278297,Tolsona,56,NGSO Satellite,1.0,1.0,MEDIUM,SATELLITE_AVAILABLE
278350,Tonsina,104,Any Technology,1.0,1.0,MEDIUM,
278350,Tonsina,104,All Wired,0.980769231,0.980769231,MEDIUM,
278350,Tonsina,104,Cable,0.0,0.0,MEDIUM,
278350,Tonsina,104,Fiber,0.980769231,0.980769231,MEDIUM,
278350,Tonsina,104,All Satellite,1.0,1.0,MEDIUM,
278350,Tonsina,104,NGSO Satellite,1.0,1.0,MEDIUM,SATELLITE_AVAILABLE
278680,Trapper Creek,707,Any Technology,1.0,1.0,HIGH,
278680,Trapper Creek,707,All Wired,0.145685997,0.048090523,HIGH,
278680,Trapper Creek,707,Cable,0.0,0.0,HIGH,
278680,Trapper Creek,707,Fiber,0.005657709,0.005657709,HIGH,
278680,Trapper Creek,707,All Satellite,1.0,1.0,HIGH,
278680,Trapper Creek,707,NGSO Satellite,1.0,1.0,HIGH,SATELLITE_AVAILABLE
278790,Tuluksak,119,Any Technology,1.0,1.0,MEDIUM,
278790,Tuluksak,119,All Wired,0.0,0.0,MEDIUM,NO_WIRED_25MBPS
278790,Tuluksak,119,Cable,0.0,0.0,MEDIUM,
278790,Tuluksak,119,Fiber,0.0,0.0,MEDIUM,
278790,Tuluksak,119,All Satellite,1.0,1.0,MEDIUM,
278790,Tuluksak,119,NGSO Satellite,1.0,1.0,MEDIUM,SATELLITE_AVAILABLE
279120,Tuntutuliak,323,Any Technology,1.0,1.0,HIGH,
279120,Tuntutuliak,323,All Wired,0.0,0.0,HIGH,NO_WIRED_25MBPS
279120,Tuntutuliak,323,Cable,0.0,0.0,HIGH,
279120,Tuntutuliak,323,Fiber,0.0,0.0,HIGH,
279120,Tuntutuliak,323,All Satellite,1.0,1.0,HIGH,
279120,Tuntutuliak,323,NGSO Satellite,1.0,1.0,HIGH,SATELLITE_AVAILABLE
279230,Tununak,53,Any Technology,1.0,1.0,MEDIUM,
279230,Tununak,53,All Wired,0.0,0.0,MEDIUM,NO_WIRED_25MBPS
279230,Tununak,53,Cable,0.0,0.0,MEDIUM,
279230,Tununak,53,Fiber,0.0,0.0,MEDIUM,
279230,Tununak,53,All Satellite,1.0,1.0,MEDIUM,
279230,Tununak,53,NGSO Satellite,1.0,1.0,MEDIUM,SATELLITE_AVAILABLE
279780,Twin Hills,68,Any Technology,1.0,1.0,MEDIUM,
279780,Twin Hills,68,All Wired,0.0,0.0,MEDIUM,NO_WIRED_25MBPS
279780,Twin Hills,68,Cable,0.0,0.0,MEDIUM,
279780,Twin Hills,68,Fiber,0.0,0.0,MEDIUM,
279780,Twin Hills,68,All Satellite,1.0,1.0,MEDIUM,
279780,Twin Hills,68,NGSO Satellite,1.0,1.0,MEDIUM,SATELLITE_AVAILABLE
279830,Two Rivers,405,Any Technology,1.0,1.0,HIGH,
279830,Two Rivers,405,All Wired,0.182716049,0.0,HIGH,
279830,Two Rivers,405,Cable,0.0,0.0,HIGH,
279830,Two Rivers,405,Fiber,0.0,0.0,HIGH,
279830,Two Rivers,405,All Satellite,1.0,1.0,HIGH,
279830,Two Rivers,405,NGSO Satellite,1.0,1.0,HIGH,SATELLITE_AVAILABLE
279890,Tyonek,153,Any Technology,1.0,1.0,MEDIUM,
279890,Tyonek,153,All Wired,0.0,0.0,MEDIUM,NO_WIRED_25MBPS
279890,Tyonek,153,Cable,0.0,0.0,MEDIUM,
279890,Tyonek,153,Fiber,0.0,0.0,MEDIUM,
279890,Tyonek,153,All Satellite,1.0,1.0,MEDIUM,
279890,Tyonek,153,NGSO Satellite,1.0,1.0,MEDIUM,SATELLITE_AVAILABLE
280100,Ugashik,52,Any Technology,1.0,1.0,MEDIUM,
280100,Ugashik,52,All Wired,0.0,0.0,MEDIUM,NO_WIRED_25MBPS
280100,Ugashik,52,Cable,0.0,0.0,MEDIUM,
280100,Ugashik,52,Fiber,0.0,0.0,MEDIUM,
280100,Ugashik,52,All Satellite,1.0,1.0,MEDIUM,
280100,Ugashik,52,NGSO Satellite,1.0,1.0,MEDIUM,SATELLITE_AVAILABLE
280660,Unalakleet,444,Any Technology,1.0,1.0,HIGH,
280660,Unalakleet,444,All Wired,0.0,0.0,HIGH,NO_WIRED_25MBPS
280660,Unalakleet,444,Cable,0.0,0.0,HIGH,
280660,Unalakleet,444,Fiber,0.0,0.0,HIGH,
280660,Unalakleet,444,All Satellite,1.0,1.0,HIGH,
280660,Unalakleet,444,NGSO Satellite,1.0,1.0,HIGH,SATELLITE_AVAILABLE
280770,Unalaska,654,Any Technology,1.0,1.0,HIGH,
280770,Unalaska,654,All Wired,0.944954128,0.944954128,HIGH,
280770,Unalaska,654,Cable,0.0,0.0,HIGH,
280770,Unalaska,654,Fiber,0.944954128,0.944954128,HIGH,
280770,Unalaska,654,All Satellite,1.0,1.0,HIGH,
280770,Unalaska,654,NGSO Satellite,1.0,1.0,HIGH,SATELLITE_AVAILABLE
281320,Upper Kalskag,120,Any Technology,1.0,1.0,MEDIUM,
281320,Upper Kalskag,120,All Wired,0.0,0.0,MEDIUM,NO_WIRED_25MBPS
281320,Upper Kalskag,120,Cable,0.0,0.0,MEDIUM,
281320,Upper Kalskag,120,Fiber,0.0,0.0,MEDIUM,
281320,Upper Kalskag,120,All Satellite,1.0,1.0,MEDIUM,
281320,Upper Kalskag,120,NGSO Satellite,1.0,1.0,MEDIUM,SATELLITE_AVAILABLE
281920,Utqiaġvik,1539,Any Technology,1.0,1.0,HIGH,
281920,Utqiaġvik,1539,All Wired,0.976608187,0.976608187,HIGH,
281920,Utqiaġvik,1539,Cable,0.964912281,0.964912281,HIGH,
281920,Utqiaġvik,1539,Fiber,0.864197531,0.864197531,HIGH,
281920,Utqiaġvik,1539,All Satellite,1.0,1.0,HIGH,
281920,Utqiaġvik,1539,NGSO Satellite,1.0,1.0,HIGH,SATELLITE_AVAILABLE
282200,Valdez,1878,Any Technology,1.0,1.0,HIGH,
282200,Valdez,1878,All Wired,0.997337593,0.997337593,HIGH,
282200,Valdez,1878,Cable,0.884984026,0.884984026,HIGH,
282200,Valdez,1878,Fiber,0.997337593,0.997337593,HIGH,
282200,Valdez,1878,All Satellite,1.0,1.0,HIGH,
282200,Valdez,1878,NGSO Satellite,1.0,1.0,HIGH,SATELLITE_AVAILABLE
282420,Venetie,174,Any Technology,1.0,1.0,MEDIUM,
282420,Venetie,174,All Wired,0.0,0.0,MEDIUM,NO_WIRED_25MBPS
282420,Venetie,174,Cable,0.0,0.0,MEDIUM,
282420,Venetie,174,Fiber,0.0,0.0,MEDIUM,
282420,Venetie,174,All Satellite,1.0,1.0,MEDIUM,
282420,Venetie,174,NGSO Satellite,1.0,1.0,MEDIUM,SATELLITE_AVAILABLE
282750,Wainwright,219,Any Technology,1.0,1.0,HIGH,
282750,Wainwright,219,All Wired,0.799086758,0.799086758,HIGH,
282750,Wainwright,219,Cable,0.0,0.0,HIGH,
282750,Wainwright,219,Fiber,0.799086758,0.799086758,HIGH,
282750,Wainwright,219,All Satellite,1.0,1.0,HIGH,
282750,Wainwright,219,NGSO Satellite,1.0,1.0,HIGH,SATELLITE_AVAILABLE
282860,Wales,85,Any Technology,1.0,1.0,MEDIUM,
282860,Wales,85,All Wired,0.0,0.0,MEDIUM,NO_WIRED_25MBPS
282860,Wales,85,Cable,0.0,0.0,MEDIUM,
282860,Wales,85,Fiber,0.0,0.0,MEDIUM,
282860,Wales,85,All Satellite,1.0,1.0,MEDIUM,
282860,Wales,85,NGSO Satellite,1.0,1.0,MEDIUM,SATELLITE_AVAILABLE
283080,Wasilla,5265,Any Technology,1.0,1.0,HIGH,
283080,Wasilla,5265,All Wired,0.934852802,0.919848053,HIGH,
283080,Wasilla,5265,Cable,0.888888889,0.888888889,HIGH,
283080,Wasilla,5265,Fiber,0.189553656,0.189553656,HIGH,
283080,Wasilla,5265,All Satellite,1.0,1.0,HIGH,
283080,Wasilla,5265,NGSO Satellite,1.0,1.0,HIGH,SATELLITE_AVAILABLE
284000,Whale Pass,160,Any Technology,1.0,1.0,MEDIUM,
284000,Whale Pass,160,All Wired,0.0,0.0,MEDIUM,NO_WIRED_25MBPS
284000,Whale Pass,160,Cable,0.0,0.0,MEDIUM,
284000,Whale Pass,160,Fiber,0.0,0.0,MEDIUM,
284000,Whale Pass,160,All Satellite,1.0,1.0,MEDIUM,
284000,Whale Pass,160,NGSO Satellite,1.0,1.0,MEDIUM,SATELLITE_AVAILABLE
284070,White Mountain,116,Any Technology,1.0,1.0,MEDIUM,
284070,White Mountain,116,All Wired,0.0,0.0,MEDIUM,NO_WIRED_25MBPS
284070,White Mountain,116,Cable,0.0,0.0,MEDIUM,
284070,White Mountain,116,Fiber,0.0,0.0,MEDIUM,
284070,White Mountain,116,All Satellite,1.0,1.0,MEDIUM,
284070,White Mountain,116,NGSO Satellite,1.0,1.0,MEDIUM,SATELLITE_AVAILABLE
284120,Whitestone,31,Any Technology,1.0,1.0,LOW,SMALL_SAMPLE
284120,Whitestone,31,All Wired,0.483870968,0.483870968,LOW,SMALL_SAMPLE
284120,Whitestone,31,Cable,0.0,0.0,LOW,SMALL_SAMPLE
284120,Whitestone,31,Fiber,0.483870968,0.483870968,LOW,SMALL_SAMPLE
284120,Whitestone,31,All Satellite,1.0,1.0,LOW,SMALL_SAMPLE
284120,Whitestone,31,NGSO Satellite,1.0,1.0,LOW,SATELLITE_AVAILABLE;SMALL_SAMPLE
284200,Whitestone Logging Camp,5,Any Technology,1.0,1.0,LOW,SMALL_SAMPLE
284200,Whitestone Logging Camp,5,All Wired,0.0,0.0,LOW,NO_WIRED_25MBPS;SMALL_SAMPLE
284200,Whitestone Logging Camp,5,Cable,0.0,0.0,LOW,SMALL_SAMPLE
284200,Whitestone Logging Camp,5,Fiber,0.0,0.0,LOW,SMALL_SAMPLE
284200,Whitestone Logging Camp,5,All Satellite,1.0,1.0,LOW,SMALL_SAMPLE
284200,Whitestone Logging Camp,5,NGSO Satellite,1.0,1.0,LOW,SATELLITE_AVAILABLE;SMALL_SAMPLE
284510,Whittier,250,Any Technology,1.0,1.0,HIGH,
284510,Whittier,250,All Wired,0.98,0.0,HIGH,
284510,Whittier,250,Cable,0.98,0.0,HIGH,
284510,Whittier,250,Fiber,0.004,0.0,HIGH,
284510,Whittier,250,All Satellite,1.0,1.0,HIGH,
284510,Whittier,250,NGSO Satellite,1.0,1.0,HIGH,SATELLITE_AVAILABLE
285280,Willow,2550,Any Technology,1.0,1.0,HIGH,
285280,Willow,2550,All Wired,0.380784314,0.106666667,HIGH,
285280,Willow,2550,Cable,0.0,0.0,HIGH,
285280,Willow,2550,Fiber,0.036862745,0.036862745,HIGH,
285280,Willow,2550,All Satellite,1.0,1.0,HIGH,
285280,Willow,2550,NGSO Satellite,1.0,1.0,HIGH,SATELLITE_AVAILABLE
285290,Willow Creek,233,Any Technology,1.0,1.0,HIGH,
285290,Willow Creek,233,All Wired,0.987124464,0.987124464,HIGH,
285290,Willow Creek,233,Cable,0.0,0.0,HIGH,
285290,Willow Creek,233,Fiber,0.987124464,0.987124464,HIGH,
285290,Willow Creek,233,All Satellite,1.0,1.0,HIGH,
285290,Willow Creek,233,NGSO Satellite,1.0,1.0,HIGH,SATELLITE_AVAILABLE
285610,Wiseman,28,Any Technology,1.0,1.0,LOW,SMALL_SAMPLE
285610,Wiseman,28,All Wired,0.0,0.0,LOW,NO_WIRED_25MBPS;SMALL_SAMPLE
285610,Wiseman,28,Cable,0.0,0.0,LOW,SMALL_SAMPLE
285610,Wiseman,28,Fiber,0.0,0.0,LOW,SMALL_SAMPLE
285610,Wiseman,28,All Satellite,1.0,1.0,LOW,SMALL_SAMPLE
285610,Wiseman,28,NGSO Satellite,1.0,1.0,LOW,SATELLITE_AVAILABLE;SMALL_SAMPLE
285680,Womens Bay,376,Any Technology,1.0,1.0,HIGH,
285680,Womens Bay,376,All Wired,0.0,0.0,HIGH,NO_WIRED_25MBPS
285680,Womens Bay,376,Cable,0.0,0.0,HIGH,
285680,Womens Bay,376,Fiber,0.0,0.0,HIGH,
285680,Womens Bay,376,All Satellite,1.0,1.0,HIGH,
285680,Womens Bay,376,NGSO Satellite,1.0,1.0,HIGH,SATELLITE_AVAILABLE
286380,Wrangell,1334,Any Technology,1.0,1.0,HIGH,
286380,Wrangell,1334,All Wired,0.879310345,0.79910045,HIGH,
286380,Wrangell,1334,Cable,0.795352324,0.795352324,HIGH,
286380,Wrangell,1334,Fiber,0.366566717,0.366566717,HIGH,
286380,Wrangell,1334,All Satellite,1.0,1.0,HIGH,
286380,Wrangell,1334,NGSO Satellite,1.0,1.0,HIGH,SATELLITE_AVAILABLE
286490,Yakutat,372,Any Technology,1.0,1.0,HIGH,
286490,Yakutat,372,All Wired,0.0,0.0,HIGH,NO_WIRED_25MBPS
286490,Yakutat,372,Cable,0.0,0.0,HIGH,
286490,Yakutat,372,Fiber,0.0,0.0,HIGH,
286490,Yakutat,372,All Satellite,1.0,1.0,HIGH,
286490,Yakutat,372,NGSO Satellite,1.0,1.0,HIGH,SATELLITE_AVAILABLE
200650,Akhiok,47,Any Technology,1.0,1.0,LOW,SMALL_SAMPLE
200650,Akhiok,47,All Wired,0.0,0.0,LOW,NO_WIRED_25MBPS;SMALL_SAMPLE
200650,Akhiok,47,Cable,0.0,0.0,LOW,SMALL_SAMPLE
200650,Akhiok,47,Fiber,0.0,0.0,LOW,SMALL_SAMPLE
200650,Akhiok,47,All Satellite,1.0,1.0,LOW,SMALL_SAMPLE
200650,Akhiok,47,NGSO Satellite,1.0,1.0,LOW,SATELLITE_AVAILABLE;SMALL_SAMPLE
200760,Akiachak,181,Any Technology,1.0,1.0,MEDIUM,
200760,Akiachak,181,All Wired,0.0,0.0,MEDIUM,NO_WIRED_25MBPS
200760,Akiachak,181,Cable,0.0,0.0,MEDIUM,
200760,Akiachak,181,Fiber,0.0,0.0,MEDIUM,
200760,Akiachak,181,All Satellite,1.0,1.0,MEDIUM,
200760,Akiachak,181,NGSO Satellite,1.0,1.0,MEDIUM,SATELLITE_AVAILABLE
200870,Akiak,124,Any Technology,1.0,1.0,MEDIUM,
200870,Akiak,124,All Wired,0.0,0.0,MEDIUM,NO_WIRED_25MBPS
200870,Akiak,124,Cable,0.0,0.0,MEDIUM,
200870,Akiak,124,Fiber,0.0,0.0,MEDIUM,
200870,Akiak,124,All Satellite,1.0,1.0,MEDIUM,
200870,Akiak,124,NGSO Satellite,1.0,1.0,MEDIUM,SATELLITE_AVAILABLE
201090,Akutan,102,Any Technology,1.0,1.0,MEDIUM,
201090,Akutan,102,All Wired,1.0,1.0,MEDIUM,
201090,Akutan,102,Cable,0.0,0.0,MEDIUM,
201090,Akutan,102,Fiber,1.0,1.0,MEDIUM,
201090,Akutan,102,All Satellite,1.0,1.0,MEDIUM,
201090,Akutan,102,NGSO Satellite,1.0,1.0,MEDIUM,SATELLITE_AVAILABLE
201200,Alakanuk,225,Any Technology,1.0,1.0,HIGH,
201200,Alakanuk,225,All Wired,0.0,0.0,HIGH,NO_WIRED_25MBPS
201200,Alakanuk,225,Cable,0.0,0.0,HIGH,
201200,Alakanuk,225,Fiber,0.0,0.0,HIGH,
201200,Alakanuk,225,All Satellite,1.0,1.0,HIGH,
201200,Alakanuk,225,NGSO Satellite,1.0,1.0,HIGH,SATELLITE_AVAILABLE
201305,Alatna,23,Any Technology,1.0,1.0,LOW,SMALL_SAMPLE
201305,Alatna,23,All Wired,0.0,0.0,LOW,NO_WIRED_25MBPS;SMALL_SAMPLE
201305,Alatna,23,Cable,0.0,0.0,LOW,SMALL_SAMPLE
201305,Alatna,23,Fiber,0.0,0.0,LOW,SMALL_SAMPLE
201305,Alatna,23,All Satellite,1.0,1.0,LOW,SMALL_SAMPLE
201305,Alatna,23,NGSO Satellite,1.0,1.0,LOW,SATELLITE_AVAILABLE;SMALL_SAMPLE
201420,Aleknagik,177,Any Technology,1.0,1.0,MEDIUM,
201420,Aleknagik,177,All Wired,0.0,0.0,MEDIUM,NO_WIRED_25MBPS
201420,Aleknagik,177,Cable,0.0,0.0,MEDIUM,
201420,Aleknagik,177,Fiber,0.0,0.0,MEDIUM,
201420,Aleknagik,177,All Satellite,1.0,1.0,MEDIUM,
201420,Aleknagik,177,NGSO Satellite,1.0,1.0,MEDIUM,SATELLITE_AVAILABLE
201860,Allakaket,135,Any Technology,1.0,1.0,MEDIUM,
201860,Allakaket,135,All Wired,0.0,0.0,MEDIUM,NO_WIRED_25MBPS
201860,Allakaket,135,Cable,0.0,0.0,MEDIUM,
201860,Allakaket,135,Fiber,0.0,0.0,MEDIUM,
201860,Allakaket,135,All Satellite,1.0,1.0,MEDIUM,
201860,Allakaket,135,NGSO Satellite,1.0,1.0,MEDIUM,SATELLITE_AVAILABLE
201970,Ambler,227,Any Technology,1.0,1.0,HIGH,
201970,Ambler,227,All Wired,0.0,0.0,HIGH,NO_WIRED_25MBPS
201970,Ambler,227,Cable,0.0,0.0,HIGH,
201970,Ambler,227,Fiber,0.0,0.0,HIGH,
201970,Ambler,227,All Satellite,1.0,1.0,HIGH,
201970,Ambler,227,NGSO Satellite,1.0,1.0,HIGH,SATELLITE_AVAILABLE
202080,Anaktuvuk Pass,141,Any Technology,1.0,1.0,MEDIUM,
202080,Anaktuvuk Pass,141,All Wired,0.0,0.0,MEDIUM,NO_WIRED_25MBPS
202080,Anaktuvuk Pass,141,Cable,0.0,0.0,MEDIUM,
202080,Anaktuvuk Pass,141,Fiber,0.0,0.0,MEDIUM,
202080,Anaktuvuk Pass,141,All Satellite,1.0,1.0,MEDIUM,
202080,Anaktuvuk Pass,141,NGSO Satellite,1.0,1.0,MEDIUM,SATELLITE_AVAILABLE
203000,Anchorage,30,Any Technology,1.0,1.0,LOW,SMALL_SAMPLE
203000,Anchorage,30,All Wired,0.633333333,0.633333333,LOW,SMALL_SAMPLE
203000,Anchorage,30,Cable,0.0,0.0,LOW,SMALL_SAMPLE
203000,Anchorage,30,Fiber,0.633333333,0.633333333,LOW,SMALL_SAMPLE
203000,Anchorage,30,All Satellite,1.0,1.0,LOW,SMALL_SAMPLE
203000,Anchorage,30,NGSO Satellite,1.0,1.0,LOW,SATELLITE_AVAILABLE;SMALL_SAMPLE
203110,Anchor Point,1837,Any Technology,1.0,1.0,HIGH,
203110,Anchor Point,1837,All Wired,0.005443658,0.0,HIGH,
203110,Anchor Point,1837,Cable,0.0,0.0,HIGH,
203110,Anchor Point,1837,Fiber,0.005443658,0.0,HIGH,
203110,Anchor Point,1837,All Satellite,1.0,1.0,HIGH,
203110,Anchor Point,1837,NGSO Satellite,1.0,1.0,HIGH,SATELLITE_AVAILABLE
203440,Angoon,274,Any Technology,1.0,1.0,HIGH,
203440,Angoon,274,All Wired,0.908759124,0.908759124,HIGH,
203440,Angoon,274,Cable,0.908759124,0.908759124,HIGH,
203440,Angoon,274,Fiber,0.0,0.0,HIGH,
203440,Angoon,274,All Satellite,1.0,1.0,HIGH,
203440,Angoon,274,NGSO Satellite,1.0,1.0,HIGH,SATELLITE_AVAILABLE
203550,Aniak,349,Any Technology,1.0,1.0,HIGH,
203550,Aniak,349,All Wired,0.0,0.0,HIGH,NO_WIRED_25MBPS
203550,Aniak,349,Cable,0.0,0.0,HIGH,
203550,Aniak,349,Fiber,0.0,0.0,HIGH,
203550,Aniak,349,All Satellite,1.0,1.0,HIGH,
203550,Aniak,349,NGSO Satellite,1.0,1.0,HIGH,SATELLITE_AVAILABLE
203880,Anvik,99,Any Technology,1.0,1.0,MEDIUM,
203880,Anvik,99,All Wired,0.0,0.0,MEDIUM,NO_WIRED_25MBPS
203880,Anvik,99,Cable,0.0,0.0,MEDIUM,
203880,Anvik,99,Fiber,0.0,0.0,MEDIUM,
203880,Anvik,99,All Satellite,1.0,1.0,MEDIUM,
203880,Anvik,99,NGSO Satellite,1.0,1.0,MEDIUM,SATELLITE_AVAILABLE
203990,Arctic Village,161,Any Technology,1.0,1.0,MEDIUM,
203990,Arctic Village,161,All Wired,0.0,0.0,MEDIUM,NO_WIRED_25MBPS
203990,Arctic Village,161,Cable,0.0,0.0,MEDIUM,
203990,Arctic Village,161,Fiber,0.0,0.0,MEDIUM,
203990,Arctic Village,161,All Satellite,1.0,1.0,MEDIUM,
203990,Arctic Village,161,NGSO Satellite,1.0,1.0,MEDIUM,SATELLITE_AVAILABLE
204210,Atka,99,Any Technology,1.0,1.0,MEDIUM,
204210,Atka,99,All Wired,0.0,0.0,MEDIUM,NO_WIRED_25MBPS
204210,Atka,99,Cable,0.0,0.0,MEDIUM,
204210,Atka,99,Fiber,0.0,0.0,MEDIUM,
204210,Atka,99,All Satellite,1.0,1.0,MEDIUM,
204210,Atka,99,NGSO Satellite,1.0,1.0,MEDIUM,SATELLITE_AVAILABLE
204430,Atmautluak,129,Any Technology,1.0,1.0,MEDIUM,
204430,Atmautluak,129,All Wired,0.0,0.0,MEDIUM,NO_WIRED_25MBPS
204430,Atmautluak,129,Cable,0.0,0.0,MEDIUM,
204430,Atmautluak,129,Fiber,0.0,0.0,MEDIUM,
204430,Atmautluak,129,All Satellite,1.0,1.0,MEDIUM,
204430,Atmautluak,129,NGSO Satellite,1.0,1.0,MEDIUM,SATELLITE_AVAILABLE
204500,Atqasuk,91,Any Technology,1.0,1.0,MEDIUM,
204500,Atqasuk,91,All Wired,0.802197802,0.802197802,MEDIUM,
204500,Atqasuk,91,Cable,0.0,0.0,MEDIUM,
204500,Atqasuk,91,Fiber,0.802197802,0.802197802,MEDIUM,
204500,Atqasuk,91,All Satellite,1.0,1.0,MEDIUM,
204500,Atqasuk,91,NGSO Satellite,1.0,1.0,MEDIUM,SATELLITE_AVAILABLE
205750,Beaver,81,Any Technology,1.0,1.0,MEDIUM,
205750,Beaver,81,All Wired,0.0,0.0,MEDIUM,NO_WIRED_25MBPS
205750,Beaver,81,Cable,0.0,0.0,MEDIUM,
205750,Beaver,81,Fiber,0.0,0.0,MEDIUM,
205750,Beaver,81,All Satellite,1.0,1.0,MEDIUM,
205750,Beaver,81,NGSO Satellite,1.0,1.0,MEDIUM,SATELLITE_AVAILABLE
206245,Beluga,25,Any Technology,1.0,1.0,LOW,SMALL_SAMPLE
206245,Beluga,25,All Wired,0.0,0.0,LOW,NO_WIRED_25MBPS;SMALL_SAMPLE
206245,Beluga,25,Cable,0.0,0.0,LOW,SMALL_SAMPLE
206245,Beluga,25,Fiber,0.0,0.0,LOW,SMALL_SAMPLE
206245,Beluga,25,All Satellite,1.0,1.0,LOW,SMALL_SAMPLE
206245,Beluga,25,NGSO Satellite,1.0,1.0,LOW,SATELLITE_AVAILABLE;SMALL_SAMPLE
206520,Bethel,2128,Any Technology,1.0,1.0,HIGH,
206520,Bethel,2128,All Wired,0.972274436,0.972274436,HIGH,
206520,Bethel,2128,Cable,0.972274436,0.972274436,HIGH,
206520,Bethel,2128,Fiber,0.0,0.0,HIGH,
206520,Bethel,2128,All Satellite,1.0,1.0,HIGH,
206520,Bethel,2128,NGSO Satellite,1.0,1.0,HIGH,SATELLITE_AVAILABLE
206630,Bettles,56,Any Technology,1.0,1.0,MEDIUM,
206630,Bettles,56,All Wired,0.0,0.0,MEDIUM,NO_WIRED_25MBPS
206630,Bettles,56,Cable,0.0,0.0,MEDIUM,
206630,Bettles,56,Fiber,0.0,0.0,MEDIUM,
206630,Bettles,56,All Satellite,1.0,1.0,MEDIUM,
206630,Bettles,56,NGSO Satellite,1.0,1.0,MEDIUM,SATELLITE_AVAILABLE
207070,Big Lake,3274,Any Technology,1.0,1.0,HIGH,
207070,Big Lake,3274,All Wired,0.562614539,0.175931582,HIGH,
207070,Big Lake,3274,Cable,0.0,0.0,HIGH,
207070,Big Lake,3274,Fiber,0.062614539,0.062614539,HIGH,
207070,Big Lake,3274,All Satellite,1.0,1.0,HIGH,
207070,Big Lake,3274,NGSO Satellite,1.0,1.0,HIGH,SATELLITE_AVAILABLE
207620,Birch Creek,40,Any Technology,1.0,1.0,LOW,SMALL_SAMPLE
207620,Birch Creek,40,All Wired,0.0,0.0,LOW,NO_WIRED_25MBPS;SMALL_SAMPLE
207620,Birch Creek,40,Cable,0.0,0.0,LOW,SMALL_SAMPLE
207620,Birch Creek,40,Fiber,0.0,0.0,LOW,SMALL_SAMPLE
207620,Birch Creek,40,All Satellite,1.0,1.0,LOW,SMALL_SAMPLE
207620,Birch Creek,40,NGSO Satellite,1.0,1.0,LOW,SATELLITE_AVAILABLE;SMALL_SAMPLE
208740,Brevig Mission,153,Any Technology,1.0,1.0,MEDIUM,
208740,Brevig Mission,153,All Wired,0.0,0.0,MEDIUM,NO_WIRED_25MBPS
208740,Brevig Mission,153,Cable,0.0,0.0,MEDIUM,
208740,Brevig Mission,153,Fiber,0.0,0.0,MEDIUM,
208740,Brevig Mission,153,All Satellite,1.0,1.0,MEDIUM,
208740,Brevig Mission,153,NGSO Satellite,1.0,1.0,MEDIUM,SATELLITE_AVAILABLE
209600,Buckland,160,Any Technology,1.0,1.0,MEDIUM,
209600,Buckland,160,All Wired,0.0,0.0,MEDIUM,NO_WIRED_25MBPS
209600,Buckland,160,Cable,0.0,0.0,MEDIUM,
209600,Buckland,160,Fiber,0.0,0.0,MEDIUM,
209600,Buckland,160,All Satellite,1.0,1.0,MEDIUM,
209600,Buckland,160,NGSO Satellite,1.0,1.0,MEDIUM,SATELLITE_AVAILABLE
209657,Buffalo Soapstone,495,Any Technology,1.0,1.0,HIGH,
209657,Buffalo Soapstone,495,All Wired,0.650505051,0.258585859,HIGH,
209657,Buffalo Soapstone,495,Cable,0.0,0.0,HIGH,
209657,Buffalo Soapstone,495,Fiber,0.161616162,0.161616162,HIGH,
209657,Buffalo Soapstone,495,All Satellite,1.0,1.0,HIGH,
209657,Buffalo Soapstone,495,NGSO Satellite,1.0,1.0,HIGH,SATELLITE_AVAILABLE
209710,Butte,1646,Any Technology,1.0,1.0,HIGH,
209710,Butte,1646,All Wired,0.933778858,0.801336574,HIGH,
209710,Butte,1646,Cable,0.667071689,0.667071689,HIGH,
209710,Butte,1646,Fiber,0.188335358,0.188335358,HIGH,
209710,Butte,1646,All Satellite,1.0,1.0,HIGH,
209710,Butte,1646,NGSO Satellite,1.0,1.0,HIGH,SATELLITE_AVAILABLE
210150,Cantwell,228,Any Technology,1.0,1.0,HIGH,
210150,Cantwell,228,All Wired,0.640350877,0.153508772,HIGH,
210150,Cantwell,228,Cable,0.0,0.0,HIGH,
210150,Cantwell,228,Fiber,0.0,0.0,HIGH,
210150,Cantwell,228,All Satellite,1.0,1.0,HIGH,
210150,Cantwell,228,NGSO Satellite,1.0,1.0,HIGH,SATELLITE_AVAILABLE
211800,Chalkyitsik,110,Any Technology,1.0,1.0,MEDIUM,
211800,Chalkyitsik,110,All Wired,0.0,0.0,MEDIUM,NO_WIRED_25MBPS
211800,Chalkyitsik,110,Cable,0.0,0.0,MEDIUM,
211800,Chalkyitsik,110,Fiber,0.0,0.0,MEDIUM,
211800,Chalkyitsik,110,All Satellite,1.0,1.0,MEDIUM,
211800,Chalkyitsik,110,NGSO Satellite,1.0,1.0,MEDIUM,SATELLITE_AVAILABLE
212350,Chase,156,Any Technology,1.0,1.0,MEDIUM,
212350,Chase,156,All Wired,0.0,0.0,MEDIUM,NO_WIRED_25MBPS
212350,Chase,156,Cable,0.0,0.0,MEDIUM,
212350,Chase,156,Fiber,0.0,0.0,MEDIUM,
212350,Chase,156,All Satellite,1.0,1.0,MEDIUM,
212350,Chase,156,NGSO Satellite,1.0,1.0,MEDIUM,SATELLITE_AVAILABLE
212680,Chefornak,129,Any Technology,1.0,1.0,MEDIUM,
212680,Chefornak,129,All Wired,0.0,0.0,MEDIUM,NO_WIRED_25MBPS
212680,Chefornak,129,Cable,0.0,0.0,MEDIUM,
212680,Chefornak,129,Fiber,0.0,0.0,MEDIUM,
212680,Chefornak,129,All Satellite,1.0,1.0,MEDIUM,
212680,Chefornak,129,NGSO Satellite,1.0,1.0,MEDIUM,SATELLITE_AVAILABLE
212970,Chenega,70,Any Technology,1.0,1.0,MEDIUM,
212970,Chenega,70,All Wired,0.0,0.0,MEDIUM,NO_WIRED_25MBPS
212970,Chenega,70,Cable,0.0,0.0,MEDIUM,
212970,Chenega,70,Fiber,0.0,0.0,MEDIUM,
212970,Chenega,70,All Satellite,1.0,1.0,MEDIUM,
212970,Chenega,70,NGSO Satellite,1.0,1.0,MEDIUM,SATELLITE_AVAILABLE
213230,Chevak,359,Any Technology,1.0,1.0,HIGH,
213230,Chevak,359,All Wired,0.0,0.0,HIGH,NO_WIRED_25MBPS
213230,Chevak,359,Cable,0.0,0.0,HIGH,
213230,Chevak,359,Fiber,0.0,0.0,HIGH,
213230,Chevak,359,All Satellite,1.0,1.0,HIGH,
213230,Chevak,359,NGSO Satellite,1.0,1.0,HIGH,SATELLITE_AVAILABLE
213340,Chickaloon,305,Any Technology,1.0,1.0,HIGH,
213340,Chickaloon,305,All Wired,0.4,0.147540984,HIGH,
213340,Chickaloon,305,Cable,0.0,0.0,HIGH,
213340,Chickaloon,305,Fiber,0.032786885,0.032786885,HIGH,
213340,Chickaloon,305,All Satellite,1.0,1.0,HIGH,
213340,Chickaloon,305,NGSO Satellite,1.0,1.0,HIGH,SATELLITE_AVAILABLE
213550,Chignik,185,Any Technology,1.0,1.0,MEDIUM,
213550,Chignik,185,All Wired,0.994594595,0.994594595,MEDIUM,
213550,Chignik,185,Cable,0.0,0.0,MEDIUM,
213550,Chignik,185,Fiber,0.994594595,0.994594595,MEDIUM,
213550,Chignik,185,All Satellite,1.0,1.0,MEDIUM,
213550,Chignik,185,NGSO Satellite,1.0,1.0,MEDIUM,SATELLITE_AVAILABLE
213670,Chignik Lagoon,188,Any Technology,1.0,1.0,MEDIUM,
213670,Chignik Lagoon,188,All Wired,0.0,0.0,MEDIUM,NO_WIRED_25MBPS
213670,Chignik Lagoon,188,Cable,0.0,0.0,MEDIUM,
213670,Chignik Lagoon,188,Fiber,0.0,0.0,MEDIUM,
213670,Chignik Lagoon,188,All Satellite,1.0,1.0,MEDIUM,
213670,Chignik Lagoon,188,NGSO Satellite,1.0,1.0,MEDIUM,SATELLITE_AVAILABLE
213780,Chignik Lake,74,Any Technology,1.0,1.0,MEDIUM,
213780,Chignik Lake,74,All Wired,0.0,0.0,MEDIUM,NO_WIRED_25MBPS
213780,Chignik Lake,74,Cable,0.0,0.0,MEDIUM,
213780,Chignik Lake,74,Fiber,0.0,0.0,MEDIUM,
213780,Chignik Lake,74,All Satellite,1.0,1.0,MEDIUM,
213780,Chignik Lake,74,NGSO Satellite,1.0,1.0,MEDIUM,SATELLITE_AVAILABLE
214000,Chistochina,120,Any Technology,1.0,1.0,MEDIUM,
214000,Chistochina,120,All Wired,0.991666667,0.991666667,MEDIUM,
214000,Chistochina,120,Cable,0.0,0.0,MEDIUM,
214000,Chistochina,120,Fiber,0.991666667,0.991666667,MEDIUM,
214000,Chistochina,120,All Satellite,1.0,1.0,MEDIUM,
214000,Chistochina,120,NGSO Satellite,1.0,1.0,MEDIUM,SATELLITE_AVAILABLE
214110,Chitina,85,Any Technology,1.0,1.0,MEDIUM,
214110,Chitina,85,All Wired,0.988235294,0.988235294,MEDIUM,
214110,Chitina,85,Cable,0.0,0.0,MEDIUM,
214110,Chitina,85,Fiber,0.988235294,0.988235294,MEDIUM,
214110,Chitina,85,All Satellite,1.0,1.0,MEDIUM,
214110,Chitina,85,NGSO Satellite,1.0,1.0,MEDIUM,SATELLITE_AVAILABLE
214330,Chuathbaluk,54,Any Technology,1.0,1.0,MEDIUM,
214330,Chuathbaluk,54,All Wired,0.0,0.0,MEDIUM,NO_WIRED_25MBPS
214330,Chuathbaluk,54,Cable,0.0,0.0,MEDIUM,
214330,Chuathbaluk,54,Fiber,0.0,0.0,MEDIUM,
214330,Chuathbaluk,54,All Satellite,1.0,1.0,MEDIUM,
214330,Chuathbaluk,54,NGSO Satellite,1.0,1.0,MEDIUM,SATELLITE_AVAILABLE
214880,Circle,53,Any Technology,1.0,1.0,MEDIUM,
214880,Circle,53,All Wired,0.0,0.0,MEDIUM,NO_WIRED_25MBPS
214880,Circle,53,Cable,0.0,0.0,MEDIUM,
214880,Circle,53,Fiber,0.0,0.0,MEDIUM,
214880,Circle,53,All Satellite,1.0,1.0,MEDIUM,
214880,Circle,53,NGSO Satellite,1.0,1.0,MEDIUM,SATELLITE_AVAILABLE
215320,Clam Gulch,209,Any Technology,1.0,1.0,HIGH,
215320,Clam Gulch,209,All Wired,0.0,0.0,HIGH,NO_WIRED_25MBPS
215320,Clam Gulch,209,Cable,0.0,0.0,HIGH,
215320,Clam Gulch,209,Fiber,0.0,0.0,HIGH,
215320,Clam Gulch,209,All Satellite,1.0,1.0,HIGH,
215320,Clam Gulch,209,NGSO Satellite,1.0,1.0,HIGH,SATELLITE_AVAILABLE
215430,Clark's Point,102,Any Technology,1.0,1.0,MEDIUM,
215430,Clark's Point,102,All Wired,0.0,0.0,MEDIUM,NO_WIRED_25MBPS
215430,Clark's Point,102,Cable,0.0,0.0,MEDIUM,
215430,Clark's Point,102,Fiber,0.0,0.0,MEDIUM,
215430,Clark's Point,102,All Satellite,1.0,1.0,MEDIUM,
215430,Clark's Point,102,NGSO Satellite,1.0,1.0,MEDIUM,SATELLITE_AVAILABLE
216420,Cohoe,1289,Any Technology,1.0,1.0,HIGH,
216420,Cohoe,1289,All Wired,0.0,0.0,HIGH,NO_WIRED_25MBPS
216420,Cohoe,1289,Cable,0.0,0.0,HIGH,
216420,Cohoe,1289,Fiber,0.0,0.0,HIGH,
216420,Cohoe,1289,All Satellite,1.0,1.0,HIGH,
216420,Cohoe,1289,NGSO Satellite,1.0,1.0,HIGH,SATELLITE_AVAILABLE
217190,Cooper Landing,2,Any Technology,1.0,1.0,LOW,SMALL_SAMPLE
217190,Cooper Landing,2,All Wired,1.0,0.0,LOW,SMALL_SAMPLE
217190,Cooper Landing,2,Cable,0.0,0.0,LOW,SMALL_SAMPLE
217190,Cooper Landing,2,Fiber,0.0,0.0,LOW,SMALL_SAMPLE
217190,Cooper Landing,2,All Satellite,1.0,1.0,LOW,SMALL_SAMPLE
217190,Cooper Landing,2,NGSO Satellite,1.0,1.0,LOW,SATELLITE_AVAILABLE;SMALL_SAMPLE
217300,Copper Center,384,Any Technology,1.0,1.0,HIGH,
217300,Copper Center,384,All Wired,0.953125,0.953125,HIGH,
217300,Copper Center,384,Cable,0.0,0.0,HIGH,
217300,Copper Center,384,Fiber,0.953125,0.953125,HIGH,
217300,Copper Center,384,All Satellite,1.0,1.0,HIGH,
217300,Copper Center,384,NGSO Satellite,1.0,1.0,HIGH,SATELLITE_AVAILABLE
217410,Cordova,105,Any Technology,1.0,1.0,MEDIUM,
217410,Cordova,105,All Wired,1.0,0.0,MEDIUM,
217410,Cordova,105,Cable,0.0,0.0,MEDIUM,
217410,Cordova,105,Fiber,0.0,0.0,MEDIUM,
217410,Cordova,105,All Satellite,1.0,1.0,MEDIUM,
217410,Cordova,105,NGSO Satellite,1.0,1.0,MEDIUM,SATELLITE_AVAILABLE
217740,Craig,577,Any Technology,1.0,1.0,HIGH,
217740,Craig,577,All Wired,0.887348354,0.672443674,HIGH,
217740,Craig,577,Cable,0.0,0.0,HIGH,
217740,Craig,577,Fiber,0.672443674,0.672443674,HIGH,
217740,Craig,577,All Satellite,1.0,1.0,HIGH,
217740,Craig,577,NGSO Satellite,1.0,1.0,HIGH,SATELLITE_AVAILABLE
217850,Crooked Creek,40,Any Technology,1.0,1.0,LOW,SMALL_SAMPLE
217850,Crooked Creek,40,All Wired,0.0,0.0,LOW,NO_WIRED_25MBPS;SMALL_SAMPLE
217850,Crooked Creek,40,Cable,0.0,0.0,LOW,SMALL_SAMPLE
217850,Crooked Creek,40,Fiber,0.0,0.0,LOW,SMALL_SAMPLE
217850,Crooked Creek,40,All Satellite,1.0,1.0,LOW,SMALL_SAMPLE
217850,Crooked Creek,40,NGSO Satellite,1.0,1.0,LOW,SATELLITE_AVAILABLE;SMALL_SAMPLE
218510,Deering,112,Any Technology,1.0,1.0,MEDIUM,
218510,Deering,112,All Wired,1.0,1.0,MEDIUM,
218510,Deering,112,Cable,0.0,0.0,MEDIUM,
218510,Deering,112,Fiber,1.0,1.0,MEDIUM,
218510,Deering,112,All Satellite,1.0,1.0,MEDIUM,
218510,Deering,112,NGSO Satellite,1.0,1.0,MEDIUM,SATELLITE_AVAILABLE
218925,Diamond Ridge,850,Any Technology,1.0,1.0,HIGH,
218925,Diamond Ridge,850,All Wired,0.065882353,0.02,HIGH,
218925,Diamond Ridge,850,Cable,0.02,0.02,HIGH,
218925,Diamond Ridge,850,Fiber,0.008235294,0.0,HIGH,
218925,Diamond Ridge,850,All Satellite,1.0,1.0,HIGH,
218925,Diamond Ridge,850,NGSO Satellite,1.0,1.0,HIGH,SATELLITE_AVAILABLE
218950,Dillingham,944,Any Technology,1.0,1.0,HIGH,
218950,Dillingham,944,All Wired,0.0,0.0,HIGH,NO_WIRED_25MBPS
218950,Dillingham,944,Cable,0.0,0.0,HIGH,
218950,Dillingham,944,Fiber,0.0,0.0,HIGH,
218950,Dillingham,944,All Satellite,1.0,1.0,HIGH,
218950,Dillingham,944,NGSO Satellite,1.0,1.0,HIGH,SATELLITE_AVAILABLE
219060,Diomede,8,Any Technology,1.0,1.0,LOW,SMALL_SAMPLE
219060,Diomede,8,All Wired,0.0,0.0,LOW,NO_WIRED_25MBPS;SMALL_SAMPLE
219060,Diomede,8,Cable,0.0,0.0,LOW,SMALL_SAMPLE
219060,Diomede,8,Fiber,0.0,0.0,LOW,SMALL_SAMPLE
219060,Diomede,8,All Satellite,1.0,1.0,LOW,SMALL_SAMPLE
219060,Diomede,8,NGSO Satellite,1.0,1.0,LOW,SATELLITE_AVAILABLE;SMALL_SAMPLE
219750,Dot Lake Village,19,Any Technology,1.0,1.0,LOW,SMALL_SAMPLE
219750,Dot Lake Village,19,All Wired,0.631578947,0.421052632,LOW,SMALL_SAMPLE
219750,Dot Lake Village,19,Cable,0.0,0.0,LOW,SMALL_SAMPLE
219750,Dot Lake Village,19,Fiber,0.421052632,0.421052632,LOW,SMALL_SAMPLE
219750,Dot Lake Village,19,All Satellite,1.0,1.0,LOW,SMALL_SAMPLE
219750,Dot Lake Village,19,NGSO Satellite,1.0,1.0,LOW,SATELLITE_AVAILABLE;SMALL_SAMPLE
220380,Eagle,5,Any Technology,1.0,1.0,LOW,SMALL_SAMPLE
220380,Eagle,5,All Wired,0.0,0.0,LOW,NO_WIRED_25MBPS;SMALL_SAMPLE
220380,Eagle,5,Cable,0.0,0.0,LOW,SMALL_SAMPLE
220380,Eagle,5,Fiber,0.0,0.0,LOW,SMALL_SAMPLE
220380,Eagle,5,All Satellite,1.0,1.0,LOW,SMALL_SAMPLE
220380,Eagle,5,NGSO Satellite,1.0,1.0,LOW,SATELLITE_AVAILABLE;SMALL_SAMPLE
220600,Eagle Village,101,Any Technology,1.0,1.0,MEDIUM,
220600,Eagle Village,101,All Wired,0.0,0.0,MEDIUM,NO_WIRED_25MBPS
220600,Eagle Village,101,Cable,0.0,0.0,MEDIUM,
220600,Eagle Village,101,Fiber,0.0,0.0,MEDIUM,
220600,Eagle Village,101,All Satellite,1.0,1.0,MEDIUM,
220600,Eagle Village,101,NGSO Satellite,1.0,1.0,MEDIUM,SATELLITE_AVAILABLE
221040,Eek,138,Any Technology,1.0,1.0,MEDIUM,
221040,Eek,138,All Wired,0.0,0.0,MEDIUM,NO_WIRED_25MBPS
221040,Eek,138,Cable,0.0,0.0,MEDIUM,
221040,Eek,138,Fiber,0.0,0.0,MEDIUM,
221040,Eek,138,All Satellite,1.0,1.0,MEDIUM,
221040,Eek,138,NGSO Satellite,1.0,1.0,MEDIUM,SATELLITE_AVAILABLE
221150,Egegik,249,Any Technology,1.0,1.0,HIGH,
221150,Egegik,249,All Wired,0.0,0.0,HIGH,NO_WIRED_25MBPS
221150,Egegik,249,Cable,0.0,0.0,HIGH,
221150,Egegik,249,Fiber,0.0,0.0,HIGH,
221150,Egegik,249,All Satellite,1.0,1.0,HIGH,
221150,Egegik,249,NGSO Satellite,1.0,1.0,HIGH,SATELLITE_AVAILABLE
221810,Ekwok,77,Any Technology,1.0,1.0,MEDIUM,
221810,Ekwok,77,All Wired,0.0,0.0,MEDIUM,NO_WIRED_25MBPS
221810,Ekwok,77,Cable,0.0,0.0,MEDIUM,
221810,Ekwok,77,Fiber,0.0,0.0,MEDIUM,
221810,Ekwok,77,All Satellite,1.0,1.0,MEDIUM,
221810,Ekwok,77,NGSO Satellite,1.0,1.0,MEDIUM,SATELLITE_AVAILABLE
222250,Elim,146,Any Technology,1.0,1.0,MEDIUM,
222250,Elim,146,All Wired,0.0,0.0,MEDIUM,NO_WIRED_25MBPS
222250,Elim,146,Cable,0.0,0.0,MEDIUM,
222250,Elim,146,Fiber,0.0,0.0,MEDIUM,
222250,Elim,146,All Satellite,1.0,1.0,MEDIUM,
222250,Elim,146,NGSO Satellite,1.0,1.0,MEDIUM,SATELLITE_AVAILABLE
222910,Emmonak,374,Any Technology,1.0,1.0,HIGH,
222910,Emmonak,374,All Wired,0.0,0.0,HIGH,NO_WIRED_25MBPS
222910,Emmonak,374,Cable,0.0,0.0,HIGH,
222910,Emmonak,374,Fiber,0.0,0.0,HIGH,
222910,Emmonak,374,All Satellite,1.0,1.0,HIGH,
222910,Emmonak,374,NGSO Satellite,1.0,1.0,HIGH,SATELLITE_AVAILABLE
223790,Evansville,50,Any Technology,1.0,1.0,MEDIUM,
223790,Evansville,50,All Wired,0.0,0.0,MEDIUM,NO_WIRED_25MBPS
223790,Evansville,50,Cable,0.0,0.0,MEDIUM,
223790,Evansville,50,Fiber,0.0,0.0,MEDIUM,
223790,Evansville,50,All Satellite,1.0,1.0,MEDIUM,
223790,Evansville,50,NGSO Satellite,1.0,1.0,MEDIUM,SATELLITE_AVAILABLE
224660,False Pass,68,Any Technology,1.0,1.0,MEDIUM,
224660,False Pass,68,All Wired,0.0,0.0,MEDIUM,NO_WIRED_25MBPS
224660,False Pass,68,Cable,0.0,0.0,MEDIUM,
224660,False Pass,68,Fiber,0.0,0.0,MEDIUM,
224660,False Pass,68,All Satellite,1.0,1.0,MEDIUM,
224660,False Pass,68,NGSO Satellite,1.0,1.0,MEDIUM,SATELLITE_AVAILABLE
225000,Farm Loop,1053,Any Technology,1.0,1.0,HIGH,
225000,Farm Loop,1053,All Wired,0.952516619,0.702754036,HIGH,
225000,Farm Loop,1053,Cable,0.368471035,0.368471035,HIGH,
225000,Farm Loop,1053,Fiber,0.295346629,0.295346629,HIGH,
225000,Farm Loop,1053,All Satellite,1.0,1.0,HIGH,
225000,Farm Loop,1053,NGSO Satellite,1.0,1.0,HIGH,SATELLITE_AVAILABLE
225550,Fishhook,2343,Any Technology,1.0,1.0,HIGH,
225550,Fishhook,2343,All Wired,0.920187793,0.718736662,HIGH,
225550,Fishhook,2343,Cable,0.026461801,0.026461801,HIGH,
225550,Fishhook,2343,Fiber,0.663679044,0.663679044,HIGH,
225550,Fishhook,2343,All Satellite,1.0,1.0,HIGH,
225550,Fishhook,2343,NGSO Satellite,1.0,1.0,HIGH,SATELLITE_AVAILABLE
226760,Fort Yukon,517,Any Technology,1.0,1.0,HIGH,
226760,Fort Yukon,517,All Wired,0.0,0.0,HIGH,NO_WIRED_25MBPS
226760,Fort Yukon,517,Cable,0.0,0.0,HIGH,
226760,Fort Yukon,517,Fiber,0.0,0.0,HIGH,
226760,Fort Yukon,517,All Satellite,1.0,1.0,HIGH,
226760,Fort Yukon,517,NGSO Satellite,1.0,1.0,HIGH,SATELLITE_AVAILABLE
226910,Fox River,336,Any Technology,1.0,1.0,HIGH,
226910,Fox River,336,All Wired,0.12202381,0.0,HIGH,
226910,Fox River,336,Cable,0.0,0.0,HIGH,
226910,Fox River,336,Fiber,0.0,0.0,HIGH,
226910,Fox River,336,All Satellite,1.0,1.0,HIGH,
226910,Fox River,336,NGSO Satellite,1.0,1.0,HIGH,SATELLITE_AVAILABLE
227090,Fritz Creek,1489,Any Technology,1.0,1.0,HIGH,
227090,Fritz Creek,1489,All Wired,0.0,0.0,HIGH,NO_WIRED_25MBPS
227090,Fritz Creek,1489,Cable,0.0,0.0,HIGH,
227090,Fritz Creek,1489,Fiber,0.0,0.0,HIGH,
227090,Fritz Creek,1489,All Satellite,1.0,1.0,HIGH,
227090,Fritz Creek,1489,NGSO Satellite,1.0,1.0,HIGH,SATELLITE_AVAILABLE
227145,Funny River,1235,Any Technology,1.0,1.0,HIGH,
227145,Funny River,1235,All Wired,0.001619433,0.0,HIGH,
227145,Funny River,1235,Cable,0.0,0.0,HIGH,
227145,Funny River,1235,Fiber,0.000809717,0.0,HIGH,
227145,Funny River,1235,All Satellite,1.0,1.0,HIGH,
227145,Funny River,1235,NGSO Satellite,1.0,1.0,HIGH,SATELLITE_AVAILABLE
227420,Gakona,234,Any Technology,1.0,1.0,HIGH,
227420,Gakona,234,All Wired,0.991452991,0.991452991,HIGH,
227420,Gakona,234,Cable,0.0,0.0,HIGH,
227420,Gakona,234,Fiber,0.991452991,0.991452991,HIGH,
227420,Gakona,234,All Satellite,1.0,1.0,HIGH,
227420,Gakona,234,NGSO Satellite,1.0,1.0,HIGH,SATELLITE_AVAILABLE
227530,Galena,686,Any Technology,1.0,1.0,HIGH,
227530,Galena,686,All Wired,0.0,0.0,HIGH,NO_WIRED_25MBPS
227530,Galena,686,Cable,0.0,0.0,HIGH,
227530,Galena,686,Fiber,0.0,0.0,HIGH,
227530,Galena,686,All Satellite,1.0,1.0,HIGH,
227530,Galena,686,NGSO Satellite,1.0,1.0,HIGH,SATELLITE_AVAILABLE
227640,Gambell,265,Any Technology,1.0,1.0,HIGH,
227640,Gambell,265,All Wired,0.0,0.0,HIGH,NO_WIRED_25MBPS
227640,Gambell,265,Cable,0.0,0.0,HIGH,
227640,Gambell,265,Fiber,0.0,0.0,HIGH,
227640,Gambell,265,All Satellite,1.0,1.0,HIGH,
227640,Gambell,265,NGSO Satellite,1.0,1.0,HIGH,SATELLITE_AVAILABLE
228200,Gateway,2449,Any Technology,1.0,1.0,HIGH,
228200,Gateway,2449,All Wired,0.94283381,0.873009392,HIGH,
228200,Gateway,2449,Cable,0.82074316,0.82074316,HIGH,
228200,Gateway,2449,Fiber,0.323805635,0.323805635,HIGH,
228200,Gateway,2449,All Satellite,1.0,1.0,HIGH,
228200,Gateway,2449,NGSO Satellite,1.0,1.0,HIGH,SATELLITE_AVAILABLE
228590,Glacier View,260,Any Technology,1.0,1.0,HIGH,
228590,Glacier View,260,All Wired,0.407692308,0.365384615,HIGH,
228590,Glacier View,260,Cable,0.0,0.0,HIGH,
228590,Glacier View,260,Fiber,0.330769231,0.330769231,HIGH,
228590,Glacier View,260,All Satellite,1.0,1.0,HIGH,
228590,Glacier View,260,NGSO Satellite,1.0,1.0,HIGH,SATELLITE_AVAILABLE
228740,Glennallen,30,Any Technology,1.0,1.0,LOW,SMALL_SAMPLE
228740,Glennallen,30,All Wired,0.933333333,0.933333333,LOW,SMALL_SAMPLE
228740,Glennallen,30,Cable,0.0,0.0,LOW,SMALL_SAMPLE
228740,Glennallen,30,Fiber,0.933333333,0.933333333,LOW,SMALL_SAMPLE
228740,Glennallen,30,All Satellite,1.0,1.0,LOW,SMALL_SAMPLE
228740,Glennallen,30,NGSO Satellite,1.0,1.0,LOW,SATELLITE_AVAILABLE;SMALL_SAMPLE
229180,Golovin,132,Any Technology,1.0,1.0,MEDIUM,
229180,Golovin,132,All Wired,0.0,0.0,MEDIUM,NO_WIRED_25MBPS
229180,Golovin,132,Cable,0.0,0.0,MEDIUM,
229180,Golovin,132,Fiber,0.0,0.0,MEDIUM,
229180,Golovin,132,All Satellite,1.0,1.0,MEDIUM,
229180,Golovin,132,NGSO Satellite,1.0,1.0,MEDIUM,SATELLITE_AVAILABLE
229290,Goodnews Bay,113,Any Technology,1.0,1.0,MEDIUM,
229290,Goodnews Bay,113,All Wired,0.0,0.0,MEDIUM,NO_WIRED_25MBPS
229290,Goodnews Bay,113,Cable,0.0,0.0,MEDIUM,
229290,Goodnews Bay,113,Fiber,0.0,0.0,MEDIUM,
229290,Goodnews Bay,113,All Satellite,1.0,1.0,MEDIUM,
229290,Goodnews Bay,113,NGSO Satellite,1.0,1.0,MEDIUM,SATELLITE_AVAILABLE
230060,Grayling,106,Any Technology,1.0,1.0,MEDIUM,
230060,Grayling,106,All Wired,0.0,0.0,MEDIUM,NO_WIRED_25MBPS
230060,Grayling,106,Cable,0.0,0.0,MEDIUM,
230060,Grayling,106,Fiber,0.0,0.0,MEDIUM,
230060,Grayling,106,All Satellite,1.0,1.0,MEDIUM,
230060,Grayling,106,NGSO Satellite,1.0,1.0,MEDIUM,SATELLITE_AVAILABLE
230500,Gulkana,66,Any Technology,1.0,1.0,MEDIUM,
230500,Gulkana,66,All Wired,0.954545455,0.954545455,MEDIUM,
230500,Gulkana,66,Cable,0.0,0.0,MEDIUM,
230500,Gulkana,66,Fiber,0.954545455,0.954545455,MEDIUM,
230500,Gulkana,66,All Satellite,1.0,1.0,MEDIUM,
230500,Gulkana,66,NGSO Satellite,1.0,1.0,MEDIUM,SATELLITE_AVAILABLE
231050,Haines,295,Any Technology,1.0,1.0,HIGH,
231050,Haines,295,All Wired,0.898305085,0.898305085,HIGH,
231050,Haines,295,Cable,0.0,0.0,HIGH,
231050,Haines,295,Fiber,0.898305085,0.898305085,HIGH,
231050,Haines,295,All Satellite,1.0,1.0,HIGH,
231050,Haines,295,NGSO Satellite,1.0,1.0,HIGH,SATELLITE_AVAILABLE
231710,Happy Valley,763,Any Technology,1.0,1.0,HIGH,
231710,Happy Valley,763,All Wired,0.001310616,0.0,HIGH,
231710,Happy Valley,763,Cable,0.0,0.0,HIGH,
231710,Happy Valley,763,Fiber,0.001310616,0.0,HIGH,
231710,Happy Valley,763,All Satellite,1.0,1.0,HIGH,
231710,Happy Valley,763,NGSO Satellite,1.0,1.0,HIGH,SATELLITE_AVAILABLE
232310,Healy Lake,10,Any Technology,1.0,1.0,LOW,SMALL_SAMPLE
232310,Healy Lake,10,All Wired,0.0,0.0,LOW,NO_WIRED_25MBPS;SMALL_SAMPLE
232310,Healy Lake,10,Cable,0.0,0.0,LOW,SMALL_SAMPLE
232310,Healy Lake,10,Fiber,0.0,0.0,LOW,SMALL_SAMPLE
232310,Healy Lake,10,All Satellite,1.0,1.0,LOW,SMALL_SAMPLE
232310,Healy Lake,10,NGSO Satellite,1.0,1.0,LOW,SATELLITE_AVAILABLE;SMALL_SAMPLE
233030,Holy Cross,153,Any Technology,1.0,1.0,MEDIUM,
233030,Holy Cross,153,All Wired,0.0,0.0,MEDIUM,NO_WIRED_25MBPS
233030,Holy Cross,153,Cable,0.0,0.0,MEDIUM,
233030,Holy Cross,153,Fiber,0.0,0.0,MEDIUM,
233030,Holy Cross,153,All Satellite,1.0,1.0,MEDIUM,
233030,Holy Cross,153,NGSO Satellite,1.0,1.0,MEDIUM,SATELLITE_AVAILABLE
233140,Homer,3928,Any Technology,1.0,1.0,HIGH,
233140,Homer,3928,All Wired,0.775712831,0.772912424,HIGH,
233140,Homer,3928,Cable,0.772912424,0.772912424,HIGH,
233140,Homer,3928,Fiber,0.000254582,0.000254582,HIGH,
233140,Homer,3928,All Satellite,1.0,1.0,HIGH,
233140,Homer,3928,NGSO Satellite,1.0,1.0,HIGH,SATELLITE_AVAILABLE
233360,Hoonah,625,Any Technology,1.0,1.0,HIGH,
233360,Hoonah,625,All Wired,0.0,0.0,HIGH,NO_WIRED_25MBPS
233360,Hoonah,625,Cable,0.0,0.0,HIGH,
233360,Hoonah,625,Fiber,0.0,0.0,HIGH,
233360,Hoonah,625,All Satellite,1.0,1.0,HIGH,
233360,Hoonah,625,NGSO Satellite,1.0,1.0,HIGH,SATELLITE_AVAILABLE
233470,Hooper Bay,292,Any Technology,1.0,1.0,HIGH,
233470,Hooper Bay,292,All Wired,0.0,0.0,HIGH,NO_WIRED_25MBPS
233470,Hooper Bay,292,Cable,0.0,0.0,HIGH,
233470,Hooper Bay,292,Fiber,0.0,0.0,HIGH,
233470,Hooper Bay,292,All Satellite,1.0,1.0,HIGH,
233470,Hooper Bay,292,NGSO Satellite,1.0,1.0,HIGH,SATELLITE_AVAILABLE
233800,Houston,1154,Any Technology,1.0,1.0,HIGH,
233800,Houston,1154,All Wired,0.649046794,0.241767764,HIGH,
233800,Houston,1154,Cable,0.0,0.0,HIGH,
233800,Houston,1154,Fiber,0.180242634,0.180242634,HIGH,
233800,Houston,1154,All Satellite,1.0,1.0,HIGH,
233800,Houston,1154,NGSO Satellite,1.0,1.0,HIGH,SATELLITE_AVAILABLE
233910,Hughes,83,Any Technology,1.0,1.0,MEDIUM,
233910,Hughes,83,All Wired,0.0,0.0,MEDIUM,NO_WIRED_25MBPS
233910,Hughes,83,Cable,0.0,0.0,MEDIUM,
233910,Hughes,83,Fiber,0.0,0.0,MEDIUM,
233910,Hughes,83,All Satellite,1.0,1.0,MEDIUM,
233910,Hughes,83,NGSO Satellite,1.0,1.0,MEDIUM,SATELLITE_AVAILABLE
234350,Huslia,213,Any Technology,1.0,1.0,HIGH,
234350,Huslia,213,All Wired,0.0,0.0,HIGH,NO_WIRED_25MBPS
234350,Huslia,213,Cable,0.0,0.0,HIGH,
234350,Huslia,213,Fiber,0.0,0.0,HIGH,
234350,Huslia,213,All Satellite,1.0,1.0,HIGH,
234350,Huslia,213,NGSO Satellite,1.0,1.0,HIGH,SATELLITE_AVAILABLE
234460,Hydaburg,171,Any Technology,1.0,1.0,MEDIUM,
234460,Hydaburg,171,All Wired,0.923976608,0.315789474,MEDIUM,
234460,Hydaburg,171,Cable,0.0,0.0,MEDIUM,
234460,Hydaburg,171,Fiber,0.315789474,0.315789474,MEDIUM,
234460,Hydaburg,171,All Satellite,1.0,1.0,MEDIUM,
234460,Hydaburg,171,NGSO Satellite,1.0,1.0,MEDIUM,SATELLITE_AVAILABLE
234790,Igiugig,91,Any Technology,1.0,1.0,MEDIUM,
234790,Igiugig,91,All Wired,0.0,0.0,MEDIUM,NO_WIRED_25MBPS
234790,Igiugig,91,Cable,0.0,0.0,MEDIUM,
234790,Igiugig,91,Fiber,0.0,0.0,MEDIUM,
234790,Igiugig,91,All Satellite,1.0,1.0,MEDIUM,
234790,Igiugig,91,NGSO Satellite,1.0,1.0,MEDIUM,SATELLITE_AVAILABLE
235120,Iliamna,186,Any Technology,1.0,1.0,MEDIUM,
235120,Iliamna,186,All Wired,0.0,0.0,MEDIUM,NO_WIRED_25MBPS
235120,Iliamna,186,Cable,0.0,0.0,MEDIUM,
235120,Iliamna,186,Fiber,0.0,0.0,MEDIUM,
235120,Iliamna,186,All Satellite,1.0,1.0,MEDIUM,
235120,Iliamna,186,NGSO Satellite,1.0,1.0,MEDIUM,SATELLITE_AVAILABLE
235890,Ivanof Bay,28,Any Technology,1.0,1.0,LOW,SMALL_SAMPLE
235890,Ivanof Bay,28,All Wired,0.0,0.0,LOW,NO_WIRED_25MBPS;SMALL_SAMPLE
235890,Ivanof Bay,28,Cable,0.0,0.0,LOW,SMALL_SAMPLE
235890,Ivanof Bay,28,Fiber,0.0,0.0,LOW,SMALL_SAMPLE
235890,Ivanof Bay,28,All Satellite,1.0,1.0,LOW,SMALL_SAMPLE
235890,Ivanof Bay,28,NGSO Satellite,1.0,1.0,LOW,SATELLITE_AVAILABLE;SMALL_SAMPLE
236400,Juneau,3105,Any Technology,1.0,1.0,HIGH,
236400,Juneau,3105,All Wired,0.987761675,0.987761675,HIGH,
236400,Juneau,3105,Cable,0.987761675,0.987761675,HIGH,
236400,Juneau,3105,Fiber,0.000644122,0.0,HIGH,
236400,Juneau,3105,All Satellite,1.0,1.0,HIGH,
236400,Juneau,3105,NGSO Satellite,1.0,1.0,HIGH,SATELLITE_AVAILABLE
236540,Kachemak,361,Any Technology,1.0,1.0,HIGH,
236540,Kachemak,361,All Wired,0.36565097,0.36565097,HIGH,
236540,Kachemak,361,Cable,0.36565097,0.36565097,HIGH,
236540,Kachemak,361,Fiber,0.0,0.0,HIGH,
236540,Kachemak,361,All Satellite,1.0,1.0,HIGH,
236540,Kachemak,361,NGSO Satellite,1.0,1.0,HIGH,SATELLITE_AVAILABLE
236770,Kake,387,Any Technology,1.0,1.0,HIGH,
236770,Kake,387,All Wired,0.0,0.0,HIGH,NO_WIRED_25MBPS
236770,Kake,387,Cable,0.0,0.0,HIGH,
236770,Kake,387,Fiber,0.0,0.0,HIGH,
236770,Kake,387,All Satellite,1.0,1.0,HIGH,
236770,Kake,387,NGSO Satellite,1.0,1.0,HIGH,SATELLITE_AVAILABLE
236990,Kaktovik,128,Any Technology,1.0,1.0,MEDIUM,
236990,Kaktovik,128,All Wired,0.0,0.0,MEDIUM,NO_WIRED_25MBPS
236990,Kaktovik,128,Cable,0.0,0.0,MEDIUM,
236990,Kaktovik,128,Fiber,0.0,0.0,MEDIUM,
236990,Kaktovik,128,All Satellite,1.0,1.0,MEDIUM,
236990,Kaktovik,128,NGSO Satellite,1.0,1.0,MEDIUM,SATELLITE_AVAILABLE
237250,Kalifornsky,4907,Any Technology,1.0,1.0,HIGH,
237250,Kalifornsky,4907,All Wired,0.335031588,0.32382311,HIGH,
237250,Kalifornsky,4907,Cable,0.322600367,0.322600367,HIGH,
237250,Kalifornsky,4907,Fiber,0.015080497,0.013246383,HIGH,
237250,Kalifornsky,4907,All Satellite,1.0,1.0,HIGH,
237250,Kalifornsky,4907,NGSO Satellite,1.0,1.0,HIGH,SATELLITE_AVAILABLE
237430,Kaltag,145,Any Technology,1.0,1.0,MEDIUM,
237430,Kaltag,145,All Wired,0.0,0.0,MEDIUM,NO_WIRED_25MBPS
237430,Kaltag,145,Cable,0.0,0.0,MEDIUM,
237430,Kaltag,145,Fiber,0.0,0.0,MEDIUM,
237430,Kaltag,145,All Satellite,1.0,1.0,MEDIUM,
237430,Kaltag,145,NGSO Satellite,1.0,1.0,MEDIUM,SATELLITE_AVAILABLE
237540,Karluk,51,Any Technology,1.0,1.0,MEDIUM,
237540,Karluk,51,All Wired,0.0,0.0,MEDIUM,NO_WIRED_25MBPS
237540,Karluk,51,Cable,0.0,0.0,MEDIUM,
237540,Karluk,51,Fiber,0.0,0.0,MEDIUM,
237540,Karluk,51,All Satellite,1.0,1.0,MEDIUM,
237540,Karluk,51,NGSO Satellite,1.0,1.0,MEDIUM,SATELLITE_AVAILABLE
237650,Kasaan,84,Any Technology,1.0,1.0,MEDIUM,
237650,Kasaan,84,All Wired,0.666666667,0.666666667,MEDIUM,
237650,Kasaan,84,Cable,0.0,0.0,MEDIUM,
237650,Kasaan,84,Fiber,0.666666667,0.666666667,MEDIUM,
237650,Kasaan,84,All Satellite,1.0,1.0,MEDIUM,
237650,Kasaan,84,NGSO Satellite,1.0,1.0,MEDIUM,SATELLITE_AVAILABLE
237975,Kasigluk,168,Any Technology,1.0,1.0,MEDIUM,
237975,Kasigluk,168,All Wired,0.0,0.0,MEDIUM,NO_WIRED_25MBPS
237975,Kasigluk,168,Cable,0.0,0.0,MEDIUM,
237975,Kasigluk,168,Fiber,0.0,0.0,MEDIUM,
237975,Kasigluk,168,All Satellite,1.0,1.0,MEDIUM,
237975,Kasigluk,168,NGSO Satellite,1.0,1.0,MEDIUM,SATELLITE_AVAILABLE
238090,Kasilof,374,Any Technology,1.0,1.0,HIGH,
238090,Kasilof,374,All Wired,0.026737968,0.0,HIGH,
238090,Kasilof,374,Cable,0.0,0.0,HIGH,
238090,Kasilof,374,Fiber,0.002673797,0.0,HIGH,
238090,Kasilof,374,All Satellite,1.0,1.0,HIGH,
238090,Kasilof,374,NGSO Satellite,1.0,1.0,HIGH,SATELLITE_AVAILABLE
238420,Kenai,3819,Any Technology,1.0,1.0,HIGH,
238420,Kenai,3819,All Wired,0.863838701,0.863838701,HIGH,
238420,Kenai,3819,Cable,0.863576853,0.863576853,HIGH,
238420,Kenai,3819,Fiber,0.000261849,0.000261849,HIGH,
238420,Kenai,3819,All Satellite,1.0,1.0,HIGH,
238420,Kenai,3819,NGSO Satellite,1.0,1.0,HIGH,SATELLITE_AVAILABLE
238970,Ketchikan,4739,Any Technology,1.0,1.0,HIGH,
238970,Ketchikan,4739,All Wired,1.0,1.0,HIGH,
238970,Ketchikan,4739,Cable,0.99831188,0.99831188,HIGH,
238970,Ketchikan,4739,Fiber,0.99788985,0.99788985,HIGH,
238970,Ketchikan,4739,All Satellite,1.0,1.0,HIGH,
238970,Ketchikan,4739,NGSO Satellite,1.0,1.0,HIGH,SATELLITE_AVAILABLE
239300,Kiana,238,Any Technology,1.0,1.0,HIGH,
239300,Kiana,238,All Wired,0.0,0.0,HIGH,NO_WIRED_25MBPS
239300,Kiana,238,Cable,0.0,0.0,HIGH,
239300,Kiana,238,Fiber,0.0,0.0,HIGH,
239300,Kiana,238,All Satellite,1.0,1.0,HIGH,
239300,Kiana,238,NGSO Satellite,1.0,1.0,HIGH,SATELLITE_AVAILABLE
239410,King Cove,326,Any Technology,1.0,1.0,HIGH,
239410,King Cove,326,All Wired,0.975460123,0.975460123,HIGH,
239410,King Cove,326,Cable,0.0,0.0,HIGH,
239410,King Cove,326,Fiber,0.975460123,0.975460123,HIGH,
239410,King Cove,326,All Satellite,1.0,1.0,HIGH,
239410,King Cove,326,NGSO Satellite,1.0,1.0,HIGH,SATELLITE_AVAILABLE
239630,King Salmon,100,Any Technology,1.0,1.0,MEDIUM,
239630,King Salmon,100,All Wired,0.02,0.0,MEDIUM,
239630,King Salmon,100,Cable,0.0,0.0,MEDIUM,
239630,King Salmon,100,Fiber,0.0,0.0,MEDIUM,
239630,King Salmon,100,All Satellite,1.0,1.0,MEDIUM,
239630,King Salmon,100,NGSO Satellite,1.0,1.0,MEDIUM,SATELLITE_AVAILABLE
239740,Kipnuk,244,Any Technology,1.0,1.0,HIGH,
239740,Kipnuk,244,All Wired,0.0,0.0,HIGH,NO_WIRED_25MBPS
239740,Kipnuk,244,Cable,0.0,0.0,HIGH,
239740,Kipnuk,244,Fiber,0.0,0.0,HIGH,
239740,Kipnuk,244,All Satellite,1.0,1.0,HIGH,
239740,Kipnuk,244,NGSO Satellite,1.0,1.0,HIGH,SATELLITE_AVAILABLE
239960,Kivalina,122,Any Technology,1.0,1.0,MEDIUM,
239960,Kivalina,122,All Wired,1.0,1.0,MEDIUM,
239960,Kivalina,122,Cable,0.0,0.0,MEDIUM,
239960,Kivalina,122,Fiber,1.0,1.0,MEDIUM,
239960,Kivalina,122,All Satellite,1.0,1.0,MEDIUM,
239960,Kivalina,122,NGSO Satellite,1.0,1.0,MEDIUM,SATELLITE_AVAILABLE
240400,Klawock,349,Any Technology,1.0,1.0,HIGH,
240400,Klawock,349,All Wired,0.64756447,0.64756447,HIGH,
240400,Klawock,349,Cable,0.0,0.0,HIGH,
240400,Klawock,349,Fiber,0.64756447,0.64756447,HIGH,
240400,Klawock,349,All Satellite,1.0,1.0,HIGH,
240400,Klawock,349,NGSO Satellite,1.0,1.0,HIGH,SATELLITE_AVAILABLE
240510,Klukwan,101,Any Technology,1.0,1.0,MEDIUM,
240510,Klukwan,101,All Wired,1.0,0.0,MEDIUM,
240510,Klukwan,101,Cable,0.0,0.0,MEDIUM,
240510,Klukwan,101,Fiber,0.0,0.0,MEDIUM,
240510,Klukwan,101,All Satellite,1.0,1.0,MEDIUM,
240510,Klukwan,101,NGSO Satellite,1.0,1.0,MEDIUM,SATELLITE_AVAILABLE
240645,Knik-Fairview,8430,Any Technology,1.0,1.0,HIGH,
240645,Knik-Fairview,8430,All Wired,0.941874259,0.795017794,HIGH,
240645,Knik-Fairview,8430,Cable,0.61886121,0.61886121,HIGH,
240645,Knik-Fairview,8430,Fiber,0.372479241,0.372479241,HIGH,
240645,Knik-Fairview,8430,All Satellite,1.0,1.0,HIGH,
240645,Knik-Fairview,8430,NGSO Satellite,1.0,1.0,HIGH,SATELLITE_AVAILABLE
240670,Knik River,427,Any Technology,1.0,1.0,HIGH,
240670,Knik River,427,All Wired,0.784543326,0.386416862,HIGH,
240670,Knik River,427,Cable,0.0,0.0,HIGH,
240670,Knik River,427,Fiber,0.203747073,0.203747073,HIGH,
240670,Knik River,427,All Satellite,1.0,1.0,HIGH,
240670,Knik River,427,NGSO Satellite,1.0,1.0,HIGH,SATELLITE_AVAILABLE
240840,Kobuk,106,Any Technology,1.0,1.0,MEDIUM,
240840,Kobuk,106,All Wired,0.0,0.0,MEDIUM,NO_WIRED_25MBPS
240840,Kobuk,106,Cable,0.0,0.0,MEDIUM,
240840,Kobuk,106,Fiber,0.0,0.0,MEDIUM,
240840,Kobuk,106,All Satellite,1.0,1.0,MEDIUM,
240840,Kobuk,106,NGSO Satellite,1.0,1.0,MEDIUM,SATELLITE_AVAILABLE
241280,Kokhanok,117,Any Technology,1.0,1.0,MEDIUM,
241280,Kokhanok,117,All Wired,0.0,0.0,MEDIUM,NO_WIRED_25MBPS
241280,Kokhanok,117,Cable,0.0,0.0,MEDIUM,
241280,Kokhanok,117,Fiber,0.0,0.0,MEDIUM,
241280,Kokhanok,117,All Satellite,1.0,1.0,MEDIUM,
241280,Kokhanok,117,NGSO Satellite,1.0,1.0,MEDIUM,SATELLITE_AVAILABLE
241500,Koliganek,99,Any Technology,1.0,1.0,MEDIUM,
241500,Koliganek,99,All Wired,0.0,0.0,MEDIUM,NO_WIRED_25MBPS
241500,Koliganek,99,Cable,0.0,0.0,MEDIUM,
241500,Koliganek,99,Fiber,0.0,0.0,MEDIUM,
241500,Koliganek,99,All Satellite,1.0,1.0,MEDIUM,
241500,Koliganek,99,NGSO Satellite,1.0,1.0,MEDIUM,SATELLITE_AVAILABLE
241610,Kongiganak,197,Any Technology,1.0,1.0,MEDIUM,
241610,Kongiganak,197,All Wired,0.0,0.0,MEDIUM,NO_WIRED_25MBPS
241610,Kongiganak,197,Cable,0.0,0.0,MEDIUM,
241610,Kongiganak,197,Fiber,0.0,0.0,MEDIUM,
241610,Kongiganak,197,All Satellite,1.0,1.0,MEDIUM,
241610,Kongiganak,197,NGSO Satellite,1.0,1.0,MEDIUM,SATELLITE_AVAILABLE
241720,Kotlik,178,Any Technology,1.0,1.0,MEDIUM,
241720,Kotlik,178,All Wired,0.0,0.0,MEDIUM,NO_WIRED_25MBPS
241720,Kotlik,178,Cable,0.0,0.0,MEDIUM,
241720,Kotlik,178,Fiber,0.0,0.0,MEDIUM,
241720,Kotlik,178,All Satellite,1.0,1.0,MEDIUM,
241720,Kotlik,178,NGSO Satellite,1.0,1.0,MEDIUM,SATELLITE_AVAILABLE
241830,Kotzebue,974,Any Technology,1.0,1.0,HIGH,
241830,Kotzebue,974,All Wired,0.960985626,0.959958932,HIGH,
241830,Kotzebue,974,Cable,0.959958932,0.959958932,HIGH,
241830,Kotzebue,974,Fiber,0.0,0.0,HIGH,
241830,Kotzebue,974,All Satellite,1.0,1.0,HIGH,
241830,Kotzebue,974,NGSO Satellite,1.0,1.0,HIGH,SATELLITE_AVAILABLE
241940,Koyuk,86,Any Technology,1.0,1.0,MEDIUM,
241940,Koyuk,86,All Wired,0.0,0.0,MEDIUM,NO_WIRED_25MBPS
241940,Koyuk,86,Cable,0.0,0.0,MEDIUM,
241940,Koyuk,86,Fiber,0.0,0.0,MEDIUM,
241940,Koyuk,86,All Satellite,1.0,1.0,MEDIUM,
241940,Koyuk,86,NGSO Satellite,1.0,1.0,MEDIUM,SATELLITE_AVAILABLE
242050,Koyukuk,79,Any Technology,1.0,1.0,MEDIUM,
242050,Koyukuk,79,All Wired,0.0,0.0,MEDIUM,NO_WIRED_25MBPS
242050,Koyukuk,79,Cable,0.0,0.0,MEDIUM,
242050,Koyukuk,79,Fiber,0.0,0.0,MEDIUM,
242050,Koyukuk,79,All Satellite,1.0,1.0,MEDIUM,
242050,Koyukuk,79,NGSO Satellite,1.0,1.0,MEDIUM,SATELLITE_AVAILABLE
242380,Kwethluk,239,Any Technology,1.0,1.0,HIGH,
242380,Kwethluk,239,All Wired,0.0,0.0,HIGH,NO_WIRED_25MBPS
242380,Kwethluk,239,Cable,0.0,0.0,HIGH,
242380,Kwethluk,239,Fiber,0.0,0.0,HIGH,
242380,Kwethluk,239,All Satellite,1.0,1.0,HIGH,
242380,Kwethluk,239,NGSO Satellite,1.0,1.0,HIGH,SATELLITE_AVAILABLE
242490,Kwigillingok,407,Any Technology,1.0,1.0,HIGH,
242490,Kwigillingok,407,All Wired,0.0,0.0,HIGH,NO_WIRED_25MBPS
242490,Kwigillingok,407,Cable,0.0,0.0,HIGH,
242490,Kwigillingok,407,Fiber,0.0,0.0,HIGH,
242490,Kwigillingok,407,All Satellite,1.0,1.0,HIGH,
242490,Kwigillingok,407,NGSO Satellite,1.0,1.0,HIGH,SATELLITE_AVAILABLE
242820,Lake Minchumina,29,Any Technology,1.0,1.0,LOW,SMALL_SAMPLE
242820,Lake Minchumina,29,All Wired,0.0,0.0,LOW,NO_WIRED_25MBPS;SMALL_SAMPLE
242820,Lake Minchumina,29,Cable,0.0,0.0,LOW,SMALL_SAMPLE
242820,Lake Minchumina,29,Fiber,0.0,0.0,LOW,SMALL_SAMPLE
242820,Lake Minchumina,29,All Satellite,1.0,1.0,LOW,SMALL_SAMPLE
242820,Lake Minchumina,29,NGSO Satellite,1.0,1.0,LOW,SATELLITE_AVAILABLE;SMALL_SAMPLE
243040,Larsen Bay,153,Any Technology,1.0,1.0,MEDIUM,
243040,Larsen Bay,153,All Wired,0.875816993,0.875816993,MEDIUM,
243040,Larsen Bay,153,Cable,0.0,0.0,MEDIUM,
243040,Larsen Bay,153,Fiber,0.875816993,0.875816993,MEDIUM,
243040,Larsen Bay,153,All Satellite,1.0,1.0,MEDIUM,
243040,Larsen Bay,153,NGSO Satellite,1.0,1.0,MEDIUM,SATELLITE_AVAILABLE
243260,Lazy Mountain,719,Any Technology,1.0,1.0,HIGH,
243260,Lazy Mountain,719,All Wired,0.694019471,0.337969402,HIGH,
243260,Lazy Mountain,719,Cable,0.14325452,0.14325452,HIGH,
243260,Lazy Mountain,719,Fiber,0.144645341,0.144645341,HIGH,
243260,Lazy Mountain,719,All Satellite,1.0,1.0,HIGH,
243260,Lazy Mountain,719,NGSO Satellite,1.0,1.0,HIGH,SATELLITE_AVAILABLE
243810,Levelock,86,Any Technology,1.0,1.0,MEDIUM,
243810,Levelock,86,All Wired,0.0,0.0,MEDIUM,NO_WIRED_25MBPS
243810,Levelock,86,Cable,0.0,0.0,MEDIUM,
243810,Levelock,86,Fiber,0.0,0.0,MEDIUM,
243810,Levelock,86,All Satellite,1.0,1.0,MEDIUM,
243810,Levelock,86,NGSO Satellite,1.0,1.0,MEDIUM,SATELLITE_AVAILABLE
244030,Lime Village,29,Any Technology,1.0,1.0,LOW,SMALL_SAMPLE
244030,Lime Village,29,All Wired,0.0,0.0,LOW,NO_WIRED_25MBPS;SMALL_SAMPLE
244030,Lime Village,29,Cable,0.0,0.0,LOW,SMALL_SAMPLE
244030,Lime Village,29,Fiber,0.0,0.0,LOW,SMALL_SAMPLE
244030,Lime Village,29,All Satellite,1.0,1.0,LOW,SMALL_SAMPLE
244030,Lime Village,29,NGSO Satellite,1.0,1.0,LOW,SATELLITE_AVAILABLE;SMALL_SAMPLE
245460,Lower Kalskag,103,Any Technology,1.0,1.0,MEDIUM,
245460,Lower Kalskag,103,All Wired,0.0,0.0,MEDIUM,NO_WIRED_25MBPS
245460,Lower Kalskag,103,Cable,0.0,0.0,MEDIUM,
245460,Lower Kalskag,103,Fiber,0.0,0.0,MEDIUM,
245460,Lower Kalskag,103,All Satellite,1.0,1.0,MEDIUM,
245460,Lower Kalskag,103,NGSO Satellite,1.0,1.0,MEDIUM,SATELLITE_AVAILABLE
246010,McGrath,366,Any Technology,1.0,1.0,HIGH,
246010,McGrath,366,All Wired,0.0,0.0,HIGH,NO_WIRED_25MBPS
246010,McGrath,366,Cable,0.0,0.0,HIGH,
246010,McGrath,366,Fiber,0.0,0.0,HIGH,
246010,McGrath,366,All Satellite,1.0,1.0,HIGH,
246010,McGrath,366,NGSO Satellite,1.0,1.0,HIGH,SATELLITE_AVAILABLE
246780,Manley Hot Springs,186,Any Technology,1.0,1.0,MEDIUM,
246780,Manley Hot Springs,186,All Wired,0.0,0.0,MEDIUM,NO_WIRED_25MBPS
246780,Manley Hot Springs,186,Cable,0.0,0.0,MEDIUM,
246780,Manley Hot Springs,186,Fiber,0.0,0.0,MEDIUM,
246780,Manley Hot Springs,186,All Satellite,1.0,1.0,MEDIUM,
246780,Manley Hot Springs,186,NGSO Satellite,1.0,1.0,MEDIUM,SATELLITE_AVAILABLE
246890,Manokotak,138,Any Technology,1.0,1.0,MEDIUM,
246890,Manokotak,138,All Wired,0.0,0.0,MEDIUM,NO_WIRED_25MBPS
246890,Manokotak,138,Cable,0.0,0.0,MEDIUM,
246890,Manokotak,138,Fiber,0.0,0.0,MEDIUM,
246890,Manokotak,138,All Satellite,1.0,1.0,MEDIUM,
246890,Manokotak,138,NGSO Satellite,1.0,1.0,MEDIUM,SATELLITE_AVAILABLE
247000,Marshall,250,Any Technology,1.0,1.0,HIGH,
247000,Marshall,250,All Wired,0.0,0.0,HIGH,NO_WIRED_25MBPS
247000,Marshall,250,Cable,0.0,0.0,HIGH,
247000,Marshall,250,Fiber,0.0,0.0,HIGH,
247000,Marshall,250,All Satellite,1.0,1.0,HIGH,
247000,Marshall,250,NGSO Satellite,1.0,1.0,HIGH,SATELLITE_AVAILABLE
247735,Meadow Lakes,4732,Any Technology,1.0,1.0,HIGH,
247735,Meadow Lakes,4732,All Wired,0.912087912,0.703085376,HIGH,
247735,Meadow Lakes,4732,Cable,0.089391378,0.089391378,HIGH,
247735,Meadow Lakes,4732,Fiber,0.576500423,0.576500423,HIGH,
247735,Meadow Lakes,4732,All Satellite,1.0,1.0,HIGH,
247735,Meadow Lakes,4732,NGSO Satellite,1.0,1.0,HIGH,SATELLITE_AVAILABLE
247990,Mekoryuk,134,Any Technology,1.0,1.0,MEDIUM,
247990,Mekoryuk,134,All Wired,0.0,0.0,MEDIUM,NO_WIRED_25MBPS
247990,Mekoryuk,134,Cable,0.0,0.0,MEDIUM,
247990,Mekoryuk,134,Fiber,0.0,0.0,MEDIUM,
247990,Mekoryuk,134,All Satellite,1.0,1.0,MEDIUM,
247990,Mekoryuk,134,NGSO Satellite,1.0,1.0,MEDIUM,SATELLITE_AVAILABLE
248540,Mentasta Lake,60,Any Technology,1.0,1.0,MEDIUM,
248540,Mentasta Lake,60,All Wired,0.933333333,0.933333333,MEDIUM,
248540,Mentasta Lake,60,Cable,0.0,0.0,MEDIUM,
248540,Mentasta Lake,60,Fiber,0.933333333,0.933333333,MEDIUM,
248540,Mentasta Lake,60,All Satellite,1.0,1.0,MEDIUM,
248540,Mentasta Lake,60,NGSO Satellite,1.0,1.0,MEDIUM,SATELLITE_AVAILABLE
248590,Mertarvik,15,Any Technology,1.0,1.0,LOW,SMALL_SAMPLE
248590,Mertarvik,15,All Wired,0.0,0.0,LOW,NO_WIRED_25MBPS;SMALL_SAMPLE
248590,Mertarvik,15,Cable,0.0,0.0,LOW,SMALL_SAMPLE
248590,Mertarvik,15,Fiber,0.0,0.0,LOW,SMALL_SAMPLE
248590,Mertarvik,15,All Satellite,1.0,1.0,LOW,SMALL_SAMPLE
248590,Mertarvik,15,NGSO Satellite,1.0,1.0,LOW,SATELLITE_AVAILABLE;SMALL_SAMPLE
248870,Metlakatla,611,Any Technology,1.0,1.0,HIGH,
248870,Metlakatla,611,All Wired,0.955810147,0.029459902,HIGH,
248870,Metlakatla,611,Cable,0.0,0.0,HIGH,
248870,Metlakatla,611,Fiber,0.029459902,0.029459902,HIGH,
248870,Metlakatla,611,All Satellite,1.0,1.0,HIGH,
248870,Metlakatla,611,NGSO Satellite,1.0,1.0,HIGH,SATELLITE_AVAILABLE
249530,Minto,132,Any Technology,1.0,1.0,MEDIUM,
249530,Minto,132,All Wired,0.0,0.0,MEDIUM,NO_WIRED_25MBPS
249530,Minto,132,Cable,0.0,0.0,MEDIUM,
249530,Minto,132,Fiber,0.0,0.0,MEDIUM,
249530,Minto,132,All Satellite,1.0,1.0,MEDIUM,
249530,Minto,132,NGSO Satellite,1.0,1.0,MEDIUM,SATELLITE_AVAILABLE
251180,Mountain Village,255,Any Technology,1.0,1.0,HIGH,
251180,Mountain Village,255,All Wired,0.0,0.0,HIGH,NO_WIRED_25MBPS
251180,Mountain Village,255,Cable,0.0,0.0,HIGH,
251180,Mountain Village,255,Fiber,0.0,0.0,HIGH,
251180,Mountain Village,255,All Satellite,1.0,1.0,HIGH,
251180,Mountain Village,255,NGSO Satellite,1.0,1.0,HIGH,SATELLITE_AVAILABLE
252060,Naknek,586,Any Technology,1.0,1.0,HIGH,
252060,Naknek,586,All Wired,0.020477816,0.0,HIGH,
252060,Naknek,586,Cable,0.0,0.0,HIGH,
252060,Naknek,586,Fiber,0.0,0.0,HIGH,
252060,Naknek,586,All Satellite,1.0,1.0,HIGH,
252060,Naknek,586,NGSO Satellite,1.0,1.0,HIGH,SATELLITE_AVAILABLE
252210,Nanwalek,64,Any Technology,1.0,1.0,MEDIUM,
252210,Nanwalek,64,All Wired,0.0,0.0,MEDIUM,NO_WIRED_25MBPS
252210,Nanwalek,64,Cable,0.0,0.0,MEDIUM,
252210,Nanwalek,64,Fiber,0.0,0.0,MEDIUM,
252210,Nanwalek,64,All Satellite,1.0,1.0,MEDIUM,
252210,Nanwalek,64,NGSO Satellite,1.0,1.0,MEDIUM,SATELLITE_AVAILABLE
252390,Napakiak,195,Any Technology,1.0,1.0,MEDIUM,
252390,Napakiak,195,All Wired,0.0,0.0,MEDIUM,NO_WIRED_25MBPS
252390,Napakiak,195,Cable,0.0,0.0,MEDIUM,
252390,Napakiak,195,Fiber,0.0,0.0,MEDIUM,
252390,Napakiak,195,All Satellite,1.0,1.0,MEDIUM,
252390,Napakiak,195,NGSO Satellite,1.0,1.0,MEDIUM,SATELLITE_AVAILABLE
252720,Napaskiak,186,Any Technology,1.0,1.0,MEDIUM,
252720,Napaskiak,186,All Wired,0.0,0.0,MEDIUM,NO_WIRED_25MBPS
252720,Napaskiak,186,Cable,0.0,0.0,MEDIUM,
252720,Napaskiak,186,Fiber,0.0,0.0,MEDIUM,
252720,Napaskiak,186,All Satellite,1.0,1.0,MEDIUM,
252720,Napaskiak,186,NGSO Satellite,1.0,1.0,MEDIUM,SATELLITE_AVAILABLE
252940,Nelson Lagoon,54,Any Technology,1.0,1.0,MEDIUM,
252940,Nelson Lagoon,54,All Wired,0.0,0.0,MEDIUM,NO_WIRED_25MBPS
252940,Nelson Lagoon,54,Cable,0.0,0.0,MEDIUM,
252940,Nelson Lagoon,54,Fiber,0.0,0.0,MEDIUM,
252940,Nelson Lagoon,54,All Satellite,1.0,1.0,MEDIUM,
252940,Nelson Lagoon,54,NGSO Satellite,1.0,1.0,MEDIUM,SATELLITE_AVAILABLE
253050,Nenana,383,Any Technology,1.0,1.0,HIGH,
253050,Nenana,383,All Wired,0.402088773,0.0,HIGH,
253050,Nenana,383,Cable,0.0,0.0,HIGH,
253050,Nenana,383,Fiber,0.0,0.0,HIGH,
253050,Nenana,383,All Satellite,1.0,1.0,HIGH,
253050,Nenana,383,NGSO Satellite,1.0,1.0,HIGH,SATELLITE_AVAILABLE
253270,Newhalen,97,Any Technology,1.0,1.0,MEDIUM,
253270,Newhalen,97,All Wired,0.0,0.0,MEDIUM,NO_WIRED_25MBPS
253270,Newhalen,97,Cable,0.0,0.0,MEDIUM,
253270,Newhalen,97,Fiber,0.0,0.0,MEDIUM,
253270,Newhalen,97,All Satellite,1.0,1.0,MEDIUM,
253270,Newhalen,97,NGSO Satellite,1.0,1.0,MEDIUM,SATELLITE_AVAILABLE
253710,New Stuyahok,142,Any Technology,1.0,1.0,MEDIUM,
253710,New Stuyahok,142,All Wired,0.0,0.0,MEDIUM,NO_WIRED_25MBPS
253710,New Stuyahok,142,Cable,0.0,0.0,MEDIUM,
253710,New Stuyahok,142,Fiber,0.0,0.0,MEDIUM,
253710,New Stuyahok,142,All Satellite,1.0,1.0,MEDIUM,
253710,New Stuyahok,142,NGSO Satellite,1.0,1.0,MEDIUM,SATELLITE_AVAILABLE
253820,Newtok,98,Any Technology,1.0,1.0,MEDIUM,
253820,Newtok,98,All Wired,0.0,0.0,MEDIUM,NO_WIRED_25MBPS
253820,Newtok,98,Cable,0.0,0.0,MEDIUM,
253820,Newtok,98,Fiber,0.0,0.0,MEDIUM,
253820,Newtok,98,All Satellite,1.0,1.0,MEDIUM,
253820,Newtok,98,NGSO Satellite,1.0,1.0,MEDIUM,SATELLITE_AVAILABLE
253930,Nightmute,95,Any Technology,1.0,1.0,MEDIUM,
253930,Nightmute,95,All Wired,0.0,0.0,MEDIUM,NO_WIRED_25MBPS
253930,Nightmute,95,Cable,0.0,0.0,MEDIUM,
253930,Nightmute,95,Fiber,0.0,0.0,MEDIUM,
253930,Nightmute,95,All Satellite,1.0,1.0,MEDIUM,
253930,Nightmute,95,NGSO Satellite,1.0,1.0,MEDIUM,SATELLITE_AVAILABLE
254050,Nikiski,3019,Any Technology,1.0,1.0,HIGH,
254050,Nikiski,3019,All Wired,0.016893011,0.001324942,HIGH,
254050,Nikiski,3019,Cable,0.0,0.0,HIGH,
254050,Nikiski,3019,Fiber,0.00298112,0.000993707,HIGH,
254050,Nikiski,3019,All Satellite,1.0,1.0,HIGH,
254050,Nikiski,3019,NGSO Satellite,1.0,1.0,HIGH,SATELLITE_AVAILABLE
254085,Nikolaevsk,233,Any Technology,1.0,1.0,HIGH,
254085,Nikolaevsk,233,All Wired,0.0,0.0,HIGH,NO_WIRED_25MBPS
254085,Nikolaevsk,233,Cable,0.0,0.0,HIGH,
254085,Nikolaevsk,233,Fiber,0.0,0.0,HIGH,
254085,Nikolaevsk,233,All Satellite,1.0,1.0,HIGH,
254085,Nikolaevsk,233,NGSO Satellite,1.0,1.0,HIGH,SATELLITE_AVAILABLE
254150,Nikolai,70,Any Technology,1.0,1.0,MEDIUM,
254150,Nikolai,70,All Wired,0.0,0.0,MEDIUM,NO_WIRED_25MBPS
254150,Nikolai,70,Cable,0.0,0.0,MEDIUM,
254150,Nikolai,70,Fiber,0.0,0.0,MEDIUM,
254150,Nikolai,70,All Satellite,1.0,1.0,MEDIUM,
254150,Nikolai,70,NGSO Satellite,1.0,1.0,MEDIUM,SATELLITE_AVAILABLE
254260,Nikolski,43,Any Technology,1.0,1.0,LOW,SMALL_SAMPLE
254260,Nikolski,43,All Wired,0.0,0.0,LOW,NO_WIRED_25MBPS;SMALL_SAMPLE
254260,Nikolski,43,Cable,0.0,0.0,LOW,SMALL_SAMPLE
254260,Nikolski,43,Fiber,0.0,0.0,LOW,SMALL_SAMPLE
254260,Nikolski,43,All Satellite,1.0,1.0,LOW,SMALL_SAMPLE
254260,Nikolski,43,NGSO Satellite,1.0,1.0,LOW,SATELLITE_AVAILABLE;SMALL_SAMPLE
254480,Ninilchik,1248,Any Technology,1.0,1.0,HIGH,
254480,Ninilchik,1248,All Wired,0.003205128,0.000801282,HIGH,
254480,Ninilchik,1248,Cable,0.0,0.0,HIGH,
254480,Ninilchik,1248,Fiber,0.003205128,0.000801282,HIGH,
254480,Ninilchik,1248,All Satellite,1.0,1.0,HIGH,
254480,Ninilchik,1248,NGSO Satellite,1.0,1.0,HIGH,SATELLITE_AVAILABLE
254700,Noatak,206,Any Technology,1.0,1.0,HIGH,
254700,Noatak,206,All Wired,0.0,0.0,HIGH,NO_WIRED_25MBPS
254700,Noatak,206,Cable,0.0,0.0,HIGH,
254700,Noatak,206,Fiber,0.0,0.0,HIGH,
254700,Noatak,206,All Satellite,1.0,1.0,HIGH,
254700,Noatak,206,NGSO Satellite,1.0,1.0,HIGH,SATELLITE_AVAILABLE
254920,Nome,1344,Any Technology,1.0,1.0,HIGH,
254920,Nome,1344,All Wired,0.99702381,0.963541667,HIGH,
254920,Nome,1344,Cable,0.963541667,0.963541667,HIGH,
254920,Nome,1344,Fiber,0.0,0.0,HIGH,
254920,Nome,1344,All Satellite,1.0,1.0,HIGH,
254920,Nome,1344,NGSO Satellite,1.0,1.0,HIGH,SATELLITE_AVAILABLE
255030,Nondalton,161,Any Technology,1.0,1.0,MEDIUM,
255030,Nondalton,161,All Wired,0.0,0.0,MEDIUM,NO_WIRED_25MBPS
255030,Nondalton,161,Cable,0.0,0.0,MEDIUM,
255030,Nondalton,161,Fiber,0.0,0.0,MEDIUM,
255030,Nondalton,161,All Satellite,1.0,1.0,MEDIUM,
255030,Nondalton,161,NGSO Satellite,1.0,1.0,MEDIUM,SATELLITE_AVAILABLE
255140,Noorvik,283,Any Technology,1.0,1.0,HIGH,
255140,Noorvik,283,All Wired,0.0,0.0,HIGH,NO_WIRED_25MBPS
255140,Noorvik,283,Cable,0.0,0.0,HIGH,
255140,Noorvik,283,Fiber,0.0,0.0,HIGH,
255140,Noorvik,283,All Satellite,1.0,1.0,HIGH,
255140,Noorvik,283,NGSO Satellite,1.0,1.0,HIGH,SATELLITE_AVAILABLE
255745,North Lakes,4179,Any Technology,1.0,1.0,HIGH,
255745,North Lakes,4179,All Wired,0.978463747,0.937784159,HIGH,
255745,North Lakes,4179,Cable,0.756879636,0.756879636,HIGH,
255745,North Lakes,4179,Fiber,0.365398421,0.365398421,HIGH,
255745,North Lakes,4179,All Satellite,1.0,1.0,HIGH,
255745,North Lakes,4179,NGSO Satellite,1.0,1.0,HIGH,SATELLITE_AVAILABLE
256220,Northway,159,Any Technology,1.0,1.0,MEDIUM,
256220,Northway,159,All Wired,0.0,0.0,MEDIUM,NO_WIRED_25MBPS
256220,Northway,159,Cable,0.0,0.0,MEDIUM,
256220,Northway,159,Fiber,0.0,0.0,MEDIUM,
256220,Northway,159,All Satellite,1.0,1.0,MEDIUM,
256220,Northway,159,NGSO Satellite,1.0,1.0,MEDIUM,SATELLITE_AVAILABLE
256320,Nuiqsut,160,Any Technology,1.0,1.0,MEDIUM,
256320,Nuiqsut,160,All Wired,0.8125,0.8125,MEDIUM,
256320,Nuiqsut,160,Cable,0.0,0.0,MEDIUM,
256320,Nuiqsut,160,Fiber,0.8125,0.8125,MEDIUM,
256320,Nuiqsut,160,All Satellite,1.0,1.0,MEDIUM,
256320,Nuiqsut,160,NGSO Satellite,1.0,1.0,MEDIUM,SATELLITE_AVAILABLE
256350,Nulato,192,Any Technology,1.0,1.0,MEDIUM,
256350,Nulato,192,All Wired,0.0,0.0,MEDIUM,NO_WIRED_25MBPS
256350,Nulato,192,Cable,0.0,0.0,MEDIUM,
256350,Nulato,192,Fiber,0.0,0.0,MEDIUM,
256350,Nulato,192,All Satellite,1.0,1.0,MEDIUM,
256350,Nulato,192,NGSO Satellite,1.0,1.0,MEDIUM,SATELLITE_AVAILABLE
256600,Nunam Iqua,75,Any Technology,1.0,1.0,MEDIUM,
256600,Nunam Iqua,75,All Wired,0.0,0.0,MEDIUM,NO_WIRED_25MBPS
256600,Nunam Iqua,75,Cable,0.0,0.0,MEDIUM,
256600,Nunam Iqua,75,Fiber,0.0,0.0,MEDIUM,
256600,Nunam Iqua,75,All Satellite,1.0,1.0,MEDIUM,
256600,Nunam Iqua,75,NGSO Satellite,1.0,1.0,MEDIUM,SATELLITE_AVAILABLE
256680,Nunapitchuk,250,Any Technology,1.0,1.0,HIGH,
256680,Nunapitchuk,250,All Wired,0.0,0.0,HIGH,NO_WIRED_25MBPS
256680,Nunapitchuk,250,Cable,0.0,0.0,HIGH,
256680,Nunapitchuk,250,Fiber,0.0,0.0,HIGH,
256680,Nunapitchuk,250,All Satellite,1.0,1.0,HIGH,
256680,Nunapitchuk,250,NGSO Satellite,1.0,1.0,HIGH,SATELLITE_AVAILABLE
257340,Old Harbor,138,Any Technology,1.0,1.0,MEDIUM,
257340,Old Harbor,138,All Wired,0.0,0.0,MEDIUM,NO_WIRED_25MBPS
257340,Old Harbor,138,Cable,0.0,0.0,MEDIUM,
257340,Old Harbor,138,Fiber,0.0,0.0,MEDIUM,
257340,Old Harbor,138,All Satellite,1.0,1.0,MEDIUM,
257340,Old Harbor,138,NGSO Satellite,1.0,1.0,MEDIUM,SATELLITE_AVAILABLE
258330,Oscarville,15,Any Technology,1.0,1.0,LOW,SMALL_SAMPLE
258330,Oscarville,15,All Wired,0.0,0.0,LOW,NO_WIRED_25MBPS;SMALL_SAMPLE
258330,Oscarville,15,Cable,0.0,0.0,LOW,SMALL_SAMPLE
258330,Oscarville,15,Fiber,0.0,0.0,LOW,SMALL_SAMPLE
258330,Oscarville,15,All Satellite,1.0,1.0,LOW,SMALL_SAMPLE
258330,Oscarville,15,NGSO Satellite,1.0,1.0,LOW,SATELLITE_AVAILABLE;SMALL_SAMPLE
258550,Ouzinkie,107,Any Technology,1.0,1.0,MEDIUM,
258550,Ouzinkie,107,All Wired,0.990654206,0.990654206,MEDIUM,
258550,Ouzinkie,107,Cable,0.0,0.0,MEDIUM,
258550,Ouzinkie,107,Fiber,0.990654206,0.990654206,MEDIUM,
258550,Ouzinkie,107,All Satellite,1.0,1.0,MEDIUM,
258550,Ouzinkie,107,NGSO Satellite,1.0,1.0,MEDIUM,SATELLITE_AVAILABLE
258660,Palmer,3072,Any Technology,1.0,1.0,HIGH,
258660,Palmer,3072,All Wired,0.958984375,0.945638021,HIGH,
258660,Palmer,3072,Cable,0.918945313,0.918945313,HIGH,
258660,Palmer,3072,Fiber,0.090820313,0.090820313,HIGH,
258660,Palmer,3072,All Satellite,1.0,1.0,HIGH,
258660,Palmer,3072,NGSO Satellite,1.0,1.0,HIGH,SATELLITE_AVAILABLE
259540,Pedro Bay,80,Any Technology,1.0,1.0,MEDIUM,
259540,Pedro Bay,80,All Wired,0.0,0.0,MEDIUM,NO_WIRED_25MBPS
259540,Pedro Bay,80,Cable,0.0,0.0,MEDIUM,
259540,Pedro Bay,80,Fiber,0.0,0.0,MEDIUM,
259540,Pedro Bay,80,All Satellite,1.0,1.0,MEDIUM,
259540,Pedro Bay,80,NGSO Satellite,1.0,1.0,MEDIUM,SATELLITE_AVAILABLE
260200,Perryville,85,Any Technology,1.0,1.0,MEDIUM,
260200,Perryville,85,All Wired,0.0,0.0,MEDIUM,NO_WIRED_25MBPS
260200,Perryville,85,Cable,0.0,0.0,MEDIUM,
260200,Perryville,85,Fiber,0.0,0.0,MEDIUM,
260200,Perryville,85,All Satellite,1.0,1.0,MEDIUM,
260200,Perryville,85,NGSO Satellite,1.0,1.0,MEDIUM,SATELLITE_AVAILABLE
260310,Petersburg,1092,Any Technology,1.0,1.0,HIGH,
260310,Petersburg,1092,All Wired,1.0,1.0,HIGH,
260310,Petersburg,1092,Cable,1.0,1.0,HIGH,
260310,Petersburg,1092,Fiber,0.779304029,0.779304029,HIGH,
260310,Petersburg,1092,All Satellite,1.0,1.0,HIGH,
260310,Petersburg,1092,NGSO Satellite,1.0,1.0,HIGH,SATELLITE_AVAILABLE
260460,Petersville,228,Any Technology,1.0,1.0,HIGH,
260460,Petersville,228,All Wired,0.0,0.0,HIGH,NO_WIRED_25MBPS
260460,Petersville,228,Cable,0.0,0.0,HIGH,
260460,Petersville,228,Fiber,0.0,0.0,HIGH,
260460,Petersville,228,All Satellite,1.0,1.0,HIGH,
260460,Petersville,228,NGSO Satellite,1.0,1.0,HIGH,SATELLITE_AVAILABLE
260640,Pilot Point,118,Any Technology,1.0,1.0,MEDIUM,
260640,Pilot Point,118,All Wired,0.0,0.0,MEDIUM,NO_WIRED_25MBPS
260640,Pilot Point,118,Cable,0.0,0.0,MEDIUM,
260640,Pilot Point,118,Fiber,0.0,0.0,MEDIUM,
260640,Pilot Point,118,All Satellite,1.0,1.0,MEDIUM,
260640,Pilot Point,118,NGSO Satellite,1.0,1.0,MEDIUM,SATELLITE_AVAILABLE
260750,Pilot Station,204,Any Technology,1.0,1.0,HIGH,
260750,Pilot Station,204,All Wired,0.0,0.0,HIGH,NO_WIRED_25MBPS
260750,Pilot Station,204,Cable,0.0,0.0,HIGH,
260750,Pilot Station,204,Fiber,0.0,0.0,HIGH,
260750,Pilot Station,204,All Satellite,1.0,1.0,HIGH,
260750,Pilot Station,204,NGSO Satellite,1.0,1.0,HIGH,SATELLITE_AVAILABLE
260860,Pitkas Point,45,Any Technology,1.0,1.0,LOW,SMALL_SAMPLE
260860,Pitkas Point,45,All Wired,0.0,0.0,LOW,NO_WIRED_25MBPS;SMALL_SAMPLE
260860,Pitkas Point,45,Cable,0.0,0.0,LOW,SMALL_SAMPLE
260860,Pitkas Point,45,Fiber,0.0,0.0,LOW,SMALL_SAMPLE
260860,Pitkas Point,45,All Satellite,1.0,1.0,LOW,SMALL_SAMPLE
260860,Pitkas Point,45,NGSO Satellite,1.0,1.0,LOW,SATELLITE_AVAILABLE;SMALL_SAMPLE
261080,Platinum,58,Any Technology,1.0,1.0,MEDIUM,
261080,Platinum,58,All Wired,0.0,0.0,MEDIUM,NO_WIRED_25MBPS
261080,Platinum,58,Cable,0.0,0.0,MEDIUM,
261080,Platinum,58,Fiber,0.0,0.0,MEDIUM,
261080,Platinum,58,All Satellite,1.0,1.0,MEDIUM,
261080,Platinum,58,NGSO Satellite,1.0,1.0,MEDIUM,SATELLITE_AVAILABLE
261630,Point Hope,266,Any Technology,1.0,1.0,HIGH,
261630,Point Hope,266,All Wired,0.804511278,0.804511278,HIGH,
261630,Point Hope,266,Cable,0.0,0.0,HIGH,
261630,Point Hope,266,Fiber,0.804511278,0.804511278,HIGH,
261630,Point Hope,266,All Satellite,1.0,1.0,HIGH,
261630,Point Hope,266,NGSO Satellite,1.0,1.0,HIGH,SATELLITE_AVAILABLE
261700,Point Lay,98,Any Technology,1.0,1.0,MEDIUM,
261700,Point Lay,98,All Wired,0.0,0.0,MEDIUM,NO_WIRED_25MBPS
261700,Point Lay,98,Cable,0.0,0.0,MEDIUM,
261700,Point Lay,98,Fiber,0.0,0.0,MEDIUM,
261700,Point Lay,98,All Satellite,1.0,1.0,MEDIUM,
261700,Point Lay,98,NGSO Satellite,1.0,1.0,MEDIUM,SATELLITE_AVAILABLE
261788,Point MacKenzie,344,Any Technology,1.0,1.0,HIGH,
261788,Point MacKenzie,344,All Wired,0.159883721,0.037790698,HIGH,
261788,Point MacKenzie,344,Cable,0.0,0.0,HIGH,
261788,Point MacKenzie,344,Fiber,0.014534884,0.014534884,HIGH,
261788,Point MacKenzie,344,All Satellite,1.0,1.0,HIGH,
261788,Point MacKenzie,344,NGSO Satellite,1.0,1.0,HIGH,SATELLITE_AVAILABLE
261825,Point Possession,145,Any Technology,1.0,1.0,MEDIUM,
261825,Point Possession,145,All Wired,0.0,0.0,MEDIUM,NO_WIRED_25MBPS
261825,Point Possession,145,Cable,0.0,0.0,MEDIUM,
261825,Point Possession,145,Fiber,0.0,0.0,MEDIUM,
261825,Point Possession,145,All Satellite,1.0,1.0,MEDIUM,
261825,Point Possession,145,NGSO Satellite,1.0,1.0,MEDIUM,SATELLITE_AVAILABLE
262285,Portage Creek,20,Any Technology,1.0,1.0,LOW,SMALL_SAMPLE
262285,Portage Creek,20,All Wired,0.0,0.0,LOW,NO_WIRED_25MBPS;SMALL_SAMPLE
262285,Portage Creek,20,Cable,0.0,0.0,LOW,SMALL_SAMPLE
262285,Portage Creek,20,Fiber,0.0,0.0,LOW,SMALL_SAMPLE
262285,Portage Creek,20,All Satellite,1.0,1.0,LOW,SMALL_SAMPLE
262285,Portage Creek,20,NGSO Satellite,1.0,1.0,LOW,SATELLITE_AVAILABLE;SMALL_SAMPLE
262620,Port Alsworth,180,Any Technology,1.0,1.0,MEDIUM,
262620,Port Alsworth,180,All Wired,0.0,0.0,MEDIUM,NO_WIRED_25MBPS
262620,Port Alsworth,180,Cable,0.0,0.0,MEDIUM,
262620,Port Alsworth,180,Fiber,0.0,0.0,MEDIUM,
262620,Port Alsworth,180,All Satellite,1.0,1.0,MEDIUM,
262620,Port Alsworth,180,NGSO Satellite,1.0,1.0,MEDIUM,SATELLITE_AVAILABLE
263280,Port Graham,77,Any Technology,1.0,1.0,MEDIUM,
263280,Port Graham,77,All Wired,0.0,0.0,MEDIUM,NO_WIRED_25MBPS
263280,Port Graham,77,Cable,0.0,0.0,MEDIUM,
263280,Port Graham,77,Fiber,0.0,0.0,MEDIUM,
263280,Port Graham,77,All Satellite,1.0,1.0,MEDIUM,
263280,Port Graham,77,NGSO Satellite,1.0,1.0,MEDIUM,SATELLITE_AVAILABLE
263390,Port Heiden,81,Any Technology,1.0,1.0,MEDIUM,
263390,Port Heiden,81,All Wired,0.0,0.0,MEDIUM,NO_WIRED_25MBPS
263390,Port Heiden,81,Cable,0.0,0.0,MEDIUM,
263390,Port Heiden,81,Fiber,0.0,0.0,MEDIUM,
263390,Port Heiden,81,All Satellite,1.0,1.0,MEDIUM,
263390,Port Heiden,81,NGSO Satellite,1.0,1.0,MEDIUM,SATELLITE_AVAILABLE
263610,Port Lions,151,Any Technology,1.0,1.0,MEDIUM,
263610,Port Lions,151,All Wired,0.986754967,0.986754967,MEDIUM,
263610,Port Lions,151,Cable,0.0,0.0,MEDIUM,
263610,Port Lions,151,Fiber,0.986754967,0.986754967,MEDIUM,
263610,Port Lions,151,All Satellite,1.0,1.0,MEDIUM,
263610,Port Lions,151,NGSO Satellite,1.0,1.0,MEDIUM,SATELLITE_AVAILABLE
264600,Quinhagak,223,Any Technology,1.0,1.0,HIGH,
264600,Quinhagak,223,All Wired,0.0,0.0,HIGH,NO_WIRED_25MBPS
264600,Quinhagak,223,Cable,0.0,0.0,HIGH,
264600,Quinhagak,223,Fiber,0.0,0.0,HIGH,
264600,Quinhagak,223,All Satellite,1.0,1.0,HIGH,
264600,Quinhagak,223,NGSO Satellite,1.0,1.0,HIGH,SATELLITE_AVAILABLE
264820,Rampart,74,Any Technology,1.0,1.0,MEDIUM,
264820,Rampart,74,All Wired,0.0,0.0,MEDIUM,NO_WIRED_25MBPS
264820,Rampart,74,Cable,0.0,0.0,MEDIUM,
264820,Rampart,74,Fiber,0.0,0.0,MEDIUM,
264820,Rampart,74,All Satellite,1.0,1.0,MEDIUM,
264820,Rampart,74,NGSO Satellite,1.0,1.0,MEDIUM,SATELLITE_AVAILABLE
264930,Red Devil,29,Any Technology,1.0,1.0,LOW,SMALL_SAMPLE
264930,Red Devil,29,All Wired,0.0,0.0,LOW,NO_WIRED_25MBPS;SMALL_SAMPLE
264930,Red Devil,29,Cable,0.0,0.0,LOW,SMALL_SAMPLE
264930,Red Devil,29,Fiber,0.0,0.0,LOW,SMALL_SAMPLE
264930,Red Devil,29,All Satellite,1.0,1.0,LOW,SMALL_SAMPLE
264930,Red Devil,29,NGSO Satellite,1.0,1.0,LOW,SATELLITE_AVAILABLE;SMALL_SAMPLE
265345,Ridgeway,1624,Any Technology,1.0,1.0,HIGH,
265345,Ridgeway,1624,All Wired,0.283866995,0.282635468,HIGH,
265345,Ridgeway,1624,Cable,0.282635468,0.282635468,HIGH,
265345,Ridgeway,1624,Fiber,0.0,0.0,HIGH,
265345,Ridgeway,1624,All Satellite,1.0,1.0,HIGH,
265345,Ridgeway,1624,NGSO Satellite,1.0,1.0,HIGH,SATELLITE_AVAILABLE
265590,Ruby,208,Any Technology,1.0,1.0,HIGH,
265590,Ruby,208,All Wired,0.0,0.0,HIGH,NO_WIRED_25MBPS
265590,Ruby,208,Cable,0.0,0.0,HIGH,
265590,Ruby,208,Fiber,0.0,0.0,HIGH,
265590,Ruby,208,All Satellite,1.0,1.0,HIGH,
265590,Ruby,208,NGSO Satellite,1.0,1.0,HIGH,SATELLITE_AVAILABLE
265700,Russian Mission,116,Any Technology,1.0,1.0,MEDIUM,
265700,Russian Mission,116,All Wired,0.0,0.0,MEDIUM,NO_WIRED_25MBPS
265700,Russian Mission,116,Cable,0.0,0.0,MEDIUM,
265700,Russian Mission,116,Fiber,0.0,0.0,MEDIUM,
265700,Russian Mission,116,All Satellite,1.0,1.0,MEDIUM,
265700,Russian Mission,116,NGSO Satellite,1.0,1.0,MEDIUM,SATELLITE_AVAILABLE
265800,St. George,121,Any Technology,1.0,1.0,MEDIUM,
265800,St. George,121,All Wired,0.0,0.0,MEDIUM,NO_WIRED_25MBPS
265800,St. George,121,Cable,0.0,0.0,MEDIUM,
265800,St. George,121,Fiber,0.0,0.0,MEDIUM,
265800,St. George,121,All Satellite,1.0,1.0,MEDIUM,
265800,St. George,121,NGSO Satellite,1.0,1.0,MEDIUM,SATELLITE_AVAILABLE
266140,St. Mary's,310,Any Technology,1.0,1.0,HIGH,
266140,St. Mary's,310,All Wired,0.0,0.0,HIGH,NO_WIRED_25MBPS
266140,St. Mary's,310,Cable,0.0,0.0,HIGH,
266140,St. Mary's,310,Fiber,0.0,0.0,HIGH,
266140,St. Mary's,310,All Satellite,1.0,1.0,HIGH,
266140,St. Mary's,310,NGSO Satellite,1.0,1.0,HIGH,SATELLITE_AVAILABLE
266360,St. Michael,139,Any Technology,1.0,1.0,MEDIUM,
266360,St. Michael,139,All Wired,0.0,0.0,MEDIUM,NO_WIRED_25MBPS
266360,St. Michael,139,Cable,0.0,0.0,MEDIUM,
266360,St. Michael,139,Fiber,0.0,0.0,MEDIUM,
266360,St. Michael,139,All Satellite,1.0,1.0,MEDIUM,
266360,St. Michael,139,NGSO Satellite,1.0,1.0,MEDIUM,SATELLITE_AVAILABLE
266470,St. Paul,232,Any Technology,1.0,1.0,HIGH,
266470,St. Paul,232,All Wired,0.0,0.0,HIGH,NO_WIRED_25MBPS
266470,St. Paul,232,Cable,0.0,0.0,HIGH,
266470,St. Paul,232,Fiber,0.0,0.0,HIGH,
266470,St. Paul,232,All Satellite,1.0,1.0,HIGH,
266470,St. Paul,232,NGSO Satellite,1.0,1.0,HIGH,SATELLITE_AVAILABLE
266510,Salamatof,544,Any Technology,1.0,1.0,HIGH,
266510,Salamatof,544,All Wired,0.170955882,0.033088235,HIGH,
266510,Salamatof,544,Cable,0.033088235,0.033088235,HIGH,
266510,Salamatof,544,Fiber,0.001838235,0.001838235,HIGH,
266510,Salamatof,544,All Satellite,1.0,1.0,HIGH,
266510,Salamatof,544,NGSO Satellite,1.0,1.0,HIGH,SATELLITE_AVAILABLE
267020,Sand Point,420,Any Technology,1.0,1.0,HIGH,
267020,Sand Point,420,All Wired,0.997619048,0.997619048,HIGH,
267020,Sand Point,420,Cable,0.0,0.0,HIGH,
267020,Sand Point,420,Fiber,0.997619048,0.997619048,HIGH,
267020,Sand Point,420,All Satellite,1.0,1.0,HIGH,
267020,Sand Point,420,NGSO Satellite,1.0,1.0,HIGH,SATELLITE_AVAILABLE
267460,Savoonga,272,Any Technology,1.0,1.0,HIGH,
267460,Savoonga,272,All Wired,0.0,0.0,HIGH,NO_WIRED_25MBPS
267460,Savoonga,272,Cable,0.0,0.0,HIGH,
267460,Savoonga,272,Fiber,0.0,0.0,HIGH,
267460,Savoonga,272,All Satellite,1.0,1.0,HIGH,
267460,Savoonga,272,NGSO Satellite,1.0,1.0,HIGH,SATELLITE_AVAILABLE
267570,Saxman,182,Any Technology,1.0,1.0,MEDIUM,
267570,Saxman,182,All Wired,1.0,1.0,MEDIUM,
267570,Saxman,182,Cable,1.0,1.0,MEDIUM,
267570,Saxman,182,Fiber,1.0,1.0,MEDIUM,
267570,Saxman,182,All Satellite,1.0,1.0,MEDIUM,
267570,Saxman,182,NGSO Satellite,1.0,1.0,MEDIUM,SATELLITE_AVAILABLE
267680,Scammon Bay,147,Any Technology,1.0,1.0,MEDIUM,
267680,Scammon Bay,147,All Wired,0.0,0.0,MEDIUM,NO_WIRED_25MBPS
267680,Scammon Bay,147,Cable,0.0,0.0,MEDIUM,
267680,Scammon Bay,147,Fiber,0.0,0.0,MEDIUM,
267680,Scammon Bay,147,All Satellite,1.0,1.0,MEDIUM,
267680,Scammon Bay,147,NGSO Satellite,1.0,1.0,MEDIUM,SATELLITE_AVAILABLE
268230,Selawik,317,Any Technology,1.0,1.0,HIGH,
268230,Selawik,317,All Wired,0.0,0.0,HIGH,NO_WIRED_25MBPS
268230,Selawik,317,Cable,0.0,0.0,HIGH,
268230,Selawik,317,Fiber,0.0,0.0,HIGH,
268230,Selawik,317,All Satellite,1.0,1.0,HIGH,
268230,Selawik,317,NGSO Satellite,1.0,1.0,HIGH,SATELLITE_AVAILABLE
268340,Seldovia,266,Any Technology,1.0,1.0,HIGH,
268340,Seldovia,266,All Wired,0.0,0.0,HIGH,NO_WIRED_25MBPS
268340,Seldovia,266,Cable,0.0,0.0,HIGH,
268340,Seldovia,266,Fiber,0.0,0.0,HIGH,
268340,Seldovia,266,All Satellite,1.0,1.0,HIGH,
268340,Seldovia,266,NGSO Satellite,1.0,1.0,HIGH,SATELLITE_AVAILABLE
268370,Seldovia Village,216,Any Technology,1.0,1.0,HIGH,
268370,Seldovia Village,216,All Wired,0.0,0.0,HIGH,NO_WIRED_25MBPS
268370,Seldovia Village,216,Cable,0.0,0.0,HIGH,
268370,Seldovia Village,216,Fiber,0.0,0.0,HIGH,
268370,Seldovia Village,216,All Satellite,1.0,1.0,HIGH,
268370,Seldovia Village,216,NGSO Satellite,1.0,1.0,HIGH,SATELLITE_AVAILABLE
268670,Shageluk,98,Any Technology,1.0,1.0,MEDIUM,
268670,Shageluk,98,All Wired,0.0,0.0,MEDIUM,NO_WIRED_25MBPS
268670,Shageluk,98,Cable,0.0,0.0,MEDIUM,
268670,Shageluk,98,Fiber,0.0,0.0,MEDIUM,
268670,Shageluk,98,All Satellite,1.0,1.0,MEDIUM,
268670,Shageluk,98,NGSO Satellite,1.0,1.0,MEDIUM,SATELLITE_AVAILABLE
268890,Shaktoolik,156,Any Technology,1.0,1.0,MEDIUM,
268890,Shaktoolik,156,All Wired,0.0,0.0,MEDIUM,NO_WIRED_25MBPS
268890,Shaktoolik,156,Cable,0.0,0.0,MEDIUM,
268890,Shaktoolik,156,Fiber,0.0,0.0,MEDIUM,
268890,Shaktoolik,156,All Satellite,1.0,1.0,MEDIUM,
268890,Shaktoolik,156,NGSO Satellite,1.0,1.0,MEDIUM,SATELLITE_AVAILABLE
269770,Shishmaref,215,Any Technology,1.0,1.0,HIGH,
269770,Shishmaref,215,All Wired,0.0,0.0,HIGH,NO_WIRED_25MBPS
269770,Shishmaref,215,Cable,0.0,0.0,HIGH,
269770,Shishmaref,215,Fiber,0.0,0.0,HIGH,
269770,Shishmaref,215,All Satellite,1.0,1.0,HIGH,
269770,Shishmaref,215,NGSO Satellite,1.0,1.0,HIGH,SATELLITE_AVAILABLE
270100,Shungnak,141,Any Technology,1.0,1.0,MEDIUM,
270100,Shungnak,141,All Wired,0.0,0.0,MEDIUM,NO_WIRED_25MBPS
270100,Shungnak,141,Cable,0.0,0.0,MEDIUM,
270100,Shungnak,141,Fiber,0.0,0.0,MEDIUM,
270100,Shungnak,141,All Satellite,1.0,1.0,MEDIUM,
270100,Shungnak,141,NGSO Satellite,1.0,1.0,MEDIUM,SATELLITE_AVAILABLE
270320,Silver Springs,153,Any Technology,1.0,1.0,MEDIUM,
270320,Silver Springs,153,All Wired,1.0,1.0,MEDIUM,
270320,Silver Springs,153,Cable,0.0,0.0,MEDIUM,
270320,Silver Springs,153,Fiber,1.0,1.0,MEDIUM,
270320,Silver Springs,153,All Satellite,1.0,1.0,MEDIUM,
270320,Silver Springs,153,NGSO Satellite,1.0,1.0,MEDIUM,SATELLITE_AVAILABLE
270540,Sitka,2312,Any Technology,1.0,1.0,HIGH,
270540,Sitka,2312,All Wired,1.0,1.0,HIGH,
270540,Sitka,2312,Cable,1.0,1.0,HIGH,
270540,Sitka,2312,Fiber,0.009948097,0.0,HIGH,
270540,Sitka,2312,All Satellite,1.0,1.0,HIGH,
270540,Sitka,2312,NGSO Satellite,1.0,1.0,HIGH,SATELLITE_AVAILABLE
270760,Skagway,680,Any Technology,1.0,1.0,HIGH,
270760,Skagway,680,All Wired,0.970588235,0.901470588,HIGH,
270760,Skagway,680,Cable,0.0,0.0,HIGH,
270760,Skagway,680,Fiber,0.901470588,0.901470588,HIGH,
270760,Skagway,680,All Satellite,1.0,1.0,HIGH,
270760,Skagway,680,NGSO Satellite,1.0,1.0,HIGH,SATELLITE_AVAILABLE
270870,Skwentna,309,Any Technology,1.0,1.0,HIGH,
270870,Skwentna,309,All Wired,0.0,0.0,HIGH,NO_WIRED_25MBPS
270870,Skwentna,309,Cable,0.0,0.0,HIGH,
270870,Skwentna,309,Fiber,0.0,0.0,HIGH,
270870,Skwentna,309,All Satellite,1.0,1.0,HIGH,
270870,Skwentna,309,NGSO Satellite,1.0,1.0,HIGH,SATELLITE_AVAILABLE
271090,Sleetmute,52,Any Technology,1.0,1.0,MEDIUM,
271090,Sleetmute,52,All Wired,0.0,0.0,MEDIUM,NO_WIRED_25MBPS
271090,Sleetmute,52,Cable,0.0,0.0,MEDIUM,
271090,Sleetmute,52,Fiber,0.0,0.0,MEDIUM,
271090,Sleetmute,52,All Satellite,1.0,1.0,MEDIUM,
271090,Sleetmute,52,NGSO Satellite,1.0,1.0,MEDIUM,SATELLITE_AVAILABLE
271640,Soldotna,2630,Any Technology,1.0,1.0,HIGH,
271640,Soldotna,2630,All Wired,0.822813688,0.820912548,HIGH,
271640,Soldotna,2630,Cable,0.820912548,0.820912548,HIGH,
271640,Soldotna,2630,Fiber,0.003802281,0.003422053,HIGH,
271640,Soldotna,2630,All Satellite,1.0,1.0,HIGH,
271640,Soldotna,2630,NGSO Satellite,1.0,1.0,HIGH,SATELLITE_AVAILABLE
272135,South Lakes,2503,Any Technology,1.0,1.0,HIGH,
272135,South Lakes,2503,All Wired,0.953256093,0.917299241,HIGH,
272135,South Lakes,2503,Cable,0.837794646,0.837794646,HIGH,
272135,South Lakes,2503,Fiber,0.29165002,0.29165002,HIGH,
272135,South Lakes,2503,All Satellite,1.0,1.0,HIGH,
272135,South Lakes,2503,NGSO Satellite,1.0,1.0,HIGH,SATELLITE_AVAILABLE
272190,South Naknek,135,Any Technology,1.0,1.0,MEDIUM,
272190,South Naknek,135,All Wired,0.0,0.0,MEDIUM,NO_WIRED_25MBPS
272190,South Naknek,135,Cable,0.0,0.0,MEDIUM,
272190,South Naknek,135,Fiber,0.0,0.0,MEDIUM,
272190,South Naknek,135,All Satellite,1.0,1.0,MEDIUM,
272190,South Naknek,135,NGSO Satellite,1.0,1.0,MEDIUM,SATELLITE_AVAILABLE
272960,Stebbins,183,Any Technology,1.0,1.0,MEDIUM,
272960,Stebbins,183,All Wired,0.0,0.0,MEDIUM,NO_WIRED_25MBPS
272960,Stebbins,183,Cable,0.0,0.0,MEDIUM,
272960,Stebbins,183,Fiber,0.0,0.0,MEDIUM,
272960,Stebbins,183,All Satellite,1.0,1.0,MEDIUM,
272960,Stebbins,183,NGSO Satellite,1.0,1.0,MEDIUM,SATELLITE_AVAILABLE
273070,Sterling,4327,Any Technology,1.0,1.0,HIGH,
273070,Sterling,4327,All Wired,0.004391033,0.0,HIGH,
273070,Sterling,4327,Cable,0.0,0.0,HIGH,
273070,Sterling,4327,Fiber,0.000462214,0.0,HIGH,
273070,Sterling,4327,All Satellite,1.0,1.0,HIGH,
273070,Sterling,4327,NGSO Satellite,1.0,1.0,HIGH,SATELLITE_AVAILABLE
273290,Stevens Village,84,Any Technology,1.0,1.0,MEDIUM,
273290,Stevens Village,84,All Wired,0.0,0.0,MEDIUM,NO_WIRED_25MBPS
273290,Stevens Village,84,Cable,0.0,0.0,MEDIUM,
273290,Stevens Village,84,Fiber,0.0,0.0,MEDIUM,
273290,Stevens Village,84,All Satellite,1.0,1.0,MEDIUM,
273290,Stevens Village,84,NGSO Satellite,1.0,1.0,MEDIUM,SATELLITE_AVAILABLE
273400,Stony River,30,Any Technology,1.0,1.0,LOW,SMALL_SAMPLE
273400,Stony River,30,All Wired,0.0,0.0,LOW,NO_WIRED_25MBPS;SMALL_SAMPLE
273400,Stony River,30,Cable,0.0,0.0,LOW,SMALL_SAMPLE
273400,Stony River,30,Fiber,0.0,0.0,LOW,SMALL_SAMPLE
273400,Stony River,30,All Satellite,1.0,1.0,LOW,SMALL_SAMPLE
273400,Stony River,30,NGSO Satellite,1.0,1.0,LOW,SATELLITE_AVAILABLE;SMALL_SAMPLE
274340,Susitna,163,Any Technology,1.0,1.0,MEDIUM,
274340,Susitna,163,All Wired,0.0,0.0,MEDIUM,NO_WIRED_25MBPS
274340,Susitna,163,Cable,0.0,0.0,MEDIUM,
274340,Susitna,163,Fiber,0.0,0.0,MEDIUM,
274340,Susitna,163,All Satellite,1.0,1.0,MEDIUM,
274340,Susitna,163,NGSO Satellite,1.0,1.0,MEDIUM,SATELLITE_AVAILABLE
274350,Susitna North,1788,Any Technology,1.0,1.0,HIGH,
274350,Susitna North,1788,All Wired,0.403243848,0.171700224,HIGH,
274350,Susitna North,1788,Cable,0.0,0.0,HIGH,
274350,Susitna North,1788,Fiber,0.131991051,0.131991051,HIGH,
274350,Susitna North,1788,All Satellite,1.0,1.0,HIGH,
274350,Susitna North,1788,NGSO Satellite,1.0,1.0,HIGH,SATELLITE_AVAILABLE
274525,Sutton-Alpine,624,Any Technology,1.0,1.0,HIGH,
274525,Sutton-Alpine,624,All Wired,0.628205128,0.201923077,HIGH,
274525,Sutton-Alpine,624,Cable,0.0,0.0,HIGH,
274525,Sutton-Alpine,624,Fiber,0.043269231,0.043269231,HIGH,
274525,Sutton-Alpine,624,All Satellite,1.0,1.0,HIGH,
274525,Sutton-Alpine,624,NGSO Satellite,1.0,1.0,HIGH,SATELLITE_AVAILABLE
274610,Takotna,80,Any Technology,1.0,1.0,MEDIUM,
274610,Takotna,80,All Wired,0.0,0.0,MEDIUM,NO_WIRED_25MBPS
274610,Takotna,80,Cable,0.0,0.0,MEDIUM,
274610,Takotna,80,Fiber,0.0,0.0,MEDIUM,
274610,Takotna,80,All Satellite,1.0,1.0,MEDIUM,
274610,Takotna,80,NGSO Satellite,1.0,1.0,MEDIUM,SATELLITE_AVAILABLE
274830,Talkeetna,956,Any Technology,1.0,1.0,HIGH,
274830,Talkeetna,956,All Wired,0.54916318,0.194560669,HIGH,
274830,Talkeetna,956,Cable,0.0,0.0,HIGH,
274830,Talkeetna,956,Fiber,0.059623431,0.059623431,HIGH,
274830,Talkeetna,956,All Satellite,1.0,1.0,HIGH,
274830,Talkeetna,956,NGSO Satellite,1.0,1.0,HIGH,SATELLITE_AVAILABLE
275050,Tanacross,75,Any Technology,1.0,1.0,MEDIUM,
275050,Tanacross,75,All Wired,0.68,0.08,MEDIUM,
275050,Tanacross,75,Cable,0.0,0.0,MEDIUM,
275050,Tanacross,75,Fiber,0.08,0.08,MEDIUM,
275050,Tanacross,75,All Satellite,1.0,1.0,MEDIUM,
275050,Tanacross,75,NGSO Satellite,1.0,1.0,MEDIUM,SATELLITE_AVAILABLE
275077,Tanaina,3369,Any Technology,1.0,1.0,HIGH,
275077,Tanaina,3369,All Wired,0.970614426,0.903829029,HIGH,
275077,Tanaina,3369,Cable,0.810626299,0.810626299,HIGH,
275077,Tanaina,3369,Fiber,0.245473434,0.245473434,HIGH,
275077,Tanaina,3369,All Satellite,1.0,1.0,HIGH,
275077,Tanaina,3369,NGSO Satellite,1.0,1.0,HIGH,SATELLITE_AVAILABLE
275160,Tanana,219,Any Technology,1.0,1.0,HIGH,
275160,Tanana,219,All Wired,0.0,0.0,HIGH,NO_WIRED_25MBPS
275160,Tanana,219,Cable,0.0,0.0,HIGH,
275160,Tanana,219,Fiber,0.0,0.0,HIGH,
275160,Tanana,219,All Satellite,1.0,1.0,HIGH,
275160,Tanana,219,NGSO Satellite,1.0,1.0,HIGH,SATELLITE_AVAILABLE
275380,Tatitlek,55,Any Technology,1.0,1.0,MEDIUM,
275380,Tatitlek,55,All Wired,0.781818182,0.781818182,MEDIUM,
275380,Tatitlek,55,Cable,0.0,0.0,MEDIUM,
275380,Tatitlek,55,Fiber,0.781818182,0.781818182,MEDIUM,
275380,Tatitlek,55,All Satellite,1.0,1.0,MEDIUM,
275380,Tatitlek,55,NGSO Satellite,1.0,1.0,MEDIUM,SATELLITE_AVAILABLE
275480,Tazlina,360,Any Technology,1.0,1.0,HIGH,
275480,Tazlina,360,All Wired,0.988888889,0.988888889,HIGH,
275480,Tazlina,360,Cable,0.0,0.0,HIGH,
275480,Tazlina,360,Fiber,0.988888889,0.988888889,HIGH,
275480,Tazlina,360,All Satellite,1.0,1.0,HIGH,
275480,Tazlina,360,NGSO Satellite,1.0,1.0,HIGH,SATELLITE_AVAILABLE
275930,Teller,119,Any Technology,1.0,1.0,MEDIUM,
275930,Teller,119,All Wired,0.0,0.0,MEDIUM,NO_WIRED_25MBPS
275930,Teller,119,Cable,0.0,0.0,MEDIUM,
275930,Teller,119,Fiber,0.0,0.0,MEDIUM,
275930,Teller,119,All Satellite,1.0,1.0,MEDIUM,
275930,Teller,119,NGSO Satellite,1.0,1.0,MEDIUM,SATELLITE_AVAILABLE
276590,Tetlin,69,Any Technology,1.0,1.0,MEDIUM,
276590,Tetlin,69,All Wired,0.68115942,0.68115942,MEDIUM,
276590,Tetlin,69,Cable,0.0,0.0,MEDIUM,
276590,Tetlin,69,Fiber,0.68115942,0.68115942,MEDIUM,
276590,Tetlin,69,All Satellite,1.0,1.0,MEDIUM,
276590,Tetlin,69,NGSO Satellite,1.0,1.0,MEDIUM,SATELLITE_AVAILABLE
277690,Togiak,290,Any Technology,1.0,1.0,HIGH,
277690,Togiak,290,All Wired,0.0,0.0,HIGH,NO_WIRED_25MBPS
277690,Togiak,290,Cable,0.0,0.0,HIGH,
277690,Togiak,290,Fiber,0.0,0.0,HIGH,
277690,Togiak,290,All Satellite,1.0,1.0,HIGH,
277690,Togiak,290,NGSO Satellite,1.0,1.0,HIGH,SATELLITE_AVAILABLE
278240,Toksook Bay,184,Any Technology,1.0,1.0,MEDIUM,
278240,Toksook Bay,184,All Wired,0.0,0.0,MEDIUM,NO_WIRED_25MBPS
278240,Toksook Bay,184,Cable,0.0,0.0,MEDIUM,
278240,Toksook Bay,184,Fiber,0.0,0.0,MEDIUM,
278240,Toksook Bay,184,All Satellite,1.0,1.0,MEDIUM,
278240,Toksook Bay,184,NGSO Satellite,1.0,1.0,MEDIUM,SATELLITE_AVAILABLE
278680,Trapper Creek,707,Any Technology,1.0,1.0,HIGH,
278680,Trapper Creek,707,All Wired,0.145685997,0.048090523,HIGH,
278680,Trapper Creek,707,Cable,0.0,0.0,HIGH,
278680,Trapper Creek,707,Fiber,0.005657709,0.005657709,HIGH,
278680,Trapper Creek,707,All Satellite,1.0,1.0,HIGH,
278680,Trapper Creek,707,NGSO Satellite,1.0,1.0,HIGH,SATELLITE_AVAILABLE
278790,Tuluksak,119,Any Technology,1.0,1.0,MEDIUM,
278790,Tuluksak,119,All Wired,0.0,0.0,MEDIUM,NO_WIRED_25MBPS
278790,Tuluksak,119,Cable,0.0,0.0,MEDIUM,
278790,Tuluksak,119,Fiber,0.0,0.0,MEDIUM,
278790,Tuluksak,119,All Satellite,1.0,1.0,MEDIUM,
278790,Tuluksak,119,NGSO Satellite,1.0,1.0,MEDIUM,SATELLITE_AVAILABLE
279120,Tuntutuliak,323,Any Technology,1.0,1.0,HIGH,
279120,Tuntutuliak,323,All Wired,0.0,0.0,HIGH,NO_WIRED_25MBPS
279120,Tuntutuliak,323,Cable,0.0,0.0,HIGH,
279120,Tuntutuliak,323,Fiber,0.0,0.0,HIGH,
279120,Tuntutuliak,323,All Satellite,1.0,1.0,HIGH,
279120,Tuntutuliak,323,NGSO Satellite,1.0,1.0,HIGH,SATELLITE_AVAILABLE
279230,Tununak,53,Any Technology,1.0,1.0,MEDIUM,
279230,Tununak,53,All Wired,0.0,0.0,MEDIUM,NO_WIRED_25MBPS
279230,Tununak,53,Cable,0.0,0.0,MEDIUM,
279230,Tununak,53,Fiber,0.0,0.0,MEDIUM,
279230,Tununak,53,All Satellite,1.0,1.0,MEDIUM,
279230,Tununak,53,NGSO Satellite,1.0,1.0,MEDIUM,SATELLITE_AVAILABLE
279780,Twin Hills,68,Any Technology,1.0,1.0,MEDIUM,
279780,Twin Hills,68,All Wired,0.0,0.0,MEDIUM,NO_WIRED_25MBPS
279780,Twin Hills,68,Cable,0.0,0.0,MEDIUM,
279780,Twin Hills,68,Fiber,0.0,0.0,MEDIUM,
279780,Twin Hills,68,All Satellite,1.0,1.0,MEDIUM,
279780,Twin Hills,68,NGSO Satellite,1.0,1.0,MEDIUM,SATELLITE_AVAILABLE
279890,Tyonek,105,Any Technology,1.0,1.0,MEDIUM,
279890,Tyonek,105,All Wired,0.0,0.0,MEDIUM,NO_WIRED_25MBPS
279890,Tyonek,105,Cable,0.0,0.0,MEDIUM,
279890,Tyonek,105,Fiber,0.0,0.0,MEDIUM,
279890,Tyonek,105,All Satellite,1.0,1.0,MEDIUM,
279890,Tyonek,105,NGSO Satellite,1.0,1.0,MEDIUM,SATELLITE_AVAILABLE
280100,Ugashik,45,Any Technology,1.0,1.0,LOW,SMALL_SAMPLE
280100,Ugashik,45,All Wired,0.0,0.0,LOW,NO_WIRED_25MBPS;SMALL_SAMPLE
280100,Ugashik,45,Cable,0.0,0.0,LOW,SMALL_SAMPLE
280100,Ugashik,45,Fiber,0.0,0.0,LOW,SMALL_SAMPLE
280100,Ugashik,45,All Satellite,1.0,1.0,LOW,SMALL_SAMPLE
280100,Ugashik,45,NGSO Satellite,1.0,1.0,LOW,SATELLITE_AVAILABLE;SMALL_SAMPLE
280660,Unalakleet,444,Any Technology,1.0,1.0,HIGH,
280660,Unalakleet,444,All Wired,0.0,0.0,HIGH,NO_WIRED_25MBPS
280660,Unalakleet,444,Cable,0.0,0.0,HIGH,
280660,Unalakleet,444,Fiber,0.0,0.0,HIGH,
280660,Unalakleet,444,All Satellite,1.0,1.0,HIGH,
280660,Unalakleet,444,NGSO Satellite,1.0,1.0,HIGH,SATELLITE_AVAILABLE
280770,Unalaska,653,Any Technology,1.0,1.0,HIGH,
280770,Unalaska,653,All Wired,0.946401225,0.946401225,HIGH,
280770,Unalaska,653,Cable,0.0,0.0,HIGH,
280770,Unalaska,653,Fiber,0.946401225,0.946401225,HIGH,
280770,Unalaska,653,All Satellite,1.0,1.0,HIGH,
280770,Unalaska,653,NGSO Satellite,1.0,1.0,HIGH,SATELLITE_AVAILABLE
281320,Upper Kalskag,120,Any Technology,1.0,1.0,MEDIUM,
281320,Upper Kalskag,120,All Wired,0.0,0.0,MEDIUM,NO_WIRED_25MBPS
281320,Upper Kalskag,120,Cable,0.0,0.0,MEDIUM,
281320,Upper Kalskag,120,Fiber,0.0,0.0,MEDIUM,
281320,Upper Kalskag,120,All Satellite,1.0,1.0,MEDIUM,
281320,Upper Kalskag,120,NGSO Satellite,1.0,1.0,MEDIUM,SATELLITE_AVAILABLE
281920,Utqiaġvik,1539,Any Technology,1.0,1.0,HIGH,
281920,Utqiaġvik,1539,All Wired,0.976608187,0.976608187,HIGH,
281920,Utqiaġvik,1539,Cable,0.964912281,0.964912281,HIGH,
281920,Utqiaġvik,1539,Fiber,0.864197531,0.864197531,HIGH,
281920,Utqiaġvik,1539,All Satellite,1.0,1.0,HIGH,
281920,Utqiaġvik,1539,NGSO Satellite,1.0,1.0,HIGH,SATELLITE_AVAILABLE
282420,Venetie,174,Any Technology,1.0,1.0,MEDIUM,
282420,Venetie,174,All Wired,0.0,0.0,MEDIUM,NO_WIRED_25MBPS
282420,Venetie,174,Cable,0.0,0.0,MEDIUM,
282420,Venetie,174,Fiber,0.0,0.0,MEDIUM,
282420,Venetie,174,All Satellite,1.0,1.0,MEDIUM,
282420,Venetie,174,NGSO Satellite,1.0,1.0,MEDIUM,SATELLITE_AVAILABLE
282750,Wainwright,219,Any Technology,1.0,1.0,HIGH,
282750,Wainwright,219,All Wired,0.799086758,0.799086758,HIGH,
282750,Wainwright,219,Cable,0.0,0.0,HIGH,
282750,Wainwright,219,Fiber,0.799086758,0.799086758,HIGH,
282750,Wainwright,219,All Satellite,1.0,1.0,HIGH,
282750,Wainwright,219,NGSO Satellite,1.0,1.0,HIGH,SATELLITE_AVAILABLE
282860,Wales,85,Any Technology,1.0,1.0,MEDIUM,
282860,Wales,85,All Wired,0.0,0.0,MEDIUM,NO_WIRED_25MBPS
282860,Wales,85,Cable,0.0,0.0,MEDIUM,
282860,Wales,85,Fiber,0.0,0.0,MEDIUM,
282860,Wales,85,All Satellite,1.0,1.0,MEDIUM,
282860,Wales,85,NGSO Satellite,1.0,1.0,MEDIUM,SATELLITE_AVAILABLE
283080,Wasilla,5265,Any Technology,1.0,1.0,HIGH,
283080,Wasilla,5265,All Wired,0.934852802,0.919848053,HIGH,
283080,Wasilla,5265,Cable,0.888888889,0.888888889,HIGH,
283080,Wasilla,5265,Fiber,0.189553656,0.189553656,HIGH,
283080,Wasilla,5265,All Satellite,1.0,1.0,HIGH,
283080,Wasilla,5265,NGSO Satellite,1.0,1.0,HIGH,SATELLITE_AVAILABLE
284070,White Mountain,116,Any Technology,1.0,1.0,MEDIUM,
284070,White Mountain,116,All Wired,0.0,0.0,MEDIUM,NO_WIRED_25MBPS
284070,White Mountain,116,Cable,0.0,0.0,MEDIUM,
284070,White Mountain,116,Fiber,0.0,0.0,MEDIUM,
284070,White Mountain,116,All Satellite,1.0,1.0,MEDIUM,
284070,White Mountain,116,NGSO Satellite,1.0,1.0,MEDIUM,SATELLITE_AVAILABLE
285280,Willow,2550,Any Technology,1.0,1.0,HIGH,
285280,Willow,2550,All Wired,0.380784314,0.106666667,HIGH,
285280,Willow,2550,Cable,0.0,0.0,HIGH,
285280,Willow,2550,Fiber,0.036862745,0.036862745,HIGH,
285280,Willow,2550,All Satellite,1.0,1.0,HIGH,
285280,Willow,2550,NGSO Satellite,1.0,1.0,HIGH,SATELLITE_AVAILABLE
286380,Wrangell,562,Any Technology,1.0,1.0,HIGH,
286380,Wrangell,562,All Wired,1.0,1.0,HIGH,
286380,Wrangell,562,Cable,1.0,1.0,HIGH,
286380,Wrangell,562,Fiber,0.485765125,0.485765125,HIGH,
286380,Wrangell,562,All Satellite,1.0,1.0,HIGH,
286380,Wrangell,562,NGSO Satellite,1.0,1.0,HIGH,SATELLITE_AVAILABLE
286490,Yakutat,372,Any Technology,1.0,1.0,HIGH,
286490,Yakutat,372,All Wired,0.0,0.0,HIGH,NO_WIRED_25MBPS
286490,Yakutat,372,Cable,0.0,0.0,HIGH,
286490,Yakutat,372,Fiber,0.0,0.0,HIGH,
286490,Yakutat,372,All Satellite,1.0,1.0,HIGH,
286490,Yakutat,372,NGSO Satellite,1.0,1.0,HIGH,SATELLITE_AVAILABLE
200065,Adak,407,Any Technology,1.0,1.0,HIGH,
200065,Adak,407,All Wired,0.0,0.0,HIGH,NO_WIRED_25MBPS
200065,Adak,407,Cable,0.0,0.0,HIGH,
200065,Adak,407,Fiber,0.0,0.0,HIGH,
200065,Adak,407,All Satellite,1.0,1.0,HIGH,
200065,Adak,407,NGSO Satellite,1.0,1.0,HIGH,SATELLITE_AVAILABLE
200870,Akiak,6,Any Technology,1.0,1.0,LOW,SMALL_SAMPLE
200870,Akiak,6,All Wired,0.0,0.0,LOW,NO_WIRED_25MBPS;SMALL_SAMPLE
200870,Akiak,6,Cable,0.0,0.0,LOW,SMALL_SAMPLE
200870,Akiak,6,Fiber,0.0,0.0,LOW,SMALL_SAMPLE
200870,Akiak,6,All Satellite,1.0,1.0,LOW,SMALL_SAMPLE
200870,Akiak,6,NGSO Satellite,1.0,1.0,LOW,SATELLITE_AVAILABLE;SMALL_SAMPLE
201090,Akutan,2,Any Technology,1.0,1.0,LOW,SMALL_SAMPLE
201090,Akutan,2,All Wired,0.0,0.0,LOW,NO_WIRED_25MBPS;SMALL_SAMPLE
201090,Akutan,2,Cable,0.0,0.0,LOW,SMALL_SAMPLE
201090,Akutan,2,Fiber,0.0,0.0,LOW,SMALL_SAMPLE
201090,Akutan,2,All Satellite,1.0,1.0,LOW,SMALL_SAMPLE
201090,Akutan,2,NGSO Satellite,1.0,1.0,LOW,SATELLITE_AVAILABLE;SMALL_SAMPLE
201390,Alcan Border,22,Any Technology,1.0,1.0,LOW,SMALL_SAMPLE
201390,Alcan Border,22,All Wired,0.0,0.0,LOW,NO_WIRED_25MBPS;SMALL_SAMPLE
201390,Alcan Border,22,Cable,0.0,0.0,LOW,SMALL_SAMPLE
201390,Alcan Border,22,Fiber,0.0,0.0,LOW,SMALL_SAMPLE
201390,Alcan Border,22,All Satellite,1.0,1.0,LOW,SMALL_SAMPLE
201390,Alcan Border,22,NGSO Satellite,1.0,1.0,LOW,SATELLITE_AVAILABLE;SMALL_SAMPLE
201420,Aleknagik,20,Any Technology,1.0,1.0,LOW,SMALL_SAMPLE
201420,Aleknagik,20,All Wired,0.0,0.0,LOW,NO_WIRED_25MBPS;SMALL_SAMPLE
201420,Aleknagik,20,Cable,0.0,0.0,LOW,SMALL_SAMPLE
201420,Aleknagik,20,Fiber,0.0,0.0,LOW,SMALL_SAMPLE
201420,Aleknagik,20,All Satellite,1.0,1.0,LOW,SMALL_SAMPLE
201420,Aleknagik,20,NGSO Satellite,1.0,1.0,LOW,SATELLITE_AVAILABLE;SMALL_SAMPLE
201560,Aleneva,46,Any Technology,1.0,1.0,LOW,SMALL_SAMPLE
201560,Aleneva,46,All Wired,0.0,0.0,LOW,NO_WIRED_25MBPS;SMALL_SAMPLE
201560,Aleneva,46,Cable,0.0,0.0,LOW,SMALL_SAMPLE
201560,Aleneva,46,Fiber,0.0,0.0,LOW,SMALL_SAMPLE
201560,Aleneva,46,All Satellite,1.0,1.0,LOW,SMALL_SAMPLE
201560,Aleneva,46,NGSO Satellite,1.0,1.0,LOW,SATELLITE_AVAILABLE;SMALL_SAMPLE
203000,Anchorage,136518,Any Technology,1.0,1.0,HIGH,
203000,Anchorage,136518,All Wired,0.972216118,0.964349024,HIGH,
203000,Anchorage,136518,Cable,0.959609722,0.959609722,HIGH,
203000,Anchorage,136518,Fiber,0.05659327,0.050030033,HIGH,
203000,Anchorage,136518,All Satellite,1.0,1.0,HIGH,
203000,Anchorage,136518,NGSO Satellite,1.0,1.0,HIGH,SATELLITE_AVAILABLE
203220,Anderson,258,Any Technology,1.0,1.0,HIGH,
203220,Anderson,258,All Wired,0.755813953,0.089147287,HIGH,
203220,Anderson,258,Cable,0.0,0.0,HIGH,
203220,Anderson,258,Fiber,0.0,0.0,HIGH,
203220,Anderson,258,All Satellite,1.0,1.0,HIGH,
203220,Anderson,258,NGSO Satellite,1.0,1.0,HIGH,SATELLITE_AVAILABLE
204210,Atka,1,Any Technology,1.0,1.0,LOW,SMALL_SAMPLE
204210,Atka,1,All Wired,0.0,0.0,LOW,NO_WIRED_25MBPS;SMALL_SAMPLE
204210,Atka,1,Cable,0.0,0.0,LOW,SMALL_SAMPLE
204210,Atka,1,Fiber,0.0,0.0,LOW,SMALL_SAMPLE
204210,Atka,1,All Satellite,1.0,1.0,LOW,SMALL_SAMPLE
204210,Atka,1,NGSO Satellite,1.0,1.0,LOW,SATELLITE_AVAILABLE;SMALL_SAMPLE
204670,Attu Station,3,Any Technology,1.0,1.0,LOW,SMALL_SAMPLE
204670,Attu Station,3,All Wired,0.0,0.0,LOW,NO_WIRED_25MBPS;SMALL_SAMPLE
204670,Attu Station,3,Cable,0.0,0.0,LOW,SMALL_SAMPLE
204670,Attu Station,3,Fiber,0.0,0.0,LOW,SMALL_SAMPLE
204670,Attu Station,3,All Satellite,1.0,1.0,LOW,SMALL_SAMPLE
204670,Attu Station,3,NGSO Satellite,1.0,1.0,LOW,SATELLITE_AVAILABLE;SMALL_SAMPLE
205000,Badger,9812,Any Technology,1.0,1.0,HIGH,
205000,Badger,9812,All Wired,0.845189564,0.835201794,HIGH,
205000,Badger,9812,Cable,0.835201794,0.835201794,HIGH,
205000,Badger,9812,Fiber,0.003872809,0.003770893,HIGH,
205000,Badger,9812,All Satellite,1.0,1.0,HIGH,
205000,Badger,9812,NGSO Satellite,1.0,1.0,HIGH,SATELLITE_AVAILABLE
205585,Bear Creek,1082,Any Technology,1.0,1.0,HIGH,
205585,Bear Creek,1082,All Wired,0.982439926,0.814232902,HIGH,
205585,Bear Creek,1082,Cable,0.812384473,0.812384473,HIGH,
205585,Bear Creek,1082,Fiber,0.002772643,0.002772643,HIGH,
205585,Bear Creek,1082,All Satellite,1.0,1.0,HIGH,
205585,Bear Creek,1082,NGSO Satellite,1.0,1.0,HIGH,SATELLITE_AVAILABLE
206245,Beluga,51,Any Technology,1.0,1.0,MEDIUM,
206245,Beluga,51,All Wired,0.0,0.0,MEDIUM,NO_WIRED_25MBPS
206245,Beluga,51,Cable,0.0,0.0,MEDIUM,
206245,Beluga,51,Fiber,0.0,0.0,MEDIUM,
206245,Beluga,51,All Satellite,1.0,1.0,MEDIUM,
206245,Beluga,51,NGSO Satellite,1.0,1.0,MEDIUM,SATELLITE_AVAILABLE
206850,Big Delta,523,Any Technology,1.0,1.0,HIGH,
206850,Big Delta,523,All Wired,0.003824092,0.0,HIGH,
206850,Big Delta,523,Cable,0.0,0.0,HIGH,
206850,Big Delta,523,Fiber,0.0,0.0,HIGH,
206850,Big Delta,523,All Satellite,1.0,1.0,HIGH,
206850,Big Delta,523,NGSO Satellite,1.0,1.0,HIGH,SATELLITE_AVAILABLE
210150,Cantwell,1,Any Technology,1.0,1.0,LOW,SMALL_SAMPLE
210150,Cantwell,1,All Wired,0.0,0.0,LOW,NO_WIRED_25MBPS;SMALL_SAMPLE
210150,Cantwell,1,Cable,0.0,0.0,LOW,SMALL_SAMPLE
210150,Cantwell,1,Fiber,0.0,0.0,LOW,SMALL_SAMPLE
210150,Cantwell,1,All Satellite,1.0,1.0,LOW,SMALL_SAMPLE
210150,Cantwell,1,NGSO Satellite,1.0,1.0,LOW,SATELLITE_AVAILABLE;SMALL_SAMPLE
211690,Central,150,Any Technology,1.0,1.0,MEDIUM,
211690,Central,150,All Wired,0.0,0.0,MEDIUM,NO_WIRED_25MBPS
211690,Central,150,Cable,0.0,0.0,MEDIUM,
211690,Central,150,Fiber,0.0,0.0,MEDIUM,
211690,Central,150,All Satellite,1.0,1.0,MEDIUM,
211690,Central,150,NGSO Satellite,1.0,1.0,MEDIUM,SATELLITE_AVAILABLE
212920,Chena Ridge,3345,Any Technology,1.0,1.0,HIGH,
212920,Chena Ridge,3345,All Wired,0.746487294,0.68161435,HIGH,
212920,Chena Ridge,3345,Cable,0.609267564,0.609267564,HIGH,
212920,Chena Ridge,3345,Fiber,0.072346786,0.072346786,HIGH,
212920,Chena Ridge,3345,All Satellite,1.0,1.0,HIGH,
212920,Chena Ridge,3345,NGSO Satellite,1.0,1.0,HIGH,SATELLITE_AVAILABLE
213450,Chicken,28,Any Technology,1.0,1.0,LOW,SMALL_SAMPLE
213450,Chicken,28,All Wired,0.0,0.0,LOW,NO_WIRED_25MBPS;SMALL_SAMPLE
213450,Chicken,28,Cable,0.0,0.0,LOW,SMALL_SAMPLE
213450,Chicken,28,Fiber,0.0,0.0,LOW,SMALL_SAMPLE
213450,Chicken,28,All Satellite,1.0,1.0,LOW,SMALL_SAMPLE
213450,Chicken,28,NGSO Satellite,1.0,1.0,LOW,SATELLITE_AVAILABLE;SMALL_SAMPLE
213860,Chiniak,34,Any Technology,1.0,1.0,LOW,SMALL_SAMPLE
213860,Chiniak,34,All Wired,0.0,0.0,LOW,NO_WIRED_25MBPS;SMALL_SAMPLE
213860,Chiniak,34,Cable,0.0,0.0,LOW,SMALL_SAMPLE
213860,Chiniak,34,Fiber,0.0,0.0,LOW,SMALL_SAMPLE
213860,Chiniak,34,All Satellite,1.0,1.0,LOW,SMALL_SAMPLE
213860,Chiniak,34,NGSO Satellite,1.0,1.0,LOW,SATELLITE_AVAILABLE;SMALL_SAMPLE
213890,Chisana,2,Any Technology,1.0,1.0,LOW,SMALL_SAMPLE
213890,Chisana,2,All Wired,0.0,0.0,LOW,NO_WIRED_25MBPS;SMALL_SAMPLE
213890,Chisana,2,Cable,0.0,0.0,LOW,SMALL_SAMPLE
213890,Chisana,2,Fiber,0.0,0.0,LOW,SMALL_SAMPLE
213890,Chisana,2,All Satellite,1.0,1.0,LOW,SMALL_SAMPLE
213890,Chisana,2,NGSO Satellite,1.0,1.0,LOW,SATELLITE_AVAILABLE;SMALL_SAMPLE
214000,Chistochina,20,Any Technology,1.0,1.0,LOW,SMALL_SAMPLE
214000,Chistochina,20,All Wired,1.0,1.0,LOW,SMALL_SAMPLE
214000,Chistochina,20,Cable,0.0,0.0,LOW,SMALL_SAMPLE
214000,Chistochina,20,Fiber,1.0,1.0,LOW,SMALL_SAMPLE
214000,Chistochina,20,All Satellite,1.0,1.0,LOW,SMALL_SAMPLE
214000,Chistochina,20,NGSO Satellite,1.0,1.0,LOW,SATELLITE_AVAILABLE;SMALL_SAMPLE
214110,Chitina,52,Any Technology,1.0,1.0,MEDIUM,
214110,Chitina,52,All Wired,0.0,0.0,MEDIUM,NO_WIRED_25MBPS
214110,Chitina,52,Cable,0.0,0.0,MEDIUM,
214110,Chitina,52,Fiber,0.0,0.0,MEDIUM,
214110,Chitina,52,All Satellite,1.0,1.0,MEDIUM,
214110,Chitina,52,NGSO Satellite,1.0,1.0,MEDIUM,SATELLITE_AVAILABLE
216360,Coffman Cove,314,Any Technology,1.0,1.0,HIGH,
216360,Coffman Cove,314,All Wired,0.601910828,0.601910828,HIGH,
216360,Coffman Cove,314,Cable,0.0,0.0,HIGH,
216360,Coffman Cove,314,Fiber,0.601910828,0.601910828,HIGH,
216360,Coffman Cove,314,All Satellite,1.0,1.0,HIGH,
216360,Coffman Cove,314,NGSO Satellite,1.0,1.0,HIGH,SATELLITE_AVAILABLE
216530,Cold Bay,134,Any Technology,1.0,1.0,MEDIUM,
216530,Cold Bay,134,All Wired,0.0,0.0,MEDIUM,NO_WIRED_25MBPS
216530,Cold Bay,134,Cable,0.0,0.0,MEDIUM,
216530,Cold Bay,134,Fiber,0.0,0.0,MEDIUM,
216530,Cold Bay,134,All Satellite,1.0,1.0,MEDIUM,
216530,Cold Bay,134,NGSO Satellite,1.0,1.0,MEDIUM,SATELLITE_AVAILABLE
216630,Coldfoot,41,Any Technology,1.0,1.0,LOW,SMALL_SAMPLE
216630,Coldfoot,41,All Wired,0.0,0.0,LOW,NO_WIRED_25MBPS;SMALL_SAMPLE
216630,Coldfoot,41,Cable,0.0,0.0,LOW,SMALL_SAMPLE
216630,Coldfoot,41,Fiber,0.0,0.0,LOW,SMALL_SAMPLE
216630,Coldfoot,41,All Satellite,1.0,1.0,LOW,SMALL_SAMPLE
216630,Coldfoot,41,NGSO Satellite,1.0,1.0,LOW,SATELLITE_AVAILABLE;SMALL_SAMPLE
216750,College,6673,Any Technology,1.0,1.0,HIGH,
216750,College,6673,All Wired,0.879064888,0.858084819,HIGH,
216750,College,6673,Cable,0.854338379,0.854338379,HIGH,
216750,College,6673,Fiber,0.128577851,0.128577851,HIGH,
216750,College,6673,All Satellite,1.0,1.0,HIGH,
216750,College,6673,NGSO Satellite,1.0,1.0,HIGH,SATELLITE_AVAILABLE
217190,Cooper Landing,453,Any Technology,1.0,1.0,HIGH,
217190,Cooper Landing,453,All Wired,0.878587196,0.0,HIGH,
217190,Cooper Landing,453,Cable,0.0,0.0,HIGH,
217190,Cooper Landing,453,Fiber,0.0,0.0,HIGH,
217190,Cooper Landing,453,All Satellite,1.0,1.0,HIGH,
217190,Cooper Landing,453,NGSO Satellite,1.0,1.0,HIGH,SATELLITE_AVAILABLE
217410,Cordova,1185,Any Technology,1.0,1.0,HIGH,
217410,Cordova,1185,All Wired,0.949367089,0.029535865,HIGH,
217410,Cordova,1185,Cable,0.0,0.0,HIGH,
217410,Cordova,1185,Fiber,0.029535865,0.029535865,HIGH,
217410,Cordova,1185,All Satellite,1.0,1.0,HIGH,
217410,Cordova,1185,NGSO Satellite,1.0,1.0,HIGH,SATELLITE_AVAILABLE
217670,Covenant Life,24,Any Technology,1.0,1.0,LOW,SMALL_SAMPLE
217670,Covenant Life,24,All Wired,0.0,0.0,LOW,NO_WIRED_25MBPS;SMALL_SAMPLE
217670,Covenant Life,24,Cable,0.0,0.0,LOW,SMALL_SAMPLE
217670,Covenant Life,24,Fiber,0.0,0.0,LOW,SMALL_SAMPLE
217670,Covenant Life,24,All Satellite,1.0,1.0,LOW,SMALL_SAMPLE
217670,Covenant Life,24,NGSO Satellite,1.0,1.0,LOW,SATELLITE_AVAILABLE;SMALL_SAMPLE
217960,Crown Point,55,Any Technology,1.0,1.0,MEDIUM,
217960,Crown Point,55,All Wired,0.745454545,0.0,MEDIUM,
217960,Crown Point,55,Cable,0.0,0.0,MEDIUM,
217960,Crown Point,55,Fiber,0.0,0.0,MEDIUM,
217960,Crown Point,55,All Satellite,1.0,1.0,MEDIUM,
217960,Crown Point,55,NGSO Satellite,1.0,1.0,MEDIUM,SATELLITE_AVAILABLE
218620,Delta Junction,1102,Any Technology,1.0,1.0,HIGH,
218620,Delta Junction,1102,All Wired,0.029945554,0.0,HIGH,
218620,Delta Junction,1102,Cable,0.0,0.0,HIGH,
218620,Delta Junction,1102,Fiber,0.005444646,0.0,HIGH,
218620,Delta Junction,1102,All Satellite,1.0,1.0,HIGH,
218620,Delta Junction,1102,NGSO Satellite,1.0,1.0,HIGH,SATELLITE_AVAILABLE
218675,Deltana,1816,Any Technology,1.0,1.0,HIGH,
218675,Deltana,1816,All Wired,0.0,0.0,HIGH,NO_WIRED_25MBPS
218675,Deltana,1816,Cable,0.0,0.0,HIGH,
218675,Deltana,1816,Fiber,0.0,0.0,HIGH,
218675,Deltana,1816,All Satellite,1.0,1.0,HIGH,
218675,Deltana,1816,NGSO Satellite,1.0,1.0,HIGH,SATELLITE_AVAILABLE
218805,Denali Park,409,Any Technology,1.0,1.0,HIGH,
218805,Denali Park,409,All Wired,0.442542787,0.188264059,HIGH,
218805,Denali Park,409,Cable,0.0,0.0,HIGH,
218805,Denali Park,409,Fiber,0.034229829,0.034229829,HIGH,
218805,Denali Park,409,All Satellite,1.0,1.0,HIGH,
218805,Denali Park,409,NGSO Satellite,1.0,1.0,HIGH,SATELLITE_AVAILABLE
219720,Dot Lake,26,Any Technology,1.0,1.0,LOW,SMALL_SAMPLE
219720,Dot Lake,26,All Wired,0.5,0.153846154,LOW,SMALL_SAMPLE
219720,Dot Lake,26,Cable,0.0,0.0,LOW,SMALL_SAMPLE
219720,Dot Lake,26,Fiber,0.153846154,0.153846154,LOW,SMALL_SAMPLE
219720,Dot Lake,26,All Satellite,1.0,1.0,LOW,SMALL_SAMPLE
219720,Dot Lake,26,NGSO Satellite,1.0,1.0,LOW,SATELLITE_AVAILABLE;SMALL_SAMPLE
220020,Dry Creek,9,Any Technology,1.0,1.0,LOW,SMALL_SAMPLE
220020,Dry Creek,9,All Wired,0.0,0.0,LOW,NO_WIRED_25MBPS;SMALL_SAMPLE
220020,Dry Creek,9,Cable,0.0,0.0,LOW,SMALL_SAMPLE
220020,Dry Creek,9,Fiber,0.0,0.0,LOW,SMALL_SAMPLE
220020,Dry Creek,9,All Satellite,1.0,1.0,LOW,SMALL_SAMPLE
220020,Dry Creek,9,NGSO Satellite,1.0,1.0,LOW,SATELLITE_AVAILABLE;SMALL_SAMPLE
220380,Eagle,202,Any Technology,1.0,1.0,HIGH,
220380,Eagle,202,All Wired,0.0,0.0,HIGH,NO_WIRED_25MBPS
220380,Eagle,202,Cable,0.0,0.0,HIGH,
220380,Eagle,202,Fiber,0.0,0.0,HIGH,
220380,Eagle,202,All Satellite,1.0,1.0,HIGH,
220380,Eagle,202,NGSO Satellite,1.0,1.0,HIGH,SATELLITE_AVAILABLE
220716,Eareckson Station,1,Any Technology,1.0,1.0,LOW,SMALL_SAMPLE
220716,Eareckson Station,1,All Wired,0.0,0.0,LOW,NO_WIRED_25MBPS;SMALL_SAMPLE
220716,Eareckson Station,1,Cable,0.0,0.0,LOW,SMALL_SAMPLE
220716,Eareckson Station,1,Fiber,0.0,0.0,LOW,SMALL_SAMPLE
220716,Eareckson Station,1,All Satellite,1.0,1.0,LOW,SMALL_SAMPLE
220716,Eareckson Station,1,NGSO Satellite,1.0,1.0,LOW,SATELLITE_AVAILABLE;SMALL_SAMPLE
220970,Edna Bay,87,Any Technology,1.0,1.0,MEDIUM,
220970,Edna Bay,87,All Wired,0.0,0.0,MEDIUM,NO_WIRED_25MBPS
220970,Edna Bay,87,Cable,0.0,0.0,MEDIUM,
220970,Edna Bay,87,Fiber,0.0,0.0,MEDIUM,
220970,Edna Bay,87,All Satellite,1.0,1.0,MEDIUM,
220970,Edna Bay,87,NGSO Satellite,1.0,1.0,MEDIUM,SATELLITE_AVAILABLE
221370,Eielson AFB,829,Any Technology,1.0,1.0,HIGH,
221370,Eielson AFB,829,All Wired,0.0,0.0,HIGH,NO_WIRED_25MBPS
221370,Eielson AFB,829,Cable,0.0,0.0,HIGH,
221370,Eielson AFB,829,Fiber,0.0,0.0,HIGH,
221370,Eielson AFB,829,All Satellite,1.0,1.0,HIGH,
221370,Eielson AFB,829,NGSO Satellite,1.0,1.0,HIGH,SATELLITE_AVAILABLE
222140,Elfin Cove,43,Any Technology,1.0,1.0,LOW,SMALL_SAMPLE
222140,Elfin Cove,43,All Wired,0.0,0.0,LOW,NO_WIRED_25MBPS;SMALL_SAMPLE
222140,Elfin Cove,43,Cable,0.0,0.0,LOW,SMALL_SAMPLE
222140,Elfin Cove,43,Fiber,0.0,0.0,LOW,SMALL_SAMPLE
222140,Elfin Cove,43,All Satellite,1.0,1.0,LOW,SMALL_SAMPLE
222140,Elfin Cove,43,NGSO Satellite,1.0,1.0,LOW,SATELLITE_AVAILABLE;SMALL_SAMPLE
223460,Ester,1348,Any Technology,1.0,1.0,HIGH,
223460,Ester,1348,All Wired,0.628338279,0.545994065,HIGH,
223460,Ester,1348,Cable,0.545994065,0.545994065,HIGH,
223460,Ester,1348,Fiber,0.0,0.0,HIGH,
223460,Ester,1348,All Satellite,1.0,1.0,HIGH,
223460,Ester,1348,NGSO Satellite,1.0,1.0,HIGH,SATELLITE_AVAILABLE
223720,Eureka Roadhouse,100,Any Technology,1.0,1.0,MEDIUM,
223720,Eureka Roadhouse,100,All Wired,0.22,0.21,MEDIUM,
223720,Eureka Roadhouse,100,Cable,0.0,0.0,MEDIUM,
223720,Eureka Roadhouse,100,Fiber,0.21,0.21,MEDIUM,
223720,Eureka Roadhouse,100,All Satellite,1.0,1.0,MEDIUM,
223720,Eureka Roadhouse,100,NGSO Satellite,1.0,1.0,MEDIUM,SATELLITE_AVAILABLE
223790,Evansville,2,Any Technology,1.0,1.0,LOW,SMALL_SAMPLE
223790,Evansville,2,All Wired,0.0,0.0,LOW,NO_WIRED_25MBPS;SMALL_SAMPLE
223790,Evansville,2,Cable,0.0,0.0,LOW,SMALL_SAMPLE
223790,Evansville,2,Fiber,0.0,0.0,LOW,SMALL_SAMPLE
223790,Evansville,2,All Satellite,1.0,1.0,LOW,SMALL_SAMPLE
223790,Evansville,2,NGSO Satellite,1.0,1.0,LOW,SATELLITE_AVAILABLE;SMALL_SAMPLE
223900,Excursion Inlet,66,Any Technology,1.0,1.0,MEDIUM,
223900,Excursion Inlet,66,All Wired,0.0,0.0,MEDIUM,NO_WIRED_25MBPS
223900,Excursion Inlet,66,Cable,0.0,0.0,MEDIUM,
223900,Excursion Inlet,66,Fiber,0.0,0.0,MEDIUM,
223900,Excursion Inlet,66,All Satellite,1.0,1.0,MEDIUM,
223900,Excursion Inlet,66,NGSO Satellite,1.0,1.0,MEDIUM,SATELLITE_AVAILABLE
224230,Fairbanks,16766,Any Technology,1.0,1.0,HIGH,
224230,Fairbanks,16766,All Wired,0.970893475,0.970535608,HIGH,
224230,Fairbanks,16766,Cable,0.969819874,0.969819874,HIGH,
224230,Fairbanks,16766,Fiber,0.305081713,0.287069068,HIGH,
224230,Fairbanks,16766,All Satellite,1.0,1.0,HIGH,
224230,Fairbanks,16766,NGSO Satellite,1.0,1.0,HIGH,SATELLITE_AVAILABLE
224660,False Pass,7,Any Technology,1.0,1.0,LOW,SMALL_SAMPLE
224660,False Pass,7,All Wired,0.0,0.0,LOW,NO_WIRED_25MBPS;SMALL_SAMPLE
224660,False Pass,7,Cable,0.0,0.0,LOW,SMALL_SAMPLE
224660,False Pass,7,Fiber,0.0,0.0,LOW,SMALL_SAMPLE
224660,False Pass,7,All Satellite,1.0,1.0,LOW,SMALL_SAMPLE
224660,False Pass,7,NGSO Satellite,1.0,1.0,LOW,SATELLITE_AVAILABLE;SMALL_SAMPLE
224980,Farmers Loop,2742,Any Technology,1.0,1.0,HIGH,
224980,Farmers Loop,2742,All Wired,0.740700219,0.664113786,HIGH,
224980,Farmers Loop,2742,Cable,0.664113786,0.664113786,HIGH,
224980,Farmers Loop,2742,Fiber,0.001458789,0.001094092,HIGH,
224980,Farmers Loop,2742,All Satellite,1.0,1.0,HIGH,
224980,Farmers Loop,2742,NGSO Satellite,1.0,1.0,HIGH,SATELLITE_AVAILABLE
225220,Ferry,40,Any Technology,1.0,1.0,LOW,SMALL_SAMPLE
225220,Ferry,40,All Wired,0.0,0.0,LOW,NO_WIRED_25MBPS;SMALL_SAMPLE
225220,Ferry,40,Cable,0.0,0.0,LOW,SMALL_SAMPLE
225220,Ferry,40,Fiber,0.0,0.0,LOW,SMALL_SAMPLE
225220,Ferry,40,All Satellite,1.0,1.0,LOW,SMALL_SAMPLE
225220,Ferry,40,NGSO Satellite,1.0,1.0,LOW,SATELLITE_AVAILABLE;SMALL_SAMPLE
225880,Flat,25,Any Technology,1.0,1.0,LOW,SMALL_SAMPLE
225880,Flat,25,All Wired,0.0,0.0,LOW,NO_WIRED_25MBPS;SMALL_SAMPLE
225880,Flat,25,Cable,0.0,0.0,LOW,SMALL_SAMPLE
225880,Flat,25,Fiber,0.0,0.0,LOW,SMALL_SAMPLE
225880,Flat,25,All Satellite,1.0,1.0,LOW,SMALL_SAMPLE
225880,Flat,25,NGSO Satellite,1.0,1.0,LOW,SATELLITE_AVAILABLE;SMALL_SAMPLE
226835,Four Mile Road,32,Any Technology,1.0,1.0,LOW,SMALL_SAMPLE
226835,Four Mile Road,32,All Wired,0.0,0.0,LOW,NO_WIRED_25MBPS;SMALL_SAMPLE
226835,Four Mile Road,32,Cable,0.0,0.0,LOW,SMALL_SAMPLE
226835,Four Mile Road,32,Fiber,0.0,0.0,LOW,SMALL_SAMPLE
226835,Four Mile Road,32,All Satellite,1.0,1.0,LOW,SMALL_SAMPLE
226835,Four Mile Road,32,NGSO Satellite,1.0,1.0,LOW,SATELLITE_AVAILABLE;SMALL_SAMPLE
226870,Fox,395,Any Technology,1.0,1.0,HIGH,
226870,Fox,395,All Wired,0.35443038,0.0,HIGH,
226870,Fox,395,Cable,0.0,0.0,HIGH,
226870,Fox,395,Fiber,0.0,0.0,HIGH,
226870,Fox,395,All Satellite,1.0,1.0,HIGH,
226870,Fox,395,NGSO Satellite,1.0,1.0,HIGH,SATELLITE_AVAILABLE
227420,Gakona,33,Any Technology,1.0,1.0,LOW,SMALL_SAMPLE
227420,Gakona,33,All Wired,1.0,1.0,LOW,SMALL_SAMPLE
227420,Gakona,33,Cable,0.0,0.0,LOW,SMALL_SAMPLE
227420,Gakona,33,Fiber,1.0,1.0,LOW,SMALL_SAMPLE
227420,Gakona,33,All Satellite,1.0,1.0,LOW,SMALL_SAMPLE
227420,Gakona,33,NGSO Satellite,1.0,1.0,LOW,SATELLITE_AVAILABLE;SMALL_SAMPLE
227700,Game Creek,11,Any Technology,1.0,1.0,LOW,SMALL_SAMPLE
227700,Game Creek,11,All Wired,0.0,0.0,LOW,NO_WIRED_25MBPS;SMALL_SAMPLE
227700,Game Creek,11,Cable,0.0,0.0,LOW,SMALL_SAMPLE
227700,Game Creek,11,Fiber,0.0,0.0,LOW,SMALL_SAMPLE
227700,Game Creek,11,All Satellite,1.0,1.0,LOW,SMALL_SAMPLE
227700,Game Creek,11,NGSO Satellite,1.0,1.0,LOW,SATELLITE_AVAILABLE;SMALL_SAMPLE
228590,Glacier View,63,Any Technology,1.0,1.0,MEDIUM,
228590,Glacier View,63,All Wired,0.222222222,0.174603175,MEDIUM,
228590,Glacier View,63,Cable,0.0,0.0,MEDIUM,
228590,Glacier View,63,Fiber,0.111111111,0.111111111,MEDIUM,
228590,Glacier View,63,All Satellite,1.0,1.0,MEDIUM,
228590,Glacier View,63,NGSO Satellite,1.0,1.0,MEDIUM,SATELLITE_AVAILABLE
228740,Glennallen,457,Any Technology,1.0,1.0,HIGH,
228740,Glennallen,457,All Wired,0.969365427,0.967177243,HIGH,
228740,Glennallen,457,Cable,0.0,0.0,HIGH,
228740,Glennallen,457,Fiber,0.967177243,0.967177243,HIGH,
228740,Glennallen,457,All Satellite,1.0,1.0,HIGH,
228740,Glennallen,457,NGSO Satellite,1.0,1.0,HIGH,SATELLITE_AVAILABLE
229130,Goldstream,2152,Any Technology,1.0,1.0,HIGH,
229130,Goldstream,2152,All Wired,0.244888476,0.0,HIGH,
229130,Goldstream,2152,Cable,0.0,0.0,HIGH,
229130,Goldstream,2152,Fiber,0.0,0.0,HIGH,
229130,Goldstream,2152,All Satellite,1.0,1.0,HIGH,
229130,Goldstream,2152,NGSO Satellite,1.0,1.0,HIGH,SATELLITE_AVAILABLE
230500,Gulkana,13,Any Technology,1.0,1.0,LOW,SMALL_SAMPLE
230500,Gulkana,13,All Wired,0.846153846,0.846153846,LOW,SMALL_SAMPLE
230500,Gulkana,13,Cable,0.0,0.0,LOW,SMALL_SAMPLE
230500,Gulkana,13,Fiber,0.846153846,0.846153846,LOW,SMALL_SAMPLE
230500,Gulkana,13,All Satellite,1.0,1.0,LOW,SMALL_SAMPLE
230500,Gulkana,13,NGSO Satellite,1.0,1.0,LOW,SATELLITE_AVAILABLE;SMALL_SAMPLE
230940,Gustavus,761,Any Technology,1.0,1.0,HIGH,
230940,Gustavus,761,All Wired,0.813403417,0.813403417,HIGH,
230940,Gustavus,761,Cable,0.0,0.0,HIGH,
230940,Gustavus,761,Fiber,0.813403417,0.813403417,HIGH,
230940,Gustavus,761,All Satellite,1.0,1.0,HIGH,
230940,Gustavus,761,NGSO Satellite,1.0,1.0,HIGH,SATELLITE_AVAILABLE
231050,Haines,917,Any Technology,1.0,1.0,HIGH,
231050,Haines,917,All Wired,0.818974918,0.805888768,HIGH,
231050,Haines,917,Cable,0.0,0.0,HIGH,
231050,Haines,917,Fiber,0.805888768,0.805888768,HIGH,
231050,Haines,917,All Satellite,1.0,1.0,HIGH,
231050,Haines,917,NGSO Satellite,1.0,1.0,HIGH,SATELLITE_AVAILABLE
231270,Halibut Cove,157,Any Technology,1.0,1.0,MEDIUM,
231270,Halibut Cove,157,All Wired,0.0,0.0,MEDIUM,NO_WIRED_25MBPS
231270,Halibut Cove,157,Cable,0.0,0.0,MEDIUM,
231270,Halibut Cove,157,Fiber,0.0,0.0,MEDIUM,
231270,Halibut Cove,157,All Satellite,1.0,1.0,MEDIUM,
231270,Halibut Cove,157,NGSO Satellite,1.0,1.0,MEDIUM,SATELLITE_AVAILABLE
231765,Harding-Birch Lakes,798,Any Technology,1.0,1.0,HIGH,
231765,Harding-Birch Lakes,798,All Wired,0.268170426,0.0,HIGH,
231765,Harding-Birch Lakes,798,Cable,0.0,0.0,HIGH,
231765,Harding-Birch Lakes,798,Fiber,0.0,0.0,HIGH,
231765,Harding-Birch Lakes,798,All Satellite,1.0,1.0,HIGH,
231765,Harding-Birch Lakes,798,NGSO Satellite,1.0,1.0,HIGH,SATELLITE_AVAILABLE
232150,Healy,822,Any Technology,1.0,1.0,HIGH,
232150,Healy,822,All Wired,0.459854015,0.344282238,HIGH,
232150,Healy,822,Cable,0.0,0.0,HIGH,
232150,Healy,822,Fiber,0.276155718,0.276155718,HIGH,
232150,Healy,822,All Satellite,1.0,1.0,HIGH,
232150,Healy,822,NGSO Satellite,1.0,1.0,HIGH,SATELLITE_AVAILABLE
232550,Hobart Bay,7,Any Technology,1.0,1.0,LOW,SMALL_SAMPLE
232550,Hobart Bay,7,All Wired,0.0,0.0,LOW,NO_WIRED_25MBPS;SMALL_SAMPLE
232550,Hobart Bay,7,Cable,0.0,0.0,LOW,SMALL_SAMPLE
232550,Hobart Bay,7,Fiber,0.0,0.0,LOW,SMALL_SAMPLE
232550,Hobart Bay,7,All Satellite,1.0,1.0,LOW,SMALL_SAMPLE
232550,Hobart Bay,7,NGSO Satellite,1.0,1.0,LOW,SATELLITE_AVAILABLE;SMALL_SAMPLE
232810,Hollis,83,Any Technology,1.0,1.0,MEDIUM,
232810,Hollis,83,All Wired,0.542168675,0.397590361,MEDIUM,
232810,Hollis,83,Cable,0.0,0.0,MEDIUM,
232810,Hollis,83,Fiber,0.397590361,0.397590361,MEDIUM,
232810,Hollis,83,All Satellite,1.0,1.0,MEDIUM,
232810,Hollis,83,NGSO Satellite,1.0,1.0,MEDIUM,SATELLITE_AVAILABLE
233580,Hope,237,Any Technology,1.0,1.0,HIGH,
233580,Hope,237,All Wired,0.23628692,0.0,HIGH,
233580,Hope,237,Cable,0.0,0.0,HIGH,
233580,Hope,237,Fiber,0.0,0.0,HIGH,
233580,Hope,237,All Satellite,1.0,1.0,HIGH,
233580,Hope,237,NGSO Satellite,1.0,1.0,HIGH,SATELLITE_AVAILABLE
234570,Hyder,71,Any Technology,1.0,1.0,MEDIUM,
234570,Hyder,71,All Wired,0.0,0.0,MEDIUM,NO_WIRED_25MBPS
234570,Hyder,71,Cable,0.0,0.0,MEDIUM,
234570,Hyder,71,Fiber,0.0,0.0,MEDIUM,
234570,Hyder,71,All Satellite,1.0,1.0,MEDIUM,
234570,Hyder,71,NGSO Satellite,1.0,1.0,MEDIUM,SATELLITE_AVAILABLE
236400,Juneau,13834,Any Technology,1.0,1.0,HIGH,
236400,Juneau,13834,All Wired,0.970868874,0.970001446,HIGH,
236400,Juneau,13834,Cable,0.970001446,0.970001446,HIGH,
236400,Juneau,13834,Fiber,0.008746566,0.007083996,HIGH,
236400,Juneau,13834,All Satellite,1.0,1.0,HIGH,
236400,Juneau,13834,NGSO Satellite,1.0,1.0,HIGH,SATELLITE_AVAILABLE
238910,Kenny Lake,387,Any Technology,1.0,1.0,HIGH,
238910,Kenny Lake,387,All Wired,0.989664083,0.989664083,HIGH,
238910,Kenny Lake,387,Cable,0.0,0.0,HIGH,
238910,Kenny Lake,387,Fiber,0.989664083,0.989664083,HIGH,
238910,Kenny Lake,387,All Satellite,1.0,1.0,HIGH,
238910,Kenny Lake,387,NGSO Satellite,1.0,1.0,HIGH,SATELLITE_AVAILABLE
238970,Ketchikan,8,Any Technology,1.0,1.0,LOW,SMALL_SAMPLE
238970,Ketchikan,8,All Wired,1.0,1.0,LOW,SMALL_SAMPLE
238970,Ketchikan,8,Cable,1.0,1.0,LOW,SMALL_SAMPLE
238970,Ketchikan,8,Fiber,0.875,0.875,LOW,SMALL_SAMPLE
238970,Ketchikan,8,All Satellite,1.0,1.0,LOW,SMALL_SAMPLE
238970,Ketchikan,8,NGSO Satellite,1.0,1.0,LOW,SATELLITE_AVAILABLE;SMALL_SAMPLE
239410,King Cove,3,Any Technology,1.0,1.0,LOW,SMALL_SAMPLE
239410,King Cove,3,All Wired,0.0,0.0,LOW,NO_WIRED_25MBPS;SMALL_SAMPLE
239410,King Cove,3,Cable,0.0,0.0,LOW,SMALL_SAMPLE
239410,King Cove,3,Fiber,0.0,0.0,LOW,SMALL_SAMPLE
239410,King Cove,3,All Satellite,1.0,1.0,LOW,SMALL_SAMPLE
239410,King Cove,3,NGSO Satellite,1.0,1.0,LOW,SATELLITE_AVAILABLE;SMALL_SAMPLE
239630,King Salmon,236,Any Technology,1.0,1.0,HIGH,
239630,King Salmon,236,All Wired,0.021186441,0.0,HIGH,
239630,King Salmon,236,Cable,0.0,0.0,HIGH,
239630,King Salmon,236,Fiber,0.0,0.0,HIGH,
239630,King Salmon,236,All Satellite,1.0,1.0,HIGH,
239630,King Salmon,236,NGSO Satellite,1.0,1.0,HIGH,SATELLITE_AVAILABLE
240400,Klawock,157,Any Technology,1.0,1.0,MEDIUM,
240400,Klawock,157,All Wired,0.751592357,0.751592357,MEDIUM,
240400,Klawock,157,Cable,0.0,0.0,MEDIUM,
240400,Klawock,157,Fiber,0.751592357,0.751592357,MEDIUM,
240400,Klawock,157,All Satellite,1.0,1.0,MEDIUM,
240400,Klawock,157,NGSO Satellite,1.0,1.0,MEDIUM,SATELLITE_AVAILABLE
240510,Klukwan,2,Any Technology,1.0,1.0,LOW,SMALL_SAMPLE
240510,Klukwan,2,All Wired,1.0,0.0,LOW,SMALL_SAMPLE
240510,Klukwan,2,Cable,0.0,0.0,LOW,SMALL_SAMPLE
240510,Klukwan,2,Fiber,0.0,0.0,LOW,SMALL_SAMPLE
240510,Klukwan,2,All Satellite,1.0,1.0,LOW,SMALL_SAMPLE
240510,Klukwan,2,NGSO Satellite,1.0,1.0,LOW,SATELLITE_AVAILABLE;SMALL_SAMPLE
240950,Kodiak,2568,Any Technology,1.0,1.0,HIGH,
240950,Kodiak,2568,All Wired,0.992601246,0.992601246,HIGH,
240950,Kodiak,2568,Cable,0.992601246,0.992601246,HIGH,
240950,Kodiak,2568,Fiber,0.000778816,0.0,HIGH,
240950,Kodiak,2568,All Satellite,1.0,1.0,HIGH,
240950,Kodiak,2568,NGSO Satellite,1.0,1.0,HIGH,SATELLITE_AVAILABLE
241210,Kodiak Station,798,Any Technology,1.0,1.0,HIGH,
241210,Kodiak Station,798,All Wired,0.893483709,0.893483709,HIGH,
241210,Kodiak Station,798,Cable,0.893483709,0.893483709,HIGH,
241210,Kodiak Station,798,Fiber,0.0,0.0,HIGH,
241210,Kodiak Station,798,All Satellite,1.0,1.0,HIGH,
241210,Kodiak Station,798,NGSO Satellite,1.0,1.0,HIGH,SATELLITE_AVAILABLE
242160,Kupreanof,18,Any Technology,1.0,1.0,LOW,SMALL_SAMPLE
242160,Kupreanof,18,All Wired,0.0,0.0,LOW,NO_WIRED_25MBPS;SMALL_SAMPLE
242160,Kupreanof,18,Cable,0.0,0.0,LOW,SMALL_SAMPLE
242160,Kupreanof,18,Fiber,0.0,0.0,LOW,SMALL_SAMPLE
242160,Kupreanof,18,All Satellite,1.0,1.0,LOW,SMALL_SAMPLE
242160,Kupreanof,18,NGSO Satellite,1.0,1.0,LOW,SATELLITE_AVAILABLE;SMALL_SAMPLE
242805,Lake Louise,159,Any Technology,1.0,1.0,MEDIUM,
242805,Lake Louise,159,All Wired,0.0,0.0,MEDIUM,NO_WIRED_25MBPS
242805,Lake Louise,159,Cable,0.0,0.0,MEDIUM,
242805,Lake Louise,159,Fiber,0.0,0.0,MEDIUM,
242805,Lake Louise,159,All Satellite,1.0,1.0,MEDIUM,
242805,Lake Louise,159,NGSO Satellite,1.0,1.0,MEDIUM,SATELLITE_AVAILABLE
242820,Lake Minchumina,13,Any Technology,1.0,1.0,LOW,SMALL_SAMPLE
242820,Lake Minchumina,13,All Wired,0.0,0.0,LOW,NO_WIRED_25MBPS;SMALL_SAMPLE
242820,Lake Minchumina,13,Cable,0.0,0.0,LOW,SMALL_SAMPLE
242820,Lake Minchumina,13,Fiber,0.0,0.0,LOW,SMALL_SAMPLE
242820,Lake Minchumina,13,All Satellite,1.0,1.0,LOW,SMALL_SAMPLE
242820,Lake Minchumina,13,NGSO Satellite,1.0,1.0,LOW,SATELLITE_AVAILABLE;SMALL_SAMPLE
244580,Livengood,95,Any Technology,1.0,1.0,MEDIUM,
244580,Livengood,95,All Wired,0.357894737,0.0,MEDIUM,
244580,Livengood,95,Cable,0.0,0.0,MEDIUM,
244580,Livengood,95,Fiber,0.0,0.0,MEDIUM,
244580,Livengood,95,All Satellite,1.0,1.0,MEDIUM,
244580,Livengood,95,NGSO Satellite,1.0,1.0,MEDIUM,SATELLITE_AVAILABLE
245020,Loring,5,Any Technology,1.0,1.0,LOW,SMALL_SAMPLE
245020,Loring,5,All Wired,0.0,0.0,LOW,NO_WIRED_25MBPS;SMALL_SAMPLE
245020,Loring,5,Cable,0.0,0.0,LOW,SMALL_SAMPLE
245020,Loring,5,Fiber,0.0,0.0,LOW,SMALL_SAMPLE
245020,Loring,5,All Satellite,1.0,1.0,LOW,SMALL_SAMPLE
245020,Loring,5,NGSO Satellite,1.0,1.0,LOW,SATELLITE_AVAILABLE;SMALL_SAMPLE
245295,Lowell Point,74,Any Technology,1.0,1.0,MEDIUM,
245295,Lowell Point,74,All Wired,0.810810811,0.027027027,MEDIUM,
245295,Lowell Point,74,Cable,0.0,0.0,MEDIUM,
245295,Lowell Point,74,Fiber,0.027027027,0.027027027,MEDIUM,
245295,Lowell Point,74,All Satellite,1.0,1.0,MEDIUM,
245295,Lowell Point,74,NGSO Satellite,1.0,1.0,MEDIUM,SATELLITE_AVAILABLE
245700,Lutak,47,Any Technology,1.0,1.0,LOW,SMALL_SAMPLE
245700,Lutak,47,All Wired,0.893617021,0.893617021,LOW,SMALL_SAMPLE
245700,Lutak,47,Cable,0.0,0.0,LOW,SMALL_SAMPLE
245700,Lutak,47,Fiber,0.893617021,0.893617021,LOW,SMALL_SAMPLE
245700,Lutak,47,All Satellite,1.0,1.0,LOW,SMALL_SAMPLE
245700,Lutak,47,NGSO Satellite,1.0,1.0,LOW,SATELLITE_AVAILABLE;SMALL_SAMPLE
245790,McCarthy,328,Any Technology,1.0,1.0,HIGH,
245790,McCarthy,328,All Wired,0.0,0.0,HIGH,NO_WIRED_25MBPS
245790,McCarthy,328,Cable,0.0,0.0,HIGH,
245790,McCarthy,328,Fiber,0.0,0.0,HIGH,
245790,McCarthy,328,All Satellite,1.0,1.0,HIGH,
245790,McCarthy,328,NGSO Satellite,1.0,1.0,HIGH,SATELLITE_AVAILABLE
246890,Manokotak,49,Any Technology,1.0,1.0,LOW,SMALL_SAMPLE
246890,Manokotak,49,All Wired,0.0,0.0,LOW,NO_WIRED_25MBPS;SMALL_SAMPLE
246890,Manokotak,49,Cable,0.0,0.0,LOW,SMALL_SAMPLE
246890,Manokotak,49,Fiber,0.0,0.0,LOW,SMALL_SAMPLE
246890,Manokotak,49,All Satellite,1.0,1.0,LOW,SMALL_SAMPLE
246890,Manokotak,49,NGSO Satellite,1.0,1.0,LOW,SATELLITE_AVAILABLE;SMALL_SAMPLE
248200,Mendeltna,61,Any Technology,1.0,1.0,MEDIUM,
248200,Mendeltna,61,All Wired,0.803278689,0.803278689,MEDIUM,
248200,Mendeltna,61,Cable,0.0,0.0,MEDIUM,
248200,Mendeltna,61,Fiber,0.803278689,0.803278689,MEDIUM,
248200,Mendeltna,61,All Satellite,1.0,1.0,MEDIUM,
248200,Mendeltna,61,NGSO Satellite,1.0,1.0,MEDIUM,SATELLITE_AVAILABLE
248540,Mentasta Lake,47,Any Technology,1.0,1.0,LOW,SMALL_SAMPLE
248540,Mentasta Lake,47,All Wired,0.446808511,0.446808511,LOW,SMALL_SAMPLE
248540,Mentasta Lake,47,Cable,0.0,0.0,LOW,SMALL_SAMPLE
248540,Mentasta Lake,47,Fiber,0.446808511,0.446808511,LOW,SMALL_SAMPLE
248540,Mentasta Lake,47,All Satellite,1.0,1.0,LOW,SMALL_SAMPLE
248540,Mentasta Lake,47,NGSO Satellite,1.0,1.0,LOW,SATELLITE_AVAILABLE;SMALL_SAMPLE
249200,Mill Bay,1666,Any Technology,1.0,1.0,HIGH,
249200,Mill Bay,1666,All Wired,0.99759904,0.99759904,HIGH,
249200,Mill Bay,1666,Cable,0.99759904,0.99759904,HIGH,
249200,Mill Bay,1666,Fiber,0.0,0.0,HIGH,
249200,Mill Bay,1666,All Satellite,1.0,1.0,HIGH,
249200,Mill Bay,1666,NGSO Satellite,1.0,1.0,HIGH,SATELLITE_AVAILABLE
250080,Moose Creek,331,Any Technology,1.0,1.0,HIGH,
250080,Moose Creek,331,All Wired,0.987915408,0.987915408,HIGH,
250080,Moose Creek,331,Cable,0.987915408,0.987915408,HIGH,
250080,Moose Creek,331,Fiber,0.0,0.0,HIGH,
250080,Moose Creek,331,All Satellite,1.0,1.0,HIGH,
250080,Moose Creek,331,NGSO Satellite,1.0,1.0,HIGH,SATELLITE_AVAILABLE
250190,Moose Pass,179,Any Technology,1.0,1.0,MEDIUM,
250190,Moose Pass,179,All Wired,0.832402235,0.0,MEDIUM,
250190,Moose Pass,179,Cable,0.0,0.0,MEDIUM,
250190,Moose Pass,179,Fiber,0.0,0.0,MEDIUM,
250190,Moose Pass,179,All Satellite,1.0,1.0,MEDIUM,
250190,Moose Pass,179,NGSO Satellite,1.0,1.0,MEDIUM,SATELLITE_AVAILABLE
250800,Mosquito Lake,173,Any Technology,1.0,1.0,MEDIUM,
250800,Mosquito Lake,173,All Wired,0.10982659,0.0,MEDIUM,
250800,Mosquito Lake,173,Cable,0.0,0.0,MEDIUM,
250800,Mosquito Lake,173,Fiber,0.0,0.0,MEDIUM,
250800,Mosquito Lake,173,All Satellite,1.0,1.0,MEDIUM,
250800,Mosquito Lake,173,NGSO Satellite,1.0,1.0,MEDIUM,SATELLITE_AVAILABLE
251455,Mud Bay,135,Any Technology,1.0,1.0,MEDIUM,
251455,Mud Bay,135,All Wired,0.681481481,0.0,MEDIUM,
251455,Mud Bay,135,Cable,0.0,0.0,MEDIUM,
251455,Mud Bay,135,Fiber,0.0,0.0,MEDIUM,
251455,Mud Bay,135,All Satellite,1.0,1.0,MEDIUM,
251455,Mud Bay,135,NGSO Satellite,1.0,1.0,MEDIUM,SATELLITE_AVAILABLE
251960,Nabesna,16,Any Technology,1.0,1.0,LOW,SMALL_SAMPLE
251960,Nabesna,16,All Wired,0.0,0.0,LOW,NO_WIRED_25MBPS;SMALL_SAMPLE
251960,Nabesna,16,Cable,0.0,0.0,LOW,SMALL_SAMPLE
251960,Nabesna,16,Fiber,0.0,0.0,LOW,SMALL_SAMPLE
251960,Nabesna,16,All Satellite,1.0,1.0,LOW,SMALL_SAMPLE
251960,Nabesna,16,NGSO Satellite,1.0,1.0,LOW,SATELLITE_AVAILABLE;SMALL_SAMPLE
252845,Naukati Bay,148,Any Technology,1.0,1.0,MEDIUM,
252845,Naukati Bay,148,All Wired,0.621621622,0.0,MEDIUM,
252845,Naukati Bay,148,Cable,0.0,0.0,MEDIUM,
252845,Naukati Bay,148,Fiber,0.0,0.0,MEDIUM,
252845,Naukati Bay,148,All Satellite,1.0,1.0,MEDIUM,
252845,Naukati Bay,148,NGSO Satellite,1.0,1.0,MEDIUM,SATELLITE_AVAILABLE
252915,Nelchina,89,Any Technology,1.0,1.0,MEDIUM,
252915,Nelchina,89,All Wired,0.898876404,0.865168539,MEDIUM,
252915,Nelchina,89,Cable,0.0,0.0,MEDIUM,
252915,Nelchina,89,Fiber,0.865168539,0.865168539,MEDIUM,
252915,Nelchina,89,All Satellite,1.0,1.0,MEDIUM,
252915,Nelchina,89,NGSO Satellite,1.0,1.0,MEDIUM,SATELLITE_AVAILABLE
252940,Nelson Lagoon,2,Any Technology,1.0,1.0,LOW,SMALL_SAMPLE
252940,Nelson Lagoon,2,All Wired,0.0,0.0,LOW,NO_WIRED_25MBPS;SMALL_SAMPLE
252940,Nelson Lagoon,2,Cable,0.0,0.0,LOW,SMALL_SAMPLE
252940,Nelson Lagoon,2,Fiber,0.0,0.0,LOW,SMALL_SAMPLE
252940,Nelson Lagoon,2,All Satellite,1.0,1.0,LOW,SMALL_SAMPLE
252940,Nelson Lagoon,2,NGSO Satellite,1.0,1.0,LOW,SATELLITE_AVAILABLE;SMALL_SAMPLE
254920,Nome,34,Any Technology,1.0,1.0,LOW,SMALL_SAMPLE
254920,Nome,34,All Wired,0.911764706,0.882352941,LOW,SMALL_SAMPLE
254920,Nome,34,Cable,0.882352941,0.882352941,LOW,SMALL_SAMPLE
254920,Nome,34,Fiber,0.0,0.0,LOW,SMALL_SAMPLE
254920,Nome,34,All Satellite,1.0,1.0,LOW,SMALL_SAMPLE
254920,Nome,34,NGSO Satellite,1.0,1.0,LOW,SATELLITE_AVAILABLE;SMALL_SAMPLE
255910,North Pole,1451,Any Technology,1.0,1.0,HIGH,
255910,North Pole,1451,All Wired,0.908339076,0.904893177,HIGH,
255910,North Pole,1451,Cable,0.904893177,0.904893177,HIGH,
255910,North Pole,1451,Fiber,0.0,0.0,HIGH,
255910,North Pole,1451,All Satellite,1.0,1.0,HIGH,
255910,North Pole,1451,NGSO Satellite,1.0,1.0,HIGH,SATELLITE_AVAILABLE
256220,Northway,4,Any Technology,1.0,1.0,LOW,SMALL_SAMPLE
256220,Northway,4,All Wired,0.0,0.0,LOW,NO_WIRED_25MBPS;SMALL_SAMPLE
256220,Northway,4,Cable,0.0,0.0,LOW,SMALL_SAMPLE
256220,Northway,4,Fiber,0.0,0.0,LOW,SMALL_SAMPLE
256220,Northway,4,All Satellite,1.0,1.0,LOW,SMALL_SAMPLE
256220,Northway,4,NGSO Satellite,1.0,1.0,LOW,SATELLITE_AVAILABLE;SMALL_SAMPLE
259320,Paxson,211,Any Technology,1.0,1.0,HIGH,
259320,Paxson,211,All Wired,0.236966825,0.236966825,HIGH,
259320,Paxson,211,Cable,0.0,0.0,HIGH,
259320,Paxson,211,Fiber,0.236966825,0.236966825,HIGH,
259320,Paxson,211,All Satellite,1.0,1.0,HIGH,
259320,Paxson,211,NGSO Satellite,1.0,1.0,HIGH,SATELLITE_AVAILABLE
259650,Pelican,102,Any Technology,1.0,1.0,MEDIUM,
259650,Pelican,102,All Wired,0.0,0.0,MEDIUM,NO_WIRED_25MBPS
259650,Pelican,102,Cable,0.0,0.0,MEDIUM,
259650,Pelican,102,Fiber,0.0,0.0,MEDIUM,
259650,Pelican,102,All Satellite,1.0,1.0,MEDIUM,
259650,Pelican,102,NGSO Satellite,1.0,1.0,MEDIUM,SATELLITE_AVAILABLE
260310,Petersburg,394,Any Technology,1.0,1.0,HIGH,
260310,Petersburg,394,All Wired,0.949238579,0.939086294,HIGH,
260310,Petersburg,394,Cable,0.934010152,0.934010152,HIGH,
260310,Petersburg,394,Fiber,0.07106599,0.07106599,HIGH,
260310,Petersburg,394,All Satellite,1.0,1.0,HIGH,
260310,Petersburg,394,NGSO Satellite,1.0,1.0,HIGH,SATELLITE_AVAILABLE
260460,Petersville,18,Any Technology,1.0,1.0,LOW,SMALL_SAMPLE
260460,Petersville,18,All Wired,0.0,0.0,LOW,NO_WIRED_25MBPS;SMALL_SAMPLE
260460,Petersville,18,Cable,0.0,0.0,LOW,SMALL_SAMPLE
260460,Petersville,18,Fiber,0.0,0.0,LOW,SMALL_SAMPLE
260460,Petersville,18,All Satellite,1.0,1.0,LOW,SMALL_SAMPLE
260460,Petersville,18,NGSO Satellite,1.0,1.0,LOW,SATELLITE_AVAILABLE;SMALL_SAMPLE
260640,Pilot Point,4,Any Technology,1.0,1.0,LOW,SMALL_SAMPLE
260640,Pilot Point,4,All Wired,0.0,0.0,LOW,NO_WIRED_25MBPS;SMALL_SAMPLE
260640,Pilot Point,4,Cable,0.0,0.0,LOW,SMALL_SAMPLE
260640,Pilot Point,4,Fiber,0.0,0.0,LOW,SMALL_SAMPLE
260640,Pilot Point,4,All Satellite,1.0,1.0,LOW,SMALL_SAMPLE
260640,Pilot Point,4,NGSO Satellite,1.0,1.0,LOW,SATELLITE_AVAILABLE;SMALL_SAMPLE
261120,Pleasant Valley,481,Any Technology,1.0,1.0,HIGH,
261120,Pleasant Valley,481,All Wired,0.0,0.0,HIGH,NO_WIRED_25MBPS
261120,Pleasant Valley,481,Cable,0.0,0.0,HIGH,
261120,Pleasant Valley,481,Fiber,0.0,0.0,HIGH,
261120,Pleasant Valley,481,All Satellite,1.0,1.0,HIGH,
261120,Pleasant Valley,481,NGSO Satellite,1.0,1.0,HIGH,SATELLITE_AVAILABLE
261190,Point Baker,9,Any Technology,1.0,1.0,LOW,SMALL_SAMPLE
261190,Point Baker,9,All Wired,0.0,0.0,LOW,NO_WIRED_25MBPS;SMALL_SAMPLE
261190,Point Baker,9,Cable,0.0,0.0,LOW,SMALL_SAMPLE
261190,Point Baker,9,Fiber,0.0,0.0,LOW,SMALL_SAMPLE
261190,Point Baker,9,All Satellite,1.0,1.0,LOW,SMALL_SAMPLE
261190,Point Baker,9,NGSO Satellite,1.0,1.0,LOW,SATELLITE_AVAILABLE;SMALL_SAMPLE
261825,Point Possession,32,Any Technology,1.0,1.0,LOW,SMALL_SAMPLE
261825,Point Possession,32,All Wired,0.0,0.0,LOW,NO_WIRED_25MBPS;SMALL_SAMPLE
261825,Point Possession,32,Cable,0.0,0.0,LOW,SMALL_SAMPLE
261825,Point Possession,32,Fiber,0.0,0.0,LOW,SMALL_SAMPLE
261825,Point Possession,32,All Satellite,1.0,1.0,LOW,SMALL_SAMPLE
261825,Point Possession,32,NGSO Satellite,1.0,1.0,LOW,SATELLITE_AVAILABLE;SMALL_SAMPLE
262125,Pope-Vannoy Landing,9,Any Technology,1.0,1.0,LOW,SMALL_SAMPLE
262125,Pope-Vannoy Landing,9,All Wired,0.0,0.0,LOW,NO_WIRED_25MBPS;SMALL_SAMPLE
262125,Pope-Vannoy Landing,9,Cable,0.0,0.0,LOW,SMALL_SAMPLE
262125,Pope-Vannoy Landing,9,Fiber,0.0,0.0,LOW,SMALL_SAMPLE
262125,Pope-Vannoy Landing,9,All Satellite,1.0,1.0,LOW,SMALL_SAMPLE
262125,Pope-Vannoy Landing,9,NGSO Satellite,1.0,1.0,LOW,SATELLITE_AVAILABLE;SMALL_SAMPLE
262510,Port Alexander,40,Any Technology,1.0,1.0,LOW,SMALL_SAMPLE
262510,Port Alexander,40,All Wired,0.0,0.0,LOW,NO_WIRED_25MBPS;SMALL_SAMPLE
262510,Port Alexander,40,Cable,0.0,0.0,LOW,SMALL_SAMPLE
262510,Port Alexander,40,Fiber,0.0,0.0,LOW,SMALL_SAMPLE
262510,Port Alexander,40,All Satellite,1.0,1.0,LOW,SMALL_SAMPLE
262510,Port Alexander,40,NGSO Satellite,1.0,1.0,LOW,SATELLITE_AVAILABLE;SMALL_SAMPLE
263170,Port Clarence,3,Any Technology,1.0,1.0,LOW,SMALL_SAMPLE
263170,Port Clarence,3,All Wired,0.0,0.0,LOW,NO_WIRED_25MBPS;SMALL_SAMPLE
263170,Port Clarence,3,Cable,0.0,0.0,LOW,SMALL_SAMPLE
263170,Port Clarence,3,Fiber,0.0,0.0,LOW,SMALL_SAMPLE
263170,Port Clarence,3,All Satellite,1.0,1.0,LOW,SMALL_SAMPLE
263170,Port Clarence,3,NGSO Satellite,1.0,1.0,LOW,SATELLITE_AVAILABLE;SMALL_SAMPLE
263870,Port Protection,49,Any Technology,1.0,1.0,LOW,SMALL_SAMPLE
263870,Port Protection,49,All Wired,0.0,0.0,LOW,NO_WIRED_25MBPS;SMALL_SAMPLE
263870,Port Protection,49,Cable,0.0,0.0,LOW,SMALL_SAMPLE
263870,Port Protection,49,Fiber,0.0,0.0,LOW,SMALL_SAMPLE
263870,Port Protection,49,All Satellite,1.0,1.0,LOW,SMALL_SAMPLE
263870,Port Protection,49,NGSO Satellite,1.0,1.0,LOW,SATELLITE_AVAILABLE;SMALL_SAMPLE
264240,Primrose,55,Any Technology,1.0,1.0,MEDIUM,
264240,Primrose,55,All Wired,0.945454545,0.0,MEDIUM,
264240,Primrose,55,Cable,0.0,0.0,MEDIUM,
264240,Primrose,55,Fiber,0.0,0.0,MEDIUM,
264240,Primrose,55,All Satellite,1.0,1.0,MEDIUM,
264240,Primrose,55,NGSO Satellite,1.0,1.0,MEDIUM,SATELLITE_AVAILABLE
264380,Prudhoe Bay,251,Any Technology,1.0,1.0,HIGH,
264380,Prudhoe Bay,251,All Wired,0.0,0.0,HIGH,NO_WIRED_25MBPS
264380,Prudhoe Bay,251,Cable,0.0,0.0,HIGH,
264380,Prudhoe Bay,251,Fiber,0.0,0.0,HIGH,
264380,Prudhoe Bay,251,All Satellite,1.0,1.0,HIGH,
264380,Prudhoe Bay,251,NGSO Satellite,1.0,1.0,HIGH,SATELLITE_AVAILABLE
264820,Rampart,1,Any Technology,1.0,1.0,LOW,SMALL_SAMPLE
264820,Rampart,1,All Wired,0.0,0.0,LOW,NO_WIRED_25MBPS;SMALL_SAMPLE
264820,Rampart,1,Cable,0.0,0.0,LOW,SMALL_SAMPLE
264820,Rampart,1,Fiber,0.0,0.0,LOW,SMALL_SAMPLE
264820,Rampart,1,All Satellite,1.0,1.0,LOW,SMALL_SAMPLE
264820,Rampart,1,NGSO Satellite,1.0,1.0,LOW,SATELLITE_AVAILABLE;SMALL_SAMPLE
264980,Red Dog Mine,24,Any Technology,1.0,1.0,LOW,SMALL_SAMPLE
264980,Red Dog Mine,24,All Wired,0.0,0.0,LOW,NO_WIRED_25MBPS;SMALL_SAMPLE
264980,Red Dog Mine,24,Cable,0.0,0.0,LOW,SMALL_SAMPLE
264980,Red Dog Mine,24,Fiber,0.0,0.0,LOW,SMALL_SAMPLE
264980,Red Dog Mine,24,All Satellite,1.0,1.0,LOW,SMALL_SAMPLE
264980,Red Dog Mine,24,NGSO Satellite,1.0,1.0,LOW,SATELLITE_AVAILABLE;SMALL_SAMPLE
266140,St. Mary's,1,Any Technology,1.0,1.0,LOW,SMALL_SAMPLE
266140,St. Mary's,1,All Wired,0.0,0.0,LOW,NO_WIRED_25MBPS;SMALL_SAMPLE
266140,St. Mary's,1,Cable,0.0,0.0,LOW,SMALL_SAMPLE
266140,St. Mary's,1,Fiber,0.0,0.0,LOW,SMALL_SAMPLE
266140,St. Mary's,1,All Satellite,1.0,1.0,LOW,SMALL_SAMPLE
266140,St. Mary's,1,NGSO Satellite,1.0,1.0,LOW,SATELLITE_AVAILABLE;SMALL_SAMPLE
266550,Salcha,731,Any Technology,1.0,1.0,HIGH,
266550,Salcha,731,All Wired,0.279069767,0.0,HIGH,
266550,Salcha,731,Cable,0.0,0.0,HIGH,
266550,Salcha,731,Fiber,0.002735978,0.0,HIGH,
266550,Salcha,731,All Satellite,1.0,0.997264022,HIGH,
266550,Salcha,731,NGSO Satellite,0.997264022,0.997264022,HIGH,SATELLITE_AVAILABLE
268560,Seward,1113,Any Technology,1.0,1.0,HIGH,
268560,Seward,1113,All Wired,0.969451932,0.93081761,HIGH,
268560,Seward,1113,Cable,0.93081761,0.93081761,HIGH,
268560,Seward,1113,Fiber,0.362982929,0.362982929,HIGH,
268560,Seward,1113,All Satellite,1.0,1.0,HIGH,
268560,Seward,1113,NGSO Satellite,1.0,1.0,HIGH,SATELLITE_AVAILABLE
270540,Sitka,2254,Any Technology,1.0,1.0,HIGH,
270540,Sitka,2254,All Wired,0.922360248,0.921029281,HIGH,
270540,Sitka,2254,Cable,0.920585626,0.920585626,HIGH,
270540,Sitka,2254,Fiber,0.002661934,0.000887311,HIGH,
270540,Sitka,2254,All Satellite,1.0,1.0,HIGH,
270540,Sitka,2254,NGSO Satellite,1.0,1.0,HIGH,SATELLITE_AVAILABLE
270930,Slana,180,Any Technology,1.0,1.0,MEDIUM,
270930,Slana,180,All Wired,0.838888889,0.838888889,MEDIUM,
270930,Slana,180,Cable,0.0,0.0,MEDIUM,
270930,Slana,180,Fiber,0.838888889,0.838888889,MEDIUM,
270930,Slana,180,All Satellite,1.0,1.0,MEDIUM,
270930,Slana,180,NGSO Satellite,1.0,1.0,MEDIUM,SATELLITE_AVAILABLE
272230,South Van Horn,979,Any Technology,1.0,1.0,HIGH,
272230,South Van Horn,979,All Wired,0.707865169,0.698672114,HIGH,
272230,South Van Horn,979,Cable,0.696629213,0.696629213,HIGH,
272230,South Van Horn,979,Fiber,0.002042901,0.002042901,HIGH,
272230,South Van Horn,979,All Satellite,1.0,1.0,HIGH,
272230,South Van Horn,979,NGSO Satellite,1.0,1.0,HIGH,SATELLITE_AVAILABLE
272985,Steele Creek,3280,Any Technology,1.0,1.0,HIGH,
272985,Steele Creek,3280,All Wired,0.656402439,0.530487805,HIGH,
272985,Steele Creek,3280,Cable,0.516768293,0.516768293,HIGH,
272985,Steele Creek,3280,Fiber,0.01402439,0.013719512,HIGH,
272985,Steele Creek,3280,All Satellite,1.0,1.0,HIGH,
272985,Steele Creek,3280,NGSO Satellite,1.0,1.0,HIGH,SATELLITE_AVAILABLE
273950,Sunrise,25,Any Technology,1.0,1.0,LOW,SMALL_SAMPLE
273950,Sunrise,25,All Wired,0.0,0.0,LOW,NO_WIRED_25MBPS;SMALL_SAMPLE
273950,Sunrise,25,Cable,0.0,0.0,LOW,SMALL_SAMPLE
273950,Sunrise,25,Fiber,0.0,0.0,LOW,SMALL_SAMPLE
273950,Sunrise,25,All Satellite,1.0,1.0,LOW,SMALL_SAMPLE
273950,Sunrise,25,NGSO Satellite,1.0,1.0,LOW,SATELLITE_AVAILABLE;SMALL_SAMPLE
276260,Tenakee Springs,114,Any Technology,1.0,1.0,MEDIUM,
276260,Tenakee Springs,114,All Wired,0.0,0.0,MEDIUM,NO_WIRED_25MBPS
276260,Tenakee Springs,114,Cable,0.0,0.0,MEDIUM,
276260,Tenakee Springs,114,Fiber,0.0,0.0,MEDIUM,
276260,Tenakee Springs,114,All Satellite,1.0,1.0,MEDIUM,
276260,Tenakee Springs,114,NGSO Satellite,1.0,1.0,MEDIUM,SATELLITE_AVAILABLE
277140,Thorne Bay,475,Any Technology,1.0,1.0,HIGH,
277140,Thorne Bay,475,All Wired,0.008421053,0.008421053,HIGH,
277140,Thorne Bay,475,Cable,0.0,0.0,HIGH,
277140,Thorne Bay,475,Fiber,0.008421053,0.008421053,HIGH,
277140,Thorne Bay,475,All Satellite,1.0,1.0,HIGH,
277140,Thorne Bay,475,NGSO Satellite,1.0,1.0,HIGH,SATELLITE_AVAILABLE
277800,Tok,1189,Any Technology,1.0,1.0,HIGH,
277800,Tok,1189,All Wired,0.650967199,0.544154752,HIGH,
277800,Tok,1189,Cable,0.0,0.0,HIGH,
277800,Tok,1189,Fiber,0.544154752,0.544154752,HIGH,
277800,Tok,1189,All Satellite,1.0,1.0,HIGH,
277800,Tok,1189,NGSO Satellite,1.0,1.0,HIGH,SATELLITE_AVAILABLE
278240,Toksook Bay,13,Any Technology,1.0,1.0,LOW,SMALL_SAMPLE
278240,Toksook Bay,13,All Wired,0.0,0.0,LOW,NO_WIRED_25MBPS;SMALL_SAMPLE
278240,Toksook Bay,13,Cable,0.0,0.0,LOW,SMALL_SAMPLE
278240,Toksook Bay,13,Fiber,0.0,0.0,LOW,SMALL_SAMPLE
278240,Toksook Bay,13,All Satellite,1.0,1.0,LOW,SMALL_SAMPLE
278240,Toksook Bay,13,NGSO Satellite,1.0,1.0,LOW,SATELLITE_AVAILABLE;SMALL_SAMPLE
278297,Tolsona,56,Any Technology,1.0,1.0,MEDIUM,
278297,Tolsona,56,All Wired,0.982142857,0.982142857,MEDIUM,
278297,Tolsona,56,Cable,0.0,0.0,MEDIUM,
278297,Tolsona,56,Fiber,0.982142857,0.982142857,MEDIUM,
278297,Tolsona,56,All Satellite,1.0,1.0,MEDIUM,
278297,Tolsona,56,NGSO Satellite,1.0,1.0,MEDIUM,SATELLITE_AVAILABLE
278350,Tonsina,104,Any Technology,1.0,1.0,MEDIUM,
278350,Tonsina,104,All Wired,0.980769231,0.980769231,MEDIUM,
278350,Tonsina,104,Cable,0.0,0.0,MEDIUM,
278350,Tonsina,104,Fiber,0.980769231,0.980769231,MEDIUM,
278350,Tonsina,104,All Satellite,1.0,1.0,MEDIUM,
278350,Tonsina,104,NGSO Satellite,1.0,1.0,MEDIUM,SATELLITE_AVAILABLE
279830,Two Rivers,405,Any Technology,1.0,1.0,HIGH,
279830,Two Rivers,405,All Wired,0.182716049,0.0,HIGH,
279830,Two Rivers,405,Cable,0.0,0.0,HIGH,
279830,Two Rivers,405,Fiber,0.0,0.0,HIGH,
279830,Two Rivers,405,All Satellite,1.0,1.0,HIGH,
279830,Two Rivers,405,NGSO Satellite,1.0,1.0,HIGH,SATELLITE_AVAILABLE
279890,Tyonek,48,Any Technology,1.0,1.0,LOW,SMALL_SAMPLE
279890,Tyonek,48,All Wired,0.0,0.0,LOW,NO_WIRED_25MBPS;SMALL_SAMPLE
279890,Tyonek,48,Cable,0.0,0.0,LOW,SMALL_SAMPLE
279890,Tyonek,48,Fiber,0.0,0.0,LOW,SMALL_SAMPLE
279890,Tyonek,48,All Satellite,1.0,1.0,LOW,SMALL_SAMPLE
279890,Tyonek,48,NGSO Satellite,1.0,1.0,LOW,SATELLITE_AVAILABLE;SMALL_SAMPLE
280100,Ugashik,7,Any Technology,1.0,1.0,LOW,SMALL_SAMPLE
280100,Ugashik,7,All Wired,0.0,0.0,LOW,NO_WIRED_25MBPS;SMALL_SAMPLE
280100,Ugashik,7,Cable,0.0,0.0,LOW,SMALL_SAMPLE
280100,Ugashik,7,Fiber,0.0,0.0,LOW,SMALL_SAMPLE
280100,Ugashik,7,All Satellite,1.0,1.0,LOW,SMALL_SAMPLE
280100,Ugashik,7,NGSO Satellite,1.0,1.0,LOW,SATELLITE_AVAILABLE;SMALL_SAMPLE
280770,Unalaska,1,Any Technology,1.0,1.0,LOW,SMALL_SAMPLE
280770,Unalaska,1,All Wired,0.0,0.0,LOW,NO_WIRED_25MBPS;SMALL_SAMPLE
280770,Unalaska,1,Cable,0.0,0.0,LOW,SMALL_SAMPLE
280770,Unalaska,1,Fiber,0.0,0.0,LOW,SMALL_SAMPLE
280770,Unalaska,1,All Satellite,1.0,1.0,LOW,SMALL_SAMPLE
280770,Unalaska,1,NGSO Satellite,1.0,1.0,LOW,SATELLITE_AVAILABLE;SMALL_SAMPLE
282200,Valdez,1878,Any Technology,1.0,1.0,HIGH,
282200,Valdez,1878,All Wired,0.997337593,0.997337593,HIGH,
282200,Valdez,1878,Cable,0.884984026,0.884984026,HIGH,
282200,Valdez,1878,Fiber,0.997337593,0.997337593,HIGH,
282200,Valdez,1878,All Satellite,1.0,1.0,HIGH,
282200,Valdez,1878,NGSO Satellite,1.0,1.0,HIGH,SATELLITE_AVAILABLE
284000,Whale Pass,160,Any Technology,1.0,1.0,MEDIUM,
284000,Whale Pass,160,All Wired,0.0,0.0,MEDIUM,NO_WIRED_25MBPS
284000,Whale Pass,160,Cable,0.0,0.0,MEDIUM,
284000,Whale Pass,160,Fiber,0.0,0.0,MEDIUM,
284000,Whale Pass,160,All Satellite,1.0,1.0,MEDIUM,
284000,Whale Pass,160,NGSO Satellite,1.0,1.0,MEDIUM,SATELLITE_AVAILABLE
284120,Whitestone,31,Any Technology,1.0,1.0,LOW,SMALL_SAMPLE
284120,Whitestone,31,All Wired,0.483870968,0.483870968,LOW,SMALL_SAMPLE
284120,Whitestone,31,Cable,0.0,0.0,LOW,SMALL_SAMPLE
284120,Whitestone,31,Fiber,0.483870968,0.483870968,LOW,SMALL_SAMPLE
284120,Whitestone,31,All Satellite,1.0,1.0,LOW,SMALL_SAMPLE
284120,Whitestone,31,NGSO Satellite,1.0,1.0,LOW,SATELLITE_AVAILABLE;SMALL_SAMPLE
284200,Whitestone Logging Camp,5,Any Technology,1.0,1.0,LOW,SMALL_SAMPLE
284200,Whitestone Logging Camp,5,All Wired,0.0,0.0,LOW,NO_WIRED_25MBPS;SMALL_SAMPLE
284200,Whitestone Logging Camp,5,Cable,0.0,0.0,LOW,SMALL_SAMPLE
284200,Whitestone Logging Camp,5,Fiber,0.0,0.0,LOW,SMALL_SAMPLE
284200,Whitestone Logging Camp,5,All Satellite,1.0,1.0,LOW,SMALL_SAMPLE
284200,Whitestone Logging Camp,5,NGSO Satellite,1.0,1.0,LOW,SATELLITE_AVAILABLE;SMALL_SAMPLE
284510,Whittier,250,Any Technology,1.0,1.0,HIGH,
284510,Whittier,250,All Wired,0.98,0.0,HIGH,
284510,Whittier,250,Cable,0.98,0.0,HIGH,
284510,Whittier,250,Fiber,0.004,0.0,HIGH,
284510,Whittier,250,All Satellite,1.0,1.0,HIGH,
284510,Whittier,250,NGSO Satellite,1.0,1.0,HIGH,SATELLITE_AVAILABLE
285290,Willow Creek,233,Any Technology,1.0,1.0,HIGH,
285290,Willow Creek,233,All Wired,0.987124464,0.987124464,HIGH,
285290,Willow Creek,233,Cable,0.0,0.0,HIGH,
285290,Willow Creek,233,Fiber,0.987124464,0.987124464,HIGH,
285290,Willow Creek,233,All Satellite,1.0,1.0,HIGH,
285290,Willow Creek,233,NGSO Satellite,1.0,1.0,HIGH,SATELLITE_AVAILABLE
285610,Wiseman,28,Any Technology,1.0,1.0,LOW,SMALL_SAMPLE
285610,Wiseman,28,All Wired,0.0,0.0,LOW,NO_WIRED_25MBPS;SMALL_SAMPLE
285610,Wiseman,28,Cable,0.0,0.0,LOW,SMALL_SAMPLE
285610,Wiseman,28,Fiber,0.0,0.0,LOW,SMALL_SAMPLE
285610,Wiseman,28,All Satellite,1.0,1.0,LOW,SMALL_SAMPLE
285610,Wiseman,28,NGSO Satellite,1.0,1.0,LOW,SATELLITE_AVAILABLE;SMALL_SAMPLE
285680,Womens Bay,376,Any Technology,1.0,1.0,HIGH,
285680,Womens Bay,376,All Wired,0.0,0.0,HIGH,NO_WIRED_25MBPS
285680,Womens Bay,376,Cable,0.0,0.0,HIGH,
285680,Womens Bay,376,Fiber,0.0,0.0,HIGH,
285680,Womens Bay,376,All Satellite,1.0,1.0,HIGH,
285680,Womens Bay,376,NGSO Satellite,1.0,1.0,HIGH,SATELLITE_AVAILABLE
286380,Wrangell,772,Any Technology,1.0,1.0,HIGH,
286380,Wrangell,772,All Wired,0.791450777,0.652849741,HIGH,
286380,Wrangell,772,Cable,0.646373057,0.646373057,HIGH,
286380,Wrangell,772,Fiber,0.279792746,0.279792746,HIGH,
286380,Wrangell,772,All Satellite,1.0,1.0,HIGH,
286380,Wrangell,772,NGSO Satellite,1.0,1.0,HIGH,SATELLITE_AVAILABLE
203000,Anchorage,131016,Any Technology,1.0,1.0,HIGH,
203000,Anchorage,131016,All Wired,0.978834646,0.975354155,HIGH,
203000,Anchorage,131016,Cable,0.973484155,0.973484155,HIGH,
203000,Anchorage,131016,Fiber,0.054565855,0.047772791,HIGH,
203000,Anchorage,131016,All Satellite,1.0,1.0,HIGH,
203000,Anchorage,131016,NGSO Satellite,1.0,1.0,HIGH,SATELLITE_AVAILABLE
205000,Badger,7524,Any Technology,1.0,1.0,HIGH,
205000,Badger,7524,All Wired,0.91241361,0.90164806,HIGH,
205000,Badger,7524,Cable,0.90164806,0.90164806,HIGH,
205000,Badger,7524,Fiber,0.002923977,0.002791069,HIGH,
205000,Badger,7524,All Satellite,1.0,1.0,HIGH,
205000,Badger,7524,NGSO Satellite,1.0,1.0,HIGH,SATELLITE_AVAILABLE
206520,Bethel,1640,Any Technology,1.0,1.0,HIGH,
206520,Bethel,1640,All Wired,0.990243902,0.990243902,HIGH,
206520,Bethel,1640,Cable,0.990243902,0.990243902,HIGH,
206520,Bethel,1640,Fiber,0.0,0.0,HIGH,
206520,Bethel,1640,All Satellite,1.0,1.0,HIGH,
206520,Bethel,1640,NGSO Satellite,1.0,1.0,HIGH,SATELLITE_AVAILABLE
212920,Chena Ridge,1338,Any Technology,1.0,1.0,HIGH,
212920,Chena Ridge,1338,All Wired,0.865470852,0.83632287,HIGH,
212920,Chena Ridge,1338,Cable,0.83632287,0.83632287,HIGH,
212920,Chena Ridge,1338,Fiber,0.0,0.0,HIGH,
212920,Chena Ridge,1338,All Satellite,1.0,1.0,HIGH,
212920,Chena Ridge,1338,NGSO Satellite,1.0,1.0,HIGH,SATELLITE_AVAILABLE
216750,College,6193,Any Technology,1.0,1.0,HIGH,
216750,College,6193,All Wired,0.90666882,0.890360084,HIGH,
216750,College,6193,Cable,0.890198611,0.890198611,HIGH,
216750,College,6193,Fiber,0.130308413,0.130308413,HIGH,
216750,College,6193,All Satellite,1.0,1.0,HIGH,
216750,College,6193,NGSO Satellite,1.0,1.0,HIGH,SATELLITE_AVAILABLE
221370,Eielson AFB,829,Any Technology,1.0,1.0,HIGH,
221370,Eielson AFB,829,All Wired,0.0,0.0,HIGH,NO_WIRED_25MBPS
221370,Eielson AFB,829,Cable,0.0,0.0,HIGH,
221370,Eielson AFB,829,Fiber,0.0,0.0,HIGH,
221370,Eielson AFB,829,All Satellite,1.0,1.0,HIGH,
221370,Eielson AFB,829,NGSO Satellite,1.0,1.0,HIGH,SATELLITE_AVAILABLE
223460,Ester,503,Any Technology,1.0,1.0,HIGH,
223460,Ester,503,All Wired,0.882703777,0.882703777,HIGH,
223460,Ester,503,Cable,0.882703777,0.882703777,HIGH,
223460,Ester,503,Fiber,0.0,0.0,HIGH,
223460,Ester,503,All Satellite,1.0,1.0,HIGH,
223460,Ester,503,NGSO Satellite,1.0,1.0,HIGH,SATELLITE_AVAILABLE
224230,Fairbanks,16750,Any Technology,1.0,1.0,HIGH,
224230,Fairbanks,16750,All Wired,0.971283582,0.970925373,HIGH,
224230,Fairbanks,16750,Cable,0.970208955,0.970208955,HIGH,
224230,Fairbanks,16750,Fiber,0.305373134,0.287343284,HIGH,
224230,Fairbanks,16750,All Satellite,1.0,1.0,HIGH,
224230,Fairbanks,16750,NGSO Satellite,1.0,1.0,HIGH,SATELLITE_AVAILABLE
224980,Farmers Loop,1678,Any Technology,1.0,1.0,HIGH,
224980,Farmers Loop,1678,All Wired,0.893325387,0.869487485,HIGH,
224980,Farmers Loop,1678,Cable,0.869487485,0.869487485,HIGH,
224980,Farmers Loop,1678,Fiber,0.001787843,0.001787843,HIGH,
224980,Farmers Loop,1678,All Satellite,1.0,1.0,HIGH,
224980,Farmers Loop,1678,NGSO Satellite,1.0,1.0,HIGH,SATELLITE_AVAILABLE
225000,Farm Loop,131,Any Technology,1.0,1.0,MEDIUM,
225000,Farm Loop,131,All Wired,1.0,0.992366412,MEDIUM,
225000,Farm Loop,131,Cable,0.961832061,0.961832061,MEDIUM,
225000,Farm Loop,131,Fiber,0.0,0.0,MEDIUM,
225000,Farm Loop,131,All Satellite,1.0,1.0,MEDIUM,
225000,Farm Loop,131,NGSO Satellite,1.0,1.0,MEDIUM,SATELLITE_AVAILABLE
225550,Fishhook,92,Any Technology,1.0,1.0,MEDIUM,
225550,Fishhook,92,All Wired,1.0,0.97826087,MEDIUM,
225550,Fishhook,92,Cable,0.423913043,0.423913043,MEDIUM,
225550,Fishhook,92,Fiber,0.695652174,0.695652174,MEDIUM,
225550,Fishhook,92,All Satellite,1.0,1.0,MEDIUM,
225550,Fishhook,92,NGSO Satellite,1.0,1.0,MEDIUM,SATELLITE_AVAILABLE
228200,Gateway,1615,Any Technology,1.0,1.0,HIGH,
228200,Gateway,1615,All Wired,0.963467492,0.923839009,HIGH,
228200,Gateway,1615,Cable,0.887925697,0.887925697,HIGH,
228200,Gateway,1615,Fiber,0.380185759,0.380185759,HIGH,
228200,Gateway,1615,All Satellite,1.0,1.0,HIGH,
228200,Gateway,1615,NGSO Satellite,1.0,1.0,HIGH,SATELLITE_AVAILABLE
236400,Juneau,13146,Any Technology,1.0,1.0,HIGH,
236400,Juneau,13146,All Wired,0.990415335,0.990263198,HIGH,
236400,Juneau,13146,Cable,0.990263198,0.990263198,HIGH,
236400,Juneau,13146,Fiber,0.007150464,0.005857295,HIGH,
236400,Juneau,13146,All Satellite,1.0,1.0,HIGH,
236400,Juneau,13146,NGSO Satellite,1.0,1.0,HIGH,SATELLITE_AVAILABLE
237250,Kalifornsky,1747,Any Technology,1.0,1.0,HIGH,
237250,Kalifornsky,1747,All Wired,0.55466514,0.55409273,HIGH,
237250,Kalifornsky,1747,Cable,0.550658271,0.550658271,HIGH,
237250,Kalifornsky,1747,Fiber,0.03720664,0.03720664,HIGH,
237250,Kalifornsky,1747,All Satellite,1.0,1.0,HIGH,
237250,Kalifornsky,1747,NGSO Satellite,1.0,1.0,HIGH,SATELLITE_AVAILABLE
238420,Kenai,2777,Any Technology,1.0,1.0,HIGH,
238420,Kenai,2777,All Wired,0.923298524,0.923298524,HIGH,
238420,Kenai,2777,Cable,0.923298524,0.923298524,HIGH,
238420,Kenai,2777,Fiber,0.0,0.0,HIGH,
238420,Kenai,2777,All Satellite,1.0,1.0,HIGH,
238420,Kenai,2777,NGSO Satellite,1.0,1.0,HIGH,SATELLITE_AVAILABLE
238970,Ketchikan,4416,Any Technology,1.0,1.0,HIGH,
238970,Ketchikan,4416,All Wired,1.0,1.0,HIGH,
238970,Ketchikan,4416,Cable,0.998188406,0.998188406,HIGH,
238970,Ketchikan,4416,Fiber,0.997509058,0.997509058,HIGH,
238970,Ketchikan,4416,All Satellite,1.0,1.0,HIGH,
238970,Ketchikan,4416,NGSO Satellite,1.0,1.0,HIGH,SATELLITE_AVAILABLE
240645,Knik-Fairview,4141,Any Technology,1.0,1.0,HIGH,
240645,Knik-Fairview,4141,All Wired,0.990581985,0.935522821,HIGH,
240645,Knik-Fairview,4141,Cable,0.855831925,0.855831925,HIGH,
240645,Knik-Fairview,4141,Fiber,0.465346535,0.465346535,HIGH,
240645,Knik-Fairview,4141,All Satellite,1.0,1.0,HIGH,
240645,Knik-Fairview,4141,NGSO Satellite,1.0,1.0,HIGH,SATELLITE_AVAILABLE
240950,Kodiak,2337,Any Technology,1.0,1.0,HIGH,
240950,Kodiak,2337,All Wired,0.998288404,0.998288404,HIGH,
240950,Kodiak,2337,Cable,0.998288404,0.998288404,HIGH,
240950,Kodiak,2337,Fiber,0.000427899,0.0,HIGH,
240950,Kodiak,2337,All Satellite,1.0,1.0,HIGH,
240950,Kodiak,2337,NGSO Satellite,1.0,1.0,HIGH,SATELLITE_AVAILABLE
247735,Meadow Lakes,194,Any Technology,1.0,1.0,MEDIUM,
247735,Meadow Lakes,194,All Wired,0.984536082,0.984536082,MEDIUM,
247735,Meadow Lakes,194,Cable,0.711340206,0.711340206,MEDIUM,
247735,Meadow Lakes,194,Fiber,0.412371134,0.412371134,MEDIUM,
247735,Meadow Lakes,194,All Satellite,1.0,1.0,MEDIUM,
247735,Meadow Lakes,194,NGSO Satellite,1.0,1.0,MEDIUM,SATELLITE_AVAILABLE
249200,Mill Bay,1666,Any Technology,1.0,1.0,HIGH,
249200,Mill Bay,1666,All Wired,0.99759904,0.99759904,HIGH,
249200,Mill Bay,1666,Cable,0.99759904,0.99759904,HIGH,
249200,Mill Bay,1666,Fiber,0.0,0.0,HIGH,
249200,Mill Bay,1666,All Satellite,1.0,1.0,HIGH,
249200,Mill Bay,1666,NGSO Satellite,1.0,1.0,HIGH,SATELLITE_AVAILABLE
250080,Moose Creek,313,Any Technology,1.0,1.0,HIGH,
250080,Moose Creek,313,All Wired,0.987220447,0.987220447,HIGH,
250080,Moose Creek,313,Cable,0.987220447,0.987220447,HIGH,
250080,Moose Creek,313,Fiber,0.0,0.0,HIGH,
250080,Moose Creek,313,All Satellite,1.0,1.0,HIGH,
250080,Moose Creek,313,NGSO Satellite,1.0,1.0,HIGH,SATELLITE_AVAILABLE
255745,North Lakes,3968,Any Technology,1.0,1.0,HIGH,
255745,North Lakes,3968,All Wired,0.98109879,0.943800403,HIGH,
255745,North Lakes,3968,Cable,0.7890625,0.7890625,HIGH,
255745,North Lakes,3968,Fiber,0.342993952,0.342993952,HIGH,
255745,North Lakes,3968,All Satellite,1.0,1.0,HIGH,
255745,North Lakes,3968,NGSO Satellite,1.0,1.0,HIGH,SATELLITE_AVAILABLE
255910,North Pole,1428,Any Technology,1.0,1.0,HIGH,
255910,North Pole,1428,All Wired,0.921568627,0.918067227,HIGH,
255910,North Pole,1428,Cable,0.918067227,0.918067227,HIGH,
255910,North Pole,1428,Fiber,0.0,0.0,HIGH,
255910,North Pole,1428,All Satellite,1.0,1.0,HIGH,
255910,North Pole,1428,NGSO Satellite,1.0,1.0,HIGH,SATELLITE_AVAILABLE
258660,Palmer,3063,Any Technology,1.0,1.0,HIGH,
258660,Palmer,3063,All Wired,0.960822723,0.948416585,HIGH,
258660,Palmer,3063,Cable,0.921645446,0.921645446,HIGH,
258660,Palmer,3063,Fiber,0.091087169,0.091087169,HIGH,
258660,Palmer,3063,All Satellite,1.0,1.0,HIGH,
258660,Palmer,3063,NGSO Satellite,1.0,1.0,HIGH,SATELLITE_AVAILABLE
265345,Ridgeway,613,Any Technology,1.0,1.0,HIGH,
265345,Ridgeway,613,All Wired,0.42903752,0.42903752,HIGH,
265345,Ridgeway,613,Cable,0.42903752,0.42903752,HIGH,
265345,Ridgeway,613,Fiber,0.0,0.0,HIGH,
265345,Ridgeway,613,All Satellite,1.0,1.0,HIGH,
265345,Ridgeway,613,NGSO Satellite,1.0,1.0,HIGH,SATELLITE_AVAILABLE
266510,Salamatof,9,Any Technology,1.0,1.0,LOW,SMALL_SAMPLE
266510,Salamatof,9,All Wired,1.0,1.0,LOW,SMALL_SAMPLE
266510,Salamatof,9,Cable,1.0,1.0,LOW,SMALL_SAMPLE
266510,Salamatof,9,Fiber,0.0,0.0,LOW,SMALL_SAMPLE
266510,Salamatof,9,All Satellite,1.0,1.0,LOW,SMALL_SAMPLE
266510,Salamatof,9,NGSO Satellite,1.0,1.0,LOW,SATELLITE_AVAILABLE;SMALL_SAMPLE
267570,Saxman,175,Any Technology,1.0,1.0,MEDIUM,
267570,Saxman,175,All Wired,1.0,1.0,MEDIUM,
267570,Saxman,175,Cable,1.0,1.0,MEDIUM,
267570,Saxman,175,Fiber,1.0,1.0,MEDIUM,
267570,Saxman,175,All Satellite,1.0,1.0,MEDIUM,
267570,Saxman,175,NGSO Satellite,1.0,1.0,MEDIUM,SATELLITE_AVAILABLE
270540,Sitka,4131,Any Technology,1.0,1.0,HIGH,
270540,Sitka,4131,All Wired,0.985717744,0.985717744,HIGH,
270540,Sitka,4131,Cable,0.985717744,0.985717744,HIGH,
270540,Sitka,4131,Fiber,0.006535948,0.000242072,HIGH,
270540,Sitka,4131,All Satellite,1.0,1.0,HIGH,
270540,Sitka,4131,NGSO Satellite,1.0,1.0,HIGH,SATELLITE_AVAILABLE
271640,Soldotna,2168,Any Technology,1.0,1.0,HIGH,
271640,Soldotna,2168,All Wired,0.921586716,0.919280443,HIGH,
271640,Soldotna,2168,Cable,0.919280443,0.919280443,HIGH,
271640,Soldotna,2168,Fiber,0.004612546,0.004151292,HIGH,
271640,Soldotna,2168,All Satellite,1.0,1.0,HIGH,
271640,Soldotna,2168,NGSO Satellite,1.0,1.0,HIGH,SATELLITE_AVAILABLE
272135,South Lakes,2408,Any Technology,1.0,1.0,HIGH,
272135,South Lakes,2408,All Wired,0.952242525,0.915282392,HIGH,
272135,South Lakes,2408,Cable,0.867109635,0.867109635,HIGH,
272135,South Lakes,2408,Fiber,0.272840532,0.272840532,HIGH,
272135,South Lakes,2408,All Satellite,1.0,1.0,HIGH,
272135,South Lakes,2408,NGSO Satellite,1.0,1.0,HIGH,SATELLITE_AVAILABLE
272230,South Van Horn,848,Any Technology,1.0,1.0,HIGH,
272230,South Van Horn,848,All Wired,0.774764151,0.764150943,HIGH,
272230,South Van Horn,848,Cable,0.761792453,0.761792453,HIGH,
272230,South Van Horn,848,Fiber,0.002358491,0.002358491,HIGH,
272230,South Van Horn,848,All Satellite,1.0,1.0,HIGH,
272230,South Van Horn,848,NGSO Satellite,1.0,1.0,HIGH,SATELLITE_AVAILABLE
272985,Steele Creek,628,Any Technology,1.0,1.0,HIGH,
272985,Steele Creek,628,All Wired,0.952229299,0.928343949,HIGH,
272985,Steele Creek,628,Cable,0.928343949,0.928343949,HIGH,
272985,Steele Creek,628,Fiber,0.0,0.0,HIGH,
272985,Steele Creek,628,All Satellite,1.0,1.0,HIGH,
272985,Steele Creek,628,NGSO Satellite,1.0,1.0,HIGH,SATELLITE_AVAILABLE
275077,Tanaina,2457,Any Technology,1.0,1.0,HIGH,
275077,Tanaina,2457,All Wired,0.995522996,0.957264957,HIGH,
275077,Tanaina,2457,Cable,0.948310948,0.948310948,HIGH,
275077,Tanaina,2457,Fiber,0.211640212,0.211640212,HIGH,
275077,Tanaina,2457,All Satellite,1.0,1.0,HIGH,
275077,Tanaina,2457,NGSO Satellite,1.0,1.0,HIGH,SATELLITE_AVAILABLE
283080,Wasilla,4902,Any Technology,1.0,1.0,HIGH,
283080,Wasilla,4902,All Wired,0.940228478,0.93002856,HIGH,
283080,Wasilla,4902,Cable,0.906976744,0.906976744,HIGH,
283080,Wasilla,4902,Fiber,0.181762546,0.181762546,HIGH,
283080,Wasilla,4902,All Satellite,1.0,1.0,HIGH,
283080,Wasilla,4902,NGSO Satellite,1.0,1.0,HIGH,SATELLITE_AVAILABLE
200065,Adak,407,Any Technology,1.0,1.0,HIGH,
200065,Adak,407,All Wired,0.0,0.0,HIGH,NO_WIRED_25MBPS
200065,Adak,407,Cable,0.0,0.0,HIGH,
200065,Adak,407,Fiber,0.0,0.0,HIGH,
200065,Adak,407,All Satellite,1.0,1.0,HIGH,
200065,Adak,407,NGSO Satellite,1.0,1.0,HIGH,SATELLITE_AVAILABLE
200650,Akhiok,47,Any Technology,1.0,1.0,LOW,SMALL_SAMPLE
200650,Akhiok,47,All Wired,0.0,0.0,LOW,NO_WIRED_25MBPS;SMALL_SAMPLE
200650,Akhiok,47,Cable,0.0,0.0,LOW,SMALL_SAMPLE
200650,Akhiok,47,Fiber,0.0,0.0,LOW,SMALL_SAMPLE
200650,Akhiok,47,All Satellite,1.0,1.0,LOW,SMALL_SAMPLE
200650,Akhiok,47,NGSO Satellite,1.0,1.0,LOW,SATELLITE_AVAILABLE;SMALL_SAMPLE
200760,Akiachak,181,Any Technology,1.0,1.0,MEDIUM,
200760,Akiachak,181,All Wired,0.0,0.0,MEDIUM,NO_WIRED_25MBPS
200760,Akiachak,181,Cable,0.0,0.0,MEDIUM,
200760,Akiachak,181,Fiber,0.0,0.0,MEDIUM,
200760,Akiachak,181,All Satellite,1.0,1.0,MEDIUM,
200760,Akiachak,181,NGSO Satellite,1.0,1.0,MEDIUM,SATELLITE_AVAILABLE
200870,Akiak,130,Any Technology,1.0,1.0,MEDIUM,
200870,Akiak,130,All Wired,0.0,0.0,MEDIUM,NO_WIRED_25MBPS
200870,Akiak,130,Cable,0.0,0.0,MEDIUM,
200870,Akiak,130,Fiber,0.0,0.0,MEDIUM,
200870,Akiak,130,All Satellite,1.0,1.0,MEDIUM,
200870,Akiak,130,NGSO Satellite,1.0,1.0,MEDIUM,SATELLITE_AVAILABLE
201090,Akutan,104,Any Technology,1.0,1.0,MEDIUM,
201090,Akutan,104,All Wired,0.980769231,0.980769231,MEDIUM,
201090,Akutan,104,Cable,0.0,0.0,MEDIUM,
201090,Akutan,104,Fiber,0.980769231,0.980769231,MEDIUM,
201090,Akutan,104,All Satellite,1.0,1.0,MEDIUM,
201090,Akutan,104,NGSO Satellite,1.0,1.0,MEDIUM,SATELLITE_AVAILABLE
201200,Alakanuk,225,Any Technology,1.0,1.0,HIGH,
201200,Alakanuk,225,All Wired,0.0,0.0,HIGH,NO_WIRED_25MBPS
201200,Alakanuk,225,Cable,0.0,0.0,HIGH,
201200,Alakanuk,225,Fiber,0.0,0.0,HIGH,
201200,Alakanuk,225,All Satellite,1.0,1.0,HIGH,
201200,Alakanuk,225,NGSO Satellite,1.0,1.0,HIGH,SATELLITE_AVAILABLE
201305,Alatna,23,Any Technology,1.0,1.0,LOW,SMALL_SAMPLE
201305,Alatna,23,All Wired,0.0,0.0,LOW,NO_WIRED_25MBPS;SMALL_SAMPLE
201305,Alatna,23,Cable,0.0,0.0,LOW,SMALL_SAMPLE
201305,Alatna,23,Fiber,0.0,0.0,LOW,SMALL_SAMPLE
201305,Alatna,23,All Satellite,1.0,1.0,LOW,SMALL_SAMPLE
201305,Alatna,23,NGSO Satellite,1.0,1.0,LOW,SATELLITE_AVAILABLE;SMALL_SAMPLE
201390,Alcan Border,22,Any Technology,1.0,1.0,LOW,SMALL_SAMPLE
201390,Alcan Border,22,All Wired,0.0,0.0,LOW,NO_WIRED_25MBPS;SMALL_SAMPLE
201390,Alcan Border,22,Cable,0.0,0.0,LOW,SMALL_SAMPLE
201390,Alcan Border,22,Fiber,0.0,0.0,LOW,SMALL_SAMPLE
201390,Alcan Border,22,All Satellite,1.0,1.0,LOW,SMALL_SAMPLE
201390,Alcan Border,22,NGSO Satellite,1.0,1.0,LOW,SATELLITE_AVAILABLE;SMALL_SAMPLE
201420,Aleknagik,197,Any Technology,1.0,1.0,MEDIUM,
201420,Aleknagik,197,All Wired,0.0,0.0,MEDIUM,NO_WIRED_25MBPS
201420,Aleknagik,197,Cable,0.0,0.0,MEDIUM,
201420,Aleknagik,197,Fiber,0.0,0.0,MEDIUM,
201420,Aleknagik,197,All Satellite,1.0,1.0,MEDIUM,
201420,Aleknagik,197,NGSO Satellite,1.0,1.0,MEDIUM,SATELLITE_AVAILABLE
201560,Aleneva,46,Any Technology,1.0,1.0,LOW,SMALL_SAMPLE
201560,Aleneva,46,All Wired,0.0,0.0,LOW,NO_WIRED_25MBPS;SMALL_SAMPLE
201560,Aleneva,46,Cable,0.0,0.0,LOW,SMALL_SAMPLE
201560,Aleneva,46,Fiber,0.0,0.0,LOW,SMALL_SAMPLE
201560,Aleneva,46,All Satellite,1.0,1.0,LOW,SMALL_SAMPLE
201560,Aleneva,46,NGSO Satellite,1.0,1.0,LOW,SATELLITE_AVAILABLE;SMALL_SAMPLE
201860,Allakaket,135,Any Technology,1.0,1.0,MEDIUM,
201860,Allakaket,135,All Wired,0.0,0.0,MEDIUM,NO_WIRED_25MBPS
201860,Allakaket,135,Cable,0.0,0.0,MEDIUM,
201860,Allakaket,135,Fiber,0.0,0.0,MEDIUM,
201860,Allakaket,135,All Satellite,1.0,1.0,MEDIUM,
201860,Allakaket,135,NGSO Satellite,1.0,1.0,MEDIUM,SATELLITE_AVAILABLE
201970,Ambler,227,Any Technology,1.0,1.0,HIGH,
201970,Ambler,227,All Wired,0.0,0.0,HIGH,NO_WIRED_25MBPS
201970,Ambler,227,Cable,0.0,0.0,HIGH,
201970,Ambler,227,Fiber,0.0,0.0,HIGH,
201970,Ambler,227,All Satellite,1.0,1.0,HIGH,
201970,Ambler,227,NGSO Satellite,1.0,1.0,HIGH,SATELLITE_AVAILABLE
202080,Anaktuvuk Pass,141,Any Technology,1.0,1.0,MEDIUM,
202080,Anaktuvuk Pass,141,All Wired,0.0,0.0,MEDIUM,NO_WIRED_25MBPS
202080,Anaktuvuk Pass,141,Cable,0.0,0.0,MEDIUM,
202080,Anaktuvuk Pass,141,Fiber,0.0,0.0,MEDIUM,
202080,Anaktuvuk Pass,141,All Satellite,1.0,1.0,MEDIUM,
202080,Anaktuvuk Pass,141,NGSO Satellite,1.0,1.0,MEDIUM,SATELLITE_AVAILABLE
203000,Anchorage,5532,Any Technology,1.0,1.0,HIGH,
203000,Anchorage,5532,All Wired,0.81362979,0.701916124,HIGH,
203000,Anchorage,5532,Cable,0.625813449,0.625813449,HIGH,
203000,Anchorage,5532,Fiber,0.107736804,0.106652205,HIGH,
203000,Anchorage,5532,All Satellite,1.0,1.0,HIGH,
203000,Anchorage,5532,NGSO Satellite,1.0,1.0,HIGH,SATELLITE_AVAILABLE
203110,Anchor Point,1837,Any Technology,1.0,1.0,HIGH,
203110,Anchor Point,1837,All Wired,0.005443658,0.0,HIGH,
203110,Anchor Point,1837,Cable,0.0,0.0,HIGH,
203110,Anchor Point,1837,Fiber,0.005443658,0.0,HIGH,
203110,Anchor Point,1837,All Satellite,1.0,1.0,HIGH,
203110,Anchor Point,1837,NGSO Satellite,1.0,1.0,HIGH,SATELLITE_AVAILABLE
203220,Anderson,258,Any Technology,1.0,1.0,HIGH,
203220,Anderson,258,All Wired,0.755813953,0.089147287,HIGH,
203220,Anderson,258,Cable,0.0,0.0,HIGH,
203220,Anderson,258,Fiber,0.0,0.0,HIGH,
203220,Anderson,258,All Satellite,1.0,1.0,HIGH,
203220,Anderson,258,NGSO Satellite,1.0,1.0,HIGH,SATELLITE_AVAILABLE
203440,Angoon,274,Any Technology,1.0,1.0,HIGH,
203440,Angoon,274,All Wired,0.908759124,0.908759124,HIGH,
203440,Angoon,274,Cable,0.908759124,0.908759124,HIGH,
203440,Angoon,274,Fiber,0.0,0.0,HIGH,
203440,Angoon,274,All Satellite,1.0,1.0,HIGH,
203440,Angoon,274,NGSO Satellite,1.0,1.0,HIGH,SATELLITE_AVAILABLE
203550,Aniak,349,Any Technology,1.0,1.0,HIGH,
203550,Aniak,349,All Wired,0.0,0.0,HIGH,NO_WIRED_25MBPS
203550,Aniak,349,Cable,0.0,0.0,HIGH,
203550,Aniak,349,Fiber,0.0,0.0,HIGH,
203550,Aniak,349,All Satellite,1.0,1.0,HIGH,
203550,Aniak,349,NGSO Satellite,1.0,1.0,HIGH,SATELLITE_AVAILABLE
203880,Anvik,99,Any Technology,1.0,1.0,MEDIUM,
203880,Anvik,99,All Wired,0.0,0.0,MEDIUM,NO_WIRED_25MBPS
203880,Anvik,99,Cable,0.0,0.0,MEDIUM,
203880,Anvik,99,Fiber,0.0,0.0,MEDIUM,
203880,Anvik,99,All Satellite,1.0,1.0,MEDIUM,
203880,Anvik,99,NGSO Satellite,1.0,1.0,MEDIUM,SATELLITE_AVAILABLE
203990,Arctic Village,161,Any Technology,1.0,1.0,MEDIUM,
203990,Arctic Village,161,All Wired,0.0,0.0,MEDIUM,NO_WIRED_25MBPS
203990,Arctic Village,161,Cable,0.0,0.0,MEDIUM,
203990,Arctic Village,161,Fiber,0.0,0.0,MEDIUM,
203990,Arctic Village,161,All Satellite,1.0,1.0,MEDIUM,
203990,Arctic Village,161,NGSO Satellite,1.0,1.0,MEDIUM,SATELLITE_AVAILABLE
204210,Atka,100,Any Technology,1.0,1.0,MEDIUM,
204210,Atka,100,All Wired,0.0,0.0,MEDIUM,NO_WIRED_25MBPS
204210,Atka,100,Cable,0.0,0.0,MEDIUM,
204210,Atka,100,Fiber,0.0,0.0,MEDIUM,
204210,Atka,100,All Satellite,1.0,1.0,MEDIUM,
204210,Atka,100,NGSO Satellite,1.0,1.0,MEDIUM,SATELLITE_AVAILABLE
204430,Atmautluak,129,Any Technology,1.0,1.0,MEDIUM,
204430,Atmautluak,129,All Wired,0.0,0.0,MEDIUM,NO_WIRED_25MBPS
204430,Atmautluak,129,Cable,0.0,0.0,MEDIUM,
204430,Atmautluak,129,Fiber,0.0,0.0,MEDIUM,
204430,Atmautluak,129,All Satellite,1.0,1.0,MEDIUM,
204430,Atmautluak,129,NGSO Satellite,1.0,1.0,MEDIUM,SATELLITE_AVAILABLE
204500,Atqasuk,91,Any Technology,1.0,1.0,MEDIUM,
204500,Atqasuk,91,All Wired,0.802197802,0.802197802,MEDIUM,
204500,Atqasuk,91,Cable,0.0,0.0,MEDIUM,
204500,Atqasuk,91,Fiber,0.802197802,0.802197802,MEDIUM,
204500,Atqasuk,91,All Satellite,1.0,1.0,MEDIUM,
204500,Atqasuk,91,NGSO Satellite,1.0,1.0,MEDIUM,SATELLITE_AVAILABLE
204670,Attu Station,3,Any Technology,1.0,1.0,LOW,SMALL_SAMPLE
204670,Attu Station,3,All Wired,0.0,0.0,LOW,NO_WIRED_25MBPS;SMALL_SAMPLE
204670,Attu Station,3,Cable,0.0,0.0,LOW,SMALL_SAMPLE
204670,Attu Station,3,Fiber,0.0,0.0,LOW,SMALL_SAMPLE
204670,Attu Station,3,All Satellite,1.0,1.0,LOW,SMALL_SAMPLE
204670,Attu Station,3,NGSO Satellite,1.0,1.0,LOW,SATELLITE_AVAILABLE;SMALL_SAMPLE
205000,Badger,2288,Any Technology,1.0,1.0,HIGH,
205000,Badger,2288,All Wired,0.624125874,0.616695804,HIGH,
205000,Badger,2288,Cable,0.616695804,0.616695804,HIGH,
205000,Badger,2288,Fiber,0.006993007,0.006993007,HIGH,
205000,Badger,2288,All Satellite,1.0,1.0,HIGH,
205000,Badger,2288,NGSO Satellite,1.0,1.0,HIGH,SATELLITE_AVAILABLE
205585,Bear Creek,1082,Any Technology,1.0,1.0,HIGH,
205585,Bear Creek,1082,All Wired,0.982439926,0.814232902,HIGH,
205585,Bear Creek,1082,Cable,0.812384473,0.812384473,HIGH,
205585,Bear Creek,1082,Fiber,0.002772643,0.002772643,HIGH,
205585,Bear Creek,1082,All Satellite,1.0,1.0,HIGH,
205585,Bear Creek,1082,NGSO Satellite,1.0,1.0,HIGH,SATELLITE_AVAILABLE
205750,Beaver,81,Any Technology,1.0,1.0,MEDIUM,
205750,Beaver,81,All Wired,0.0,0.0,MEDIUM,NO_WIRED_25MBPS
205750,Beaver,81,Cable,0.0,0.0,MEDIUM,
205750,Beaver,81,Fiber,0.0,0.0,MEDIUM,
205750,Beaver,81,All Satellite,1.0,1.0,MEDIUM,
205750,Beaver,81,NGSO Satellite,1.0,1.0,MEDIUM,SATELLITE_AVAILABLE
206245,Beluga,76,Any Technology,1.0,1.0,MEDIUM,
206245,Beluga,76,All Wired,0.0,0.0,MEDIUM,NO_WIRED_25MBPS
206245,Beluga,76,Cable,0.0,0.0,MEDIUM,
206245,Beluga,76,Fiber,0.0,0.0,MEDIUM,
206245,Beluga,76,All Satellite,1.0,1.0,MEDIUM,
206245,Beluga,76,NGSO Satellite,1.0,1.0,MEDIUM,SATELLITE_AVAILABLE
206520,Bethel,488,Any Technology,1.0,1.0,HIGH,
206520,Bethel,488,All Wired,0.911885246,0.911885246,HIGH,
206520,Bethel,488,Cable,0.911885246,0.911885246,HIGH,
206520,Bethel,488,Fiber,0.0,0.0,HIGH,
206520,Bethel,488,All Satellite,1.0,1.0,HIGH,
206520,Bethel,488,NGSO Satellite,1.0,1.0,HIGH,SATELLITE_AVAILABLE
206630,Bettles,56,Any Technology,1.0,1.0,MEDIUM,
206630,Bettles,56,All Wired,0.0,0.0,MEDIUM,NO_WIRED_25MBPS
206630,Bettles,56,Cable,0.0,0.0,MEDIUM,
206630,Bettles,56,Fiber,0.0,0.0,MEDIUM,
206630,Bettles,56,All Satellite,1.0,1.0,MEDIUM,
206630,Bettles,56,NGSO Satellite,1.0,1.0,MEDIUM,SATELLITE_AVAILABLE
206850,Big Delta,523,Any Technology,1.0,1.0,HIGH,
206850,Big Delta,523,All Wired,0.003824092,0.0,HIGH,
206850,Big Delta,523,Cable,0.0,0.0,HIGH,
206850,Big Delta,523,Fiber,0.0,0.0,HIGH,
206850,Big Delta,523,All Satellite,1.0,1.0,HIGH,
206850,Big Delta,523,NGSO Satellite,1.0,1.0,HIGH,SATELLITE_AVAILABLE
207070,Big Lake,3274,Any Technology,1.0,1.0,HIGH,
207070,Big Lake,3274,All Wired,0.562614539,0.175931582,HIGH,
207070,Big Lake,3274,Cable,0.0,0.0,HIGH,
207070,Big Lake,3274,Fiber,0.062614539,0.062614539,HIGH,
207070,Big Lake,3274,All Satellite,1.0,1.0,HIGH,
207070,Big Lake,3274,NGSO Satellite,1.0,1.0,HIGH,SATELLITE_AVAILABLE
207620,Birch Creek,40,Any Technology,1.0,1.0,LOW,SMALL_SAMPLE
207620,Birch Creek,40,All Wired,0.0,0.0,LOW,NO_WIRED_25MBPS;SMALL_SAMPLE
207620,Birch Creek,40,Cable,0.0,0.0,LOW,SMALL_SAMPLE
207620,Birch Creek,40,Fiber,0.0,0.0,LOW,SMALL_SAMPLE
207620,Birch Creek,40,All Satellite,1.0,1.0,LOW,SMALL_SAMPLE
207620,Birch Creek,40,NGSO Satellite,1.0,1.0,LOW,SATELLITE_AVAILABLE;SMALL_SAMPLE
208740,Brevig Mission,153,Any Technology,1.0,1.0,MEDIUM,
208740,Brevig Mission,153,All Wired,0.0,0.0,MEDIUM,NO_WIRED_25MBPS
208740,Brevig Mission,153,Cable,0.0,0.0,MEDIUM,
208740,Brevig Mission,153,Fiber,0.0,0.0,MEDIUM,
208740,Brevig Mission,153,All Satellite,1.0,1.0,MEDIUM,
208740,Brevig Mission,153,NGSO Satellite,1.0,1.0,MEDIUM,SATELLITE_AVAILABLE
209600,Buckland,160,Any Technology,1.0,1.0,MEDIUM,
209600,Buckland,160,All Wired,0.0,0.0,MEDIUM,NO_WIRED_25MBPS
209600,Buckland,160,Cable,0.0,0.0,MEDIUM,
209600,Buckland,160,Fiber,0.0,0.0,MEDIUM,
209600,Buckland,160,All Satellite,1.0,1.0,MEDIUM,
209600,Buckland,160,NGSO Satellite,1.0,1.0,MEDIUM,SATELLITE_AVAILABLE
209657,Buffalo Soapstone,495,Any Technology,1.0,1.0,HIGH,
209657,Buffalo Soapstone,495,All Wired,0.650505051,0.258585859,HIGH,
209657,Buffalo Soapstone,495,Cable,0.0,0.0,HIGH,
209657,Buffalo Soapstone,495,Fiber,0.161616162,0.161616162,HIGH,
209657,Buffalo Soapstone,495,All Satellite,1.0,1.0,HIGH,
209657,Buffalo Soapstone,495,NGSO Satellite,1.0,1.0,HIGH,SATELLITE_AVAILABLE
209710,Butte,1646,Any Technology,1.0,1.0,HIGH,
209710,Butte,1646,All Wired,0.933778858,0.801336574,HIGH,
209710,Butte,1646,Cable,0.667071689,0.667071689,HIGH,
209710,Butte,1646,Fiber,0.188335358,0.188335358,HIGH,
209710,Butte,1646,All Satellite,1.0,1.0,HIGH,
209710,Butte,1646,NGSO Satellite,1.0,1.0,HIGH,SATELLITE_AVAILABLE
210150,Cantwell,229,Any Technology,1.0,1.0,HIGH,
210150,Cantwell,229,All Wired,0.637554585,0.152838428,HIGH,
210150,Cantwell,229,Cable,0.0,0.0,HIGH,
210150,Cantwell,229,Fiber,0.0,0.0,HIGH,
210150,Cantwell,229,All Satellite,1.0,1.0,HIGH,
210150,Cantwell,229,NGSO Satellite,1.0,1.0,HIGH,SATELLITE_AVAILABLE
211690,Central,150,Any Technology,1.0,1.0,MEDIUM,
211690,Central,150,All Wired,0.0,0.0,MEDIUM,NO_WIRED_25MBPS
211690,Central,150,Cable,0.0,0.0,MEDIUM,
211690,Central,150,Fiber,0.0,0.0,MEDIUM,
211690,Central,150,All Satellite,1.0,1.0,MEDIUM,
211690,Central,150,NGSO Satellite,1.0,1.0,MEDIUM,SATELLITE_AVAILABLE
211800,Chalkyitsik,110,Any Technology,1.0,1.0,MEDIUM,
211800,Chalkyitsik,110,All Wired,0.0,0.0,MEDIUM,NO_WIRED_25MBPS
211800,Chalkyitsik,110,Cable,0.0,0.0,MEDIUM,
211800,Chalkyitsik,110,Fiber,0.0,0.0,MEDIUM,
211800,Chalkyitsik,110,All Satellite,1.0,1.0,MEDIUM,
211800,Chalkyitsik,110,NGSO Satellite,1.0,1.0,MEDIUM,SATELLITE_AVAILABLE
212350,Chase,156,Any Technology,1.0,1.0,MEDIUM,
212350,Chase,156,All Wired,0.0,0.0,MEDIUM,NO_WIRED_25MBPS
212350,Chase,156,Cable,0.0,0.0,MEDIUM,
212350,Chase,156,Fiber,0.0,0.0,MEDIUM,
212350,Chase,156,All Satellite,1.0,1.0,MEDIUM,
212350,Chase,156,NGSO Satellite,1.0,1.0,MEDIUM,SATELLITE_AVAILABLE
212680,Chefornak,129,Any Technology,1.0,1.0,MEDIUM,
212680,Chefornak,129,All Wired,0.0,0.0,MEDIUM,NO_WIRED_25MBPS
212680,Chefornak,129,Cable,0.0,0.0,MEDIUM,
212680,Chefornak,129,Fiber,0.0,0.0,MEDIUM,
212680,Chefornak,129,All Satellite,1.0,1.0,MEDIUM,
212680,Chefornak,129,NGSO Satellite,1.0,1.0,MEDIUM,SATELLITE_AVAILABLE
212920,Chena Ridge,2007,Any Technology,1.0,1.0,HIGH,
212920,Chena Ridge,2007,All Wired,0.667164923,0.578475336,HIGH,
212920,Chena Ridge,2007,Cable,0.457897359,0.457897359,HIGH,
212920,Chena Ridge,2007,Fiber,0.120577977,0.120577977,HIGH,
212920,Chena Ridge,2007,All Satellite,1.0,1.0,HIGH,
212920,Chena Ridge,2007,NGSO Satellite,1.0,1.0,HIGH,SATELLITE_AVAILABLE
212970,Chenega,70,Any Technology,1.0,1.0,MEDIUM,
212970,Chenega,70,All Wired,0.0,0.0,MEDIUM,NO_WIRED_25MBPS
212970,Chenega,70,Cable,0.0,0.0,MEDIUM,
212970,Chenega,70,Fiber,0.0,0.0,MEDIUM,
212970,Chenega,70,All Satellite,1.0,1.0,MEDIUM,
212970,Chenega,70,NGSO Satellite,1.0,1.0,MEDIUM,SATELLITE_AVAILABLE
213230,Chevak,359,Any Technology,1.0,1.0,HIGH,
213230,Chevak,359,All Wired,0.0,0.0,HIGH,NO_WIRED_25MBPS
213230,Chevak,359,Cable,0.0,0.0,HIGH,
213230,Chevak,359,Fiber,0.0,0.0,HIGH,
213230,Chevak,359,All Satellite,1.0,1.0,HIGH,
213230,Chevak,359,NGSO Satellite,1.0,1.0,HIGH,SATELLITE_AVAILABLE
213340,Chickaloon,305,Any Technology,1.0,1.0,HIGH,
213340,Chickaloon,305,All Wired,0.4,0.147540984,HIGH,
213340,Chickaloon,305,Cable,0.0,0.0,HIGH,
213340,Chickaloon,305,Fiber,0.032786885,0.032786885,HIGH,
213340,Chickaloon,305,All Satellite,1.0,1.0,HIGH,
213340,Chickaloon,305,NGSO Satellite,1.0,1.0,HIGH,SATELLITE_AVAILABLE
213450,Chicken,28,Any Technology,1.0,1.0,LOW,SMALL_SAMPLE
213450,Chicken,28,All Wired,0.0,0.0,LOW,NO_WIRED_25MBPS;SMALL_SAMPLE
213450,Chicken,28,Cable,0.0,0.0,LOW,SMALL_SAMPLE
213450,Chicken,28,Fiber,0.0,0.0,LOW,SMALL_SAMPLE
213450,Chicken,28,All Satellite,1.0,1.0,LOW,SMALL_SAMPLE
213450,Chicken,28,NGSO Satellite,1.0,1.0,LOW,SATELLITE_AVAILABLE;SMALL_SAMPLE
213550,Chignik,185,Any Technology,1.0,1.0,MEDIUM,
213550,Chignik,185,All Wired,0.994594595,0.994594595,MEDIUM,
213550,Chignik,185,Cable,0.0,0.0,MEDIUM,
213550,Chignik,185,Fiber,0.994594595,0.994594595,MEDIUM,
213550,Chignik,185,All Satellite,1.0,1.0,MEDIUM,
213550,Chignik,185,NGSO Satellite,1.0,1.0,MEDIUM,SATELLITE_AVAILABLE
213670,Chignik Lagoon,188,Any Technology,1.0,1.0,MEDIUM,
213670,Chignik Lagoon,188,All Wired,0.0,0.0,MEDIUM,NO_WIRED_25MBPS
213670,Chignik Lagoon,188,Cable,0.0,0.0,MEDIUM,
213670,Chignik Lagoon,188,Fiber,0.0,0.0,MEDIUM,
213670,Chignik Lagoon,188,All Satellite,1.0,1.0,MEDIUM,
213670,Chignik Lagoon,188,NGSO Satellite,1.0,1.0,MEDIUM,SATELLITE_AVAILABLE
213780,Chignik Lake,74,Any Technology,1.0,1.0,MEDIUM,
213780,Chignik Lake,74,All Wired,0.0,0.0,MEDIUM,NO_WIRED_25MBPS
213780,Chignik Lake,74,Cable,0.0,0.0,MEDIUM,
213780,Chignik Lake,74,Fiber,0.0,0.0,MEDIUM,
213780,Chignik Lake,74,All Satellite,1.0,1.0,MEDIUM,
213780,Chignik Lake,74,NGSO Satellite,1.0,1.0,MEDIUM,SATELLITE_AVAILABLE
213860,Chiniak,34,Any Technology,1.0,1.0,LOW,SMALL_SAMPLE
213860,Chiniak,34,All Wired,0.0,0.0,LOW,NO_WIRED_25MBPS;SMALL_SAMPLE
213860,Chiniak,34,Cable,0.0,0.0,LOW,SMALL_SAMPLE
213860,Chiniak,34,Fiber,0.0,0.0,LOW,SMALL_SAMPLE
213860,Chiniak,34,All Satellite,1.0,1.0,LOW,SMALL_SAMPLE
213860,Chiniak,34,NGSO Satellite,1.0,1.0,LOW,SATELLITE_AVAILABLE;SMALL_SAMPLE
213890,Chisana,2,Any Technology,1.0,1.0,LOW,SMALL_SAMPLE
213890,Chisana,2,All Wired,0.0,0.0,LOW,NO_WIRED_25MBPS;SMALL_SAMPLE
213890,Chisana,2,Cable,0.0,0.0,LOW,SMALL_SAMPLE
213890,Chisana,2,Fiber,0.0,0.0,LOW,SMALL_SAMPLE
213890,Chisana,2,All Satellite,1.0,1.0,LOW,SMALL_SAMPLE
213890,Chisana,2,NGSO Satellite,1.0,1.0,LOW,SATELLITE_AVAILABLE;SMALL_SAMPLE
214000,Chistochina,140,Any Technology,1.0,1.0,MEDIUM,
214000,Chistochina,140,All Wired,0.992857143,0.992857143,MEDIUM,
214000,Chistochina,140,Cable,0.0,0.0,MEDIUM,
214000,Chistochina,140,Fiber,0.992857143,0.992857143,MEDIUM,
214000,Chistochina,140,All Satellite,1.0,1.0,MEDIUM,
214000,Chistochina,140,NGSO Satellite,1.0,1.0,MEDIUM,SATELLITE_AVAILABLE
214110,Chitina,137,Any Technology,1.0,1.0,MEDIUM,
214110,Chitina,137,All Wired,0.613138686,0.613138686,MEDIUM,
214110,Chitina,137,Cable,0.0,0.0,MEDIUM,
214110,Chitina,137,Fiber,0.613138686,0.613138686,MEDIUM,
214110,Chitina,137,All Satellite,1.0,1.0,MEDIUM,
214110,Chitina,137,NGSO Satellite,1.0,1.0,MEDIUM,SATELLITE_AVAILABLE
214330,Chuathbaluk,54,Any Technology,1.0,1.0,MEDIUM,
214330,Chuathbaluk,54,All Wired,0.0,0.0,MEDIUM,NO_WIRED_25MBPS
214330,Chuathbaluk,54,Cable,0.0,0.0,MEDIUM,
214330,Chuathbaluk,54,Fiber,0.0,0.0,MEDIUM,
214330,Chuathbaluk,54,All Satellite,1.0,1.0,MEDIUM,
214330,Chuathbaluk,54,NGSO Satellite,1.0,1.0,MEDIUM,SATELLITE_AVAILABLE
214880,Circle,53,Any Technology,1.0,1.0,MEDIUM,
214880,Circle,53,All Wired,0.0,0.0,MEDIUM,NO_WIRED_25MBPS
214880,Circle,53,Cable,0.0,0.0,MEDIUM,
214880,Circle,53,Fiber,0.0,0.0,MEDIUM,
214880,Circle,53,All Satellite,1.0,1.0,MEDIUM,
214880,Circle,53,NGSO Satellite,1.0,1.0,MEDIUM,SATELLITE_AVAILABLE
215320,Clam Gulch,209,Any Technology,1.0,1.0,HIGH,
215320,Clam Gulch,209,All Wired,0.0,0.0,HIGH,NO_WIRED_25MBPS
215320,Clam Gulch,209,Cable,0.0,0.0,HIGH,
215320,Clam Gulch,209,Fiber,0.0,0.0,HIGH,
215320,Clam Gulch,209,All Satellite,1.0,1.0,HIGH,
215320,Clam Gulch,209,NGSO Satellite,1.0,1.0,HIGH,SATELLITE_AVAILABLE
215430,Clark's Point,102,Any Technology,1.0,1.0,MEDIUM,
215430,Clark's Point,102,All Wired,0.0,0.0,MEDIUM,NO_WIRED_25MBPS
215430,Clark's Point,102,Cable,0.0,0.0,MEDIUM,
215430,Clark's Point,102,Fiber,0.0,0.0,MEDIUM,
215430,Clark's Point,102,All Satellite,1.0,1.0,MEDIUM,
215430,Clark's Point,102,NGSO Satellite,1.0,1.0,MEDIUM,SATELLITE_AVAILABLE
216360,Coffman Cove,314,Any Technology,1.0,1.0,HIGH,
216360,Coffman Cove,314,All Wired,0.601910828,0.601910828,HIGH,
216360,Coffman Cove,314,Cable,0.0,0.0,HIGH,
216360,Coffman Cove,314,Fiber,0.601910828,0.601910828,HIGH,
216360,Coffman Cove,314,All Satellite,1.0,1.0,HIGH,
216360,Coffman Cove,314,NGSO Satellite,1.0,1.0,HIGH,SATELLITE_AVAILABLE
216420,Cohoe,1289,Any Technology,1.0,1.0,HIGH,
216420,Cohoe,1289,All Wired,0.0,0.0,HIGH,NO_WIRED_25MBPS
216420,Cohoe,1289,Cable,0.0,0.0,HIGH,
216420,Cohoe,1289,Fiber,0.0,0.0,HIGH,
216420,Cohoe,1289,All Satellite,1.0,1.0,HIGH,
216420,Cohoe,1289,NGSO Satellite,1.0,1.0,HIGH,SATELLITE_AVAILABLE
216530,Cold Bay,134,Any Technology,1.0,1.0,MEDIUM,
216530,Cold Bay,134,All Wired,0.0,0.0,MEDIUM,NO_WIRED_25MBPS
216530,Cold Bay,134,Cable,0.0,0.0,MEDIUM,
216530,Cold Bay,134,Fiber,0.0,0.0,MEDIUM,
216530,Cold Bay,134,All Satellite,1.0,1.0,MEDIUM,
216530,Cold Bay,134,NGSO Satellite,1.0,1.0,MEDIUM,SATELLITE_AVAILABLE
216630,Coldfoot,41,Any Technology,1.0,1.0,LOW,SMALL_SAMPLE
216630,Coldfoot,41,All Wired,0.0,0.0,LOW,NO_WIRED_25MBPS;SMALL_SAMPLE
216630,Coldfoot,41,Cable,0.0,0.0,LOW,SMALL_SAMPLE
216630,Coldfoot,41,Fiber,0.0,0.0,LOW,SMALL_SAMPLE
216630,Coldfoot,41,All Satellite,1.0,1.0,LOW,SMALL_SAMPLE
216630,Coldfoot,41,NGSO Satellite,1.0,1.0,LOW,SATELLITE_AVAILABLE;SMALL_SAMPLE
216750,College,480,Any Technology,1.0,1.0,HIGH,
216750,College,480,All Wired,0.522916667,0.441666667,HIGH,
216750,College,480,Cable,0.391666667,0.391666667,HIGH,
216750,College,480,Fiber,0.10625,0.10625,HIGH,
216750,College,480,All Satellite,1.0,1.0,HIGH,
216750,College,480,NGSO Satellite,1.0,1.0,HIGH,SATELLITE_AVAILABLE
217190,Cooper Landing,455,Any Technology,1.0,1.0,HIGH,
217190,Cooper Landing,455,All Wired,0.879120879,0.0,HIGH,
217190,Cooper Landing,455,Cable,0.0,0.0,HIGH,
217190,Cooper Landing,455,Fiber,0.0,0.0,HIGH,
217190,Cooper Landing,455,All Satellite,1.0,1.0,HIGH,
217190,Cooper Landing,455,NGSO Satellite,1.0,1.0,HIGH,SATELLITE_AVAILABLE
217300,Copper Center,384,Any Technology,1.0,1.0,HIGH,
217300,Copper Center,384,All Wired,0.953125,0.953125,HIGH,
217300,Copper Center,384,Cable,0.0,0.0,HIGH,
217300,Copper Center,384,Fiber,0.953125,0.953125,HIGH,
217300,Copper Center,384,All Satellite,1.0,1.0,HIGH,
217300,Copper Center,384,NGSO Satellite,1.0,1.0,HIGH,SATELLITE_AVAILABLE
217410,Cordova,1290,Any Technology,1.0,1.0,HIGH,
217410,Cordova,1290,All Wired,0.953488372,0.027131783,HIGH,
217410,Cordova,1290,Cable,0.0,0.0,HIGH,
217410,Cordova,1290,Fiber,0.027131783,0.027131783,HIGH,
217410,Cordova,1290,All Satellite,1.0,1.0,HIGH,
217410,Cordova,1290,NGSO Satellite,1.0,1.0,HIGH,SATELLITE_AVAILABLE
217670,Covenant Life,24,Any Technology,1.0,1.0,LOW,SMALL_SAMPLE
217670,Covenant Life,24,All Wired,0.0,0.0,LOW,NO_WIRED_25MBPS;SMALL_SAMPLE
217670,Covenant Life,24,Cable,0.0,0.0,LOW,SMALL_SAMPLE
217670,Covenant Life,24,Fiber,0.0,0.0,LOW,SMALL_SAMPLE
217670,Covenant Life,24,All Satellite,1.0,1.0,LOW,SMALL_SAMPLE
217670,Covenant Life,24,NGSO Satellite,1.0,1.0,LOW,SATELLITE_AVAILABLE;SMALL_SAMPLE
217740,Craig,577,Any Technology,1.0,1.0,HIGH,
217740,Craig,577,All Wired,0.887348354,0.672443674,HIGH,
217740,Craig,577,Cable,0.0,0.0,HIGH,
217740,Craig,577,Fiber,0.672443674,0.672443674,HIGH,
217740,Craig,577,All Satellite,1.0,1.0,HIGH,
217740,Craig,577,NGSO Satellite,1.0,1.0,HIGH,SATELLITE_AVAILABLE
217850,Crooked Creek,40,Any Technology,1.0,1.0,LOW,SMALL_SAMPLE
217850,Crooked Creek,40,All Wired,0.0,0.0,LOW,NO_WIRED_25MBPS;SMALL_SAMPLE
217850,Crooked Creek,40,Cable,0.0,0.0,LOW,SMALL_SAMPLE
217850,Crooked Creek,40,Fiber,0.0,0.0,LOW,SMALL_SAMPLE
217850,Crooked Creek,40,All Satellite,1.0,1.0,LOW,SMALL_SAMPLE
217850,Crooked Creek,40,NGSO Satellite,1.0,1.0,LOW,SATELLITE_AVAILABLE;SMALL_SAMPLE
217960,Crown Point,55,Any Technology,1.0,1.0,MEDIUM,
217960,Crown Point,55,All Wired,0.745454545,0.0,MEDIUM,
217960,Crown Point,55,Cable,0.0,0.0,MEDIUM,
217960,Crown Point,55,Fiber,0.0,0.0,MEDIUM,
217960,Crown Point,55,All Satellite,1.0,1.0,MEDIUM,
217960,Crown Point,55,NGSO Satellite,1.0,1.0,MEDIUM,SATELLITE_AVAILABLE
218510,Deering,112,Any Technology,1.0,1.0,MEDIUM,
218510,Deering,112,All Wired,1.0,1.0,MEDIUM,
218510,Deering,112,Cable,0.0,0.0,MEDIUM,
218510,Deering,112,Fiber,1.0,1.0,MEDIUM,
218510,Deering,112,All Satellite,1.0,1.0,MEDIUM,
218510,Deering,112,NGSO Satellite,1.0,1.0,MEDIUM,SATELLITE_AVAILABLE
218620,Delta Junction,1102,Any Technology,1.0,1.0,HIGH,
218620,Delta Junction,1102,All Wired,0.029945554,0.0,HIGH,
218620,Delta Junction,1102,Cable,0.0,0.0,HIGH,
218620,Delta Junction,1102,Fiber,0.005444646,0.0,HIGH,
218620,Delta Junction,1102,All Satellite,1.0,1.0,HIGH,
218620,Delta Junction,1102,NGSO Satellite,1.0,1.0,HIGH,SATELLITE_AVAILABLE
218675,Deltana,1816,Any Technology,1.0,1.0,HIGH,
218675,Deltana,1816,All Wired,0.0,0.0,HIGH,NO_WIRED_25MBPS
218675,Deltana,1816,Cable,0.0,0.0,HIGH,
218675,Deltana,1816,Fiber,0.0,0.0,HIGH,
218675,Deltana,1816,All Satellite,1.0,1.0,HIGH,
218675,Deltana,1816,NGSO Satellite,1.0,1.0,HIGH,SATELLITE_AVAILABLE
218805,Denali Park,409,Any Technology,1.0,1.0,HIGH,
218805,Denali Park,409,All Wired,0.442542787,0.188264059,HIGH,
218805,Denali Park,409,Cable,0.0,0.0,HIGH,
218805,Denali Park,409,Fiber,0.034229829,0.034229829,HIGH,
218805,Denali Park,409,All Satellite,1.0,1.0,HIGH,
218805,Denali Park,409,NGSO Satellite,1.0,1.0,HIGH,SATELLITE_AVAILABLE
218925,Diamond Ridge,850,Any Technology,1.0,1.0,HIGH,
218925,Diamond Ridge,850,All Wired,0.065882353,0.02,HIGH,
218925,Diamond Ridge,850,Cable,0.02,0.02,HIGH,
218925,Diamond Ridge,850,Fiber,0.008235294,0.0,HIGH,
218925,Diamond Ridge,850,All Satellite,1.0,1.0,HIGH,
218925,Diamond Ridge,850,NGSO Satellite,1.0,1.0,HIGH,SATELLITE_AVAILABLE
218950,Dillingham,944,Any Technology,1.0,1.0,HIGH,
218950,Dillingham,944,All Wired,0.0,0.0,HIGH,NO_WIRED_25MBPS
218950,Dillingham,944,Cable,0.0,0.0,HIGH,
218950,Dillingham,944,Fiber,0.0,0.0,HIGH,
218950,Dillingham,944,All Satellite,1.0,1.0,HIGH,
218950,Dillingham,944,NGSO Satellite,1.0,1.0,HIGH,SATELLITE_AVAILABLE
219060,Diomede,8,Any Technology,1.0,1.0,LOW,SMALL_SAMPLE
219060,Diomede,8,All Wired,0.0,0.0,LOW,NO_WIRED_25MBPS;SMALL_SAMPLE
219060,Diomede,8,Cable,0.0,0.0,LOW,SMALL_SAMPLE
219060,Diomede,8,Fiber,0.0,0.0,LOW,SMALL_SAMPLE
219060,Diomede,8,All Satellite,1.0,1.0,LOW,SMALL_SAMPLE
219060,Diomede,8,NGSO Satellite,1.0,1.0,LOW,SATELLITE_AVAILABLE;SMALL_SAMPLE
219720,Dot Lake,26,Any Technology,1.0,1.0,LOW,SMALL_SAMPLE
219720,Dot Lake,26,All Wired,0.5,0.153846154,LOW,SMALL_SAMPLE
219720,Dot Lake,26,Cable,0.0,0.0,LOW,SMALL_SAMPLE
219720,Dot Lake,26,Fiber,0.153846154,0.153846154,LOW,SMALL_SAMPLE
219720,Dot Lake,26,All Satellite,1.0,1.0,LOW,SMALL_SAMPLE
219720,Dot Lake,26,NGSO Satellite,1.0,1.0,LOW,SATELLITE_AVAILABLE;SMALL_SAMPLE
219750,Dot Lake Village,19,Any Technology,1.0,1.0,LOW,SMALL_SAMPLE
219750,Dot Lake Village,19,All Wired,0.631578947,0.421052632,LOW,SMALL_SAMPLE
219750,Dot Lake Village,19,Cable,0.0,0.0,LOW,SMALL_SAMPLE
219750,Dot Lake Village,19,Fiber,0.421052632,0.421052632,LOW,SMALL_SAMPLE
219750,Dot Lake Village,19,All Satellite,1.0,1.0,LOW,SMALL_SAMPLE
219750,Dot Lake Village,19,NGSO Satellite,1.0,1.0,LOW,SATELLITE_AVAILABLE;SMALL_SAMPLE
220020,Dry Creek,9,Any Technology,1.0,1.0,LOW,SMALL_SAMPLE
220020,Dry Creek,9,All Wired,0.0,0.0,LOW,NO_WIRED_25MBPS;SMALL_SAMPLE
220020,Dry Creek,9,Cable,0.0,0.0,LOW,SMALL_SAMPLE
220020,Dry Creek,9,Fiber,0.0,0.0,LOW,SMALL_SAMPLE
220020,Dry Creek,9,All Satellite,1.0,1.0,LOW,SMALL_SAMPLE
220020,Dry Creek,9,NGSO Satellite,1.0,1.0,LOW,SATELLITE_AVAILABLE;SMALL_SAMPLE
220380,Eagle,207,Any Technology,1.0,1.0,HIGH,
220380,Eagle,207,All Wired,0.0,0.0,HIGH,NO_WIRED_25MBPS
220380,Eagle,207,Cable,0.0,0.0,HIGH,
220380,Eagle,207,Fiber,0.0,0.0,HIGH,
220380,Eagle,207,All Satellite,1.0,1.0,HIGH,
220380,Eagle,207,NGSO Satellite,1.0,1.0,HIGH,SATELLITE_AVAILABLE
220600,Eagle Village,101,Any Technology,1.0,1.0,MEDIUM,
220600,Eagle Village,101,All Wired,0.0,0.0,MEDIUM,NO_WIRED_25MBPS
220600,Eagle Village,101,Cable,0.0,0.0,MEDIUM,
220600,Eagle Village,101,Fiber,0.0,0.0,MEDIUM,
220600,Eagle Village,101,All Satellite,1.0,1.0,MEDIUM,
220600,Eagle Village,101,NGSO Satellite,1.0,1.0,MEDIUM,SATELLITE_AVAILABLE
220716,Eareckson Station,1,Any Technology,1.0,1.0,LOW,SMALL_SAMPLE
220716,Eareckson Station,1,All Wired,0.0,0.0,LOW,NO_WIRED_25MBPS;SMALL_SAMPLE
220716,Eareckson Station,1,Cable,0.0,0.0,LOW,SMALL_SAMPLE
220716,Eareckson Station,1,Fiber,0.0,0.0,LOW,SMALL_SAMPLE
220716,Eareckson Station,1,All Satellite,1.0,1.0,LOW,SMALL_SAMPLE
220716,Eareckson Station,1,NGSO Satellite,1.0,1.0,LOW,SATELLITE_AVAILABLE;SMALL_SAMPLE
220970,Edna Bay,87,Any Technology,1.0,1.0,MEDIUM,
220970,Edna Bay,87,All Wired,0.0,0.0,MEDIUM,NO_WIRED_25MBPS
220970,Edna Bay,87,Cable,0.0,0.0,MEDIUM,
220970,Edna Bay,87,Fiber,0.0,0.0,MEDIUM,
220970,Edna Bay,87,All Satellite,1.0,1.0,MEDIUM,
220970,Edna Bay,87,NGSO Satellite,1.0,1.0,MEDIUM,SATELLITE_AVAILABLE
221040,Eek,138,Any Technology,1.0,1.0,MEDIUM,
221040,Eek,138,All Wired,0.0,0.0,MEDIUM,NO_WIRED_25MBPS
221040,Eek,138,Cable,0.0,0.0,MEDIUM,
221040,Eek,138,Fiber,0.0,0.0,MEDIUM,
221040,Eek,138,All Satellite,1.0,1.0,MEDIUM,
221040,Eek,138,NGSO Satellite,1.0,1.0,MEDIUM,SATELLITE_AVAILABLE
221150,Egegik,249,Any Technology,1.0,1.0,HIGH,
221150,Egegik,249,All Wired,0.0,0.0,HIGH,NO_WIRED_25MBPS
221150,Egegik,249,Cable,0.0,0.0,HIGH,
221150,Egegik,249,Fiber,0.0,0.0,HIGH,
221150,Egegik,249,All Satellite,1.0,1.0,HIGH,
221150,Egegik,249,NGSO Satellite,1.0,1.0,HIGH,SATELLITE_AVAILABLE
221810,Ekwok,77,Any Technology,1.0,1.0,MEDIUM,
221810,Ekwok,77,All Wired,0.0,0.0,MEDIUM,NO_WIRED_25MBPS
221810,Ekwok,77,Cable,0.0,0.0,MEDIUM,
221810,Ekwok,77,Fiber,0.0,0.0,MEDIUM,
221810,Ekwok,77,All Satellite,1.0,1.0,MEDIUM,
221810,Ekwok,77,NGSO Satellite,1.0,1.0,MEDIUM,SATELLITE_AVAILABLE
222140,Elfin Cove,43,Any Technology,1.0,1.0,LOW,SMALL_SAMPLE
222140,Elfin Cove,43,All Wired,0.0,0.0,LOW,NO_WIRED_25MBPS;SMALL_SAMPLE
222140,Elfin Cove,43,Cable,0.0,0.0,LOW,SMALL_SAMPLE
222140,Elfin Cove,43,Fiber,0.0,0.0,LOW,SMALL_SAMPLE
222140,Elfin Cove,43,All Satellite,1.0,1.0,LOW,SMALL_SAMPLE
222140,Elfin Cove,43,NGSO Satellite,1.0,1.0,LOW,SATELLITE_AVAILABLE;SMALL_SAMPLE
222250,Elim,146,Any Technology,1.0,1.0,MEDIUM,
222250,Elim,146,All Wired,0.0,0.0,MEDIUM,NO_WIRED_25MBPS
222250,Elim,146,Cable,0.0,0.0,MEDIUM,
222250,Elim,146,Fiber,0.0,0.0,MEDIUM,
222250,Elim,146,All Satellite,1.0,1.0,MEDIUM,
222250,Elim,146,NGSO Satellite,1.0,1.0,MEDIUM,SATELLITE_AVAILABLE
222910,Emmonak,374,Any Technology,1.0,1.0,HIGH,
222910,Emmonak,374,All Wired,0.0,0.0,HIGH,NO_WIRED_25MBPS
222910,Emmonak,374,Cable,0.0,0.0,HIGH,
222910,Emmonak,374,Fiber,0.0,0.0,HIGH,
222910,Emmonak,374,All Satellite,1.0,1.0,HIGH,
222910,Emmonak,374,NGSO Satellite,1.0,1.0,HIGH,SATELLITE_AVAILABLE
223460,Ester,845,Any Technology,1.0,1.0,HIGH,
223460,Ester,845,All Wired,0.476923077,0.34556213,HIGH,
223460,Ester,845,Cable,0.34556213,0.34556213,HIGH,
223460,Ester,845,Fiber,0.0,0.0,HIGH,
223460,Ester,845,All Satellite,1.0,1.0,HIGH,
223460,Ester,845,NGSO Satellite,1.0,1.0,HIGH,SATELLITE_AVAILABLE
223720,Eureka Roadhouse,100,Any Technology,1.0,1.0,MEDIUM,
223720,Eureka Roadhouse,100,All Wired,0.22,0.21,MEDIUM,
223720,Eureka Roadhouse,100,Cable,0.0,0.0,MEDIUM,
223720,Eureka Roadhouse,100,Fiber,0.21,0.21,MEDIUM,
223720,Eureka Roadhouse,100,All Satellite,1.0,1.0,MEDIUM,
223720,Eureka Roadhouse,100,NGSO Satellite,1.0,1.0,MEDIUM,SATELLITE_AVAILABLE
223790,Evansville,52,Any Technology,1.0,1.0,MEDIUM,
223790,Evansville,52,All Wired,0.0,0.0,MEDIUM,NO_WIRED_25MBPS
223790,Evansville,52,Cable,0.0,0.0,MEDIUM,
223790,Evansville,52,Fiber,0.0,0.0,MEDIUM,
223790,Evansville,52,All Satellite,1.0,1.0,MEDIUM,
223790,Evansville,52,NGSO Satellite,1.0,1.0,MEDIUM,SATELLITE_AVAILABLE
223900,Excursion Inlet,66,Any Technology,1.0,1.0,MEDIUM,
223900,Excursion Inlet,66,All Wired,0.0,0.0,MEDIUM,NO_WIRED_25MBPS
223900,Excursion Inlet,66,Cable,0.0,0.0,MEDIUM,
223900,Excursion Inlet,66,Fiber,0.0,0.0,MEDIUM,
223900,Excursion Inlet,66,All Satellite,1.0,1.0,MEDIUM,
223900,Excursion Inlet,66,NGSO Satellite,1.0,1.0,MEDIUM,SATELLITE_AVAILABLE
224230,Fairbanks,16,Any Technology,1.0,1.0,LOW,SMALL_SAMPLE
224230,Fairbanks,16,All Wired,0.5625,0.5625,LOW,SMALL_SAMPLE
224230,Fairbanks,16,Cable,0.5625,0.5625,LOW,SMALL_SAMPLE
224230,Fairbanks,16,Fiber,0.0,0.0,LOW,SMALL_SAMPLE
224230,Fairbanks,16,All Satellite,1.0,1.0,LOW,SMALL_SAMPLE
224230,Fairbanks,16,NGSO Satellite,1.0,1.0,LOW,SATELLITE_AVAILABLE;SMALL_SAMPLE
224660,False Pass,75,Any Technology,1.0,1.0,MEDIUM,
224660,False Pass,75,All Wired,0.0,0.0,MEDIUM,NO_WIRED_25MBPS
224660,False Pass,75,Cable,0.0,0.0,MEDIUM,
224660,False Pass,75,Fiber,0.0,0.0,MEDIUM,
224660,False Pass,75,All Satellite,1.0,1.0,MEDIUM,
224660,False Pass,75,NGSO Satellite,1.0,1.0,MEDIUM,SATELLITE_AVAILABLE
224980,Farmers Loop,1064,Any Technology,1.0,1.0,HIGH,
224980,Farmers Loop,1064,All Wired,0.5,0.340225564,HIGH,
224980,Farmers Loop,1064,Cable,0.340225564,0.340225564,HIGH,
224980,Farmers Loop,1064,Fiber,0.00093985,0.0,HIGH,
224980,Farmers Loop,1064,All Satellite,1.0,1.0,HIGH,
224980,Farmers Loop,1064,NGSO Satellite,1.0,1.0,HIGH,SATELLITE_AVAILABLE
225000,Farm Loop,922,Any Technology,1.0,1.0,HIGH,
225000,Farm Loop,922,All Wired,0.945770065,0.661605206,HIGH,
225000,Farm Loop,922,Cable,0.284164859,0.284164859,HIGH,
225000,Farm Loop,922,Fiber,0.337310195,0.337310195,HIGH,
225000,Farm Loop,922,All Satellite,1.0,1.0,HIGH,
225000,Farm Loop,922,NGSO Satellite,1.0,1.0,HIGH,SATELLITE_AVAILABLE
225220,Ferry,40,Any Technology,1.0,1.0,LOW,SMALL_SAMPLE
225220,Ferry,40,All Wired,0.0,0.0,LOW,NO_WIRED_25MBPS;SMALL_SAMPLE
225220,Ferry,40,Cable,0.0,0.0,LOW,SMALL_SAMPLE
225220,Ferry,40,Fiber,0.0,0.0,LOW,SMALL_SAMPLE
225220,Ferry,40,All Satellite,1.0,1.0,LOW,SMALL_SAMPLE
225220,Ferry,40,NGSO Satellite,1.0,1.0,LOW,SATELLITE_AVAILABLE;SMALL_SAMPLE
225550,Fishhook,2251,Any Technology,1.0,1.0,HIGH,
225550,Fishhook,2251,All Wired,0.916925811,0.70812972,HIGH,
225550,Fishhook,2251,Cable,0.010217681,0.010217681,HIGH,
225550,Fishhook,2251,Fiber,0.662372279,0.662372279,HIGH,
225550,Fishhook,2251,All Satellite,1.0,1.0,HIGH,
225550,Fishhook,2251,NGSO Satellite,1.0,1.0,HIGH,SATELLITE_AVAILABLE
225880,Flat,25,Any Technology,1.0,1.0,LOW,SMALL_SAMPLE
225880,Flat,25,All Wired,0.0,0.0,LOW,NO_WIRED_25MBPS;SMALL_SAMPLE
225880,Flat,25,Cable,0.0,0.0,LOW,SMALL_SAMPLE
225880,Flat,25,Fiber,0.0,0.0,LOW,SMALL_SAMPLE
225880,Flat,25,All Satellite,1.0,1.0,LOW,SMALL_SAMPLE
225880,Flat,25,NGSO Satellite,1.0,1.0,LOW,SATELLITE_AVAILABLE;SMALL_SAMPLE
226760,Fort Yukon,517,Any Technology,1.0,1.0,HIGH,
226760,Fort Yukon,517,All Wired,0.0,0.0,HIGH,NO_WIRED_25MBPS
226760,Fort Yukon,517,Cable,0.0,0.0,HIGH,
226760,Fort Yukon,517,Fiber,0.0,0.0,HIGH,
226760,Fort Yukon,517,All Satellite,1.0,1.0,HIGH,
226760,Fort Yukon,517,NGSO Satellite,1.0,1.0,HIGH,SATELLITE_AVAILABLE
226835,Four Mile Road,32,Any Technology,1.0,1.0,LOW,SMALL_SAMPLE
226835,Four Mile Road,32,All Wired,0.0,0.0,LOW,NO_WIRED_25MBPS;SMALL_SAMPLE
226835,Four Mile Road,32,Cable,0.0,0.0,LOW,SMALL_SAMPLE
226835,Four Mile Road,32,Fiber,0.0,0.0,LOW,SMALL_SAMPLE
226835,Four Mile Road,32,All Satellite,1.0,1.0,LOW,SMALL_SAMPLE
226835,Four Mile Road,32,NGSO Satellite,1.0,1.0,LOW,SATELLITE_AVAILABLE;SMALL_SAMPLE
226870,Fox,395,Any Technology,1.0,1.0,HIGH,
226870,Fox,395,All Wired,0.35443038,0.0,HIGH,
226870,Fox,395,Cable,0.0,0.0,HIGH,
226870,Fox,395,Fiber,0.0,0.0,HIGH,
226870,Fox,395,All Satellite,1.0,1.0,HIGH,
226870,Fox,395,NGSO Satellite,1.0,1.0,HIGH,SATELLITE_AVAILABLE
226910,Fox River,336,Any Technology,1.0,1.0,HIGH,
226910,Fox River,336,All Wired,0.12202381,0.0,HIGH,
226910,Fox River,336,Cable,0.0,0.0,HIGH,
226910,Fox River,336,Fiber,0.0,0.0,HIGH,
226910,Fox River,336,All Satellite,1.0,1.0,HIGH,
226910,Fox River,336,NGSO Satellite,1.0,1.0,HIGH,SATELLITE_AVAILABLE
227090,Fritz Creek,1489,Any Technology,1.0,1.0,HIGH,
227090,Fritz Creek,1489,All Wired,0.0,0.0,HIGH,NO_WIRED_25MBPS
227090,Fritz Creek,1489,Cable,0.0,0.0,HIGH,
227090,Fritz Creek,1489,Fiber,0.0,0.0,HIGH,
227090,Fritz Creek,1489,All Satellite,1.0,1.0,HIGH,
227090,Fritz Creek,1489,NGSO Satellite,1.0,1.0,HIGH,SATELLITE_AVAILABLE
227145,Funny River,1235,Any Technology,1.0,1.0,HIGH,
227145,Funny River,1235,All Wired,0.001619433,0.0,HIGH,
227145,Funny River,1235,Cable,0.0,0.0,HIGH,
227145,Funny River,1235,Fiber,0.000809717,0.0,HIGH,
227145,Funny River,1235,All Satellite,1.0,1.0,HIGH,
227145,Funny River,1235,NGSO Satellite,1.0,1.0,HIGH,SATELLITE_AVAILABLE
227420,Gakona,267,Any Technology,1.0,1.0,HIGH,
227420,Gakona,267,All Wired,0.992509363,0.992509363,HIGH,
227420,Gakona,267,Cable,0.0,0.0,HIGH,
227420,Gakona,267,Fiber,0.992509363,0.992509363,HIGH,
227420,Gakona,267,All Satellite,1.0,1.0,HIGH,
227420,Gakona,267,NGSO Satellite,1.0,1.0,HIGH,SATELLITE_AVAILABLE
227530,Galena,686,Any Technology,1.0,1.0,HIGH,
227530,Galena,686,All Wired,0.0,0.0,HIGH,NO_WIRED_25MBPS
227530,Galena,686,Cable,0.0,0.0,HIGH,
227530,Galena,686,Fiber,0.0,0.0,HIGH,
227530,Galena,686,All Satellite,1.0,1.0,HIGH,
227530,Galena,686,NGSO Satellite,1.0,1.0,HIGH,SATELLITE_AVAILABLE
227640,Gambell,265,Any Technology,1.0,1.0,HIGH,
227640,Gambell,265,All Wired,0.0,0.0,HIGH,NO_WIRED_25MBPS
227640,Gambell,265,Cable,0.0,0.0,HIGH,
227640,Gambell,265,Fiber,0.0,0.0,HIGH,
227640,Gambell,265,All Satellite,1.0,1.0,HIGH,
227640,Gambell,265,NGSO Satellite,1.0,1.0,HIGH,SATELLITE_AVAILABLE
227700,Game Creek,11,Any Technology,1.0,1.0,LOW,SMALL_SAMPLE
227700,Game Creek,11,All Wired,0.0,0.0,LOW,NO_WIRED_25MBPS;SMALL_SAMPLE
227700,Game Creek,11,Cable,0.0,0.0,LOW,SMALL_SAMPLE
227700,Game Creek,11,Fiber,0.0,0.0,LOW,SMALL_SAMPLE
227700,Game Creek,11,All Satellite,1.0,1.0,LOW,SMALL_SAMPLE
227700,Game Creek,11,NGSO Satellite,1.0,1.0,LOW,SATELLITE_AVAILABLE;SMALL_SAMPLE
228200,Gateway,834,Any Technology,1.0,1.0,HIGH,
228200,Gateway,834,All Wired,0.902877698,0.774580336,HIGH,
228200,Gateway,834,Cable,0.690647482,0.690647482,HIGH,
228200,Gateway,834,Fiber,0.214628297,0.214628297,HIGH,
228200,Gateway,834,All Satellite,1.0,1.0,HIGH,
228200,Gateway,834,NGSO Satellite,1.0,1.0,HIGH,SATELLITE_AVAILABLE
228590,Glacier View,323,Any Technology,1.0,1.0,HIGH,
228590,Glacier View,323,All Wired,0.371517028,0.328173375,HIGH,
228590,Glacier View,323,Cable,0.0,0.0,HIGH,
228590,Glacier View,323,Fiber,0.287925697,0.287925697,HIGH,
228590,Glacier View,323,All Satellite,1.0,1.0,HIGH,
228590,Glacier View,323,NGSO Satellite,1.0,1.0,HIGH,SATELLITE_AVAILABLE
228740,Glennallen,487,Any Technology,1.0,1.0,HIGH,
228740,Glennallen,487,All Wired,0.967145791,0.965092402,HIGH,
228740,Glennallen,487,Cable,0.0,0.0,HIGH,
228740,Glennallen,487,Fiber,0.965092402,0.965092402,HIGH,
228740,Glennallen,487,All Satellite,1.0,1.0,HIGH,
228740,Glennallen,487,NGSO Satellite,1.0,1.0,HIGH,SATELLITE_AVAILABLE
229130,Goldstream,2152,Any Technology,1.0,1.0,HIGH,
229130,Goldstream,2152,All Wired,0.244888476,0.0,HIGH,
229130,Goldstream,2152,Cable,0.0,0.0,HIGH,
229130,Goldstream,2152,Fiber,0.0,0.0,HIGH,
229130,Goldstream,2152,All Satellite,1.0,1.0,HIGH,
229130,Goldstream,2152,NGSO Satellite,1.0,1.0,HIGH,SATELLITE_AVAILABLE
229180,Golovin,132,Any Technology,1.0,1.0,MEDIUM,
229180,Golovin,132,All Wired,0.0,0.0,MEDIUM,NO_WIRED_25MBPS
229180,Golovin,132,Cable,0.0,0.0,MEDIUM,
229180,Golovin,132,Fiber,0.0,0.0,MEDIUM,
229180,Golovin,132,All Satellite,1.0,1.0,MEDIUM,
229180,Golovin,132,NGSO Satellite,1.0,1.0,MEDIUM,SATELLITE_AVAILABLE
229290,Goodnews Bay,113,Any Technology,1.0,1.0,MEDIUM,
229290,Goodnews Bay,113,All Wired,0.0,0.0,MEDIUM,NO_WIRED_25MBPS
229290,Goodnews Bay,113,Cable,0.0,0.0,MEDIUM,
229290,Goodnews Bay,113,Fiber,0.0,0.0,MEDIUM,
229290,Goodnews Bay,113,All Satellite,1.0,1.0,MEDIUM,
229290,Goodnews Bay,113,NGSO Satellite,1.0,1.0,MEDIUM,SATELLITE_AVAILABLE
230060,Grayling,106,Any Technology,1.0,1.0,MEDIUM,
230060,Grayling,106,All Wired,0.0,0.0,MEDIUM,NO_WIRED_25MBPS
230060,Grayling,106,Cable,0.0,0.0,MEDIUM,
230060,Grayling,106,Fiber,0.0,0.0,MEDIUM,
230060,Grayling,106,All Satellite,1.0,1.0,MEDIUM,
230060,Grayling,106,NGSO Satellite,1.0,1.0,MEDIUM,SATELLITE_AVAILABLE
230500,Gulkana,79,Any Technology,1.0,1.0,MEDIUM,
230500,Gulkana,79,All Wired,0.936708861,0.936708861,MEDIUM,
230500,Gulkana,79,Cable,0.0,0.0,MEDIUM,
230500,Gulkana,79,Fiber,0.936708861,0.936708861,MEDIUM,
230500,Gulkana,79,All Satellite,1.0,1.0,MEDIUM,
230500,Gulkana,79,NGSO Satellite,1.0,1.0,MEDIUM,SATELLITE_AVAILABLE
230940,Gustavus,761,Any Technology,1.0,1.0,HIGH,
230940,Gustavus,761,All Wired,0.813403417,0.813403417,HIGH,
230940,Gustavus,761,Cable,0.0,0.0,HIGH,
230940,Gustavus,761,Fiber,0.813403417,0.813403417,HIGH,
230940,Gustavus,761,All Satellite,1.0,1.0,HIGH,
230940,Gustavus,761,NGSO Satellite,1.0,1.0,HIGH,SATELLITE_AVAILABLE
231050,Haines,1212,Any Technology,1.0,1.0,HIGH,
231050,Haines,1212,All Wired,0.838283828,0.828382838,HIGH,
231050,Haines,1212,Cable,0.0,0.0,HIGH,
231050,Haines,1212,Fiber,0.828382838,0.828382838,HIGH,
231050,Haines,1212,All Satellite,1.0,1.0,HIGH,
231050,Haines,1212,NGSO Satellite,1.0,1.0,HIGH,SATELLITE_AVAILABLE
231270,Halibut Cove,157,Any Technology,1.0,1.0,MEDIUM,
231270,Halibut Cove,157,All Wired,0.0,0.0,MEDIUM,NO_WIRED_25MBPS
231270,Halibut Cove,157,Cable,0.0,0.0,MEDIUM,
231270,Halibut Cove,157,Fiber,0.0,0.0,MEDIUM,
231270,Halibut Cove,157,All Satellite,1.0,1.0,MEDIUM,
231270,Halibut Cove,157,NGSO Satellite,1.0,1.0,MEDIUM,SATELLITE_AVAILABLE
231710,Happy Valley,763,Any Technology,1.0,1.0,HIGH,
231710,Happy Valley,763,All Wired,0.001310616,0.0,HIGH,
231710,Happy Valley,763,Cable,0.0,0.0,HIGH,
231710,Happy Valley,763,Fiber,0.001310616,0.0,HIGH,
231710,Happy Valley,763,All Satellite,1.0,1.0,HIGH,
231710,Happy Valley,763,NGSO Satellite,1.0,1.0,HIGH,SATELLITE_AVAILABLE
231765,Harding-Birch Lakes,798,Any Technology,1.0,1.0,HIGH,
231765,Harding-Birch Lakes,798,All Wired,0.268170426,0.0,HIGH,
231765,Harding-Birch Lakes,798,Cable,0.0,0.0,HIGH,
231765,Harding-Birch Lakes,798,Fiber,0.0,0.0,HIGH,
231765,Harding-Birch Lakes,798,All Satellite,1.0,1.0,HIGH,
231765,Harding-Birch Lakes,798,NGSO Satellite,1.0,1.0,HIGH,SATELLITE_AVAILABLE
232150,Healy,822,Any Technology,1.0,1.0,HIGH,
232150,Healy,822,All Wired,0.459854015,0.344282238,HIGH,
232150,Healy,822,Cable,0.0,0.0,HIGH,
232150,Healy,822,Fiber,0.276155718,0.276155718,HIGH,
232150,Healy,822,All Satellite,1.0,1.0,HIGH,
232150,Healy,822,NGSO Satellite,1.0,1.0,HIGH,SATELLITE_AVAILABLE
232310,Healy Lake,10,Any Technology,1.0,1.0,LOW,SMALL_SAMPLE
232310,Healy Lake,10,All Wired,0.0,0.0,LOW,NO_WIRED_25MBPS;SMALL_SAMPLE
232310,Healy Lake,10,Cable,0.0,0.0,LOW,SMALL_SAMPLE
232310,Healy Lake,10,Fiber,0.0,0.0,LOW,SMALL_SAMPLE
232310,Healy Lake,10,All Satellite,1.0,1.0,LOW,SMALL_SAMPLE
232310,Healy Lake,10,NGSO Satellite,1.0,1.0,LOW,SATELLITE_AVAILABLE;SMALL_SAMPLE
232550,Hobart Bay,7,Any Technology,1.0,1.0,LOW,SMALL_SAMPLE
232550,Hobart Bay,7,All Wired,0.0,0.0,LOW,NO_WIRED_25MBPS;SMALL_SAMPLE
232550,Hobart Bay,7,Cable,0.0,0.0,LOW,SMALL_SAMPLE
232550,Hobart Bay,7,Fiber,0.0,0.0,LOW,SMALL_SAMPLE
232550,Hobart Bay,7,All Satellite,1.0,1.0,LOW,SMALL_SAMPLE
232550,Hobart Bay,7,NGSO Satellite,1.0,1.0,LOW,SATELLITE_AVAILABLE;SMALL_SAMPLE
232810,Hollis,83,Any Technology,1.0,1.0,MEDIUM,
232810,Hollis,83,All Wired,0.542168675,0.397590361,MEDIUM,
232810,Hollis,83,Cable,0.0,0.0,MEDIUM,
232810,Hollis,83,Fiber,0.397590361,0.397590361,MEDIUM,
232810,Hollis,83,All Satellite,1.0,1.0,MEDIUM,
232810,Hollis,83,NGSO Satellite,1.0,1.0,MEDIUM,SATELLITE_AVAILABLE
233030,Holy Cross,153,Any Technology,1.0,1.0,MEDIUM,
233030,Holy Cross,153,All Wired,0.0,0.0,MEDIUM,NO_WIRED_25MBPS
233030,Holy Cross,153,Cable,0.0,0.0,MEDIUM,
233030,Holy Cross,153,Fiber,0.0,0.0,MEDIUM,
233030,Holy Cross,153,All Satellite,1.0,1.0,MEDIUM,
233030,Holy Cross,153,NGSO Satellite,1.0,1.0,MEDIUM,SATELLITE_AVAILABLE
233140,Homer,3928,Any Technology,1.0,1.0,HIGH,
233140,Homer,3928,All Wired,0.775712831,0.772912424,HIGH,
233140,Homer,3928,Cable,0.772912424,0.772912424,HIGH,
233140,Homer,3928,Fiber,0.000254582,0.000254582,HIGH,
233140,Homer,3928,All Satellite,1.0,1.0,HIGH,
233140,Homer,3928,NGSO Satellite,1.0,1.0,HIGH,SATELLITE_AVAILABLE
233360,Hoonah,625,Any Technology,1.0,1.0,HIGH,
233360,Hoonah,625,All Wired,0.0,0.0,HIGH,NO_WIRED_25MBPS
233360,Hoonah,625,Cable,0.0,0.0,HIGH,
233360,Hoonah,625,Fiber,0.0,0.0,HIGH,
233360,Hoonah,625,All Satellite,1.0,1.0,HIGH,
233360,Hoonah,625,NGSO Satellite,1.0,1.0,HIGH,SATELLITE_AVAILABLE
233470,Hooper Bay,292,Any Technology,1.0,1.0,HIGH,
233470,Hooper Bay,292,All Wired,0.0,0.0,HIGH,NO_WIRED_25MBPS
233470,Hooper Bay,292,Cable,0.0,0.0,HIGH,
233470,Hooper Bay,292,Fiber,0.0,0.0,HIGH,
233470,Hooper Bay,292,All Satellite,1.0,1.0,HIGH,
233470,Hooper Bay,292,NGSO Satellite,1.0,1.0,HIGH,SATELLITE_AVAILABLE
233580,Hope,237,Any Technology,1.0,1.0,HIGH,
233580,Hope,237,All Wired,0.23628692,0.0,HIGH,
233580,Hope,237,Cable,0.0,0.0,HIGH,
233580,Hope,237,Fiber,0.0,0.0,HIGH,
233580,Hope,237,All Satellite,1.0,1.0,HIGH,
233580,Hope,237,NGSO Satellite,1.0,1.0,HIGH,SATELLITE_AVAILABLE
233800,Houston,1154,Any Technology,1.0,1.0,HIGH,
233800,Houston,1154,All Wired,0.649046794,0.241767764,HIGH,
233800,Houston,1154,Cable,0.0,0.0,HIGH,
233800,Houston,1154,Fiber,0.180242634,0.180242634,HIGH,
233800,Houston,1154,All Satellite,1.0,1.0,HIGH,
233800,Houston,1154,NGSO Satellite,1.0,1.0,HIGH,SATELLITE_AVAILABLE
233910,Hughes,83,Any Technology,1.0,1.0,MEDIUM,
233910,Hughes,83,All Wired,0.0,0.0,MEDIUM,NO_WIRED_25MBPS
233910,Hughes,83,Cable,0.0,0.0,MEDIUM,
233910,Hughes,83,Fiber,0.0,0.0,MEDIUM,
233910,Hughes,83,All Satellite,1.0,1.0,MEDIUM,
233910,Hughes,83,NGSO Satellite,1.0,1.0,MEDIUM,SATELLITE_AVAILABLE
234350,Huslia,213,Any Technology,1.0,1.0,HIGH,
234350,Huslia,213,All Wired,0.0,0.0,HIGH,NO_WIRED_25MBPS
234350,Huslia,213,Cable,0.0,0.0,HIGH,
234350,Huslia,213,Fiber,0.0,0.0,HIGH,
234350,Huslia,213,All Satellite,1.0,1.0,HIGH,
234350,Huslia,213,NGSO Satellite,1.0,1.0,HIGH,SATELLITE_AVAILABLE
234460,Hydaburg,171,Any Technology,1.0,1.0,MEDIUM,
234460,Hydaburg,171,All Wired,0.923976608,0.315789474,MEDIUM,
234460,Hydaburg,171,Cable,0.0,0.0,MEDIUM,
234460,Hydaburg,171,Fiber,0.315789474,0.315789474,MEDIUM,
234460,Hydaburg,171,All Satellite,1.0,1.0,MEDIUM,
234460,Hydaburg,171,NGSO Satellite,1.0,1.0,MEDIUM,SATELLITE_AVAILABLE
234570,Hyder,71,Any Technology,1.0,1.0,MEDIUM,
234570,Hyder,71,All Wired,0.0,0.0,MEDIUM,NO_WIRED_25MBPS
234570,Hyder,71,Cable,0.0,0.0,MEDIUM,
234570,Hyder,71,Fiber,0.0,0.0,MEDIUM,
234570,Hyder,71,All Satellite,1.0,1.0,MEDIUM,
234570,Hyder,71,NGSO Satellite,1.0,1.0,MEDIUM,SATELLITE_AVAILABLE
234790,Igiugig,91,Any Technology,1.0,1.0,MEDIUM,
234790,Igiugig,91,All Wired,0.0,0.0,MEDIUM,NO_WIRED_25MBPS
234790,Igiugig,91,Cable,0.0,0.0,MEDIUM,
234790,Igiugig,91,Fiber,0.0,0.0,MEDIUM,
234790,Igiugig,91,All Satellite,1.0,1.0,MEDIUM,
234790,Igiugig,91,NGSO Satellite,1.0,1.0,MEDIUM,SATELLITE_AVAILABLE
235120,Iliamna,186,Any Technology,1.0,1.0,MEDIUM,
235120,Iliamna,186,All Wired,0.0,0.0,MEDIUM,NO_WIRED_25MBPS
235120,Iliamna,186,Cable,0.0,0.0,MEDIUM,
235120,Iliamna,186,Fiber,0.0,0.0,MEDIUM,
235120,Iliamna,186,All Satellite,1.0,1.0,MEDIUM,
235120,Iliamna,186,NGSO Satellite,1.0,1.0,MEDIUM,SATELLITE_AVAILABLE
235890,Ivanof Bay,28,Any Technology,1.0,1.0,LOW,SMALL_SAMPLE
235890,Ivanof Bay,28,All Wired,0.0,0.0,LOW,NO_WIRED_25MBPS;SMALL_SAMPLE
235890,Ivanof Bay,28,Cable,0.0,0.0,LOW,SMALL_SAMPLE
235890,Ivanof Bay,28,Fiber,0.0,0.0,LOW,SMALL_SAMPLE
235890,Ivanof Bay,28,All Satellite,1.0,1.0,LOW,SMALL_SAMPLE
235890,Ivanof Bay,28,NGSO Satellite,1.0,1.0,LOW,SATELLITE_AVAILABLE;SMALL_SAMPLE
236400,Juneau,3793,Any Technology,1.0,1.0,HIGH,
236400,Juneau,3793,All Wired,0.916952281,0.914315845,HIGH,
236400,Juneau,3793,Cable,0.914315845,0.914315845,HIGH,
236400,Juneau,3793,Fiber,0.007645663,0.005536515,HIGH,
236400,Juneau,3793,All Satellite,1.0,1.0,HIGH,
236400,Juneau,3793,NGSO Satellite,1.0,1.0,HIGH,SATELLITE_AVAILABLE
236540,Kachemak,361,Any Technology,1.0,1.0,HIGH,
236540,Kachemak,361,All Wired,0.36565097,0.36565097,HIGH,
236540,Kachemak,361,Cable,0.36565097,0.36565097,HIGH,
236540,Kachemak,361,Fiber,0.0,0.0,HIGH,
236540,Kachemak,361,All Satellite,1.0,1.0,HIGH,
236540,Kachemak,361,NGSO Satellite,1.0,1.0,HIGH,SATELLITE_AVAILABLE
236770,Kake,387,Any Technology,1.0,1.0,HIGH,
236770,Kake,387,All Wired,0.0,0.0,HIGH,NO_WIRED_25MBPS
236770,Kake,387,Cable,0.0,0.0,HIGH,
236770,Kake,387,Fiber,0.0,0.0,HIGH,
236770,Kake,387,All Satellite,1.0,1.0,HIGH,
236770,Kake,387,NGSO Satellite,1.0,1.0,HIGH,SATELLITE_AVAILABLE
236990,Kaktovik,128,Any Technology,1.0,1.0,MEDIUM,
236990,Kaktovik,128,All Wired,0.0,0.0,MEDIUM,NO_WIRED_25MBPS
236990,Kaktovik,128,Cable,0.0,0.0,MEDIUM,
236990,Kaktovik,128,Fiber,0.0,0.0,MEDIUM,
236990,Kaktovik,128,All Satellite,1.0,1.0,MEDIUM,
236990,Kaktovik,128,NGSO Satellite,1.0,1.0,MEDIUM,SATELLITE_AVAILABLE
237250,Kalifornsky,3160,Any Technology,1.0,1.0,HIGH,
237250,Kalifornsky,3160,All Wired,0.213607595,0.196518987,HIGH,
237250,Kalifornsky,3160,Cable,0.196518987,0.196518987,HIGH,
237250,Kalifornsky,3160,Fiber,0.002848101,0.0,HIGH,
237250,Kalifornsky,3160,All Satellite,1.0,1.0,HIGH,
237250,Kalifornsky,3160,NGSO Satellite,1.0,1.0,HIGH,SATELLITE_AVAILABLE
237430,Kaltag,145,Any Technology,1.0,1.0,MEDIUM,
237430,Kaltag,145,All Wired,0.0,0.0,MEDIUM,NO_WIRED_25MBPS
237430,Kaltag,145,Cable,0.0,0.0,MEDIUM,
237430,Kaltag,145,Fiber,0.0,0.0,MEDIUM,
237430,Kaltag,145,All Satellite,1.0,1.0,MEDIUM,
237430,Kaltag,145,NGSO Satellite,1.0,1.0,MEDIUM,SATELLITE_AVAILABLE
237540,Karluk,51,Any Technology,1.0,1.0,MEDIUM,
237540,Karluk,51,All Wired,0.0,0.0,MEDIUM,NO_WIRED_25MBPS
237540,Karluk,51,Cable,0.0,0.0,MEDIUM,
237540,Karluk,51,Fiber,0.0,0.0,MEDIUM,
237540,Karluk,51,All Satellite,1.0,1.0,MEDIUM,
237540,Karluk,51,NGSO Satellite,1.0,1.0,MEDIUM,SATELLITE_AVAILABLE
237650,Kasaan,84,Any Technology,1.0,1.0,MEDIUM,
237650,Kasaan,84,All Wired,0.666666667,0.666666667,MEDIUM,
237650,Kasaan,84,Cable,0.0,0.0,MEDIUM,
237650,Kasaan,84,Fiber,0.666666667,0.666666667,MEDIUM,
237650,Kasaan,84,All Satellite,1.0,1.0,MEDIUM,
237650,Kasaan,84,NGSO Satellite,1.0,1.0,MEDIUM,SATELLITE_AVAILABLE
237975,Kasigluk,168,Any Technology,1.0,1.0,MEDIUM,
237975,Kasigluk,168,All Wired,0.0,0.0,MEDIUM,NO_WIRED_25MBPS
237975,Kasigluk,168,Cable,0.0,0.0,MEDIUM,
237975,Kasigluk,168,Fiber,0.0,0.0,MEDIUM,
237975,Kasigluk,168,All Satellite,1.0,1.0,MEDIUM,
237975,Kasigluk,168,NGSO Satellite,1.0,1.0,MEDIUM,SATELLITE_AVAILABLE
238090,Kasilof,374,Any Technology,1.0,1.0,HIGH,
238090,Kasilof,374,All Wired,0.026737968,0.0,HIGH,
238090,Kasilof,374,Cable,0.0,0.0,HIGH,
238090,Kasilof,374,Fiber,0.002673797,0.0,HIGH,
238090,Kasilof,374,All Satellite,1.0,1.0,HIGH,
238090,Kasilof,374,NGSO Satellite,1.0,1.0,HIGH,SATELLITE_AVAILABLE
238420,Kenai,1042,Any Technology,1.0,1.0,HIGH,
238420,Kenai,1042,All Wired,0.70537428,0.70537428,HIGH,
238420,Kenai,1042,Cable,0.704414587,0.704414587,HIGH,
238420,Kenai,1042,Fiber,0.000959693,0.000959693,HIGH,
238420,Kenai,1042,All Satellite,1.0,1.0,HIGH,
238420,Kenai,1042,NGSO Satellite,1.0,1.0,HIGH,SATELLITE_AVAILABLE
238910,Kenny Lake,387,Any Technology,1.0,1.0,HIGH,
238910,Kenny Lake,387,All Wired,0.989664083,0.989664083,HIGH,
238910,Kenny Lake,387,Cable,0.0,0.0,HIGH,
238910,Kenny Lake,387,Fiber,0.989664083,0.989664083,HIGH,
238910,Kenny Lake,387,All Satellite,1.0,1.0,HIGH,
238910,Kenny Lake,387,NGSO Satellite,1.0,1.0,HIGH,SATELLITE_AVAILABLE
238970,Ketchikan,331,Any Technology,1.0,1.0,HIGH,
238970,Ketchikan,331,All Wired,1.0,1.0,HIGH,
238970,Ketchikan,331,Cable,1.0,1.0,HIGH,
238970,Ketchikan,331,Fiber,1.0,1.0,HIGH,
238970,Ketchikan,331,All Satellite,1.0,1.0,HIGH,
238970,Ketchikan,331,NGSO Satellite,1.0,1.0,HIGH,SATELLITE_AVAILABLE
239300,Kiana,238,Any Technology,1.0,1.0,HIGH,
239300,Kiana,238,All Wired,0.0,0.0,HIGH,NO_WIRED_25MBPS
239300,Kiana,238,Cable,0.0,0.0,HIGH,
239300,Kiana,238,Fiber,0.0,0.0,HIGH,
239300,Kiana,238,All Satellite,1.0,1.0,HIGH,
239300,Kiana,238,NGSO Satellite,1.0,1.0,HIGH,SATELLITE_AVAILABLE
239410,King Cove,329,Any Technology,1.0,1.0,HIGH,
239410,King Cove,329,All Wired,0.96656535,0.96656535,HIGH,
239410,King Cove,329,Cable,0.0,0.0,HIGH,
239410,King Cove,329,Fiber,0.96656535,0.96656535,HIGH,
239410,King Cove,329,All Satellite,1.0,1.0,HIGH,
239410,King Cove,329,NGSO Satellite,1.0,1.0,HIGH,SATELLITE_AVAILABLE
239630,King Salmon,336,Any Technology,1.0,1.0,HIGH,
239630,King Salmon,336,All Wired,0.020833333,0.0,HIGH,
239630,King Salmon,336,Cable,0.0,0.0,HIGH,
239630,King Salmon,336,Fiber,0.0,0.0,HIGH,
239630,King Salmon,336,All Satellite,1.0,1.0,HIGH,
239630,King Salmon,336,NGSO Satellite,1.0,1.0,HIGH,SATELLITE_AVAILABLE
239740,Kipnuk,244,Any Technology,1.0,1.0,HIGH,
239740,Kipnuk,244,All Wired,0.0,0.0,HIGH,NO_WIRED_25MBPS
239740,Kipnuk,244,Cable,0.0,0.0,HIGH,
239740,Kipnuk,244,Fiber,0.0,0.0,HIGH,
239740,Kipnuk,244,All Satellite,1.0,1.0,HIGH,
239740,Kipnuk,244,NGSO Satellite,1.0,1.0,HIGH,SATELLITE_AVAILABLE
239960,Kivalina,122,Any Technology,1.0,1.0,MEDIUM,
239960,Kivalina,122,All Wired,1.0,1.0,MEDIUM,
239960,Kivalina,122,Cable,0.0,0.0,MEDIUM,
239960,Kivalina,122,Fiber,1.0,1.0,MEDIUM,
239960,Kivalina,122,All Satellite,1.0,1.0,MEDIUM,
239960,Kivalina,122,NGSO Satellite,1.0,1.0,MEDIUM,SATELLITE_AVAILABLE
240400,Klawock,506,Any Technology,1.0,1.0,HIGH,
240400,Klawock,506,All Wired,0.679841897,0.679841897,HIGH,
240400,Klawock,506,Cable,0.0,0.0,HIGH,
240400,Klawock,506,Fiber,0.679841897,0.679841897,HIGH,
240400,Klawock,506,All Satellite,1.0,1.0,HIGH,
240400,Klawock,506,NGSO Satellite,1.0,1.0,HIGH,SATELLITE_AVAILABLE
240510,Klukwan,103,Any Technology,1.0,1.0,MEDIUM,
240510,Klukwan,103,All Wired,1.0,0.0,MEDIUM,
240510,Klukwan,103,Cable,0.0,0.0,MEDIUM,
240510,Klukwan,103,Fiber,0.0,0.0,MEDIUM,
240510,Klukwan,103,All Satellite,1.0,1.0,MEDIUM,
240510,Klukwan,103,NGSO Satellite,1.0,1.0,MEDIUM,SATELLITE_AVAILABLE
240645,Knik-Fairview,4289,Any Technology,1.0,1.0,HIGH,
240645,Knik-Fairview,4289,All Wired,0.894847284,0.659361156,HIGH,
240645,Knik-Fairview,4289,Cable,0.390067615,0.390067615,HIGH,
240645,Knik-Fairview,4289,Fiber,0.282816507,0.282816507,HIGH,
240645,Knik-Fairview,4289,All Satellite,1.0,1.0,HIGH,
240645,Knik-Fairview,4289,NGSO Satellite,1.0,1.0,HIGH,SATELLITE_AVAILABLE
240670,Knik River,427,Any Technology,1.0,1.0,HIGH,
240670,Knik River,427,All Wired,0.784543326,0.386416862,HIGH,
240670,Knik River,427,Cable,0.0,0.0,HIGH,
240670,Knik River,427,Fiber,0.203747073,0.203747073,HIGH,
240670,Knik River,427,All Satellite,1.0,1.0,HIGH,
240670,Knik River,427,NGSO Satellite,1.0,1.0,HIGH,SATELLITE_AVAILABLE
240840,Kobuk,106,Any Technology,1.0,1.0,MEDIUM,
240840,Kobuk,106,All Wired,0.0,0.0,MEDIUM,NO_WIRED_25MBPS
240840,Kobuk,106,Cable,0.0,0.0,MEDIUM,
240840,Kobuk,106,Fiber,0.0,0.0,MEDIUM,
240840,Kobuk,106,All Satellite,1.0,1.0,MEDIUM,
240840,Kobuk,106,NGSO Satellite,1.0,1.0,MEDIUM,SATELLITE_AVAILABLE
240950,Kodiak,231,Any Technology,1.0,1.0,HIGH,
240950,Kodiak,231,All Wired,0.935064935,0.935064935,HIGH,
240950,Kodiak,231,Cable,0.935064935,0.935064935,HIGH,
240950,Kodiak,231,Fiber,0.004329004,0.0,HIGH,
240950,Kodiak,231,All Satellite,1.0,1.0,HIGH,
240950,Kodiak,231,NGSO Satellite,1.0,1.0,HIGH,SATELLITE_AVAILABLE
241210,Kodiak Station,798,Any Technology,1.0,1.0,HIGH,
241210,Kodiak Station,798,All Wired,0.893483709,0.893483709,HIGH,
241210,Kodiak Station,798,Cable,0.893483709,0.893483709,HIGH,
241210,Kodiak Station,798,Fiber,0.0,0.0,HIGH,
241210,Kodiak Station,798,All Satellite,1.0,1.0,HIGH,
241210,Kodiak Station,798,NGSO Satellite,1.0,1.0,HIGH,SATELLITE_AVAILABLE
241280,Kokhanok,117,Any Technology,1.0,1.0,MEDIUM,
241280,Kokhanok,117,All Wired,0.0,0.0,MEDIUM,NO_WIRED_25MBPS
241280,Kokhanok,117,Cable,0.0,0.0,MEDIUM,
241280,Kokhanok,117,Fiber,0.0,0.0,MEDIUM,
241280,Kokhanok,117,All Satellite,1.0,1.0,MEDIUM,
241280,Kokhanok,117,NGSO Satellite,1.0,1.0,MEDIUM,SATELLITE_AVAILABLE
241500,Koliganek,99,Any Technology,1.0,1.0,MEDIUM,
241500,Koliganek,99,All Wired,0.0,0.0,MEDIUM,NO_WIRED_25MBPS
241500,Koliganek,99,Cable,0.0,0.0,MEDIUM,
241500,Koliganek,99,Fiber,0.0,0.0,MEDIUM,
241500,Koliganek,99,All Satellite,1.0,1.0,MEDIUM,
241500,Koliganek,99,NGSO Satellite,1.0,1.0,MEDIUM,SATELLITE_AVAILABLE
241610,Kongiganak,197,Any Technology,1.0,1.0,MEDIUM,
241610,Kongiganak,197,All Wired,0.0,0.0,MEDIUM,NO_WIRED_25MBPS
241610,Kongiganak,197,Cable,0.0,0.0,MEDIUM,
241610,Kongiganak,197,Fiber,0.0,0.0,MEDIUM,
241610,Kongiganak,197,All Satellite,1.0,1.0,MEDIUM,
241610,Kongiganak,197,NGSO Satellite,1.0,1.0,MEDIUM,SATELLITE_AVAILABLE
241720,Kotlik,178,Any Technology,1.0,1.0,MEDIUM,
241720,Kotlik,178,All Wired,0.0,0.0,MEDIUM,NO_WIRED_25MBPS
241720,Kotlik,178,Cable,0.0,0.0,MEDIUM,
241720,Kotlik,178,Fiber,0.0,0.0,MEDIUM,
241720,Kotlik,178,All Satellite,1.0,1.0,MEDIUM,
241720,Kotlik,178,NGSO Satellite,1.0,1.0,MEDIUM,SATELLITE_AVAILABLE
241830,Kotzebue,974,Any Technology,1.0,1.0,HIGH,
241830,Kotzebue,974,All Wired,0.960985626,0.959958932,HIGH,
241830,Kotzebue,974,Cable,0.959958932,0.959958932,HIGH,
241830,Kotzebue,974,Fiber,0.0,0.0,HIGH,
241830,Kotzebue,974,All Satellite,1.0,1.0,HIGH,
241830,Kotzebue,974,NGSO Satellite,1.0,1.0,HIGH,SATELLITE_AVAILABLE
241940,Koyuk,86,Any Technology,1.0,1.0,MEDIUM,
241940,Koyuk,86,All Wired,0.0,0.0,MEDIUM,NO_WIRED_25MBPS
241940,Koyuk,86,Cable,0.0,0.0,MEDIUM,
241940,Koyuk,86,Fiber,0.0,0.0,MEDIUM,
241940,Koyuk,86,All Satellite,1.0,1.0,MEDIUM,
241940,Koyuk,86,NGSO Satellite,1.0,1.0,MEDIUM,SATELLITE_AVAILABLE
242050,Koyukuk,79,Any Technology,1.0,1.0,MEDIUM,
242050,Koyukuk,79,All Wired,0.0,0.0,MEDIUM,NO_WIRED_25MBPS
242050,Koyukuk,79,Cable,0.0,0.0,MEDIUM,
242050,Koyukuk,79,Fiber,0.0,0.0,MEDIUM,
242050,Koyukuk,79,All Satellite,1.0,1.0,MEDIUM,
242050,Koyukuk,79,NGSO Satellite,1.0,1.0,MEDIUM,SATELLITE_AVAILABLE
242160,Kupreanof,18,Any Technology,1.0,1.0,LOW,SMALL_SAMPLE
242160,Kupreanof,18,All Wired,0.0,0.0,LOW,NO_WIRED_25MBPS;SMALL_SAMPLE
242160,Kupreanof,18,Cable,0.0,0.0,LOW,SMALL_SAMPLE
242160,Kupreanof,18,Fiber,0.0,0.0,LOW,SMALL_SAMPLE
242160,Kupreanof,18,All Satellite,1.0,1.0,LOW,SMALL_SAMPLE
242160,Kupreanof,18,NGSO Satellite,1.0,1.0,LOW,SATELLITE_AVAILABLE;SMALL_SAMPLE
242380,Kwethluk,239,Any Technology,1.0,1.0,HIGH,
242380,Kwethluk,239,All Wired,0.0,0.0,HIGH,NO_WIRED_25MBPS
242380,Kwethluk,239,Cable,0.0,0.0,HIGH,
242380,Kwethluk,239,Fiber,0.0,0.0,HIGH,
242380,Kwethluk,239,All Satellite,1.0,1.0,HIGH,
242380,Kwethluk,239,NGSO Satellite,1.0,1.0,HIGH,SATELLITE_AVAILABLE
242490,Kwigillingok,407,Any Technology,1.0,1.0,HIGH,
242490,Kwigillingok,407,All Wired,0.0,0.0,HIGH,NO_WIRED_25MBPS
242490,Kwigillingok,407,Cable,0.0,0.0,HIGH,
242490,Kwigillingok,407,Fiber,0.0,0.0,HIGH,
242490,Kwigillingok,407,All Satellite,1.0,1.0,HIGH,
242490,Kwigillingok,407,NGSO Satellite,1.0,1.0,HIGH,SATELLITE_AVAILABLE
242805,Lake Louise,159,Any Technology,1.0,1.0,MEDIUM,
242805,Lake Louise,159,All Wired,0.0,0.0,MEDIUM,NO_WIRED_25MBPS
242805,Lake Louise,159,Cable,0.0,0.0,MEDIUM,
242805,Lake Louise,159,Fiber,0.0,0.0,MEDIUM,
242805,Lake Louise,159,All Satellite,1.0,1.0,MEDIUM,
242805,Lake Louise,159,NGSO Satellite,1.0,1.0,MEDIUM,SATELLITE_AVAILABLE
242820,Lake Minchumina,42,Any Technology,1.0,1.0,LOW,SMALL_SAMPLE
242820,Lake Minchumina,42,All Wired,0.0,0.0,LOW,NO_WIRED_25MBPS;SMALL_SAMPLE
242820,Lake Minchumina,42,Cable,0.0,0.0,LOW,SMALL_SAMPLE
242820,Lake Minchumina,42,Fiber,0.0,0.0,LOW,SMALL_SAMPLE
242820,Lake Minchumina,42,All Satellite,1.0,1.0,LOW,SMALL_SAMPLE
242820,Lake Minchumina,42,NGSO Satellite,1.0,1.0,LOW,SATELLITE_AVAILABLE;SMALL_SAMPLE
243040,Larsen Bay,153,Any Technology,1.0,1.0,MEDIUM,
243040,Larsen Bay,153,All Wired,0.875816993,0.875816993,MEDIUM,
243040,Larsen Bay,153,Cable,0.0,0.0,MEDIUM,
243040,Larsen Bay,153,Fiber,0.875816993,0.875816993,MEDIUM,
243040,Larsen Bay,153,All Satellite,1.0,1.0,MEDIUM,
243040,Larsen Bay,153,NGSO Satellite,1.0,1.0,MEDIUM,SATELLITE_AVAILABLE
243260,Lazy Mountain,719,Any Technology,1.0,1.0,HIGH,
243260,Lazy Mountain,719,All Wired,0.694019471,0.337969402,HIGH,
243260,Lazy Mountain,719,Cable,0.14325452,0.14325452,HIGH,
243260,Lazy Mountain,719,Fiber,0.144645341,0.144645341,HIGH,
243260,Lazy Mountain,719,All Satellite,1.0,1.0,HIGH,
243260,Lazy Mountain,719,NGSO Satellite,1.0,1.0,HIGH,SATELLITE_AVAILABLE
243810,Levelock,86,Any Technology,1.0,1.0,MEDIUM,
243810,Levelock,86,All Wired,0.0,0.0,MEDIUM,NO_WIRED_25MBPS
243810,Levelock,86,Cable,0.0,0.0,MEDIUM,
243810,Levelock,86,Fiber,0.0,0.0,MEDIUM,
243810,Levelock,86,All Satellite,1.0,1.0,MEDIUM,
243810,Levelock,86,NGSO Satellite,1.0,1.0,MEDIUM,SATELLITE_AVAILABLE
244030,Lime Village,29,Any Technology,1.0,1.0,LOW,SMALL_SAMPLE
244030,Lime Village,29,All Wired,0.0,0.0,LOW,NO_WIRED_25MBPS;SMALL_SAMPLE
244030,Lime Village,29,Cable,0.0,0.0,LOW,SMALL_SAMPLE
244030,Lime Village,29,Fiber,0.0,0.0,LOW,SMALL_SAMPLE
244030,Lime Village,29,All Satellite,1.0,1.0,LOW,SMALL_SAMPLE
244030,Lime Village,29,NGSO Satellite,1.0,1.0,LOW,SATELLITE_AVAILABLE;SMALL_SAMPLE
244580,Livengood,95,Any Technology,1.0,1.0,MEDIUM,
244580,Livengood,95,All Wired,0.357894737,0.0,MEDIUM,
244580,Livengood,95,Cable,0.0,0.0,MEDIUM,
244580,Livengood,95,Fiber,0.0,0.0,MEDIUM,
244580,Livengood,95,All Satellite,1.0,1.0,MEDIUM,
244580,Livengood,95,NGSO Satellite,1.0,1.0,MEDIUM,SATELLITE_AVAILABLE
245020,Loring,5,Any Technology,1.0,1.0,LOW,SMALL_SAMPLE
245020,Loring,5,All Wired,0.0,0.0,LOW,NO_WIRED_25MBPS;SMALL_SAMPLE
245020,Loring,5,Cable,0.0,0.0,LOW,SMALL_SAMPLE
245020,Loring,5,Fiber,0.0,0.0,LOW,SMALL_SAMPLE
245020,Loring,5,All Satellite,1.0,1.0,LOW,SMALL_SAMPLE
245020,Loring,5,NGSO Satellite,1.0,1.0,LOW,SATELLITE_AVAILABLE;SMALL_SAMPLE
245295,Lowell Point,74,Any Technology,1.0,1.0,MEDIUM,
245295,Lowell Point,74,All Wired,0.810810811,0.027027027,MEDIUM,
245295,Lowell Point,74,Cable,0.0,0.0,MEDIUM,
245295,Lowell Point,74,Fiber,0.027027027,0.027027027,MEDIUM,
245295,Lowell Point,74,All Satellite,1.0,1.0,MEDIUM,
245295,Lowell Point,74,NGSO Satellite,1.0,1.0,MEDIUM,SATELLITE_AVAILABLE
245460,Lower Kalskag,103,Any Technology,1.0,1.0,MEDIUM,
245460,Lower Kalskag,103,All Wired,0.0,0.0,MEDIUM,NO_WIRED_25MBPS
245460,Lower Kalskag,103,Cable,0.0,0.0,MEDIUM,
245460,Lower Kalskag,103,Fiber,0.0,0.0,MEDIUM,
245460,Lower Kalskag,103,All Satellite,1.0,1.0,MEDIUM,
245460,Lower Kalskag,103,NGSO Satellite,1.0,1.0,MEDIUM,SATELLITE_AVAILABLE
245700,Lutak,47,Any Technology,1.0,1.0,LOW,SMALL_SAMPLE
245700,Lutak,47,All Wired,0.893617021,0.893617021,LOW,SMALL_SAMPLE
245700,Lutak,47,Cable,0.0,0.0,LOW,SMALL_SAMPLE
245700,Lutak,47,Fiber,0.893617021,0.893617021,LOW,SMALL_SAMPLE
245700,Lutak,47,All Satellite,1.0,1.0,LOW,SMALL_SAMPLE
245700,Lutak,47,NGSO Satellite,1.0,1.0,LOW,SATELLITE_AVAILABLE;SMALL_SAMPLE
245790,McCarthy,328,Any Technology,1.0,1.0,HIGH,
245790,McCarthy,328,All Wired,0.0,0.0,HIGH,NO_WIRED_25MBPS
245790,McCarthy,328,Cable,0.0,0.0,HIGH,
245790,McCarthy,328,Fiber,0.0,0.0,HIGH,
245790,McCarthy,328,All Satellite,1.0,1.0,HIGH,
245790,McCarthy,328,NGSO Satellite,1.0,1.0,HIGH,SATELLITE_AVAILABLE
246010,McGrath,366,Any Technology,1.0,1.0,HIGH,
246010,McGrath,366,All Wired,0.0,0.0,HIGH,NO_WIRED_25MBPS
246010,McGrath,366,Cable,0.0,0.0,HIGH,
246010,McGrath,366,Fiber,0.0,0.0,HIGH,
246010,McGrath,366,All Satellite,1.0,1.0,HIGH,
246010,McGrath,366,NGSO Satellite,1.0,1.0,HIGH,SATELLITE_AVAILABLE
246780,Manley Hot Springs,186,Any Technology,1.0,1.0,MEDIUM,
246780,Manley Hot Springs,186,All Wired,0.0,0.0,MEDIUM,NO_WIRED_25MBPS
246780,Manley Hot Springs,186,Cable,0.0,0.0,MEDIUM,
246780,Manley Hot Springs,186,Fiber,0.0,0.0,MEDIUM,
246780,Manley Hot Springs,186,All Satellite,1.0,1.0,MEDIUM,
246780,Manley Hot Springs,186,NGSO Satellite,1.0,1.0,MEDIUM,SATELLITE_AVAILABLE
246890,Manokotak,187,Any Technology,1.0,1.0,MEDIUM,
246890,Manokotak,187,All Wired,0.0,0.0,MEDIUM,NO_WIRED_25MBPS
246890,Manokotak,187,Cable,0.0,0.0,MEDIUM,
246890,Manokotak,187,Fiber,0.0,0.0,MEDIUM,
246890,Manokotak,187,All Satellite,1.0,1.0,MEDIUM,
246890,Manokotak,187,NGSO Satellite,1.0,1.0,MEDIUM,SATELLITE_AVAILABLE
247000,Marshall,250,Any Technology,1.0,1.0,HIGH,
247000,Marshall,250,All Wired,0.0,0.0,HIGH,NO_WIRED_25MBPS
247000,Marshall,250,Cable,0.0,0.0,HIGH,
247000,Marshall,250,Fiber,0.0,0.0,HIGH,
247000,Marshall,250,All Satellite,1.0,1.0,HIGH,
247000,Marshall,250,NGSO Satellite,1.0,1.0,HIGH,SATELLITE_AVAILABLE
247735,Meadow Lakes,4538,Any Technology,1.0,1.0,HIGH,
247735,Meadow Lakes,4538,All Wired,0.908990745,0.691053327,HIGH,
247735,Meadow Lakes,4538,Cable,0.062802997,0.062802997,HIGH,
247735,Meadow Lakes,4538,Fiber,0.583516968,0.583516968,HIGH,
247735,Meadow Lakes,4538,All Satellite,1.0,1.0,HIGH,
247735,Meadow Lakes,4538,NGSO Satellite,1.0,1.0,HIGH,SATELLITE_AVAILABLE
247990,Mekoryuk,134,Any Technology,1.0,1.0,MEDIUM,
247990,Mekoryuk,134,All Wired,0.0,0.0,MEDIUM,NO_WIRED_25MBPS
247990,Mekoryuk,134,Cable,0.0,0.0,MEDIUM,
247990,Mekoryuk,134,Fiber,0.0,0.0,MEDIUM,
247990,Mekoryuk,134,All Satellite,1.0,1.0,MEDIUM,
247990,Mekoryuk,134,NGSO Satellite,1.0,1.0,MEDIUM,SATELLITE_AVAILABLE
248200,Mendeltna,61,Any Technology,1.0,1.0,MEDIUM,
248200,Mendeltna,61,All Wired,0.803278689,0.803278689,MEDIUM,
248200,Mendeltna,61,Cable,0.0,0.0,MEDIUM,
248200,Mendeltna,61,Fiber,0.803278689,0.803278689,MEDIUM,
248200,Mendeltna,61,All Satellite,1.0,1.0,MEDIUM,
248200,Mendeltna,61,NGSO Satellite,1.0,1.0,MEDIUM,SATELLITE_AVAILABLE
248540,Mentasta Lake,107,Any Technology,1.0,1.0,MEDIUM,
248540,Mentasta Lake,107,All Wired,0.719626168,0.719626168,MEDIUM,
248540,Mentasta Lake,107,Cable,0.0,0.0,MEDIUM,
248540,Mentasta Lake,107,Fiber,0.719626168,0.719626168,MEDIUM,
248540,Mentasta Lake,107,All Satellite,1.0,1.0,MEDIUM,
248540,Mentasta Lake,107,NGSO Satellite,1.0,1.0,MEDIUM,SATELLITE_AVAILABLE
248590,Mertarvik,15,Any Technology,1.0,1.0,LOW,SMALL_SAMPLE
248590,Mertarvik,15,All Wired,0.0,0.0,LOW,NO_WIRED_25MBPS;SMALL_SAMPLE
248590,Mertarvik,15,Cable,0.0,0.0,LOW,SMALL_SAMPLE
248590,Mertarvik,15,Fiber,0.0,0.0,LOW,SMALL_SAMPLE
248590,Mertarvik,15,All Satellite,1.0,1.0,LOW,SMALL_SAMPLE
248590,Mertarvik,15,NGSO Satellite,1.0,1.0,LOW,SATELLITE_AVAILABLE;SMALL_SAMPLE
248870,Metlakatla,611,Any Technology,1.0,1.0,HIGH,
248870,Metlakatla,611,All Wired,0.955810147,0.029459902,HIGH,
248870,Metlakatla,611,Cable,0.0,0.0,HIGH,
248870,Metlakatla,611,Fiber,0.029459902,0.029459902,HIGH,
248870,Metlakatla,611,All Satellite,1.0,1.0,HIGH,
248870,Metlakatla,611,NGSO Satellite,1.0,1.0,HIGH,SATELLITE_AVAILABLE
249530,Minto,132,Any Technology,1.0,1.0,MEDIUM,
249530,Minto,132,All Wired,0.0,0.0,MEDIUM,NO_WIRED_25MBPS
249530,Minto,132,Cable,0.0,0.0,MEDIUM,
249530,Minto,132,Fiber,0.0,0.0,MEDIUM,
249530,Minto,132,All Satellite,1.0,1.0,MEDIUM,
249530,Minto,132,NGSO Satellite,1.0,1.0,MEDIUM,SATELLITE_AVAILABLE
250080,Moose Creek,18,Any Technology,1.0,1.0,LOW,SMALL_SAMPLE
250080,Moose Creek,18,All Wired,1.0,1.0,LOW,SMALL_SAMPLE
250080,Moose Creek,18,Cable,1.0,1.0,LOW,SMALL_SAMPLE
250080,Moose Creek,18,Fiber,0.0,0.0,LOW,SMALL_SAMPLE
250080,Moose Creek,18,All Satellite,1.0,1.0,LOW,SMALL_SAMPLE
250080,Moose Creek,18,NGSO Satellite,1.0,1.0,LOW,SATELLITE_AVAILABLE;SMALL_SAMPLE
250190,Moose Pass,179,Any Technology,1.0,1.0,MEDIUM,
250190,Moose Pass,179,All Wired,0.832402235,0.0,MEDIUM,
250190,Moose Pass,179,Cable,0.0,0.0,MEDIUM,
250190,Moose Pass,179,Fiber,0.0,0.0,MEDIUM,
250190,Moose Pass,179,All Satellite,1.0,1.0,MEDIUM,
250190,Moose Pass,179,NGSO Satellite,1.0,1.0,MEDIUM,SATELLITE_AVAILABLE
250800,Mosquito Lake,173,Any Technology,1.0,1.0,MEDIUM,
250800,Mosquito Lake,173,All Wired,0.10982659,0.0,MEDIUM,
250800,Mosquito Lake,173,Cable,0.0,0.0,MEDIUM,
250800,Mosquito Lake,173,Fiber,0.0,0.0,MEDIUM,
250800,Mosquito Lake,173,All Satellite,1.0,1.0,MEDIUM,
250800,Mosquito Lake,173,NGSO Satellite,1.0,1.0,MEDIUM,SATELLITE_AVAILABLE
251180,Mountain Village,255,Any Technology,1.0,1.0,HIGH,
251180,Mountain Village,255,All Wired,0.0,0.0,HIGH,NO_WIRED_25MBPS
251180,Mountain Village,255,Cable,0.0,0.0,HIGH,
251180,Mountain Village,255,Fiber,0.0,0.0,HIGH,
251180,Mountain Village,255,All Satellite,1.0,1.0,HIGH,
251180,Mountain Village,255,NGSO Satellite,1.0,1.0,HIGH,SATELLITE_AVAILABLE
251455,Mud Bay,135,Any Technology,1.0,1.0,MEDIUM,
251455,Mud Bay,135,All Wired,0.681481481,0.0,MEDIUM,
251455,Mud Bay,135,Cable,0.0,0.0,MEDIUM,
251455,Mud Bay,135,Fiber,0.0,0.0,MEDIUM,
251455,Mud Bay,135,All Satellite,1.0,1.0,MEDIUM,
251455,Mud Bay,135,NGSO Satellite,1.0,1.0,MEDIUM,SATELLITE_AVAILABLE
251960,Nabesna,16,Any Technology,1.0,1.0,LOW,SMALL_SAMPLE
251960,Nabesna,16,All Wired,0.0,0.0,LOW,NO_WIRED_25MBPS;SMALL_SAMPLE
251960,Nabesna,16,Cable,0.0,0.0,LOW,SMALL_SAMPLE
251960,Nabesna,16,Fiber,0.0,0.0,LOW,SMALL_SAMPLE
251960,Nabesna,16,All Satellite,1.0,1.0,LOW,SMALL_SAMPLE
251960,Nabesna,16,NGSO Satellite,1.0,1.0,LOW,SATELLITE_AVAILABLE;SMALL_SAMPLE
252060,Naknek,586,Any Technology,1.0,1.0,HIGH,
252060,Naknek,586,All Wired,0.020477816,0.0,HIGH,
252060,Naknek,586,Cable,0.0,0.0,HIGH,
252060,Naknek,586,Fiber,0.0,0.0,HIGH,
252060,Naknek,586,All Satellite,1.0,1.0,HIGH,
252060,Naknek,586,NGSO Satellite,1.0,1.0,HIGH,SATELLITE_AVAILABLE
252210,Nanwalek,64,Any Technology,1.0,1.0,MEDIUM,
252210,Nanwalek,64,All Wired,0.0,0.0,MEDIUM,NO_WIRED_25MBPS
252210,Nanwalek,64,Cable,0.0,0.0,MEDIUM,
252210,Nanwalek,64,Fiber,0.0,0.0,MEDIUM,
252210,Nanwalek,64,All Satellite,1.0,1.0,MEDIUM,
252210,Nanwalek,64,NGSO Satellite,1.0,1.0,MEDIUM,SATELLITE_AVAILABLE
252390,Napakiak,195,Any Technology,1.0,1.0,MEDIUM,
252390,Napakiak,195,All Wired,0.0,0.0,MEDIUM,NO_WIRED_25MBPS
252390,Napakiak,195,Cable,0.0,0.0,MEDIUM,
252390,Napakiak,195,Fiber,0.0,0.0,MEDIUM,
252390,Napakiak,195,All Satellite,1.0,1.0,MEDIUM,
252390,Napakiak,195,NGSO Satellite,1.0,1.0,MEDIUM,SATELLITE_AVAILABLE
252720,Napaskiak,186,Any Technology,1.0,1.0,MEDIUM,
252720,Napaskiak,186,All Wired,0.0,0.0,MEDIUM,NO_WIRED_25MBPS
252720,Napaskiak,186,Cable,0.0,0.0,MEDIUM,
252720,Napaskiak,186,Fiber,0.0,0.0,MEDIUM,
252720,Napaskiak,186,All Satellite,1.0,1.0,MEDIUM,
252720,Napaskiak,186,NGSO Satellite,1.0,1.0,MEDIUM,SATELLITE_AVAILABLE
252845,Naukati Bay,148,Any Technology,1.0,1.0,MEDIUM,
252845,Naukati Bay,148,All Wired,0.621621622,0.0,MEDIUM,
252845,Naukati Bay,148,Cable,0.0,0.0,MEDIUM,
252845,Naukati Bay,148,Fiber,0.0,0.0,MEDIUM,
252845,Naukati Bay,148,All Satellite,1.0,1.0,MEDIUM,
252845,Naukati Bay,148,NGSO Satellite,1.0,1.0,MEDIUM,SATELLITE_AVAILABLE
252915,Nelchina,89,Any Technology,1.0,1.0,MEDIUM,
252915,Nelchina,89,All Wired,0.898876404,0.865168539,MEDIUM,
252915,Nelchina,89,Cable,0.0,0.0,MEDIUM,
252915,Nelchina,89,Fiber,0.865168539,0.865168539,MEDIUM,
252915,Nelchina,89,All Satellite,1.0,1.0,MEDIUM,
252915,Nelchina,89,NGSO Satellite,1.0,1.0,MEDIUM,SATELLITE_AVAILABLE
252940,Nelson Lagoon,56,Any Technology,1.0,1.0,MEDIUM,
252940,Nelson Lagoon,56,All Wired,0.0,0.0,MEDIUM,NO_WIRED_25MBPS
252940,Nelson Lagoon,56,Cable,0.0,0.0,MEDIUM,
252940,Nelson Lagoon,56,Fiber,0.0,0.0,MEDIUM,
252940,Nelson Lagoon,56,All Satellite,1.0,1.0,MEDIUM,
252940,Nelson Lagoon,56,NGSO Satellite,1.0,1.0,MEDIUM,SATELLITE_AVAILABLE
253050,Nenana,383,Any Technology,1.0,1.0,HIGH,
253050,Nenana,383,All Wired,0.402088773,0.0,HIGH,
253050,Nenana,383,Cable,0.0,0.0,HIGH,
253050,Nenana,383,Fiber,0.0,0.0,HIGH,
253050,Nenana,383,All Satellite,1.0,1.0,HIGH,
253050,Nenana,383,NGSO Satellite,1.0,1.0,HIGH,SATELLITE_AVAILABLE
253270,Newhalen,97,Any Technology,1.0,1.0,MEDIUM,
253270,Newhalen,97,All Wired,0.0,0.0,MEDIUM,NO_WIRED_25MBPS
253270,Newhalen,97,Cable,0.0,0.0,MEDIUM,
253270,Newhalen,97,Fiber,0.0,0.0,MEDIUM,
253270,Newhalen,97,All Satellite,1.0,1.0,MEDIUM,
253270,Newhalen,97,NGSO Satellite,1.0,1.0,MEDIUM,SATELLITE_AVAILABLE
253710,New Stuyahok,142,Any Technology,1.0,1.0,MEDIUM,
253710,New Stuyahok,142,All Wired,0.0,0.0,MEDIUM,NO_WIRED_25MBPS
253710,New Stuyahok,142,Cable,0.0,0.0,MEDIUM,
253710,New Stuyahok,142,Fiber,0.0,0.0,MEDIUM,
253710,New Stuyahok,142,All Satellite,1.0,1.0,MEDIUM,
253710,New Stuyahok,142,NGSO Satellite,1.0,1.0,MEDIUM,SATELLITE_AVAILABLE
253820,Newtok,98,Any Technology,1.0,1.0,MEDIUM,
253820,Newtok,98,All Wired,0.0,0.0,MEDIUM,NO_WIRED_25MBPS
253820,Newtok,98,Cable,0.0,0.0,MEDIUM,
253820,Newtok,98,Fiber,0.0,0.0,MEDIUM,
253820,Newtok,98,All Satellite,1.0,1.0,MEDIUM,
253820,Newtok,98,NGSO Satellite,1.0,1.0,MEDIUM,SATELLITE_AVAILABLE
253930,Nightmute,95,Any Technology,1.0,1.0,MEDIUM,
253930,Nightmute,95,All Wired,0.0,0.0,MEDIUM,NO_WIRED_25MBPS
253930,Nightmute,95,Cable,0.0,0.0,MEDIUM,
253930,Nightmute,95,Fiber,0.0,0.0,MEDIUM,
253930,Nightmute,95,All Satellite,1.0,1.0,MEDIUM,
253930,Nightmute,95,NGSO Satellite,1.0,1.0,MEDIUM,SATELLITE_AVAILABLE
254050,Nikiski,3019,Any Technology,1.0,1.0,HIGH,
254050,Nikiski,3019,All Wired,0.016893011,0.001324942,HIGH,
254050,Nikiski,3019,Cable,0.0,0.0,HIGH,
254050,Nikiski,3019,Fiber,0.00298112,0.000993707,HIGH,
254050,Nikiski,3019,All Satellite,1.0,1.0,HIGH,
254050,Nikiski,3019,NGSO Satellite,1.0,1.0,HIGH,SATELLITE_AVAILABLE
254085,Nikolaevsk,233,Any Technology,1.0,1.0,HIGH,
254085,Nikolaevsk,233,All Wired,0.0,0.0,HIGH,NO_WIRED_25MBPS
254085,Nikolaevsk,233,Cable,0.0,0.0,HIGH,
254085,Nikolaevsk,233,Fiber,0.0,0.0,HIGH,
254085,Nikolaevsk,233,All Satellite,1.0,1.0,HIGH,
254085,Nikolaevsk,233,NGSO Satellite,1.0,1.0,HIGH,SATELLITE_AVAILABLE
254150,Nikolai,70,Any Technology,1.0,1.0,MEDIUM,
254150,Nikolai,70,All Wired,0.0,0.0,MEDIUM,NO_WIRED_25MBPS
254150,Nikolai,70,Cable,0.0,0.0,MEDIUM,
254150,Nikolai,70,Fiber,0.0,0.0,MEDIUM,
254150,Nikolai,70,All Satellite,1.0,1.0,MEDIUM,
254150,Nikolai,70,NGSO Satellite,1.0,1.0,MEDIUM,SATELLITE_AVAILABLE
254260,Nikolski,43,Any Technology,1.0,1.0,LOW,SMALL_SAMPLE
254260,Nikolski,43,All Wired,0.0,0.0,LOW,NO_WIRED_25MBPS;SMALL_SAMPLE
254260,Nikolski,43,Cable,0.0,0.0,LOW,SMALL_SAMPLE
254260,Nikolski,43,Fiber,0.0,0.0,LOW,SMALL_SAMPLE
254260,Nikolski,43,All Satellite,1.0,1.0,LOW,SMALL_SAMPLE
254260,Nikolski,43,NGSO Satellite,1.0,1.0,LOW,SATELLITE_AVAILABLE;SMALL_SAMPLE
254480,Ninilchik,1248,Any Technology,1.0,1.0,HIGH,
254480,Ninilchik,1248,All Wired,0.003205128,0.000801282,HIGH,
254480,Ninilchik,1248,Cable,0.0,0.0,HIGH,
254480,Ninilchik,1248,Fiber,0.003205128,0.000801282,HIGH,
254480,Ninilchik,1248,All Satellite,1.0,1.0,HIGH,
254480,Ninilchik,1248,NGSO Satellite,1.0,1.0,HIGH,SATELLITE_AVAILABLE
254700,Noatak,206,Any Technology,1.0,1.0,HIGH,
254700,Noatak,206,All Wired,0.0,0.0,HIGH,NO_WIRED_25MBPS
254700,Noatak,206,Cable,0.0,0.0,HIGH,
254700,Noatak,206,Fiber,0.0,0.0,HIGH,
254700,Noatak,206,All Satellite,1.0,1.0,HIGH,
254700,Noatak,206,NGSO Satellite,1.0,1.0,HIGH,SATELLITE_AVAILABLE
254920,Nome,1378,Any Technology,1.0,1.0,HIGH,
254920,Nome,1378,All Wired,0.994920174,0.961538462,HIGH,
254920,Nome,1378,Cable,0.961538462,0.961538462,HIGH,
254920,Nome,1378,Fiber,0.0,0.0,HIGH,
254920,Nome,1378,All Satellite,1.0,1.0,HIGH,
254920,Nome,1378,NGSO Satellite,1.0,1.0,HIGH,SATELLITE_AVAILABLE
255030,Nondalton,161,Any Technology,1.0,1.0,MEDIUM,
255030,Nondalton,161,All Wired,0.0,0.0,MEDIUM,NO_WIRED_25MBPS
255030,Nondalton,161,Cable,0.0,0.0,MEDIUM,
255030,Nondalton,161,Fiber,0.0,0.0,MEDIUM,
255030,Nondalton,161,All Satellite,1.0,1.0,MEDIUM,
255030,Nondalton,161,NGSO Satellite,1.0,1.0,MEDIUM,SATELLITE_AVAILABLE
255140,Noorvik,283,Any Technology,1.0,1.0,HIGH,
255140,Noorvik,283,All Wired,0.0,0.0,HIGH,NO_WIRED_25MBPS
255140,Noorvik,283,Cable,0.0,0.0,HIGH,
255140,Noorvik,283,Fiber,0.0,0.0,HIGH,
255140,Noorvik,283,All Satellite,1.0,1.0,HIGH,
255140,Noorvik,283,NGSO Satellite,1.0,1.0,HIGH,SATELLITE_AVAILABLE
255745,North Lakes,211,Any Technology,1.0,1.0,HIGH,
255745,North Lakes,211,All Wired,0.928909953,0.82464455,HIGH,
255745,North Lakes,211,Cable,0.151658768,0.151658768,HIGH,
255745,North Lakes,211,Fiber,0.786729858,0.786729858,HIGH,
255745,North Lakes,211,All Satellite,1.0,1.0,HIGH,
255745,North Lakes,211,NGSO Satellite,1.0,1.0,HIGH,SATELLITE_AVAILABLE
255910,North Pole,23,Any Technology,1.0,1.0,LOW,SMALL_SAMPLE
255910,North Pole,23,All Wired,0.086956522,0.086956522,LOW,SMALL_SAMPLE
255910,North Pole,23,Cable,0.086956522,0.086956522,LOW,SMALL_SAMPLE
255910,North Pole,23,Fiber,0.0,0.0,LOW,SMALL_SAMPLE
255910,North Pole,23,All Satellite,1.0,1.0,LOW,SMALL_SAMPLE
255910,North Pole,23,NGSO Satellite,1.0,1.0,LOW,SATELLITE_AVAILABLE;SMALL_SAMPLE
256220,Northway,163,Any Technology,1.0,1.0,MEDIUM,
256220,Northway,163,All Wired,0.0,0.0,MEDIUM,NO_WIRED_25MBPS
256220,Northway,163,Cable,0.0,0.0,MEDIUM,
256220,Northway,163,Fiber,0.0,0.0,MEDIUM,
256220,Northway,163,All Satellite,1.0,1.0,MEDIUM,
256220,Northway,163,NGSO Satellite,1.0,1.0,MEDIUM,SATELLITE_AVAILABLE
256320,Nuiqsut,160,Any Technology,1.0,1.0,MEDIUM,
256320,Nuiqsut,160,All Wired,0.8125,0.8125,MEDIUM,
256320,Nuiqsut,160,Cable,0.0,0.0,MEDIUM,
256320,Nuiqsut,160,Fiber,0.8125,0.8125,MEDIUM,
256320,Nuiqsut,160,All Satellite,1.0,1.0,MEDIUM,
256320,Nuiqsut,160,NGSO Satellite,1.0,1.0,MEDIUM,SATELLITE_AVAILABLE
256350,Nulato,192,Any Technology,1.0,1.0,MEDIUM,
256350,Nulato,192,All Wired,0.0,0.0,MEDIUM,NO_WIRED_25MBPS
256350,Nulato,192,Cable,0.0,0.0,MEDIUM,
256350,Nulato,192,Fiber,0.0,0.0,MEDIUM,
256350,Nulato,192,All Satellite,1.0,1.0,MEDIUM,
256350,Nulato,192,NGSO Satellite,1.0,1.0,MEDIUM,SATELLITE_AVAILABLE
256600,Nunam Iqua,75,Any Technology,1.0,1.0,MEDIUM,
256600,Nunam Iqua,75,All Wired,0.0,0.0,MEDIUM,NO_WIRED_25MBPS
256600,Nunam Iqua,75,Cable,0.0,0.0,MEDIUM,
256600,Nunam Iqua,75,Fiber,0.0,0.0,MEDIUM,
256600,Nunam Iqua,75,All Satellite,1.0,1.0,MEDIUM,
256600,Nunam Iqua,75,NGSO Satellite,1.0,1.0,MEDIUM,SATELLITE_AVAILABLE
256680,Nunapitchuk,250,Any Technology,1.0,1.0,HIGH,
256680,Nunapitchuk,250,All Wired,0.0,0.0,HIGH,NO_WIRED_25MBPS
256680,Nunapitchuk,250,Cable,0.0,0.0,HIGH,
256680,Nunapitchuk,250,Fiber,0.0,0.0,HIGH,
256680,Nunapitchuk,250,All Satellite,1.0,1.0,HIGH,
256680,Nunapitchuk,250,NGSO Satellite,1.0,1.0,HIGH,SATELLITE_AVAILABLE
257340,Old Harbor,138,Any Technology,1.0,1.0,MEDIUM,
257340,Old Harbor,138,All Wired,0.0,0.0,MEDIUM,NO_WIRED_25MBPS
257340,Old Harbor,138,Cable,0.0,0.0,MEDIUM,
257340,Old Harbor,138,Fiber,0.0,0.0,MEDIUM,
257340,Old Harbor,138,All Satellite,1.0,1.0,MEDIUM,
257340,Old Harbor,138,NGSO Satellite,1.0,1.0,MEDIUM,SATELLITE_AVAILABLE
258330,Oscarville,15,Any Technology,1.0,1.0,LOW,SMALL_SAMPLE
258330,Oscarville,15,All Wired,0.0,0.0,LOW,NO_WIRED_25MBPS;SMALL_SAMPLE
258330,Oscarville,15,Cable,0.0,0.0,LOW,SMALL_SAMPLE
258330,Oscarville,15,Fiber,0.0,0.0,LOW,SMALL_SAMPLE
258330,Oscarville,15,All Satellite,1.0,1.0,LOW,SMALL_SAMPLE
258330,Oscarville,15,NGSO Satellite,1.0,1.0,LOW,SATELLITE_AVAILABLE;SMALL_SAMPLE
258550,Ouzinkie,107,Any Technology,1.0,1.0,MEDIUM,
258550,Ouzinkie,107,All Wired,0.990654206,0.990654206,MEDIUM,
258550,Ouzinkie,107,Cable,0.0,0.0,MEDIUM,
258550,Ouzinkie,107,Fiber,0.990654206,0.990654206,MEDIUM,
258550,Ouzinkie,107,All Satellite,1.0,1.0,MEDIUM,
258550,Ouzinkie,107,NGSO Satellite,1.0,1.0,MEDIUM,SATELLITE_AVAILABLE
258660,Palmer,9,Any Technology,1.0,1.0,LOW,SMALL_SAMPLE
258660,Palmer,9,All Wired,0.333333333,0.0,LOW,SMALL_SAMPLE
258660,Palmer,9,Cable,0.0,0.0,LOW,SMALL_SAMPLE
258660,Palmer,9,Fiber,0.0,0.0,LOW,SMALL_SAMPLE
258660,Palmer,9,All Satellite,1.0,1.0,LOW,SMALL_SAMPLE
258660,Palmer,9,NGSO Satellite,1.0,1.0,LOW,SATELLITE_AVAILABLE;SMALL_SAMPLE
259320,Paxson,211,Any Technology,1.0,1.0,HIGH,
259320,Paxson,211,All Wired,0.236966825,0.236966825,HIGH,
259320,Paxson,211,Cable,0.0,0.0,HIGH,
259320,Paxson,211,Fiber,0.236966825,0.236966825,HIGH,
259320,Paxson,211,All Satellite,1.0,1.0,HIGH,
259320,Paxson,211,NGSO Satellite,1.0,1.0,HIGH,SATELLITE_AVAILABLE
259540,Pedro Bay,80,Any Technology,1.0,1.0,MEDIUM,
259540,Pedro Bay,80,All Wired,0.0,0.0,MEDIUM,NO_WIRED_25MBPS
259540,Pedro Bay,80,Cable,0.0,0.0,MEDIUM,
259540,Pedro Bay,80,Fiber,0.0,0.0,MEDIUM,
259540,Pedro Bay,80,All Satellite,1.0,1.0,MEDIUM,
259540,Pedro Bay,80,NGSO Satellite,1.0,1.0,MEDIUM,SATELLITE_AVAILABLE
259650,Pelican,102,Any Technology,1.0,1.0,MEDIUM,
259650,Pelican,102,All Wired,0.0,0.0,MEDIUM,NO_WIRED_25MBPS
259650,Pelican,102,Cable,0.0,0.0,MEDIUM,
259650,Pelican,102,Fiber,0.0,0.0,MEDIUM,
259650,Pelican,102,All Satellite,1.0,1.0,MEDIUM,
259650,Pelican,102,NGSO Satellite,1.0,1.0,MEDIUM,SATELLITE_AVAILABLE
260200,Perryville,85,Any Technology,1.0,1.0,MEDIUM,
260200,Perryville,85,All Wired,0.0,0.0,MEDIUM,NO_WIRED_25MBPS
260200,Perryville,85,Cable,0.0,0.0,MEDIUM,
260200,Perryville,85,Fiber,0.0,0.0,MEDIUM,
260200,Perryville,85,All Satellite,1.0,1.0,MEDIUM,
260200,Perryville,85,NGSO Satellite,1.0,1.0,MEDIUM,SATELLITE_AVAILABLE
260310,Petersburg,1486,Any Technology,1.0,1.0,HIGH,
260310,Petersburg,1486,All Wired,0.98654105,0.98384926,HIGH,
260310,Petersburg,1486,Cable,0.982503365,0.982503365,HIGH,
260310,Petersburg,1486,Fiber,0.591520861,0.591520861,HIGH,
260310,Petersburg,1486,All Satellite,1.0,1.0,HIGH,
260310,Petersburg,1486,NGSO Satellite,1.0,1.0,HIGH,SATELLITE_AVAILABLE
260460,Petersville,246,Any Technology,1.0,1.0,HIGH,
260460,Petersville,246,All Wired,0.0,0.0,HIGH,NO_WIRED_25MBPS
260460,Petersville,246,Cable,0.0,0.0,HIGH,
260460,Petersville,246,Fiber,0.0,0.0,HIGH,
260460,Petersville,246,All Satellite,1.0,1.0,HIGH,
260460,Petersville,246,NGSO Satellite,1.0,1.0,HIGH,SATELLITE_AVAILABLE
260640,Pilot Point,122,Any Technology,1.0,1.0,MEDIUM,
260640,Pilot Point,122,All Wired,0.0,0.0,MEDIUM,NO_WIRED_25MBPS
260640,Pilot Point,122,Cable,0.0,0.0,MEDIUM,
260640,Pilot Point,122,Fiber,0.0,0.0,MEDIUM,
260640,Pilot Point,122,All Satellite,1.0,1.0,MEDIUM,
260640,Pilot Point,122,NGSO Satellite,1.0,1.0,MEDIUM,SATELLITE_AVAILABLE
260750,Pilot Station,204,Any Technology,1.0,1.0,HIGH,
260750,Pilot Station,204,All Wired,0.0,0.0,HIGH,NO_WIRED_25MBPS
260750,Pilot Station,204,Cable,0.0,0.0,HIGH,
260750,Pilot Station,204,Fiber,0.0,0.0,HIGH,
260750,Pilot Station,204,All Satellite,1.0,1.0,HIGH,
260750,Pilot Station,204,NGSO Satellite,1.0,1.0,HIGH,SATELLITE_AVAILABLE
260860,Pitkas Point,45,Any Technology,1.0,1.0,LOW,SMALL_SAMPLE
260860,Pitkas Point,45,All Wired,0.0,0.0,LOW,NO_WIRED_25MBPS;SMALL_SAMPLE
260860,Pitkas Point,45,Cable,0.0,0.0,LOW,SMALL_SAMPLE
260860,Pitkas Point,45,Fiber,0.0,0.0,LOW,SMALL_SAMPLE
260860,Pitkas Point,45,All Satellite,1.0,1.0,LOW,SMALL_SAMPLE
260860,Pitkas Point,45,NGSO Satellite,1.0,1.0,LOW,SATELLITE_AVAILABLE;SMALL_SAMPLE
261080,Platinum,58,Any Technology,1.0,1.0,MEDIUM,
261080,Platinum,58,All Wired,0.0,0.0,MEDIUM,NO_WIRED_25MBPS
261080,Platinum,58,Cable,0.0,0.0,MEDIUM,
261080,Platinum,58,Fiber,0.0,0.0,MEDIUM,
261080,Platinum,58,All Satellite,1.0,1.0,MEDIUM,
261080,Platinum,58,NGSO Satellite,1.0,1.0,MEDIUM,SATELLITE_AVAILABLE
261120,Pleasant Valley,481,Any Technology,1.0,1.0,HIGH,
261120,Pleasant Valley,481,All Wired,0.0,0.0,HIGH,NO_WIRED_25MBPS
261120,Pleasant Valley,481,Cable,0.0,0.0,HIGH,
261120,Pleasant Valley,481,Fiber,0.0,0.0,HIGH,
261120,Pleasant Valley,481,All Satellite,1.0,1.0,HIGH,
261120,Pleasant Valley,481,NGSO Satellite,1.0,1.0,HIGH,SATELLITE_AVAILABLE
261190,Point Baker,9,Any Technology,1.0,1.0,LOW,SMALL_SAMPLE
261190,Point Baker,9,All Wired,0.0,0.0,LOW,NO_WIRED_25MBPS;SMALL_SAMPLE
261190,Point Baker,9,Cable,0.0,0.0,LOW,SMALL_SAMPLE
261190,Point Baker,9,Fiber,0.0,0.0,LOW,SMALL_SAMPLE
261190,Point Baker,9,All Satellite,1.0,1.0,LOW,SMALL_SAMPLE
261190,Point Baker,9,NGSO Satellite,1.0,1.0,LOW,SATELLITE_AVAILABLE;SMALL_SAMPLE
261630,Point Hope,266,Any Technology,1.0,1.0,HIGH,
261630,Point Hope,266,All Wired,0.804511278,0.804511278,HIGH,
261630,Point Hope,266,Cable,0.0,0.0,HIGH,
261630,Point Hope,266,Fiber,0.804511278,0.804511278,HIGH,
261630,Point Hope,266,All Satellite,1.0,1.0,HIGH,
261630,Point Hope,266,NGSO Satellite,1.0,1.0,HIGH,SATELLITE_AVAILABLE
261700,Point Lay,98,Any Technology,1.0,1.0,MEDIUM,
261700,Point Lay,98,All Wired,0.0,0.0,MEDIUM,NO_WIRED_25MBPS
261700,Point Lay,98,Cable,0.0,0.0,MEDIUM,
261700,Point Lay,98,Fiber,0.0,0.0,MEDIUM,
261700,Point Lay,98,All Satellite,1.0,1.0,MEDIUM,
261700,Point Lay,98,NGSO Satellite,1.0,1.0,MEDIUM,SATELLITE_AVAILABLE
261788,Point MacKenzie,344,Any Technology,1.0,1.0,HIGH,
261788,Point MacKenzie,344,All Wired,0.159883721,0.037790698,HIGH,
261788,Point MacKenzie,344,Cable,0.0,0.0,HIGH,
261788,Point MacKenzie,344,Fiber,0.014534884,0.014534884,HIGH,
261788,Point MacKenzie,344,All Satellite,1.0,1.0,HIGH,
261788,Point MacKenzie,344,NGSO Satellite,1.0,1.0,HIGH,SATELLITE_AVAILABLE
261825,Point Possession,177,Any Technology,1.0,1.0,MEDIUM,
261825,Point Possession,177,All Wired,0.0,0.0,MEDIUM,NO_WIRED_25MBPS
261825,Point Possession,177,Cable,0.0,0.0,MEDIUM,
261825,Point Possession,177,Fiber,0.0,0.0,MEDIUM,
261825,Point Possession,177,All Satellite,1.0,1.0,MEDIUM,
261825,Point Possession,177,NGSO Satellite,1.0,1.0,MEDIUM,SATELLITE_AVAILABLE
262125,Pope-Vannoy Landing,9,Any Technology,1.0,1.0,LOW,SMALL_SAMPLE
262125,Pope-Vannoy Landing,9,All Wired,0.0,0.0,LOW,NO_WIRED_25MBPS;SMALL_SAMPLE
262125,Pope-Vannoy Landing,9,Cable,0.0,0.0,LOW,SMALL_SAMPLE
262125,Pope-Vannoy Landing,9,Fiber,0.0,0.0,LOW,SMALL_SAMPLE
262125,Pope-Vannoy Landing,9,All Satellite,1.0,1.0,LOW,SMALL_SAMPLE
262125,Pope-Vannoy Landing,9,NGSO Satellite,1.0,1.0,LOW,SATELLITE_AVAILABLE;SMALL_SAMPLE
262285,Portage Creek,20,Any Technology,1.0,1.0,LOW,SMALL_SAMPLE
262285,Portage Creek,20,All Wired,0.0,0.0,LOW,NO_WIRED_25MBPS;SMALL_SAMPLE
262285,Portage Creek,20,Cable,0.0,0.0,LOW,SMALL_SAMPLE
262285,Portage Creek,20,Fiber,0.0,0.0,LOW,SMALL_SAMPLE
262285,Portage Creek,20,All Satellite,1.0,1.0,LOW,SMALL_SAMPLE
262285,Portage Creek,20,NGSO Satellite,1.0,1.0,LOW,SATELLITE_AVAILABLE;SMALL_SAMPLE
262510,Port Alexander,40,Any Technology,1.0,1.0,LOW,SMALL_SAMPLE
262510,Port Alexander,40,All Wired,0.0,0.0,LOW,NO_WIRED_25MBPS;SMALL_SAMPLE
262510,Port Alexander,40,Cable,0.0,0.0,LOW,SMALL_SAMPLE
262510,Port Alexander,40,Fiber,0.0,0.0,LOW,SMALL_SAMPLE
262510,Port Alexander,40,All Satellite,1.0,1.0,LOW,SMALL_SAMPLE
262510,Port Alexander,40,NGSO Satellite,1.0,1.0,LOW,SATELLITE_AVAILABLE;SMALL_SAMPLE
262620,Port Alsworth,180,Any Technology,1.0,1.0,MEDIUM,
262620,Port Alsworth,180,All Wired,0.0,0.0,MEDIUM,NO_WIRED_25MBPS
262620,Port Alsworth,180,Cable,0.0,0.0,MEDIUM,
262620,Port Alsworth,180,Fiber,0.0,0.0,MEDIUM,
262620,Port Alsworth,180,All Satellite,1.0,1.0,MEDIUM,
262620,Port Alsworth,180,NGSO Satellite,1.0,1.0,MEDIUM,SATELLITE_AVAILABLE
263170,Port Clarence,3,Any Technology,1.0,1.0,LOW,SMALL_SAMPLE
263170,Port Clarence,3,All Wired,0.0,0.0,LOW,NO_WIRED_25MBPS;SMALL_SAMPLE
263170,Port Clarence,3,Cable,0.0,0.0,LOW,SMALL_SAMPLE
263170,Port Clarence,3,Fiber,0.0,0.0,LOW,SMALL_SAMPLE
263170,Port Clarence,3,All Satellite,1.0,1.0,LOW,SMALL_SAMPLE
263170,Port Clarence,3,NGSO Satellite,1.0,1.0,LOW,SATELLITE_AVAILABLE;SMALL_SAMPLE
263280,Port Graham,77,Any Technology,1.0,1.0,MEDIUM,
263280,Port Graham,77,All Wired,0.0,0.0,MEDIUM,NO_WIRED_25MBPS
263280,Port Graham,77,Cable,0.0,0.0,MEDIUM,
263280,Port Graham,77,Fiber,0.0,0.0,MEDIUM,
263280,Port Graham,77,All Satellite,1.0,1.0,MEDIUM,
263280,Port Graham,77,NGSO Satellite,1.0,1.0,MEDIUM,SATELLITE_AVAILABLE
263390,Port Heiden,81,Any Technology,1.0,1.0,MEDIUM,
263390,Port Heiden,81,All Wired,0.0,0.0,MEDIUM,NO_WIRED_25MBPS
263390,Port Heiden,81,Cable,0.0,0.0,MEDIUM,
263390,Port Heiden,81,Fiber,0.0,0.0,MEDIUM,
263390,Port Heiden,81,All Satellite,1.0,1.0,MEDIUM,
263390,Port Heiden,81,NGSO Satellite,1.0,1.0,MEDIUM,SATELLITE_AVAILABLE
263610,Port Lions,151,Any Technology,1.0,1.0,MEDIUM,
263610,Port Lions,151,All Wired,0.986754967,0.986754967,MEDIUM,
263610,Port Lions,151,Cable,0.0,0.0,MEDIUM,
263610,Port Lions,151,Fiber,0.986754967,0.986754967,MEDIUM,
263610,Port Lions,151,All Satellite,1.0,1.0,MEDIUM,
263610,Port Lions,151,NGSO Satellite,1.0,1.0,MEDIUM,SATELLITE_AVAILABLE
263870,Port Protection,49,Any Technology,1.0,1.0,LOW,SMALL_SAMPLE
263870,Port Protection,49,All Wired,0.0,0.0,LOW,NO_WIRED_25MBPS;SMALL_SAMPLE
263870,Port Protection,49,Cable,0.0,0.0,LOW,SMALL_SAMPLE
263870,Port Protection,49,Fiber,0.0,0.0,LOW,SMALL_SAMPLE
263870,Port Protection,49,All Satellite,1.0,1.0,LOW,SMALL_SAMPLE
263870,Port Protection,49,NGSO Satellite,1.0,1.0,LOW,SATELLITE_AVAILABLE;SMALL_SAMPLE
264240,Primrose,55,Any Technology,1.0,1.0,MEDIUM,
264240,Primrose,55,All Wired,0.945454545,0.0,MEDIUM,
264240,Primrose,55,Cable,0.0,0.0,MEDIUM,
264240,Primrose,55,Fiber,0.0,0.0,MEDIUM,
264240,Primrose,55,All Satellite,1.0,1.0,MEDIUM,
264240,Primrose,55,NGSO Satellite,1.0,1.0,MEDIUM,SATELLITE_AVAILABLE
264380,Prudhoe Bay,251,Any Technology,1.0,1.0,HIGH,
264380,Prudhoe Bay,251,All Wired,0.0,0.0,HIGH,NO_WIRED_25MBPS
264380,Prudhoe Bay,251,Cable,0.0,0.0,HIGH,
264380,Prudhoe Bay,251,Fiber,0.0,0.0,HIGH,
264380,Prudhoe Bay,251,All Satellite,1.0,1.0,HIGH,
264380,Prudhoe Bay,251,NGSO Satellite,1.0,1.0,HIGH,SATELLITE_AVAILABLE
264600,Quinhagak,223,Any Technology,1.0,1.0,HIGH,
264600,Quinhagak,223,All Wired,0.0,0.0,HIGH,NO_WIRED_25MBPS
264600,Quinhagak,223,Cable,0.0,0.0,HIGH,
264600,Quinhagak,223,Fiber,0.0,0.0,HIGH,
264600,Quinhagak,223,All Satellite,1.0,1.0,HIGH,
264600,Quinhagak,223,NGSO Satellite,1.0,1.0,HIGH,SATELLITE_AVAILABLE
264820,Rampart,75,Any Technology,1.0,1.0,MEDIUM,
264820,Rampart,75,All Wired,0.0,0.0,MEDIUM,NO_WIRED_25MBPS
264820,Rampart,75,Cable,0.0,0.0,MEDIUM,
264820,Rampart,75,Fiber,0.0,0.0,MEDIUM,
264820,Rampart,75,All Satellite,1.0,1.0,MEDIUM,
264820,Rampart,75,NGSO Satellite,1.0,1.0,MEDIUM,SATELLITE_AVAILABLE
264930,Red Devil,29,Any Technology,1.0,1.0,LOW,SMALL_SAMPLE
264930,Red Devil,29,All Wired,0.0,0.0,LOW,NO_WIRED_25MBPS;SMALL_SAMPLE
264930,Red Devil,29,Cable,0.0,0.0,LOW,SMALL_SAMPLE
264930,Red Devil,29,Fiber,0.0,0.0,LOW,SMALL_SAMPLE
264930,Red Devil,29,All Satellite,1.0,1.0,LOW,SMALL_SAMPLE
264930,Red Devil,29,NGSO Satellite,1.0,1.0,LOW,SATELLITE_AVAILABLE;SMALL_SAMPLE
264980,Red Dog Mine,24,Any Technology,1.0,1.0,LOW,SMALL_SAMPLE
264980,Red Dog Mine,24,All Wired,0.0,0.0,LOW,NO_WIRED_25MBPS;SMALL_SAMPLE
264980,Red Dog Mine,24,Cable,0.0,0.0,LOW,SMALL_SAMPLE
264980,Red Dog Mine,24,Fiber,0.0,0.0,LOW,SMALL_SAMPLE
264980,Red Dog Mine,24,All Satellite,1.0,1.0,LOW,SMALL_SAMPLE
264980,Red Dog Mine,24,NGSO Satellite,1.0,1.0,LOW,SATELLITE_AVAILABLE;SMALL_SAMPLE
265345,Ridgeway,1011,Any Technology,1.0,1.0,HIGH,
265345,Ridgeway,1011,All Wired,0.195845697,0.193867458,HIGH,
265345,Ridgeway,1011,Cable,0.193867458,0.193867458,HIGH,
265345,Ridgeway,1011,Fiber,0.0,0.0,HIGH,
265345,Ridgeway,1011,All Satellite,1.0,1.0,HIGH,
265345,Ridgeway,1011,NGSO Satellite,1.0,1.0,HIGH,SATELLITE_AVAILABLE
265590,Ruby,208,Any Technology,1.0,1.0,HIGH,
265590,Ruby,208,All Wired,0.0,0.0,HIGH,NO_WIRED_25MBPS
265590,Ruby,208,Cable,0.0,0.0,HIGH,
265590,Ruby,208,Fiber,0.0,0.0,HIGH,
265590,Ruby,208,All Satellite,1.0,1.0,HIGH,
265590,Ruby,208,NGSO Satellite,1.0,1.0,HIGH,SATELLITE_AVAILABLE
265700,Russian Mission,116,Any Technology,1.0,1.0,MEDIUM,
265700,Russian Mission,116,All Wired,0.0,0.0,MEDIUM,NO_WIRED_25MBPS
265700,Russian Mission,116,Cable,0.0,0.0,MEDIUM,
265700,Russian Mission,116,Fiber,0.0,0.0,MEDIUM,
265700,Russian Mission,116,All Satellite,1.0,1.0,MEDIUM,
265700,Russian Mission,116,NGSO Satellite,1.0,1.0,MEDIUM,SATELLITE_AVAILABLE
265800,St. George,121,Any Technology,1.0,1.0,MEDIUM,
265800,St. George,121,All Wired,0.0,0.0,MEDIUM,NO_WIRED_25MBPS
265800,St. George,121,Cable,0.0,0.0,MEDIUM,
265800,St. George,121,Fiber,0.0,0.0,MEDIUM,
265800,St. George,121,All Satellite,1.0,1.0,MEDIUM,
265800,St. George,121,NGSO Satellite,1.0,1.0,MEDIUM,SATELLITE_AVAILABLE
266140,St. Mary's,311,Any Technology,1.0,1.0,HIGH,
266140,St. Mary's,311,All Wired,0.0,0.0,HIGH,NO_WIRED_25MBPS
266140,St. Mary's,311,Cable,0.0,0.0,HIGH,
266140,St. Mary's,311,Fiber,0.0,0.0,HIGH,
266140,St. Mary's,311,All Satellite,1.0,1.0,HIGH,
266140,St. Mary's,311,NGSO Satellite,1.0,1.0,HIGH,SATELLITE_AVAILABLE
266360,St. Michael,139,Any Technology,1.0,1.0,MEDIUM,
266360,St. Michael,139,All Wired,0.0,0.0,MEDIUM,NO_WIRED_25MBPS
266360,St. Michael,139,Cable,0.0,0.0,MEDIUM,
266360,St. Michael,139,Fiber,0.0,0.0,MEDIUM,
266360,St. Michael,139,All Satellite,1.0,1.0,MEDIUM,
266360,St. Michael,139,NGSO Satellite,1.0,1.0,MEDIUM,SATELLITE_AVAILABLE
266470,St. Paul,232,Any Technology,1.0,1.0,HIGH,
266470,St. Paul,232,All Wired,0.0,0.0,HIGH,NO_WIRED_25MBPS
266470,St. Paul,232,Cable,0.0,0.0,HIGH,
266470,St. Paul,232,Fiber,0.0,0.0,HIGH,
266470,St. Paul,232,All Satellite,1.0,1.0,HIGH,
266470,St. Paul,232,NGSO Satellite,1.0,1.0,HIGH,SATELLITE_AVAILABLE
266510,Salamatof,535,Any Technology,1.0,1.0,HIGH,
266510,Salamatof,535,All Wired,0.157009346,0.01682243,HIGH,
266510,Salamatof,535,Cable,0.01682243,0.01682243,HIGH,
266510,Salamatof,535,Fiber,0.001869159,0.001869159,HIGH,
266510,Salamatof,535,All Satellite,1.0,1.0,HIGH,
266510,Salamatof,535,NGSO Satellite,1.0,1.0,HIGH,SATELLITE_AVAILABLE
266550,Salcha,731,Any Technology,1.0,1.0,HIGH,
266550,Salcha,731,All Wired,0.279069767,0.0,HIGH,
266550,Salcha,731,Cable,0.0,0.0,HIGH,
266550,Salcha,731,Fiber,0.002735978,0.0,HIGH,
266550,Salcha,731,All Satellite,1.0,0.997264022,HIGH,
266550,Salcha,731,NGSO Satellite,0.997264022,0.997264022,HIGH,SATELLITE_AVAILABLE
267020,Sand Point,420,Any Technology,1.0,1.0,HIGH,
267020,Sand Point,420,All Wired,0.997619048,0.997619048,HIGH,
267020,Sand Point,420,Cable,0.0,0.0,HIGH,
267020,Sand Point,420,Fiber,0.997619048,0.997619048,HIGH,
267020,Sand Point,420,All Satellite,1.0,1.0,HIGH,
267020,Sand Point,420,NGSO Satellite,1.0,1.0,HIGH,SATELLITE_AVAILABLE
267460,Savoonga,272,Any Technology,1.0,1.0,HIGH,
267460,Savoonga,272,All Wired,0.0,0.0,HIGH,NO_WIRED_25MBPS
267460,Savoonga,272,Cable,0.0,0.0,HIGH,
267460,Savoonga,272,Fiber,0.0,0.0,HIGH,
267460,Savoonga,272,All Satellite,1.0,1.0,HIGH,
267460,Savoonga,272,NGSO Satellite,1.0,1.0,HIGH,SATELLITE_AVAILABLE
267570,Saxman,7,Any Technology,1.0,1.0,LOW,SMALL_SAMPLE
267570,Saxman,7,All Wired,1.0,1.0,LOW,SMALL_SAMPLE
267570,Saxman,7,Cable,1.0,1.0,LOW,SMALL_SAMPLE
267570,Saxman,7,Fiber,1.0,1.0,LOW,SMALL_SAMPLE
267570,Saxman,7,All Satellite,1.0,1.0,LOW,SMALL_SAMPLE
267570,Saxman,7,NGSO Satellite,1.0,1.0,LOW,SATELLITE_AVAILABLE;SMALL_SAMPLE
267680,Scammon Bay,147,Any Technology,1.0,1.0,MEDIUM,
267680,Scammon Bay,147,All Wired,0.0,0.0,MEDIUM,NO_WIRED_25MBPS
267680,Scammon Bay,147,Cable,0.0,0.0,MEDIUM,
267680,Scammon Bay,147,Fiber,0.0,0.0,MEDIUM,
267680,Scammon Bay,147,All Satellite,1.0,1.0,MEDIUM,
267680,Scammon Bay,147,NGSO Satellite,1.0,1.0,MEDIUM,SATELLITE_AVAILABLE
268230,Selawik,317,Any Technology,1.0,1.0,HIGH,
268230,Selawik,317,All Wired,0.0,0.0,HIGH,NO_WIRED_25MBPS
268230,Selawik,317,Cable,0.0,0.0,HIGH,
268230,Selawik,317,Fiber,0.0,0.0,HIGH,
268230,Selawik,317,All Satellite,1.0,1.0,HIGH,
268230,Selawik,317,NGSO Satellite,1.0,1.0,HIGH,SATELLITE_AVAILABLE
268340,Seldovia,266,Any Technology,1.0,1.0,HIGH,
268340,Seldovia,266,All Wired,0.0,0.0,HIGH,NO_WIRED_25MBPS
268340,Seldovia,266,Cable,0.0,0.0,HIGH,
268340,Seldovia,266,Fiber,0.0,0.0,HIGH,
268340,Seldovia,266,All Satellite,1.0,1.0,HIGH,
268340,Seldovia,266,NGSO Satellite,1.0,1.0,HIGH,SATELLITE_AVAILABLE
268370,Seldovia Village,216,Any Technology,1.0,1.0,HIGH,
268370,Seldovia Village,216,All Wired,0.0,0.0,HIGH,NO_WIRED_25MBPS
268370,Seldovia Village,216,Cable,0.0,0.0,HIGH,
268370,Seldovia Village,216,Fiber,0.0,0.0,HIGH,
268370,Seldovia Village,216,All Satellite,1.0,1.0,HIGH,
268370,Seldovia Village,216,NGSO Satellite,1.0,1.0,HIGH,SATELLITE_AVAILABLE
268560,Seward,1113,Any Technology,1.0,1.0,HIGH,
268560,Seward,1113,All Wired,0.969451932,0.93081761,HIGH,
268560,Seward,1113,Cable,0.93081761,0.93081761,HIGH,
268560,Seward,1113,Fiber,0.362982929,0.362982929,HIGH,
268560,Seward,1113,All Satellite,1.0,1.0,HIGH,
268560,Seward,1113,NGSO Satellite,1.0,1.0,HIGH,SATELLITE_AVAILABLE
268670,Shageluk,98,Any Technology,1.0,1.0,MEDIUM,
268670,Shageluk,98,All Wired,0.0,0.0,MEDIUM,NO_WIRED_25MBPS
268670,Shageluk,98,Cable,0.0,0.0,MEDIUM,
268670,Shageluk,98,Fiber,0.0,0.0,MEDIUM,
268670,Shageluk,98,All Satellite,1.0,1.0,MEDIUM,
268670,Shageluk,98,NGSO Satellite,1.0,1.0,MEDIUM,SATELLITE_AVAILABLE
268890,Shaktoolik,156,Any Technology,1.0,1.0,MEDIUM,
268890,Shaktoolik,156,All Wired,0.0,0.0,MEDIUM,NO_WIRED_25MBPS
268890,Shaktoolik,156,Cable,0.0,0.0,MEDIUM,
268890,Shaktoolik,156,Fiber,0.0,0.0,MEDIUM,
268890,Shaktoolik,156,All Satellite,1.0,1.0,MEDIUM,
268890,Shaktoolik,156,NGSO Satellite,1.0,1.0,MEDIUM,SATELLITE_AVAILABLE
269770,Shishmaref,215,Any Technology,1.0,1.0,HIGH,
269770,Shishmaref,215,All Wired,0.0,0.0,HIGH,NO_WIRED_25MBPS
269770,Shishmaref,215,Cable,0.0,0.0,HIGH,
269770,Shishmaref,215,Fiber,0.0,0.0,HIGH,
269770,Shishmaref,215,All Satellite,1.0,1.0,HIGH,
269770,Shishmaref,215,NGSO Satellite,1.0,1.0,HIGH,SATELLITE_AVAILABLE
270100,Shungnak,141,Any Technology,1.0,1.0,MEDIUM,
270100,Shungnak,141,All Wired,0.0,0.0,MEDIUM,NO_WIRED_25MBPS
270100,Shungnak,141,Cable,0.0,0.0,MEDIUM,
270100,Shungnak,141,Fiber,0.0,0.0,MEDIUM,
270100,Shungnak,141,All Satellite,1.0,1.0,MEDIUM,
270100,Shungnak,141,NGSO Satellite,1.0,1.0,MEDIUM,SATELLITE_AVAILABLE
270320,Silver Springs,153,Any Technology,1.0,1.0,MEDIUM,
270320,Silver Springs,153,All Wired,1.0,1.0,MEDIUM,
270320,Silver Springs,153,Cable,0.0,0.0,MEDIUM,
270320,Silver Springs,153,Fiber,1.0,1.0,MEDIUM,
270320,Silver Springs,153,All Satellite,1.0,1.0,MEDIUM,
270320,Silver Springs,153,NGSO Satellite,1.0,1.0,MEDIUM,SATELLITE_AVAILABLE
270540,Sitka,435,Any Technology,1.0,1.0,HIGH,
270540,Sitka,435,All Wired,0.733333333,0.726436782,HIGH,
270540,Sitka,435,Cable,0.724137931,0.724137931,HIGH,
270540,Sitka,435,Fiber,0.004597701,0.002298851,HIGH,
270540,Sitka,435,All Satellite,1.0,1.0,HIGH,
270540,Sitka,435,NGSO Satellite,1.0,1.0,HIGH,SATELLITE_AVAILABLE
270760,Skagway,680,Any Technology,1.0,1.0,HIGH,
270760,Skagway,680,All Wired,0.970588235,0.901470588,HIGH,
270760,Skagway,680,Cable,0.0,0.0,HIGH,
270760,Skagway,680,Fiber,0.901470588,0.901470588,HIGH,
270760,Skagway,680,All Satellite,1.0,1.0,HIGH,
270760,Skagway,680,NGSO Satellite,1.0,1.0,HIGH,SATELLITE_AVAILABLE
270870,Skwentna,309,Any Technology,1.0,1.0,HIGH,
270870,Skwentna,309,All Wired,0.0,0.0,HIGH,NO_WIRED_25MBPS
270870,Skwentna,309,Cable,0.0,0.0,HIGH,
270870,Skwentna,309,Fiber,0.0,0.0,HIGH,
270870,Skwentna,309,All Satellite,1.0,1.0,HIGH,
270870,Skwentna,309,NGSO Satellite,1.0,1.0,HIGH,SATELLITE_AVAILABLE
270930,Slana,180,Any Technology,1.0,1.0,MEDIUM,
270930,Slana,180,All Wired,0.838888889,0.838888889,MEDIUM,
270930,Slana,180,Cable,0.0,0.0,MEDIUM,
270930,Slana,180,Fiber,0.838888889,0.838888889,MEDIUM,
270930,Slana,180,All Satellite,1.0,1.0,MEDIUM,
270930,Slana,180,NGSO Satellite,1.0,1.0,MEDIUM,SATELLITE_AVAILABLE
271090,Sleetmute,52,Any Technology,1.0,1.0,MEDIUM,
271090,Sleetmute,52,All Wired,0.0,0.0,MEDIUM,NO_WIRED_25MBPS
271090,Sleetmute,52,Cable,0.0,0.0,MEDIUM,
271090,Sleetmute,52,Fiber,0.0,0.0,MEDIUM,
271090,Sleetmute,52,All Satellite,1.0,1.0,MEDIUM,
271090,Sleetmute,52,NGSO Satellite,1.0,1.0,MEDIUM,SATELLITE_AVAILABLE
271640,Soldotna,462,Any Technology,1.0,1.0,HIGH,
271640,Soldotna,462,All Wired,0.359307359,0.359307359,HIGH,
271640,Soldotna,462,Cable,0.359307359,0.359307359,HIGH,
271640,Soldotna,462,Fiber,0.0,0.0,HIGH,
271640,Soldotna,462,All Satellite,1.0,1.0,HIGH,
271640,Soldotna,462,NGSO Satellite,1.0,1.0,HIGH,SATELLITE_AVAILABLE
272135,South Lakes,95,Any Technology,1.0,1.0,MEDIUM,
272135,South Lakes,95,All Wired,0.978947368,0.968421053,MEDIUM,
272135,South Lakes,95,Cable,0.094736842,0.094736842,MEDIUM,
272135,South Lakes,95,Fiber,0.768421053,0.768421053,MEDIUM,
272135,South Lakes,95,All Satellite,1.0,1.0,MEDIUM,
272135,South Lakes,95,NGSO Satellite,1.0,1.0,MEDIUM,SATELLITE_AVAILABLE
272190,South Naknek,135,Any Technology,1.0,1.0,MEDIUM,
272190,South Naknek,135,All Wired,0.0,0.0,MEDIUM,NO_WIRED_25MBPS
272190,South Naknek,135,Cable,0.0,0.0,MEDIUM,
272190,South Naknek,135,Fiber,0.0,0.0,MEDIUM,
272190,South Naknek,135,All Satellite,1.0,1.0,MEDIUM,
272190,South Naknek,135,NGSO Satellite,1.0,1.0,MEDIUM,SATELLITE_AVAILABLE
272230,South Van Horn,131,Any Technology,1.0,1.0,MEDIUM,
272230,South Van Horn,131,All Wired,0.27480916,0.27480916,MEDIUM,
272230,South Van Horn,131,Cable,0.27480916,0.27480916,MEDIUM,
272230,South Van Horn,131,Fiber,0.0,0.0,MEDIUM,
272230,South Van Horn,131,All Satellite,1.0,1.0,MEDIUM,
272230,South Van Horn,131,NGSO Satellite,1.0,1.0,MEDIUM,SATELLITE_AVAILABLE
272960,Stebbins,183,Any Technology,1.0,1.0,MEDIUM,
272960,Stebbins,183,All Wired,0.0,0.0,MEDIUM,NO_WIRED_25MBPS
272960,Stebbins,183,Cable,0.0,0.0,MEDIUM,
272960,Stebbins,183,Fiber,0.0,0.0,MEDIUM,
272960,Stebbins,183,All Satellite,1.0,1.0,MEDIUM,
272960,Stebbins,183,NGSO Satellite,1.0,1.0,MEDIUM,SATELLITE_AVAILABLE
272985,Steele Creek,2652,Any Technology,1.0,1.0,HIGH,
272985,Steele Creek,2652,All Wired,0.586349925,0.43627451,HIGH,
272985,Steele Creek,2652,Cable,0.419306184,0.419306184,HIGH,
272985,Steele Creek,2652,Fiber,0.0173454,0.016968326,HIGH,
272985,Steele Creek,2652,All Satellite,1.0,1.0,HIGH,
272985,Steele Creek,2652,NGSO Satellite,1.0,1.0,HIGH,SATELLITE_AVAILABLE
273070,Sterling,4327,Any Technology,1.0,1.0,HIGH,
273070,Sterling,4327,All Wired,0.004391033,0.0,HIGH,
273070,Sterling,4327,Cable,0.0,0.0,HIGH,
273070,Sterling,4327,Fiber,0.000462214,0.0,HIGH,
273070,Sterling,4327,All Satellite,1.0,1.0,HIGH,
273070,Sterling,4327,NGSO Satellite,1.0,1.0,HIGH,SATELLITE_AVAILABLE
273290,Stevens Village,84,Any Technology,1.0,1.0,MEDIUM,
273290,Stevens Village,84,All Wired,0.0,0.0,MEDIUM,NO_WIRED_25MBPS
273290,Stevens Village,84,Cable,0.0,0.0,MEDIUM,
273290,Stevens Village,84,Fiber,0.0,0.0,MEDIUM,
273290,Stevens Village,84,All Satellite,1.0,1.0,MEDIUM,
273290,Stevens Village,84,NGSO Satellite,1.0,1.0,MEDIUM,SATELLITE_AVAILABLE
273400,Stony River,30,Any Technology,1.0,1.0,LOW,SMALL_SAMPLE
273400,Stony River,30,All Wired,0.0,0.0,LOW,NO_WIRED_25MBPS;SMALL_SAMPLE
273400,Stony River,30,Cable,0.0,0.0,LOW,SMALL_SAMPLE
273400,Stony River,30,Fiber,0.0,0.0,LOW,SMALL_SAMPLE
273400,Stony River,30,All Satellite,1.0,1.0,LOW,SMALL_SAMPLE
273400,Stony River,30,NGSO Satellite,1.0,1.0,LOW,SATELLITE_AVAILABLE;SMALL_SAMPLE
273950,Sunrise,25,Any Technology,1.0,1.0,LOW,SMALL_SAMPLE
273950,Sunrise,25,All Wired,0.0,0.0,LOW,NO_WIRED_25MBPS;SMALL_SAMPLE
273950,Sunrise,25,Cable,0.0,0.0,LOW,SMALL_SAMPLE
273950,Sunrise,25,Fiber,0.0,0.0,LOW,SMALL_SAMPLE
273950,Sunrise,25,All Satellite,1.0,1.0,LOW,SMALL_SAMPLE
273950,Sunrise,25,NGSO Satellite,1.0,1.0,LOW,SATELLITE_AVAILABLE;SMALL_SAMPLE
274340,Susitna,163,Any Technology,1.0,1.0,MEDIUM,
274340,Susitna,163,All Wired,0.0,0.0,MEDIUM,NO_WIRED_25MBPS
274340,Susitna,163,Cable,0.0,0.0,MEDIUM,
274340,Susitna,163,Fiber,0.0,0.0,MEDIUM,
274340,Susitna,163,All Satellite,1.0,1.0,MEDIUM,
274340,Susitna,163,NGSO Satellite,1.0,1.0,MEDIUM,SATELLITE_AVAILABLE
274350,Susitna North,1788,Any Technology,1.0,1.0,HIGH,
274350,Susitna North,1788,All Wired,0.403243848,0.171700224,HIGH,
274350,Susitna North,1788,Cable,0.0,0.0,HIGH,
274350,Susitna North,1788,Fiber,0.131991051,0.131991051,HIGH,
274350,Susitna North,1788,All Satellite,1.0,1.0,HIGH,
274350,Susitna North,1788,NGSO Satellite,1.0,1.0,HIGH,SATELLITE_AVAILABLE
274525,Sutton-Alpine,624,Any Technology,1.0,1.0,HIGH,
274525,Sutton-Alpine,624,All Wired,0.628205128,0.201923077,HIGH,
274525,Sutton-Alpine,624,Cable,0.0,0.0,HIGH,
274525,Sutton-Alpine,624,Fiber,0.043269231,0.043269231,HIGH,
274525,Sutton-Alpine,624,All Satellite,1.0,1.0,HIGH,
274525,Sutton-Alpine,624,NGSO Satellite,1.0,1.0,HIGH,SATELLITE_AVAILABLE
274610,Takotna,80,Any Technology,1.0,1.0,MEDIUM,
274610,Takotna,80,All Wired,0.0,0.0,MEDIUM,NO_WIRED_25MBPS
274610,Takotna,80,Cable,0.0,0.0,MEDIUM,
274610,Takotna,80,Fiber,0.0,0.0,MEDIUM,
274610,Takotna,80,All Satellite,1.0,1.0,MEDIUM,
274610,Takotna,80,NGSO Satellite,1.0,1.0,MEDIUM,SATELLITE_AVAILABLE
274830,Talkeetna,956,Any Technology,1.0,1.0,HIGH,
274830,Talkeetna,956,All Wired,0.54916318,0.194560669,HIGH,
274830,Talkeetna,956,Cable,0.0,0.0,HIGH,
274830,Talkeetna,956,Fiber,0.059623431,0.059623431,HIGH,
274830,Talkeetna,956,All Satellite,1.0,1.0,HIGH,
274830,Talkeetna,956,NGSO Satellite,1.0,1.0,HIGH,SATELLITE_AVAILABLE
275050,Tanacross,75,Any Technology,1.0,1.0,MEDIUM,
275050,Tanacross,75,All Wired,0.68,0.08,MEDIUM,
275050,Tanacross,75,Cable,0.0,0.0,MEDIUM,
275050,Tanacross,75,Fiber,0.08,0.08,MEDIUM,
275050,Tanacross,75,All Satellite,1.0,1.0,MEDIUM,
275050,Tanacross,75,NGSO Satellite,1.0,1.0,MEDIUM,SATELLITE_AVAILABLE
275077,Tanaina,912,Any Technology,1.0,1.0,HIGH,
275077,Tanaina,912,All Wired,0.903508772,0.759868421,HIGH,
275077,Tanaina,912,Cable,0.439692982,0.439692982,HIGH,
275077,Tanaina,912,Fiber,0.336622807,0.336622807,HIGH,
275077,Tanaina,912,All Satellite,1.0,1.0,HIGH,
275077,Tanaina,912,NGSO Satellite,1.0,1.0,HIGH,SATELLITE_AVAILABLE
275160,Tanana,219,Any Technology,1.0,1.0,HIGH,
275160,Tanana,219,All Wired,0.0,0.0,HIGH,NO_WIRED_25MBPS
275160,Tanana,219,Cable,0.0,0.0,HIGH,
275160,Tanana,219,Fiber,0.0,0.0,HIGH,
275160,Tanana,219,All Satellite,1.0,1.0,HIGH,
275160,Tanana,219,NGSO Satellite,1.0,1.0,HIGH,SATELLITE_AVAILABLE
275380,Tatitlek,55,Any Technology,1.0,1.0,MEDIUM,
275380,Tatitlek,55,All Wired,0.781818182,0.781818182,MEDIUM,
275380,Tatitlek,55,Cable,0.0,0.0,MEDIUM,
275380,Tatitlek,55,Fiber,0.781818182,0.781818182,MEDIUM,
275380,Tatitlek,55,All Satellite,1.0,1.0,MEDIUM,
275380,Tatitlek,55,NGSO Satellite,1.0,1.0,MEDIUM,SATELLITE_AVAILABLE
275480,Tazlina,360,Any Technology,1.0,1.0,HIGH,
275480,Tazlina,360,All Wired,0.988888889,0.988888889,HIGH,
275480,Tazlina,360,Cable,0.0,0.0,HIGH,
275480,Tazlina,360,Fiber,0.988888889,0.988888889,HIGH,
275480,Tazlina,360,All Satellite,1.0,1.0,HIGH,
275480,Tazlina,360,NGSO Satellite,1.0,1.0,HIGH,SATELLITE_AVAILABLE
275930,Teller,119,Any Technology,1.0,1.0,MEDIUM,
275930,Teller,119,All Wired,0.0,0.0,MEDIUM,NO_WIRED_25MBPS
275930,Teller,119,Cable,0.0,0.0,MEDIUM,
275930,Teller,119,Fiber,0.0,0.0,MEDIUM,
275930,Teller,119,All Satellite,1.0,1.0,MEDIUM,
275930,Teller,119,NGSO Satellite,1.0,1.0,MEDIUM,SATELLITE_AVAILABLE
276260,Tenakee Springs,114,Any Technology,1.0,1.0,MEDIUM,
276260,Tenakee Springs,114,All Wired,0.0,0.0,MEDIUM,NO_WIRED_25MBPS
276260,Tenakee Springs,114,Cable,0.0,0.0,MEDIUM,
276260,Tenakee Springs,114,Fiber,0.0,0.0,MEDIUM,
276260,Tenakee Springs,114,All Satellite,1.0,1.0,MEDIUM,
276260,Tenakee Springs,114,NGSO Satellite,1.0,1.0,MEDIUM,SATELLITE_AVAILABLE
276590,Tetlin,69,Any Technology,1.0,1.0,MEDIUM,
276590,Tetlin,69,All Wired,0.68115942,0.68115942,MEDIUM,
276590,Tetlin,69,Cable,0.0,0.0,MEDIUM,
276590,Tetlin,69,Fiber,0.68115942,0.68115942,MEDIUM,
276590,Tetlin,69,All Satellite,1.0,1.0,MEDIUM,
276590,Tetlin,69,NGSO Satellite,1.0,1.0,MEDIUM,SATELLITE_AVAILABLE
277140,Thorne Bay,475,Any Technology,1.0,1.0,HIGH,
277140,Thorne Bay,475,All Wired,0.008421053,0.008421053,HIGH,
277140,Thorne Bay,475,Cable,0.0,0.0,HIGH,
277140,Thorne Bay,475,Fiber,0.008421053,0.008421053,HIGH,
277140,Thorne Bay,475,All Satellite,1.0,1.0,HIGH,
277140,Thorne Bay,475,NGSO Satellite,1.0,1.0,HIGH,SATELLITE_AVAILABLE
277690,Togiak,290,Any Technology,1.0,1.0,HIGH,
277690,Togiak,290,All Wired,0.0,0.0,HIGH,NO_WIRED_25MBPS
277690,Togiak,290,Cable,0.0,0.0,HIGH,
277690,Togiak,290,Fiber,0.0,0.0,HIGH,
277690,Togiak,290,All Satellite,1.0,1.0,HIGH,
277690,Togiak,290,NGSO Satellite,1.0,1.0,HIGH,SATELLITE_AVAILABLE
277800,Tok,1189,Any Technology,1.0,1.0,HIGH,
277800,Tok,1189,All Wired,0.650967199,0.544154752,HIGH,
277800,Tok,1189,Cable,0.0,0.0,HIGH,
277800,Tok,1189,Fiber,0.544154752,0.544154752,HIGH,
277800,Tok,1189,All Satellite,1.0,1.0,HIGH,
277800,Tok,1189,NGSO Satellite,1.0,1.0,HIGH,SATELLITE_AVAILABLE
278240,Toksook Bay,197,Any Technology,1.0,1.0,MEDIUM,
278240,Toksook Bay,197,All Wired,0.0,0.0,MEDIUM,NO_WIRED_25MBPS
278240,Toksook Bay,197,Cable,0.0,0.0,MEDIUM,
278240,Toksook Bay,197,Fiber,0.0,0.0,MEDIUM,
278240,Toksook Bay,197,All Satellite,1.0,1.0,MEDIUM,
278240,Toksook Bay,197,NGSO Satellite,1.0,1.0,MEDIUM,SATELLITE_AVAILABLE
278297,Tolsona,56,Any Technology,1.0,1.0,MEDIUM,
278297,Tolsona,56,All Wired,0.982142857,0.982142857,MEDIUM,
278297,Tolsona,56,Cable,0.0,0.0,MEDIUM,
278297,Tolsona,56,Fiber,0.982142857,0.982142857,MEDIUM,
278297,Tolsona,56,All Satellite,1.0,1.0,MEDIUM,
278297,Tolsona,56,NGSO Satellite,1.0,1.0,MEDIUM,SATELLITE_AVAILABLE
278350,Tonsina,104,Any Technology,1.0,1.0,MEDIUM,
278350,Tonsina,104,All Wired,0.980769231,0.980769231,MEDIUM,
278350,Tonsina,104,Cable,0.0,0.0,MEDIUM,
278350,Tonsina,104,Fiber,0.980769231,0.980769231,MEDIUM,
278350,Tonsina,104,All Satellite,1.0,1.0,MEDIUM,
278350,Tonsina,104,NGSO Satellite,1.0,1.0,MEDIUM,SATELLITE_AVAILABLE
278680,Trapper Creek,707,Any Technology,1.0,1.0,HIGH,
278680,Trapper Creek,707,All Wired,0.145685997,0.048090523,HIGH,
278680,Trapper Creek,707,Cable,0.0,0.0,HIGH,
278680,Trapper Creek,707,Fiber,0.005657709,0.005657709,HIGH,
278680,Trapper Creek,707,All Satellite,1.0,1.0,HIGH,
278680,Trapper Creek,707,NGSO Satellite,1.0,1.0,HIGH,SATELLITE_AVAILABLE
278790,Tuluksak,119,Any Technology,1.0,1.0,MEDIUM,
278790,Tuluksak,119,All Wired,0.0,0.0,MEDIUM,NO_WIRED_25MBPS
278790,Tuluksak,119,Cable,0.0,0.0,MEDIUM,
278790,Tuluksak,119,Fiber,0.0,0.0,MEDIUM,
278790,Tuluksak,119,All Satellite,1.0,1.0,MEDIUM,
278790,Tuluksak,119,NGSO Satellite,1.0,1.0,MEDIUM,SATELLITE_AVAILABLE
279120,Tuntutuliak,323,Any Technology,1.0,1.0,HIGH,
279120,Tuntutuliak,323,All Wired,0.0,0.0,HIGH,NO_WIRED_25MBPS
279120,Tuntutuliak,323,Cable,0.0,0.0,HIGH,
279120,Tuntutuliak,323,Fiber,0.0,0.0,HIGH,
279120,Tuntutuliak,323,All Satellite,1.0,1.0,HIGH,
279120,Tuntutuliak,323,NGSO Satellite,1.0,1.0,HIGH,SATELLITE_AVAILABLE
279230,Tununak,53,Any Technology,1.0,1.0,MEDIUM,
279230,Tununak,53,All Wired,0.0,0.0,MEDIUM,NO_WIRED_25MBPS
279230,Tununak,53,Cable,0.0,0.0,MEDIUM,
279230,Tununak,53,Fiber,0.0,0.0,MEDIUM,
279230,Tununak,53,All Satellite,1.0,1.0,MEDIUM,
279230,Tununak,53,NGSO Satellite,1.0,1.0,MEDIUM,SATELLITE_AVAILABLE
279780,Twin Hills,68,Any Technology,1.0,1.0,MEDIUM,
279780,Twin Hills,68,All Wired,0.0,0.0,MEDIUM,NO_WIRED_25MBPS
279780,Twin Hills,68,Cable,0.0,0.0,MEDIUM,
279780,Twin Hills,68,Fiber,0.0,0.0,MEDIUM,
279780,Twin Hills,68,All Satellite,1.0,1.0,MEDIUM,
279780,Twin Hills,68,NGSO Satellite,1.0,1.0,MEDIUM,SATELLITE_AVAILABLE
279830,Two Rivers,405,Any Technology,1.0,1.0,HIGH,
279830,Two Rivers,405,All Wired,0.182716049,0.0,HIGH,
279830,Two Rivers,405,Cable,0.0,0.0,HIGH,
279830,Two Rivers,405,Fiber,0.0,0.0,HIGH,
279830,Two Rivers,405,All Satellite,1.0,1.0,HIGH,
279830,Two Rivers,405,NGSO Satellite,1.0,1.0,HIGH,SATELLITE_AVAILABLE
279890,Tyonek,153,Any Technology,1.0,1.0,MEDIUM,
279890,Tyonek,153,All Wired,0.0,0.0,MEDIUM,NO_WIRED_25MBPS
279890,Tyonek,153,Cable,0.0,0.0,MEDIUM,
279890,Tyonek,153,Fiber,0.0,0.0,MEDIUM,
279890,Tyonek,153,All Satellite,1.0,1.0,MEDIUM,
279890,Tyonek,153,NGSO Satellite,1.0,1.0,MEDIUM,SATELLITE_AVAILABLE
280100,Ugashik,52,Any Technology,1.0,1.0,MEDIUM,
280100,Ugashik,52,All Wired,0.0,0.0,MEDIUM,NO_WIRED_25MBPS
280100,Ugashik,52,Cable,0.0,0.0,MEDIUM,
280100,Ugashik,52,Fiber,0.0,0.0,MEDIUM,
280100,Ugashik,52,All Satellite,1.0,1.0,MEDIUM,
280100,Ugashik,52,NGSO Satellite,1.0,1.0,MEDIUM,SATELLITE_AVAILABLE
280660,Unalakleet,444,Any Technology,1.0,1.0,HIGH,
280660,Unalakleet,444,All Wired,0.0,0.0,HIGH,NO_WIRED_25MBPS
280660,Unalakleet,444,Cable,0.0,0.0,HIGH,
280660,Unalakleet,444,Fiber,0.0,0.0,HIGH,
280660,Unalakleet,444,All Satellite,1.0,1.0,HIGH,
280660,Unalakleet,444,NGSO Satellite,1.0,1.0,HIGH,SATELLITE_AVAILABLE
280770,Unalaska,654,Any Technology,1.0,1.0,HIGH,
280770,Unalaska,654,All Wired,0.944954128,0.944954128,HIGH,
280770,Unalaska,654,Cable,0.0,0.0,HIGH,
280770,Unalaska,654,Fiber,0.944954128,0.944954128,HIGH,
280770,Unalaska,654,All Satellite,1.0,1.0,HIGH,
280770,Unalaska,654,NGSO Satellite,1.0,1.0,HIGH,SATELLITE_AVAILABLE
281320,Upper Kalskag,120,Any Technology,1.0,1.0,MEDIUM,
281320,Upper Kalskag,120,All Wired,0.0,0.0,MEDIUM,NO_WIRED_25MBPS
281320,Upper Kalskag,120,Cable,0.0,0.0,MEDIUM,
281320,Upper Kalskag,120,Fiber,0.0,0.0,MEDIUM,
281320,Upper Kalskag,120,All Satellite,1.0,1.0,MEDIUM,
281320,Upper Kalskag,120,NGSO Satellite,1.0,1.0,MEDIUM,SATELLITE_AVAILABLE
281920,Utqiaġvik,1539,Any Technology,1.0,1.0,HIGH,
281920,Utqiaġvik,1539,All Wired,0.976608187,0.976608187,HIGH,
281920,Utqiaġvik,1539,Cable,0.964912281,0.964912281,HIGH,
281920,Utqiaġvik,1539,Fiber,0.864197531,0.864197531,HIGH,
281920,Utqiaġvik,1539,All Satellite,1.0,1.0,HIGH,
281920,Utqiaġvik,1539,NGSO Satellite,1.0,1.0,HIGH,SATELLITE_AVAILABLE
282200,Valdez,1878,Any Technology,1.0,1.0,HIGH,
282200,Valdez,1878,All Wired,0.997337593,0.997337593,HIGH,
282200,Valdez,1878,Cable,0.884984026,0.884984026,HIGH,
282200,Valdez,1878,Fiber,0.997337593,0.997337593,HIGH,
282200,Valdez,1878,All Satellite,1.0,1.0,HIGH,
282200,Valdez,1878,NGSO Satellite,1.0,1.0,HIGH,SATELLITE_AVAILABLE
282420,Venetie,174,Any Technology,1.0,1.0,MEDIUM,
282420,Venetie,174,All Wired,0.0,0.0,MEDIUM,NO_WIRED_25MBPS
282420,Venetie,174,Cable,0.0,0.0,MEDIUM,
282420,Venetie,174,Fiber,0.0,0.0,MEDIUM,
282420,Venetie,174,All Satellite,1.0,1.0,MEDIUM,
282420,Venetie,174,NGSO Satellite,1.0,1.0,MEDIUM,SATELLITE_AVAILABLE
282750,Wainwright,219,Any Technology,1.0,1.0,HIGH,
282750,Wainwright,219,All Wired,0.799086758,0.799086758,HIGH,
282750,Wainwright,219,Cable,0.0,0.0,HIGH,
282750,Wainwright,219,Fiber,0.799086758,0.799086758,HIGH,
282750,Wainwright,219,All Satellite,1.0,1.0,HIGH,
282750,Wainwright,219,NGSO Satellite,1.0,1.0,HIGH,SATELLITE_AVAILABLE
282860,Wales,85,Any Technology,1.0,1.0,MEDIUM,
282860,Wales,85,All Wired,0.0,0.0,MEDIUM,NO_WIRED_25MBPS
282860,Wales,85,Cable,0.0,0.0,MEDIUM,
282860,Wales,85,Fiber,0.0,0.0,MEDIUM,
282860,Wales,85,All Satellite,1.0,1.0,MEDIUM,
282860,Wales,85,NGSO Satellite,1.0,1.0,MEDIUM,SATELLITE_AVAILABLE
283080,Wasilla,363,Any Technology,1.0,1.0,HIGH,
283080,Wasilla,363,All Wired,0.862258953,0.782369146,HIGH,
283080,Wasilla,363,Cable,0.644628099,0.644628099,HIGH,
283080,Wasilla,363,Fiber,0.29476584,0.29476584,HIGH,
283080,Wasilla,363,All Satellite,1.0,1.0,HIGH,
283080,Wasilla,363,NGSO Satellite,1.0,1.0,HIGH,SATELLITE_AVAILABLE
284000,Whale Pass,160,Any Technology,1.0,1.0,MEDIUM,
284000,Whale Pass,160,All Wired,0.0,0.0,MEDIUM,NO_WIRED_25MBPS
284000,Whale Pass,160,Cable,0.0,0.0,MEDIUM,
284000,Whale Pass,160,Fiber,0.0,0.0,MEDIUM,
284000,Whale Pass,160,All Satellite,1.0,1.0,MEDIUM,
284000,Whale Pass,160,NGSO Satellite,1.0,1.0,MEDIUM,SATELLITE_AVAILABLE
284070,White Mountain,116,Any Technology,1.0,1.0,MEDIUM,
284070,White Mountain,116,All Wired,0.0,0.0,MEDIUM,NO_WIRED_25MBPS
284070,White Mountain,116,Cable,0.0,0.0,MEDIUM,
284070,White Mountain,116,Fiber,0.0,0.0,MEDIUM,
284070,White Mountain,116,All Satellite,1.0,1.0,MEDIUM,
284070,White Mountain,116,NGSO Satellite,1.0,1.0,MEDIUM,SATELLITE_AVAILABLE
284120,Whitestone,31,Any Technology,1.0,1.0,LOW,SMALL_SAMPLE
284120,Whitestone,31,All Wired,0.483870968,0.483870968,LOW,SMALL_SAMPLE
284120,Whitestone,31,Cable,0.0,0.0,LOW,SMALL_SAMPLE
284120,Whitestone,31,Fiber,0.483870968,0.483870968,LOW,SMALL_SAMPLE
284120,Whitestone,31,All Satellite,1.0,1.0,LOW,SMALL_SAMPLE
284120,Whitestone,31,NGSO Satellite,1.0,1.0,LOW,SATELLITE_AVAILABLE;SMALL_SAMPLE
284200,Whitestone Logging Camp,5,Any Technology,1.0,1.0,LOW,SMALL_SAMPLE
284200,Whitestone Logging Camp,5,All Wired,0.0,0.0,LOW,NO_WIRED_25MBPS;SMALL_SAMPLE
284200,Whitestone Logging Camp,5,Cable,0.0,0.0,LOW,SMALL_SAMPLE
284200,Whitestone Logging Camp,5,Fiber,0.0,0.0,LOW,SMALL_SAMPLE
284200,Whitestone Logging Camp,5,All Satellite,1.0,1.0,LOW,SMALL_SAMPLE
284200,Whitestone Logging Camp,5,NGSO Satellite,1.0,1.0,LOW,SATELLITE_AVAILABLE;SMALL_SAMPLE
284510,Whittier,250,Any Technology,1.0,1.0,HIGH,
284510,Whittier,250,All Wired,0.98,0.0,HIGH,
284510,Whittier,250,Cable,0.98,0.0,HIGH,
284510,Whittier,250,Fiber,0.004,0.0,HIGH,
284510,Whittier,250,All Satellite,1.0,1.0,HIGH,
284510,Whittier,250,NGSO Satellite,1.0,1.0,HIGH,SATELLITE_AVAILABLE
285280,Willow,2550,Any Technology,1.0,1.0,HIGH,
285280,Willow,2550,All Wired,0.380784314,0.106666667,HIGH,
285280,Willow,2550,Cable,0.0,0.0,HIGH,
285280,Willow,2550,Fiber,0.036862745,0.036862745,HIGH,
285280,Willow,2550,All Satellite,1.0,1.0,HIGH,
285280,Willow,2550,NGSO Satellite,1.0,1.0,HIGH,SATELLITE_AVAILABLE
285290,Willow Creek,233,Any Technology,1.0,1.0,HIGH,
285290,Willow Creek,233,All Wired,0.987124464,0.987124464,HIGH,
285290,Willow Creek,233,Cable,0.0,0.0,HIGH,
285290,Willow Creek,233,Fiber,0.987124464,0.987124464,HIGH,
285290,Willow Creek,233,All Satellite,1.0,1.0,HIGH,
285290,Willow Creek,233,NGSO Satellite,1.0,1.0,HIGH,SATELLITE_AVAILABLE
285610,Wiseman,28,Any Technology,1.0,1.0,LOW,SMALL_SAMPLE
285610,Wiseman,28,All Wired,0.0,0.0,LOW,NO_WIRED_25MBPS;SMALL_SAMPLE
285610,Wiseman,28,Cable,0.0,0.0,LOW,SMALL_SAMPLE
285610,Wiseman,28,Fiber,0.0,0.0,LOW,SMALL_SAMPLE
285610,Wiseman,28,All Satellite,1.0,1.0,LOW,SMALL_SAMPLE
285610,Wiseman,28,NGSO Satellite,1.0,1.0,LOW,SATELLITE_AVAILABLE;SMALL_SAMPLE
285680,Womens Bay,376,Any Technology,1.0,1.0,HIGH,
285680,Womens Bay,376,All Wired,0.0,0.0,HIGH,NO_WIRED_25MBPS
285680,Womens Bay,376,Cable,0.0,0.0,HIGH,
285680,Womens Bay,376,Fiber,0.0,0.0,HIGH,
285680,Womens Bay,376,All Satellite,1.0,1.0,HIGH,
285680,Womens Bay,376,NGSO Satellite,1.0,1.0,HIGH,SATELLITE_AVAILABLE
286380,Wrangell,1334,Any Technology,1.0,1.0,HIGH,
286380,Wrangell,1334,All Wired,0.879310345,0.79910045,HIGH,
286380,Wrangell,1334,Cable,0.795352324,0.795352324,HIGH,
286380,Wrangell,1334,Fiber,0.366566717,0.366566717,HIGH,
286380,Wrangell,1334,All Satellite,1.0,1.0,HIGH,
286380,Wrangell,1334,NGSO Satellite,1.0,1.0,HIGH,SATELLITE_AVAILABLE
286490,Yakutat,372,Any Technology,1.0,1.0,HIGH,
286490,Yakutat,372,All Wired,0.0,0.0,HIGH,NO_WIRED_25MBPS
286490,Yakutat,372,Cable,0.0,0.0,HIGH,
286490,Yakutat,372,Fiber,0.0,0.0,HIGH,
286490,Yakutat,372,All Satellite,1.0,1.0,HIGH,
286490,Yakutat,372,NGSO Satellite,1.0,1.0,HIGH,SATELLITE_AVAILABLE
